"bibref","main_method_category","subcategory_1","subcategory_2","subcategory_3","method_description"
"gonzalesAssessingValueInformation2001","Decision Analysis","value of information","","","Formal frameworks for structuring and analyzing complex decisions under uncertainty using mathematical models and probability theory."
"haesekerIncorporatingUncertaintySt2001","Decision Analysis","","","","Formal frameworks for structuring and analyzing complex decisions under uncertainty using mathematical models and probability theory."
"koetsinchaiHeuristicPlanningWater2001","Optimization","","","","Mathematical techniques for finding the best solution from a set of feasible alternatives, often subject to constraints and multiple objectives."
"meyerElicitingAnalyzingExpert2001","Delphi/Expert Judgment","","","","Structured communication techniques for obtaining reliable consensus from groups of experts on complex or uncertain topics."
"murphyAchievingBusinessValue2002","Bayesian Methods","","","","Statistical methods that update probability estimates as new evidence becomes available, incorporating prior knowledge with observed data."
"perryModelbasedMethodologyEvaluation2002","Delphi/Expert Judgment","group decision","","","Structured communication techniques for obtaining reliable consensus from groups of experts on complex or uncertain topics."
"polkKeyCompetenciesInstitutional2001","Delphi/Expert Judgment","","","","Structured communication techniques for obtaining reliable consensus from groups of experts on complex or uncertain topics."
"vardyEssaysAppliedGame2001","Game Theory","","","","Mathematical framework for analyzing strategic interactions between rational decision-makers with potentially conflicting interests."
"bailyPurchasingPrinciplesManagement2005","Probabilistic Methods","","","","Mathematical approaches using probability distributions and random sampling to model and analyze uncertainty in decision problems."
"baronRationalityIntelligence2005","Probabilistic Methods","","","","Mathematical approaches using probability distributions and random sampling to model and analyze uncertainty in decision problems."
"blanchardDigitalChallengeLibraries2005","Probabilistic Methods","","","","Mathematical approaches using probability distributions and random sampling to model and analyze uncertainty in decision problems."
"corpsCommandControlMarine2005","Probabilistic Methods","","","","Mathematical approaches using probability distributions and random sampling to model and analyze uncertainty in decision problems."
"elhayekCatastropheInsurancePortfolio2005","Optimization","","","","Mathematical techniques for finding the best solution from a set of feasible alternatives, often subject to constraints and multiple objectives."
"flemingReasoningInteractionMixedinitiative2005","Expert Systems/AI","","","","Computer-based systems that emulate human expertise and use artificial intelligence techniques to support decision-making processes."
"ghoshManagementControlSystems2005","Probabilistic Methods","","","","Mathematical approaches using probability distributions and random sampling to model and analyze uncertainty in decision problems."
"greenbergTortureDebateAmerica2005","Probabilistic Methods","","","","Mathematical approaches using probability distributions and random sampling to model and analyze uncertainty in decision problems."
"helgesenWebInclusionArchitecture2005","Probabilistic Methods","","","","Mathematical approaches using probability distributions and random sampling to model and analyze uncertainty in decision problems."
"kockBusinessProcessImprovement2005","Probabilistic Methods","","","","Mathematical approaches using probability distributions and random sampling to model and analyze uncertainty in decision problems."
"krauseOptimalNonmyopicValue2005","Decision Analysis","value of information","","","Formal frameworks for structuring and analyzing complex decisions under uncertainty using mathematical models and probability theory."
"lanGlobalInformationSociety2005","Probabilistic Methods","","","","Mathematical approaches using probability distributions and random sampling to model and analyze uncertainty in decision problems."
"lumScientificThinkingSpeech2005","Probabilistic Methods","","","","Mathematical approaches using probability distributions and random sampling to model and analyze uncertainty in decision problems."
"managoKnowledgebasedBayesianNetworks2005","Bayesian Methods","","","","Statistical methods that update probability estimates as new evidence becomes available, incorporating prior knowledge with observed data."
"norrmanBayesianDecisionAnalysis2004","Decision Analysis","","","","Formal frameworks for structuring and analyzing complex decisions under uncertainty using mathematical models and probability theory."
"poynerEnablingEndusersInformation2005","Probabilistic Methods","","","","Mathematical approaches using probability distributions and random sampling to model and analyze uncertainty in decision problems."
"proctorEssentialsMarketingResearch2005","Probabilistic Methods","","","","Mathematical approaches using probability distributions and random sampling to model and analyze uncertainty in decision problems."
"spilsburySustainabilityForestManagement2005","Probabilistic Methods","","","","Mathematical approaches using probability distributions and random sampling to model and analyze uncertainty in decision problems."
"yokotaImprovingValueInformation2003","Decision Analysis","value of information","","","Formal frameworks for structuring and analyzing complex decisions under uncertainty using mathematical models and probability theory."
"abellCompetingKnowledgeInformation2006","Probabilistic Methods","","","","Mathematical approaches using probability distributions and random sampling to model and analyze uncertainty in decision problems."
"alexandridisModellingRegionalGrazing2007","Bayesian Methods","","","","Statistical methods that update probability estimates as new evidence becomes available, incorporating prior knowledge with observed data."
"artmannValueInformationUpdating2009","Decision Analysis","value of information","","","Formal frameworks for structuring and analyzing complex decisions under uncertainty using mathematical models and probability theory."
"barrarGlobalOutsourcingStrategies2006","Probabilistic Methods","","","","Mathematical approaches using probability distributions and random sampling to model and analyze uncertainty in decision problems."
"barrenoEvaluatingSecurityMachine2008","Expert Systems/AI","","","","Computer-based systems that emulate human expertise and use artificial intelligence techniques to support decision-making processes."
"bhattacharjyaDecisionCircuitsGraphical2009","Decision Analysis","","","","Formal frameworks for structuring and analyzing complex decisions under uncertainty using mathematical models and probability theory."
"billenDynamicMobileGIS2006","Probabilistic Methods","","","","Mathematical approaches using probability distributions and random sampling to model and analyze uncertainty in decision problems."
"brysonManagingInformationServices2006","Probabilistic Methods","","","","Mathematical approaches using probability distributions and random sampling to model and analyze uncertainty in decision problems."
"councilCLEANERNSFsEnvironmental2006","Probabilistic Methods","","","","Mathematical approaches using probability distributions and random sampling to model and analyze uncertainty in decision problems."
"curryManagingInformationSystems2006","Probabilistic Methods","","","","Mathematical approaches using probability distributions and random sampling to model and analyze uncertainty in decision problems."
"donNetworkTechnologiesNetworked2007","Decision Analysis","value of information","","","Formal frameworks for structuring and analyzing complex decisions under uncertainty using mathematical models and probability theory."
"duncanIncludingSevereUncertainty2008","Decision Analysis","decision theory","","","Formal frameworks for structuring and analyzing complex decisions under uncertainty using mathematical models and probability theory."
"eliasDemandModelManagement2006","Expert Systems/AI","","","","Computer-based systems that emulate human expertise and use artificial intelligence techniques to support decision-making processes."
"grandersonHumancenteredSensorbasedBayesian2007","Bayesian Methods","","","","Statistical methods that update probability estimates as new evidence becomes available, incorporating prior knowledge with observed data."
"halePerformanceConsultantsFieldbook2006","Probabilistic Methods","","","","Mathematical approaches using probability distributions and random sampling to model and analyze uncertainty in decision problems."
"hayes-rothHyperbeingsHowIntelligent2006","Probabilistic Methods","","","","Mathematical approaches using probability distributions and random sampling to model and analyze uncertainty in decision problems."
"howardFoundationsDecisionAnalysis2007","Decision Analysis","","","","Formal frameworks for structuring and analyzing complex decisions under uncertainty using mathematical models and probability theory."
"isikIntegratedProbabilitybasedApproach2009","Optimization","","","","Mathematical techniques for finding the best solution from a set of feasible alternatives, often subject to constraints and multiple objectives."
"jonesStudyDecisionAnalysis2009","Decision Analysis","","","","Formal frameworks for structuring and analyzing complex decisions under uncertainty using mathematical models and probability theory."
"khosrow-pourCasesDatabaseTechnologies2006","Probabilistic Methods","","","","Mathematical approaches using probability distributions and random sampling to model and analyze uncertainty in decision problems."
"linnesApplyingDecisionTheory2006","Decision Analysis","decision theory","","","Formal frameworks for structuring and analyzing complex decisions under uncertainty using mathematical models and probability theory."
"ogusCostsCautionaryTales2006","Probabilistic Methods","","","","Mathematical approaches using probability distributions and random sampling to model and analyze uncertainty in decision problems."
"parmigianiDecisionTheoryPrinciples2009","Decision Analysis","decision theory","","","Formal frameworks for structuring and analyzing complex decisions under uncertainty using mathematical models and probability theory."
"pourretBayesianNetworksPractical2008","Bayesian Methods","","","","Statistical methods that update probability estimates as new evidence becomes available, incorporating prior knowledge with observed data."
"royEgovernmentCanadaTransformation2006","Probabilistic Methods","","","","Mathematical approaches using probability distributions and random sampling to model and analyze uncertainty in decision problems."
"saloojeeInvestigatingBusinessValue2008","Decision Analysis","value of information","","","Formal frameworks for structuring and analyzing complex decisions under uncertainty using mathematical models and probability theory."
"shaqadanDecisionAnalysisConsidering2008","Decision Analysis","","","","Formal frameworks for structuring and analyzing complex decisions under uncertainty using mathematical models and probability theory."
"steeleInformationOperationsPutting2006","Probabilistic Methods","","","","Mathematical approaches using probability distributions and random sampling to model and analyze uncertainty in decision problems."
"wegarAdoptiveFamiliesDiverse2006","Probabilistic Methods","","","","Mathematical approaches using probability distributions and random sampling to model and analyze uncertainty in decision problems."
"anandBayesianFrameworkImproved2010","Bayesian Methods","","","","Statistical methods that update probability estimates as new evidence becomes available, incorporating prior knowledge with observed data."
"aytesPeelingOnionIT2012","Probabilistic Methods","","","","Mathematical approaches using probability distributions and random sampling to model and analyze uncertainty in decision problems."
"badkeTeachingResearchProcesses2012","Probabilistic Methods","","","","Mathematical approaches using probability distributions and random sampling to model and analyze uncertainty in decision problems."
"baioBayesianMethodsHealth2012","Bayesian Methods","","","","Statistical methods that update probability estimates as new evidence becomes available, incorporating prior knowledge with observed data."
"balmerSecrecyScienceHistorical2012","Probabilistic Methods","","","","Mathematical approaches using probability distributions and random sampling to model and analyze uncertainty in decision problems."
"barthaCostsConsequencesPerioperative2011","Optimization","","","","Mathematical techniques for finding the best solution from a set of feasible alternatives, often subject to constraints and multiple objectives."
"blackmonIncentiveRegulationRegulation2012","Probabilistic Methods","","","","Mathematical approaches using probability distributions and random sampling to model and analyze uncertainty in decision problems."
"boardEarthScienceApplications2012","Probabilistic Methods","","","","Mathematical approaches using probability distributions and random sampling to model and analyze uncertainty in decision problems."
"bockTechnologyNonviolenceSocial2012","Probabilistic Methods","","","","Mathematical approaches using probability distributions and random sampling to model and analyze uncertainty in decision problems."
"bouchlaghemCollaborativeWorkingConstruction2012","Probabilistic Methods","","","","Mathematical approaches using probability distributions and random sampling to model and analyze uncertainty in decision problems."
"briggsRiskAssessmentUpstream2010","Multi-Criteria Decision Analysis","analytic hierarchy process","","","Systematic approaches for evaluating and ranking alternatives based on multiple, often conflicting, criteria and stakeholder preferences."
"chewKnowledgeDrivenService2012","Probabilistic Methods","","","","Mathematical approaches using probability distributions and random sampling to model and analyze uncertainty in decision problems."
"clementsMedicalGeneticsCasebook2012","Probabilistic Methods","","","","Mathematical approaches using probability distributions and random sampling to model and analyze uncertainty in decision problems."
"cookeStatisticsScienceFoundations2012","Probabilistic Methods","","","","Mathematical approaches using probability distributions and random sampling to model and analyze uncertainty in decision problems."
"dimitrakopoulosGeostatisticsNextCentury2012","Probabilistic Methods","","","","Mathematical approaches using probability distributions and random sampling to model and analyze uncertainty in decision problems."
"dwairyForagingTheoryApplied2012","Probabilistic Methods","","","","Mathematical approaches using probability distributions and random sampling to model and analyze uncertainty in decision problems."
"dwyerCommunicationBusinessProfessions2012","Probabilistic Methods","","","","Mathematical approaches using probability distributions and random sampling to model and analyze uncertainty in decision problems."
"everndenInformationFirst2012","Probabilistic Methods","","","","Mathematical approaches using probability distributions and random sampling to model and analyze uncertainty in decision problems."
"fennellyHandbookLossPrevention2012","Probabilistic Methods","","","","Mathematical approaches using probability distributions and random sampling to model and analyze uncertainty in decision problems."
"fladungScientificCommunicationEconomic2012","Decision Analysis","","","","Formal frameworks for structuring and analyzing complex decisions under uncertainty using mathematical models and probability theory."
"goelApplicationActiveComparatorbased2010","Bayesian Methods","","","","Statistical methods that update probability estimates as new evidence becomes available, incorporating prior knowledge with observed data."
"greenMisLeadingIndicatorsHow2012","Probabilistic Methods","","","","Mathematical approaches using probability distributions and random sampling to model and analyze uncertainty in decision problems."
"groverStrategicEconomicDecisionmaking2012","Bayesian Methods","","","","Statistical methods that update probability estimates as new evidence becomes available, incorporating prior knowledge with observed data."
"hinojosaProbabilisticFuzzyLogic2010","Fuzzy Methods","","","","Approaches for handling imprecise or vague information using degrees of membership rather than binary true/false logic."
"hobbsEnergyDecisionsEnvironment2012","Multi-Criteria Decision Analysis","","","","Systematic approaches for evaluating and ranking alternatives based on multiple, often conflicting, criteria and stakeholder preferences."
"isomYourCompanyReady2012","Probabilistic Methods","","","","Mathematical approaches using probability distributions and random sampling to model and analyze uncertainty in decision problems."
"jacobiEnvironmentalSystemsDecision2010","Decision Analysis","","","","Formal frameworks for structuring and analyzing complex decisions under uncertainty using mathematical models and probability theory."
"jammerneggSequentialBinaryInvestment2012","Bayesian Methods","","","","Statistical methods that update probability estimates as new evidence becomes available, incorporating prior knowledge with observed data."
"kallioinenBondsTradeEconomic2012","Probabilistic Methods","","","","Mathematical approaches using probability distributions and random sampling to model and analyze uncertainty in decision problems."
"katsioloudesGlobalStrategicPlanning2012","Probabilistic Methods","","","","Mathematical approaches using probability distributions and random sampling to model and analyze uncertainty in decision problems."
"keeneManagingConservationMuseums2012","Probabilistic Methods","","","","Mathematical approaches using probability distributions and random sampling to model and analyze uncertainty in decision problems."
"kennedyCrimeTerrorismRisk2012","Probabilistic Methods","","","","Mathematical approaches using probability distributions and random sampling to model and analyze uncertainty in decision problems."
"khaderValueInformationDesign2012","Decision Analysis","value of information","","","Formal frameworks for structuring and analyzing complex decisions under uncertainty using mathematical models and probability theory."
"laxminarayanValueInformationMethodological2012","Decision Analysis","value of information","","","Formal frameworks for structuring and analyzing complex decisions under uncertainty using mathematical models and probability theory."
"linkovMulticriteriaDecisionAnalysis2011","Decision Analysis","","","","Formal frameworks for structuring and analyzing complex decisions under uncertainty using mathematical models and probability theory."
"lordPlanningGameInformation2012","Probabilistic Methods","","","","Mathematical approaches using probability distributions and random sampling to model and analyze uncertainty in decision problems."
"lowrancePrivacyConfidentialityHealth2012","Probabilistic Methods","","","","Mathematical approaches using probability distributions and random sampling to model and analyze uncertainty in decision problems."
"morabitoBusinessTechnologyOrganization2012","Probabilistic Methods","","","","Mathematical approaches using probability distributions and random sampling to model and analyze uncertainty in decision problems."
"munRealOptionsAnalysis2012","Real Options","","","","Financial theory applied to real assets, providing flexibility to adapt decisions as uncertainty resolves over time."
"murrayPoliticsPatentLaw2012","Probabilistic Methods","","","","Mathematical approaches using probability distributions and random sampling to model and analyze uncertainty in decision problems."
"neapolitanContemporaryArtificialIntelligence2012","Probabilistic Methods","","","","Mathematical approaches using probability distributions and random sampling to model and analyze uncertainty in decision problems."
"oliverFoundationsAssumedBusiness2012","Probabilistic Methods","","","","Mathematical approaches using probability distributions and random sampling to model and analyze uncertainty in decision problems."
"paquetImplementingCiscoIOS2012","Probabilistic Methods","","","","Mathematical approaches using probability distributions and random sampling to model and analyze uncertainty in decision problems."
"prowGoverningWinEnhancing2012","Probabilistic Methods","","","","Mathematical approaches using probability distributions and random sampling to model and analyze uncertainty in decision problems."
"sammutEncyclopediaMachineLearning2011","Expert Systems/AI","","","","Computer-based systems that emulate human expertise and use artificial intelligence techniques to support decision-making processes."
"sebastian-colemanMeasuringDataQuality2012","Probabilistic Methods","","","","Mathematical approaches using probability distributions and random sampling to model and analyze uncertainty in decision problems."
"shermanSupplyChainTransformation2012","Probabilistic Methods","","","","Mathematical approaches using probability distributions and random sampling to model and analyze uncertainty in decision problems."
"snorgrassPublicInterestPornography2012","Probabilistic Methods","","","","Mathematical approaches using probability distributions and random sampling to model and analyze uncertainty in decision problems."
"stokeyExpertPanelRanking2010","Delphi/Expert Judgment","expert panel","","","Structured communication techniques for obtaining reliable consensus from groups of experts on complex or uncertain topics."
"tapscottOfficeAutomationUserdriven2012","Probabilistic Methods","","","","Mathematical approaches using probability distributions and random sampling to model and analyze uncertainty in decision problems."
"taroniDataAnalysisForensic2010","Decision Analysis","","","","Formal frameworks for structuring and analyzing complex decisions under uncertainty using mathematical models and probability theory."
"thoManagingRisksIT2012","Probabilistic Methods","","","","Mathematical approaches using probability distributions and random sampling to model and analyze uncertainty in decision problems."
"vermeuleLawLimitsReason2012","Probabilistic Methods","","","","Mathematical approaches using probability distributions and random sampling to model and analyze uncertainty in decision problems."
"weberAnonymization2012","Probabilistic Methods","","","","Mathematical approaches using probability distributions and random sampling to model and analyze uncertainty in decision problems."
"abrahamInfluencingDesignDecision2015","Multi-Criteria Decision Analysis","","","","Systematic approaches for evaluating and ranking alternatives based on multiple, often conflicting, criteria and stakeholder preferences."
"almondBayesianNetworksEducational2015","Bayesian Methods","","","","Statistical methods that update probability estimates as new evidence becomes available, incorporating prior knowledge with observed data."
"ameneBayesianStatisticalFrameworks2015","Bayesian Methods","","","","Statistical methods that update probability estimates as new evidence becomes available, incorporating prior knowledge with observed data."
"beckfordIntelligentOrganisationRealising2015","Decision Analysis","value of information","","","Formal frameworks for structuring and analyzing complex decisions under uncertainty using mathematical models and probability theory."
"bistlineEssaysUncertaintyAnalysis2013","Probabilistic Methods","","","","Mathematical approaches using probability distributions and random sampling to model and analyze uncertainty in decision problems."
"brewerScientificModelsLegal2013","Expert Systems/AI","","","","Computer-based systems that emulate human expertise and use artificial intelligence techniques to support decision-making processes."
"burbankEverydayDecisionAnalysis2015","Decision Analysis","","","","Formal frameworks for structuring and analyzing complex decisions under uncertainty using mathematical models and probability theory."
"eidsvikValueInformationEarth2015a","Decision Analysis","value of information","","","Formal frameworks for structuring and analyzing complex decisions under uncertainty using mathematical models and probability theory."
"fischerEffectsForestManagement2013","Probabilistic Methods","","","","Mathematical approaches using probability distributions and random sampling to model and analyze uncertainty in decision problems."
"howardFoundationsDecisionAnalysis2015","Decision Analysis","","","","Formal frameworks for structuring and analyzing complex decisions under uncertainty using mathematical models and probability theory."
"huninkDecisionMakingHealth2014b","Decision Analysis","value of information","","","Formal frameworks for structuring and analyzing complex decisions under uncertainty using mathematical models and probability theory."
"torraModelingDecisionsArtificial2015","Expert Systems/AI","","","","Computer-based systems that emulate human expertise and use artificial intelligence techniques to support decision-making processes."
"wangCrisisDecisionAnalysis2013","Decision Analysis","","","","Formal frameworks for structuring and analyzing complex decisions under uncertainty using mathematical models and probability theory."
"zetterlundValueInformationAnalysis2014","Decision Analysis","value of information","","","Formal frameworks for structuring and analyzing complex decisions under uncertainty using mathematical models and probability theory."
"abbasImprovingHomelandSecurity2017","Optimization","nonlinear programming","","","Mathematical techniques for finding the best solution from a set of feasible alternatives, often subject to constraints and multiple objectives."
"baioBayesianCosteffectivenessAnalysis2017","Bayesian Methods","","","","Statistical methods that update probability estimates as new evidence becomes available, incorporating prior knowledge with observed data."
"berger-vachonComplexSystemsSolutions2017","Game Theory","","","","Mathematical framework for analyzing strategic interactions between rational decision-makers with potentially conflicting interests."
"borgonovoSensitivityAnalysis2017","Probabilistic Methods","sensitivity analysis","","","Mathematical approaches using probability distributions and random sampling to model and analyze uncertainty in decision problems."
"changMathematicalProgrammingTools2017","Optimization","","","","Mathematical techniques for finding the best solution from a set of feasible alternatives, often subject to constraints and multiple objectives."
"charlesworthDecisionAnalysisManagers2017","Decision Analysis","","","","Formal frameworks for structuring and analyzing complex decisions under uncertainty using mathematical models and probability theory."
"chatalovaMarketUncertaintyProject2016","Real Options","","","","Financial theory applied to real assets, providing flexibility to adapt decisions as uncertainty resolves over time."
"damoursForestValueChain2016a","Optimization","","","","Mathematical techniques for finding the best solution from a set of feasible alternatives, often subject to constraints and multiple objectives."
"fentonRiskAssessmentDecision2018","Decision Analysis","","","","Formal frameworks for structuring and analyzing complex decisions under uncertainty using mathematical models and probability theory."
"fouratiMultisensorDataFusion2017","Optimization","","","","Mathematical techniques for finding the best solution from a set of feasible alternatives, often subject to constraints and multiple objectives."
"frodemanOxfordHandbookInterdisciplinarity2017","Probabilistic Methods","","","","Mathematical approaches using probability distributions and random sampling to model and analyze uncertainty in decision problems."
"groverManualStrategicEconomic2016","Bayesian Methods","","","","Statistical methods that update probability estimates as new evidence becomes available, incorporating prior knowledge with observed data."
"lapiraRevolvingDoorLobbying2017","Probabilistic Methods","","","","Mathematical approaches using probability distributions and random sampling to model and analyze uncertainty in decision problems."
"manheimValueInformationPolicy2018","Decision Analysis","value of information","","","Formal frameworks for structuring and analyzing complex decisions under uncertainty using mathematical models and probability theory."
"manheimValueInformationPolicy2018a","Decision Analysis","value of information","","","Formal frameworks for structuring and analyzing complex decisions under uncertainty using mathematical models and probability theory."
"musokeInformedHealthyTheoretical2016","Decision Analysis","value of information","","","Formal frameworks for structuring and analyzing complex decisions under uncertainty using mathematical models and probability theory."
"natarajanDemystifyingBigData2017","Expert Systems/AI","","","","Computer-based systems that emulate human expertise and use artificial intelligence techniques to support decision-making processes."
"robinsonInvasiveSpeciesRisk2017","Game Theory","","","","Mathematical framework for analyzing strategic interactions between rational decision-makers with potentially conflicting interests."
"roseEconomicConsequenceAnalysis2017","Decision Analysis","","","","Formal frameworks for structuring and analyzing complex decisions under uncertainty using mathematical models and probability theory."
"schmorrowAugmentedCognitionEnhancing2017","Expert Systems/AI","","","","Computer-based systems that emulate human expertise and use artificial intelligence techniques to support decision-making processes."
"zhuFinancialDecisionMaking2017","Behavioral Decision Theory","","","","Psychological and economic theories explaining how people actually make decisions, incorporating cognitive limitations and biases."
"abaimovCyberArmsSecurity2020","Expert Systems/AI","","","","Computer-based systems that emulate human expertise and use artificial intelligence techniques to support decision-making processes."
"alpaydinIntroductionMachineLearning2020","Decision Analysis","decision theory","","","Formal frameworks for structuring and analyzing complex decisions under uncertainty using mathematical models and probability theory."
"bajgoricEnhancingBusinessContinuity2020","Probabilistic Methods","","","","Mathematical approaches using probability distributions and random sampling to model and analyze uncertainty in decision problems."
"benndorfClosedLoopManagement2020","Optimization","","","","Mathematical techniques for finding the best solution from a set of feasible alternatives, often subject to constraints and multiple objectives."
"brownRiskResolution2019","Behavioral Decision Theory","prospect theory","","","Psychological and economic theories explaining how people actually make decisions, incorporating cognitive limitations and biases."
"cypkoDevelopmentClinicalDecision2020b","Bayesian Methods","","","","Statistical methods that update probability estimates as new evidence becomes available, incorporating prior knowledge with observed data."
"dellaversanaGlobalApproachData2019","Expert Systems/AI","","","","Computer-based systems that emulate human expertise and use artificial intelligence techniques to support decision-making processes."
"diakopoulosAutomatingNewsHow2019","Expert Systems/AI","","","","Computer-based systems that emulate human expertise and use artificial intelligence techniques to support decision-making processes."
"erringtonShoutingZerosOnes2020","Probabilistic Methods","","","","Mathematical approaches using probability distributions and random sampling to model and analyze uncertainty in decision problems."
"europeancommission.jointresearchcentre.AIWatchAssessing2020","Expert Systems/AI","","","","Computer-based systems that emulate human expertise and use artificial intelligence techniques to support decision-making processes."
"frenchReadingsDecisionAnalysis2020","Decision Analysis","","","","Formal frameworks for structuring and analyzing complex decisions under uncertainty using mathematical models and probability theory."
"hoglerEvaluatingBusinessValue2019","Decision Analysis","value of information","","","Formal frameworks for structuring and analyzing complex decisions under uncertainty using mathematical models and probability theory."
"kimCitiesClimateChange2020","Probabilistic Methods","","","","Mathematical approaches using probability distributions and random sampling to model and analyze uncertainty in decision problems."
"kostaAgeInformationAware2020","Optimization","","","","Mathematical techniques for finding the best solution from a set of feasible alternatives, often subject to constraints and multiple objectives."
"lambertGenomicsHealthDeveloping2020","Probabilistic Methods","","","","Mathematical approaches using probability distributions and random sampling to model and analyze uncertainty in decision problems."
"lawlessHumanmachineSharedContexts2020","Expert Systems/AI","","","","Computer-based systems that emulate human expertise and use artificial intelligence techniques to support decision-making processes."
"lesaffreBayesianMethodsPharmaceutical2020","Bayesian Methods","","","","Statistical methods that update probability estimates as new evidence becomes available, incorporating prior knowledge with observed data."
"lesaffreBayesianMethodsPharmaceutical2020a","Bayesian Methods","","","","Statistical methods that update probability estimates as new evidence becomes available, incorporating prior knowledge with observed data."
"linkovMulticriteriaDecisionAnalysis2020","Decision Analysis","","","","Formal frameworks for structuring and analyzing complex decisions under uncertainty using mathematical models and probability theory."
"myersonProbabilityModelsEconomic2019","Probabilistic Methods","","","","Mathematical approaches using probability distributions and random sampling to model and analyze uncertainty in decision problems."
"nwoguguEarningsManagementFintechdriven2019","Game Theory","mechanism design","","","Mathematical framework for analyzing strategic interactions between rational decision-makers with potentially conflicting interests."
"prabhuFogComputingDeep2019","Expert Systems/AI","deep learning","","","Computer-based systems that emulate human expertise and use artificial intelligence techniques to support decision-making processes."
"ricciAnalysisCatastrophesTheir2020","Delphi/Expert Judgment","","","","Structured communication techniques for obtaining reliable consensus from groups of experts on complex or uncertain topics."
"rozellDangerousScienceScience2020","Decision Analysis","decision theory","","","Formal frameworks for structuring and analyzing complex decisions under uncertainty using mathematical models and probability theory."
"ruanDigitalAssetValuation2019","Optimization","","","","Mathematical techniques for finding the best solution from a set of feasible alternatives, often subject to constraints and multiple objectives."
"smithStructuredDecisionMaking2020a","Decision Analysis","","","","Formal frameworks for structuring and analyzing complex decisions under uncertainty using mathematical models and probability theory."
"thompsonDisputedDecisionsWorld2019","Game Theory","","","","Mathematical framework for analyzing strategic interactions between rational decision-makers with potentially conflicting interests."
"wodeckiArtificialIntelligenceValue2019","Expert Systems/AI","","","","Computer-based systems that emulate human expertise and use artificial intelligence techniques to support decision-making processes."
"dawarReinforcementLearningWell2021","Optimization","","","","Mathematical techniques for finding the best solution from a set of feasible alternatives, often subject to constraints and multiple objectives."
"haighCognitiveElectronicWarfare2021","Expert Systems/AI","","","","Computer-based systems that emulate human expertise and use artificial intelligence techniques to support decision-making processes."
"havranekMulticriteriaDecisionMaking2023","Multi-Criteria Decision Analysis","","","","Systematic approaches for evaluating and ranking alternatives based on multiple, often conflicting, criteria and stakeholder preferences."
"liGraphicalDeepLearning2021","Expert Systems/AI","deep learning","","","Computer-based systems that emulate human expertise and use artificial intelligence techniques to support decision-making processes."
"mernMonteCarloPlanning2021","Probabilistic Methods","","","","Mathematical approaches using probability distributions and random sampling to model and analyze uncertainty in decision problems."
"zhaoUncertaintyInformationMachine2022","Expert Systems/AI","","","","Computer-based systems that emulate human expertise and use artificial intelligence techniques to support decision-making processes."
"dasguptaControlResources1982","Optimization","","","","Mathematical techniques for finding the best solution from a set of feasible alternatives, often subject to constraints and multiple objectives."
"elsterSolomonicJudgementsStudies1989","Game Theory","","","","Mathematical framework for analyzing strategic interactions between rational decision-makers with potentially conflicting interests."
"goffmanStrategicInteraction1970","Game Theory","","","","Mathematical framework for analyzing strategic interactions between rational decision-makers with potentially conflicting interests."
"jeffreyLogicDecision1990","Bayesian Methods","","","","Statistical methods that update probability estimates as new evidence becomes available, incorporating prior knowledge with observed data."
"laffontEconomieLincertainLinformation1989","Probabilistic Methods","","","","Mathematical approaches using probability distributions and random sampling to model and analyze uncertainty in decision problems."
"lawrenceEconomicValueInformation1999","Decision Analysis","value of information","","","Formal frameworks for structuring and analyzing complex decisions under uncertainty using mathematical models and probability theory."
"pradhanEfficientApproximationDecision1997","Probabilistic Methods","","","","Mathematical approaches using probability distributions and random sampling to model and analyze uncertainty in decision problems."
"watsonDecisionSynthesisPrinciples1987","Decision Analysis","","","","Formal frameworks for structuring and analyzing complex decisions under uncertainty using mathematical models and probability theory."
"almagtomeArtificialIntelligenceApplications2021","Expert Systems/AI","","","","Computer-based systems that emulate human expertise and use artificial intelligence techniques to support decision-making processes."
"cardholmIdentifyingBusinessValue2015","Decision Analysis","value of information","","","Formal frameworks for structuring and analyzing complex decisions under uncertainty using mathematical models and probability theory."
"danielBayesianBeliefNetwork2007","Bayesian Methods","","","","Statistical methods that update probability estimates as new evidence becomes available, incorporating prior knowledge with observed data."
"danielBayesianBeliefNetwork2010","Bayesian Methods","","","","Statistical methods that update probability estimates as new evidence becomes available, incorporating prior knowledge with observed data."
"gabrielsEmpiricalEvidencePerceived2008","Decision Analysis","value of information","","","Formal frameworks for structuring and analyzing complex decisions under uncertainty using mathematical models and probability theory."
"granovaChapter83Cyber2017","Decision Analysis","value of information","","","Formal frameworks for structuring and analyzing complex decisions under uncertainty using mathematical models and probability theory."
"kapoorNewFrontiersMachine2010","Expert Systems/AI","","","","Computer-based systems that emulate human expertise and use artificial intelligence techniques to support decision-making processes."
"kaspersonCopingDeepUncertainty2012","Robust Decision Making","deep uncertainty","","","Decision-making approaches that perform well across a wide range of possible future conditions and deep uncertainties."
"laragavilanezSensitivityAnalysisEvidence2022","Bayesian Methods","","","","Statistical methods that update probability estimates as new evidence becomes available, incorporating prior knowledge with observed data."
"mathesonDecisionAnalysisDecision2005","Decision Analysis","","","","Formal frameworks for structuring and analyzing complex decisions under uncertainty using mathematical models and probability theory."
"simpsonProtocol2014","Decision Analysis","value of information","","","Formal frameworks for structuring and analyzing complex decisions under uncertainty using mathematical models and probability theory."
"singhImpactArtificialIntelligence2023","Expert Systems/AI","","","","Computer-based systems that emulate human expertise and use artificial intelligence techniques to support decision-making processes."
"somaniNeuralNetworksDeep2023","Expert Systems/AI","deep learning","","","Computer-based systems that emulate human expertise and use artificial intelligence techniques to support decision-making processes."
"tsengInfluenceDiagramInvestment2006","Decision Analysis","","","","Formal frameworks for structuring and analyzing complex decisions under uncertainty using mathematical models and probability theory."
"vaagenValueInformationQuick2010","Decision Analysis","value of information","","","Formal frameworks for structuring and analyzing complex decisions under uncertainty using mathematical models and probability theory."
"weltonEconomicEvaluationCosteffectiveness2020","Bayesian Methods","","","","Statistical methods that update probability estimates as new evidence becomes available, incorporating prior knowledge with observed data."
"wrightResearchPrioritiesValue2015a","Decision Analysis","value of information","","","Formal frameworks for structuring and analyzing complex decisions under uncertainty using mathematical models and probability theory."
"bhattacharjyaSensitivityAnalysisDecision2012","Decision Analysis","value of information","sequential decision","","Formal frameworks for structuring and analyzing complex decisions under uncertainty using mathematical models and probability theory."
"horvitzArtificialIntelligenceOpen2008","Expert Systems/AI","","","","Computer-based systems that emulate human expertise and use artificial intelligence techniques to support decision-making processes."
"kellerEditorsProbabilityScoring2011","Probabilistic Methods","sensitivity analysis","","","Mathematical approaches using probability distributions and random sampling to model and analyze uncertainty in decision problems."
"kruglerAssetManagementLiterature2006","Decision Analysis","","","","Formal frameworks for structuring and analyzing complex decisions under uncertainty using mathematical models and probability theory."
"petersBayesianReanalysesHealth2009","Bayesian Methods","","","","Statistical methods that update probability estimates as new evidence becomes available, incorporating prior knowledge with observed data."
"phoonSpecialIssueMachine2023a","Expert Systems/AI","","","","Computer-based systems that emulate human expertise and use artificial intelligence techniques to support decision-making processes."
"schuylerRiskDecisionAnalysis2001","Decision Analysis","","","","Formal frameworks for structuring and analyzing complex decisions under uncertainty using mathematical models and probability theory."
"siebertWhenEnoughEvidence2013","Decision Analysis","","","","Formal frameworks for structuring and analyzing complex decisions under uncertainty using mathematical models and probability theory."
"trainor-guittonValueInformationSpatial2010","Decision Analysis","value of information","","","Formal frameworks for structuring and analyzing complex decisions under uncertainty using mathematical models and probability theory."
"achrolMarketingNetworkEconomy1999","Game Theory","conflict resolution","","","Mathematical framework for analyzing strategic interactions between rational decision-makers with potentially conflicting interests."
"attoh-okineUncertaintiesAsphaltLayer1998","Decision Analysis","","","","Formal frameworks for structuring and analyzing complex decisions under uncertainty using mathematical models and probability theory."
"balnavesSociologyInformation1993","Decision Analysis","value of information","","","Formal frameworks for structuring and analyzing complex decisions under uncertainty using mathematical models and probability theory."
"benarochCaseUsingReal1999","Real Options","binomial option","","","Financial theory applied to real assets, providing flexibility to adapt decisions as uncertainty resolves over time."
"cachonCompetitiveCooperativeInventory1999","Game Theory","nash equilibrium","","","Mathematical framework for analyzing strategic interactions between rational decision-makers with potentially conflicting interests."
"camahanTradeoffModelingProduct1998","Optimization","","","","Mathematical techniques for finding the best solution from a set of feasible alternatives, often subject to constraints and multiple objectives."
"chaoHOWCLIMATEUNCERTAINTY1999","Decision Analysis","","","","Formal frameworks for structuring and analyzing complex decisions under uncertainty using mathematical models and probability theory."
"chelstCantSeeForest1998","Decision Analysis","","","","Formal frameworks for structuring and analyzing complex decisions under uncertainty using mathematical models and probability theory."
"cooperIDEAARIDEAModels1999","Optimization","","","","Mathematical techniques for finding the best solution from a set of feasible alternatives, often subject to constraints and multiple objectives."
"coxjrInternalDoseUncertainty1999","Probabilistic Methods","","","","Mathematical approaches using probability distributions and random sampling to model and analyze uncertainty in decision problems."
"dakinsRiskbasedEnvironmentalRemediation1996","Decision Analysis","expected value","","","Formal frameworks for structuring and analyzing complex decisions under uncertainty using mathematical models and probability theory."
"dakinsRiskbasedEnvironmentalRemediation1996a","Probabilistic Methods","","","","Mathematical approaches using probability distributions and random sampling to model and analyze uncertainty in decision problems."
"doyleStrategicDirectionsArtificial1996","Expert Systems/AI","","","","Computer-based systems that emulate human expertise and use artificial intelligence techniques to support decision-making processes."
"evansUseProbabilisticExpert1994","Probabilistic Methods","","","","Mathematical approaches using probability distributions and random sampling to model and analyze uncertainty in decision problems."
"felliSensitivityAnalysisExpected1998","Decision Analysis","expected value","","","Formal frameworks for structuring and analyzing complex decisions under uncertainty using mathematical models and probability theory."
"gavirneniValueInformationCapacitated1999","Decision Analysis","value of information","","","Formal frameworks for structuring and analyzing complex decisions under uncertainty using mathematical models and probability theory."
"gulluTwoechelonAllocationModel1997","Decision Analysis","value of information","","","Formal frameworks for structuring and analyzing complex decisions under uncertainty using mathematical models and probability theory."
"hammittExpectedValueInformation1999","Decision Analysis","value of information","","","Formal frameworks for structuring and analyzing complex decisions under uncertainty using mathematical models and probability theory."
"hammittSubjectiveprobabilitybasedScenariosUncertain1990","Probabilistic Methods","sensitivity analysis","","","Mathematical approaches using probability distributions and random sampling to model and analyze uncertainty in decision problems."
"hatcherUniquenessGroupDecision1990","Delphi/Expert Judgment","group decision","","","Structured communication techniques for obtaining reliable consensus from groups of experts on complex or uncertain topics."
"hatcherVotingPrioritiesHealth1994","Multi-Criteria Decision Analysis","analytic hierarchy process","","","Systematic approaches for evaluating and ranking alternatives based on multiple, often conflicting, criteria and stakeholder preferences."
"heckermanApproximateNonmyopicComputation1993","Decision Analysis","value of information","","","Formal frameworks for structuring and analyzing complex decisions under uncertainty using mathematical models and probability theory."
"henrionDecisionAnalysisExpert1991","Decision Analysis","","","","Formal frameworks for structuring and analyzing complex decisions under uncertainty using mathematical models and probability theory."
"hobbsBayesianMethodsAnalysing1997","Bayesian Methods","","","","Statistical methods that update probability estimates as new evidence becomes available, incorporating prior knowledge with observed data."
"kadaneSeveralBayesiansReview1993","Bayesian Methods","","","","Statistical methods that update probability estimates as new evidence becomes available, incorporating prior knowledge with observed data."
"klempererAuctionTheoryGuide1999","Game Theory","auction theory","","","Mathematical framework for analyzing strategic interactions between rational decision-makers with potentially conflicting interests."
"kogutJointVenturesOption1991","Real Options","","","","Financial theory applied to real assets, providing flexibility to adapt decisions as uncertainty resolves over time."
"konnoMeanabsoluteDeviationPortfolio1991","Optimization","","","","Mathematical techniques for finding the best solution from a set of feasible alternatives, often subject to constraints and multiple objectives."
"kruberApplicationDecisionAnalysis1998","Decision Analysis","","","","Formal frameworks for structuring and analyzing complex decisions under uncertainty using mathematical models and probability theory."
"kuikkaModelingEnvironmentallyDriven1999","Decision Analysis","value of information","","","Formal frameworks for structuring and analyzing complex decisions under uncertainty using mathematical models and probability theory."
"kuikkaUncertaintiesClimaticChange1997","Bayesian Methods","bayesian network","","","Statistical methods that update probability estimates as new evidence becomes available, incorporating prior knowledge with observed data."
"leeVerticalStrategicInteraction1997","Game Theory","","","","Mathematical framework for analyzing strategic interactions between rational decision-makers with potentially conflicting interests."
"lipscombCombiningExpertJudgment1998","Delphi/Expert Judgment","","","","Structured communication techniques for obtaining reliable consensus from groups of experts on complex or uncertain topics."
"liuStatespaceAbstractionAnytime1996","Bayesian Methods","","","","Statistical methods that update probability estimates as new evidence becomes available, incorporating prior knowledge with observed data."
"malandrakiTimeDependentVehicle1992","Optimization","","","","Mathematical techniques for finding the best solution from a set of feasible alternatives, often subject to constraints and multiple objectives."
"matzkevichDecisionAnalyticNetworks1995","Expert Systems/AI","","","","Computer-based systems that emulate human expertise and use artificial intelligence techniques to support decision-making processes."
"mazurJudicialLegislativeViewpoints1990","Decision Analysis","value of information","","","Formal frameworks for structuring and analyzing complex decisions under uncertainty using mathematical models and probability theory."
"mcdonaldTutorialEvaluatingExpected1997","Decision Analysis","","","","Formal frameworks for structuring and analyzing complex decisions under uncertainty using mathematical models and probability theory."
"mehrezDecisionAnalysisView1995","Decision Analysis","","","","Formal frameworks for structuring and analyzing complex decisions under uncertainty using mathematical models and probability theory."
"owensInformationBusinessPerformance1997","Decision Analysis","value of information","","","Formal frameworks for structuring and analyzing complex decisions under uncertainty using mathematical models and probability theory."
"parkheStrategicAllianceStructuring1993","Game Theory","","","","Mathematical framework for analyzing strategic interactions between rational decision-makers with potentially conflicting interests."
"peckUncertaintyValueInformation1996","Probabilistic Methods","","","","Mathematical approaches using probability distributions and random sampling to model and analyze uncertainty in decision problems."
"petermanDecisionAnalysisMethod1999","Decision Analysis","","","","Formal frameworks for structuring and analyzing complex decisions under uncertainty using mathematical models and probability theory."
"rameshClaimsArgumentsDecisions1994","Delphi/Expert Judgment","group decision","","","Structured communication techniques for obtaining reliable consensus from groups of experts on complex or uncertain topics."
"reckhowWaterQualitySimulation1994","Probabilistic Methods","","","","Mathematical approaches using probability distributions and random sampling to model and analyze uncertainty in decision problems."
"reifmanReactorDiagnosticsRule1991","Expert Systems/AI","pattern recognition","","","Computer-based systems that emulate human expertise and use artificial intelligence techniques to support decision-making processes."
"rimeyControlSelectivePerception1994","Decision Analysis","decision theory","","","Formal frameworks for structuring and analyzing complex decisions under uncertainty using mathematical models and probability theory."
"smithValuingRiskyProjects1995","Decision Analysis","","","","Formal frameworks for structuring and analyzing complex decisions under uncertainty using mathematical models and probability theory."
"sonnenbergMarkovModelsMedical1993","Decision Analysis","","","","Formal frameworks for structuring and analyzing complex decisions under uncertainty using mathematical models and probability theory."
"stewartImportanceTaskAnalyzing1997","Delphi/Expert Judgment","","","","Structured communication techniques for obtaining reliable consensus from groups of experts on complex or uncertain topics."
"stiberExpertSystemMethodology1999","Expert Systems/AI","","","","Computer-based systems that emulate human expertise and use artificial intelligence techniques to support decision-making processes."
"vandergaagBayesianBeliefNetworks1996","Bayesian Methods","","","","Statistical methods that update probability estimates as new evidence becomes available, incorporating prior knowledge with observed data."
"varisBayesianDecisionAnalysis1997","Decision Analysis","","","","Formal frameworks for structuring and analyzing complex decisions under uncertainty using mathematical models and probability theory."
"varisLearningBayesianDecision1999","Decision Analysis","","","","Formal frameworks for structuring and analyzing complex decisions under uncertainty using mathematical models and probability theory."
"venkateshAnalyzingInvestmentsManaging1999","Decision Analysis","","","","Formal frameworks for structuring and analyzing complex decisions under uncertainty using mathematical models and probability theory."
"wakkerElicitingNeumannmorgensternUtilities1996","Behavioral Decision Theory","prospect theory","","","Psychological and economic theories explaining how people actually make decisions, incorporating cognitive limitations and biases."
"westjr.InformationProblemsOrganizations1993","Decision Analysis","value of information","","","Formal frameworks for structuring and analyzing complex decisions under uncertainty using mathematical models and probability theory."
"wuCurvatureProbabilityWeighting1996","Multi-Criteria Decision Analysis","value function","","","Systematic approaches for evaluating and ranking alternatives based on multiple, often conflicting, criteria and stakeholder preferences."
"yokeUncertaintyClimateChange1991","Decision Analysis","value of information","","","Formal frameworks for structuring and analyzing complex decisions under uncertainty using mathematical models and probability theory."
"bellEvaluationMulticriteriaMethods2001","Multi-Criteria Decision Analysis","","","","Systematic approaches for evaluating and ranking alternatives based on multiple, often conflicting, criteria and stakeholder preferences."
"blairFuzzyStochasticRiskbased2001","Decision Analysis","","","","Formal frameworks for structuring and analyzing complex decisions under uncertainty using mathematical models and probability theory."
"bleichrodtMakingDescriptiveUse2001","Behavioral Decision Theory","prospect theory","","","Psychological and economic theories explaining how people actually make decisions, incorporating cognitive limitations and biases."
"bleichrodtParameterfreeElicitationProbability2000","Decision Analysis","","","","Formal frameworks for structuring and analyzing complex decisions under uncertainty using mathematical models and probability theory."
"bosettiOptimizationTechnologiesEnvironmental2002","Optimization","","","","Mathematical techniques for finding the best solution from a set of feasible alternatives, often subject to constraints and multiple objectives."
"briggsProbabilisticAnalysisCosteffectiveness2002","Probabilistic Methods","","","","Mathematical approaches using probability distributions and random sampling to model and analyze uncertainty in decision problems."
"cachonSupplyChainInventory2000","Decision Analysis","value of information","","","Formal frameworks for structuring and analyzing complex decisions under uncertainty using mathematical models and probability theory."
"charestBayesianApproachesPrecautionary2001","Bayesian Methods","","","","Statistical methods that update probability estimates as new evidence becomes available, incorporating prior knowledge with observed data."
"ciosHybridInductiveMachine2002","Expert Systems/AI","","","","Computer-based systems that emulate human expertise and use artificial intelligence techniques to support decision-making processes."
"claxtonDynamicProgrammingApproach2001","Optimization","dynamic programming","","","Mathematical techniques for finding the best solution from a set of feasible alternatives, often subject to constraints and multiple objectives."
"clemenIntroductionDecisionAnalysis2001","Decision Analysis","","","","Formal frameworks for structuring and analyzing complex decisions under uncertainty using mathematical models and probability theory."
"dacostaDynamicDecisionMaking2000","Decision Analysis","dynamic decision","","","Formal frameworks for structuring and analyzing complex decisions under uncertainty using mathematical models and probability theory."
"dekayRiskbasedDecisionAnalysis2002","Decision Analysis","","","","Formal frameworks for structuring and analyzing complex decisions under uncertainty using mathematical models and probability theory."
"englehardtBayesianStatisticsEnvironmental2000","Bayesian Methods","","","","Statistical methods that update probability estimates as new evidence becomes available, incorporating prior knowledge with observed data."
"gmytrasiewiczImplementingDecisiontheoreticApproach2002","Game Theory","","","","Mathematical framework for analyzing strategic interactions between rational decision-makers with potentially conflicting interests."
"gokcayTroubleshootingUsingProbabilistic2002","Decision Analysis","value of information","","","Formal frameworks for structuring and analyzing complex decisions under uncertainty using mathematical models and probability theory."
"haublConsumerDecisionMaking2000","Multi-Criteria Decision Analysis","utility function","","","Systematic approaches for evaluating and ranking alternatives based on multiple, often conflicting, criteria and stakeholder preferences."
"hertwichSystematicUncertaintyAnalysis2000","Probabilistic Methods","","","","Mathematical approaches using probability distributions and random sampling to model and analyze uncertainty in decision problems."
"huchzermeierProjectManagementRisk2001","Real Options","","","","Financial theory applied to real assets, providing flexibility to adapt decisions as uncertainty resolves over time."
"karpBayesianLearningRegulation2001","Bayesian Methods","","","","Statistical methods that update probability estimates as new evidence becomes available, incorporating prior knowledge with observed data."
"leeValueInformationSharing2000","Decision Analysis","value of information","","","Formal frameworks for structuring and analyzing complex decisions under uncertainty using mathematical models and probability theory."
"linnaProbabilisticSensitivityAnalysis2002","Probabilistic Methods","sensitivity analysis","","","Mathematical approaches using probability distributions and random sampling to model and analyze uncertainty in decision problems."
"mussiSequentialDecisiontheoreticModels2002","Decision Analysis","sequential decision","","","Formal frameworks for structuring and analyzing complex decisions under uncertainty using mathematical models and probability theory."
"nayakCalculatingDescribingUncertainty2001","Bayesian Methods","","","","Statistical methods that update probability estimates as new evidence becomes available, incorporating prior knowledge with observed data."
"norstromValueInformationBased2002","Decision Analysis","value of information","","","Formal frameworks for structuring and analyzing complex decisions under uncertainty using mathematical models and probability theory."
"pate-cornellFusionIntelligenceInformation2002","Bayesian Methods","","","","Statistical methods that update probability estimates as new evidence becomes available, incorporating prior knowledge with observed data."
"prabhuAdaptiveManagementRole2001","Robust Decision Making","adaptive management","","","Decision-making approaches that perform well across a wide range of possible future conditions and deep uncertainties."
"rajuMarketInformationFirm2000","Decision Analysis","value of information","","","Formal frameworks for structuring and analyzing complex decisions under uncertainty using mathematical models and probability theory."
"reillySensitivityAnalysisDependent2000","Probabilistic Methods","sensitivity analysis","","","Mathematical approaches using probability distributions and random sampling to model and analyze uncertainty in decision problems."
"rosatiDecisionAnalysisDrug2002","Decision Analysis","","","","Formal frameworks for structuring and analyzing complex decisions under uncertainty using mathematical models and probability theory."
"spiegelhalterBayesianMethodsHealth2000","Bayesian Methods","","","","Statistical methods that update probability estimates as new evidence becomes available, incorporating prior knowledge with observed data."
"stewartITProjectsSelection2002","Multi-Criteria Decision Analysis","","","","Systematic approaches for evaluating and ranking alternatives based on multiple, often conflicting, criteria and stakeholder preferences."
"walkerUseExpertJudgment2001","Delphi/Expert Judgment","","","","Structured communication techniques for obtaining reliable consensus from groups of experts on complex or uncertain topics."
"wangBayesianDecisionAnalysis2001","Decision Analysis","","","","Formal frameworks for structuring and analyzing complex decisions under uncertainty using mathematical models and probability theory."
"adesExpectedValueSample2004","Probabilistic Methods","sensitivity analysis","","","Mathematical approaches using probability distributions and random sampling to model and analyze uncertainty in decision problems."
"balakrishnanUncertaintyReductionCharacterization2003","Probabilistic Methods","","","","Mathematical approaches using probability distributions and random sampling to model and analyze uncertainty in decision problems."
"banker50thAnniversaryArticle2004","Decision Analysis","value of information","","","Formal frameworks for structuring and analyzing complex decisions under uncertainty using mathematical models and probability theory."
"bellUseMulticriteriaDecisionmaking2003","Multi-Criteria Decision Analysis","","","","Systematic approaches for evaluating and ranking alternatives based on multiple, often conflicting, criteria and stakeholder preferences."
"brennanExpectedValueSample2005a","Bayesian Methods","","","","Statistical methods that update probability estimates as new evidence becomes available, incorporating prior knowledge with observed data."
"briggsBayesianApproachesAssessing2003","Bayesian Methods","","","","Statistical methods that update probability estimates as new evidence becomes available, incorporating prior knowledge with observed data."
"bumkimMulticriteriaBayesianAnalysis2003","Bayesian Methods","","","","Statistical methods that update probability estimates as new evidence becomes available, incorporating prior knowledge with observed data."
"cantorClinicalApplicationsDecision2004","Decision Analysis","","","","Formal frameworks for structuring and analyzing complex decisions under uncertainty using mathematical models and probability theory."
"cavusogluConfigurationDetectionSoftware2004","Game Theory","","","","Mathematical framework for analyzing strategic interactions between rational decision-makers with potentially conflicting interests."
"claxtonPilotStudyUse2004","Decision Analysis","value of information","decision theory","","Formal frameworks for structuring and analyzing complex decisions under uncertainty using mathematical models and probability theory."
"claxtonProbabilisticSensitivityAnalysis2005","Probabilistic Methods","sensitivity analysis","","","Mathematical approaches using probability distributions and random sampling to model and analyze uncertainty in decision problems."
"cooperBayesianApproachMarkov2003","Bayesian Methods","","","","Statistical methods that update probability estimates as new evidence becomes available, incorporating prior knowledge with observed data."
"cooperComprehensiveDecisionAnalytical2004","Bayesian Methods","","","","Statistical methods that update probability estimates as new evidence becomes available, incorporating prior knowledge with observed data."
"davisAcquiringImplementingEvaluating2005","Probabilistic Methods","","","","Mathematical approaches using probability distributions and random sampling to model and analyze uncertainty in decision problems."
"economyDoingBusinessParadise2005","Probabilistic Methods","","","","Mathematical approaches using probability distributions and random sampling to model and analyze uncertainty in decision problems."
"eggersSettingPoliciesConsumer2004","Behavioral Decision Theory","","","","Psychological and economic theories explaining how people actually make decisions, incorporating cognitive limitations and biases."
"failingUsingExpertJudgment2004","Delphi/Expert Judgment","","","","Structured communication techniques for obtaining reliable consensus from groups of experts on complex or uncertain topics."
"farrowUsingRiskAssessment2004","Real Options","","","","Financial theory applied to real assets, providing flexibility to adapt decisions as uncertainty resolves over time."
"fluelerSociotechnicalKnowledgeRobust2004","Robust Decision Making","","","","Decision-making approaches that perform well across a wide range of possible future conditions and deep uncertainties."
"gianlucabaioBayesianCosteffectivenessAnalysis2003","Bayesian Methods","","","","Statistical methods that update probability estimates as new evidence becomes available, incorporating prior knowledge with observed data."
"hardakerPrinciplesGoodPractice2005","Decision Analysis","","","","Formal frameworks for structuring and analyzing complex decisions under uncertainty using mathematical models and probability theory."
"harsanyiGamesIncompleteInformation2004","Bayesian Methods","","","","Statistical methods that update probability estimates as new evidence becomes available, incorporating prior knowledge with observed data."
"heinePolicyAdviceInvestment2004","Delphi/Expert Judgment","expert opinion","","","Structured communication techniques for obtaining reliable consensus from groups of experts on complex or uncertain topics."
"jovenDecisionAnalysisOther2005","Decision Analysis","","","","Formal frameworks for structuring and analyzing complex decisions under uncertainty using mathematical models and probability theory."
"kearnsMultiobjectiveMulticriteriaApproach2004","Multi-Criteria Decision Analysis","","","","Systematic approaches for evaluating and ranking alternatives based on multiple, often conflicting, criteria and stakeholder preferences."
"keeneyMakingBetterDecision2004","Decision Analysis","","","","Formal frameworks for structuring and analyzing complex decisions under uncertainty using mathematical models and probability theory."
"keislerValueInformationPortfolio2004","Decision Analysis","value of information","","","Formal frameworks for structuring and analyzing complex decisions under uncertainty using mathematical models and probability theory."
"kenyonStochasticVehicleRouting2003","Probabilistic Methods","","","","Mathematical approaches using probability distributions and random sampling to model and analyze uncertainty in decision problems."
"krieglerSensitivityAnalysisEmissions2004","Probabilistic Methods","sensitivity analysis","","","Mathematical approaches using probability distributions and random sampling to model and analyze uncertainty in decision problems."
"lamonCommentaryArticlePredictive2004","Delphi/Expert Judgment","","","","Structured communication techniques for obtaining reliable consensus from groups of experts on complex or uncertain topics."
"liuExpectedValueOperator2003","Decision Analysis","expected value","","","Formal frameworks for structuring and analyzing complex decisions under uncertainty using mathematical models and probability theory."
"messinaUncertaintyOptionValue2003","Real Options","","","","Financial theory applied to real assets, providing flexibility to adapt decisions as uncertainty resolves over time."
"mussiPuttingValueInformation2004","Decision Analysis","value of information","sequential decision","","Formal frameworks for structuring and analyzing complex decisions under uncertainty using mathematical models and probability theory."
"nwoguguMultifactorModelsDecision2005","Behavioral Decision Theory","prospect theory","","","Psychological and economic theories explaining how people actually make decisions, incorporating cognitive limitations and biases."
"ojanenMulticriteriaFrameworkSelection2005","Multi-Criteria Decision Analysis","","","","Systematic approaches for evaluating and ranking alternatives based on multiple, often conflicting, criteria and stakeholder preferences."
"pekBayesianTutoringSystem2004","Bayesian Methods","","","","Statistical methods that update probability estimates as new evidence becomes available, incorporating prior knowledge with observed data."
"pittsStoppingBehaviorSystems2004","Behavioral Decision Theory","","","","Psychological and economic theories explaining how people actually make decisions, incorporating cognitive limitations and biases."
"shangOperationalDesignSupply2004","Optimization","","","","Mathematical techniques for finding the best solution from a set of feasible alternatives, often subject to constraints and multiple objectives."
"shihBayesianApproachPharmacoeconomics2003","Bayesian Methods","","","","Statistical methods that update probability estimates as new evidence becomes available, incorporating prior knowledge with observed data."
"suttonBayesianApproachEvaluating2005","Bayesian Methods","","","","Statistical methods that update probability estimates as new evidence becomes available, incorporating prior knowledge with observed data."
"tappendenMethodsExpectedValue2004","Decision Analysis","value of information","","","Formal frameworks for structuring and analyzing complex decisions under uncertainty using mathematical models and probability theory."
"thiTOOLTEELay2005","Probabilistic Methods","","","","Mathematical approaches using probability distributions and random sampling to model and analyze uncertainty in decision problems."
"tuomistoEconomicWayReducing2005","Decision Analysis","","","","Formal frameworks for structuring and analyzing complex decisions under uncertainty using mathematical models and probability theory."
"vannessKnowingWhatYou2003","Bayesian Methods","","","","Statistical methods that update probability estimates as new evidence becomes available, incorporating prior knowledge with observed data."
"yokotaValueInformationAnalysis2004","Decision Analysis","value of information","","","Formal frameworks for structuring and analyzing complex decisions under uncertainty using mathematical models and probability theory."
"yokotaValueInformationLiterature2004","Decision Analysis","value of information","","","Formal frameworks for structuring and analyzing complex decisions under uncertainty using mathematical models and probability theory."
"adesMultiparameterEvidenceSynthesis2006","Bayesian Methods","","","","Statistical methods that update probability estimates as new evidence becomes available, incorporating prior knowledge with observed data."
"alonsoConsistencyAnalyticHierarchy2006","Multi-Criteria Decision Analysis","analytic hierarchy process","","","Systematic approaches for evaluating and ranking alternatives based on multiple, often conflicting, criteria and stakeholder preferences."
"arhonditsisEutrophicationRiskAssessment2007","Decision Analysis","value of information","decision theory","","Formal frameworks for structuring and analyzing complex decisions under uncertainty using mathematical models and probability theory."
"ashbyBayesianStatisticsMedicine2006","Bayesian Methods","","","","Statistical methods that update probability estimates as new evidence becomes available, incorporating prior knowledge with observed data."
"backValueInformationAnalysis2007","Decision Analysis","value of information","","","Formal frameworks for structuring and analyzing complex decisions under uncertainty using mathematical models and probability theory."
"bartonHowMuchEnough2007","Decision Analysis","value of information","","","Formal frameworks for structuring and analyzing complex decisions under uncertainty using mathematical models and probability theory."
"basuEstimatingTransitionsSymptom2006","Bayesian Methods","","","","Statistical methods that update probability estimates as new evidence becomes available, incorporating prior knowledge with observed data."
"bienstockDifferentialValueInformation2007","Decision Analysis","value of information","","","Formal frameworks for structuring and analyzing complex decisions under uncertainty using mathematical models and probability theory."
"braziunasComputationalApproachesPreference2006","Multi-Criteria Decision Analysis","preference elicitation","","","Systematic approaches for evaluating and ranking alternatives based on multiple, often conflicting, criteria and stakeholder preferences."
"brennanExpectedValueSample2007","Decision Analysis","expected value","","","Formal frameworks for structuring and analyzing complex decisions under uncertainty using mathematical models and probability theory."
"brownAssessingUncertaintyPropagation2006","Probabilistic Methods","uncertainty propagation","","","Mathematical approaches using probability distributions and random sampling to model and analyze uncertainty in decision problems."
"chickSubjectiveProbabilityBayesian2006","Bayesian Methods","","","","Statistical methods that update probability estimates as new evidence becomes available, incorporating prior knowledge with observed data."
"chornRealOptionsRisk2006","Real Options","","","","Financial theory applied to real assets, providing flexibility to adapt decisions as uncertainty resolves over time."
"colbournPrenatalScreeningTreatment2007","Decision Analysis","value of information","","","Formal frameworks for structuring and analyzing complex decisions under uncertainty using mathematical models and probability theory."
"colbournPreventiveStrategiesGroup2007","Decision Analysis","value of information","","","Formal frameworks for structuring and analyzing complex decisions under uncertainty using mathematical models and probability theory."
"dambacherQualitativeModellingBayesian2007","Decision Analysis","","","","Formal frameworks for structuring and analyzing complex decisions under uncertainty using mathematical models and probability theory."
"dornerMultiobjectiveModellingDecision2007","Bayesian Methods","bayesian network","","","Statistical methods that update probability estimates as new evidence becomes available, incorporating prior knowledge with observed data."
"fenwickIterativeBayesianApproach2006","Decision Analysis","value of information","decision theory","","Formal frameworks for structuring and analyzing complex decisions under uncertainty using mathematical models and probability theory."
"fersonSensitivityAnalysisUsing2006","Probabilistic Methods","sensitivity analysis","","","Mathematical approaches using probability distributions and random sampling to model and analyze uncertainty in decision problems."
"fleurenceSettingPrioritiesResearch2007","Decision Analysis","value of information","","","Formal frameworks for structuring and analyzing complex decisions under uncertainty using mathematical models and probability theory."
"goochWayAheadTransboundary2006","Probabilistic Methods","","","","Mathematical approaches using probability distributions and random sampling to model and analyze uncertainty in decision problems."
"gregoryAdaptiveManagementEnvironmental2006","Robust Decision Making","adaptive management","","","Decision-making approaches that perform well across a wide range of possible future conditions and deep uncertainties."
"griebschComparingClinicalEconomic2007","Decision Analysis","value of information","","","Formal frameworks for structuring and analyzing complex decisions under uncertainty using mathematical models and probability theory."
"griffinIncorporatingDirectIndirect2006","Bayesian Methods","","","","Statistical methods that update probability estimates as new evidence becomes available, incorporating prior knowledge with observed data."
"haqEffectForecastingMultiechelon2006","Optimization","genetic algorithm","","","Mathematical techniques for finding the best solution from a set of feasible alternatives, often subject to constraints and multiple objectives."
"hertwigRoleInformationSampling2006","Probabilistic Methods","","","","Mathematical approaches using probability distributions and random sampling to model and analyze uncertainty in decision problems."
"hoffmannElicitationLargeHeterogeneous2007","Decision Analysis","","","","Formal frameworks for structuring and analyzing complex decisions under uncertainty using mathematical models and probability theory."
"iglesiasComprehensiveDecisionanalyticModel2006","Decision Analysis","","","","Formal frameworks for structuring and analyzing complex decisions under uncertainty using mathematical models and probability theory."
"jacksonWorkingGlassHouses2006","Probabilistic Methods","","","","Mathematical approaches using probability distributions and random sampling to model and analyze uncertainty in decision problems."
"keislerEnhancingDecisionAnalysis2006","Decision Analysis","","","","Formal frameworks for structuring and analyzing complex decisions under uncertainty using mathematical models and probability theory."
"kellyDigitalPreservationProjects2006","Probabilistic Methods","","","","Mathematical approaches using probability distributions and random sampling to model and analyze uncertainty in decision problems."
"kimAnalysisSensitivityDecision2007","Decision Analysis","","","","Formal frameworks for structuring and analyzing complex decisions under uncertainty using mathematical models and probability theory."
"kjaerulffProbabilisticNetworksPractitionersa2006","Bayesian Methods","","","","Statistical methods that update probability estimates as new evidence becomes available, incorporating prior knowledge with observed data."
"lacaveExplanationBayesianNetworks2007","Bayesian Methods","","","","Statistical methods that update probability estimates as new evidence becomes available, incorporating prior knowledge with observed data."
"leviPrefaceMyReplies2006","Probabilistic Methods","","","","Mathematical approaches using probability distributions and random sampling to model and analyze uncertainty in decision problems."
"mansourianSearchPersistenceFailure2007","Behavioral Decision Theory","satisficing","","","Psychological and economic theories explaining how people actually make decisions, incorporating cognitive limitations and biases."
"maxwellImprovingHardDecisions2006","Decision Analysis","","","","Formal frameworks for structuring and analyzing complex decisions under uncertainty using mathematical models and probability theory."
"mureroEhealthResearch2006","Probabilistic Methods","","","","Mathematical approaches using probability distributions and random sampling to model and analyze uncertainty in decision problems."
"rabanEffectSourceNature2006","Decision Analysis","value of information","","","Formal frameworks for structuring and analyzing complex decisions under uncertainty using mathematical models and probability theory."
"regnierDynamicDecisionModel2006","Decision Analysis","dynamic decision","","","Formal frameworks for structuring and analyzing complex decisions under uncertainty using mathematical models and probability theory."
"schlosserManagingMultipleSources2007","Probabilistic Methods","epistemic uncertainty","","","Mathematical approaches using probability distributions and random sampling to model and analyze uncertainty in decision problems."
"shabtaiValueInformationDecisionmaking2007","Decision Analysis","value of information","","","Formal frameworks for structuring and analyzing complex decisions under uncertainty using mathematical models and probability theory."
"skrepnekContrastConvergenceBayesian2007","Bayesian Methods","","","","Statistical methods that update probability estimates as new evidence becomes available, incorporating prior knowledge with observed data."
"suedelApplicationRiskAssessment2007","Decision Analysis","","","","Formal frameworks for structuring and analyzing complex decisions under uncertainty using mathematical models and probability theory."
"tiwanaInformationSystemsProject2006","Real Options","","","","Financial theory applied to real assets, providing flexibility to adapt decisions as uncertainty resolves over time."
"uusitaloAdvantagesChallengesBayesian2007","Bayesian Methods","","","","Statistical methods that update probability estimates as new evidence becomes available, incorporating prior knowledge with observed data."
"vachonExtendingGreenPractices2006a","Probabilistic Methods","","","","Mathematical approaches using probability distributions and random sampling to model and analyze uncertainty in decision problems."
"venkatesanOptimalCustomerRelationship2007","Bayesian Methods","","","","Statistical methods that update probability estimates as new evidence becomes available, incorporating prior knowledge with observed data."
"visiblePublicStakeholdersHave2006","Probabilistic Methods","","","","Mathematical approaches using probability distributions and random sampling to model and analyze uncertainty in decision problems."
"vonwinterfeldt6Defining2007","Decision Analysis","","","","Formal frameworks for structuring and analyzing complex decisions under uncertainty using mathematical models and probability theory."
"walbergPlanningEvaluationEducational2006","Probabilistic Methods","","","","Mathematical approaches using probability distributions and random sampling to model and analyze uncertainty in decision problems."
"weissDeterminantsPerceivedValue2006","Decision Analysis","value of information","","","Formal frameworks for structuring and analyzing complex decisions under uncertainty using mathematical models and probability theory."
"ahlmann-ohlsenComparisonTwoApproaches2009","Decision Analysis","","","","Formal frameworks for structuring and analyzing complex decisions under uncertainty using mathematical models and probability theory."
"backValueInformationAnalysis2009","Decision Analysis","value of information","","","Formal frameworks for structuring and analyzing complex decisions under uncertainty using mathematical models and probability theory."
"bartonBayesianBeliefNetworks2008","Decision Analysis","","","","Formal frameworks for structuring and analyzing complex decisions under uncertainty using mathematical models and probability theory."
"bauerleBayesianApproachIncorporate2009","Bayesian Methods","","","","Statistical methods that update probability estimates as new evidence becomes available, incorporating prior knowledge with observed data."
"benarochIntegrativeEconomicOptimization2009","Optimization","","","","Mathematical techniques for finding the best solution from a set of feasible alternatives, often subject to constraints and multiple objectives."
"bojkeIdentifyingResearchPriorities2008","Decision Analysis","value of information","","","Formal frameworks for structuring and analyzing complex decisions under uncertainty using mathematical models and probability theory."
"boumaAssessingValueInformation2009","Decision Analysis","value of information","","","Formal frameworks for structuring and analyzing complex decisions under uncertainty using mathematical models and probability theory."
"catenacciPotentialsBayesianNetworks2009","Bayesian Methods","","","","Statistical methods that update probability estimates as new evidence becomes available, incorporating prior knowledge with observed data."
"changBayesianValueInformation2008","Bayesian Methods","","","","Statistical methods that update probability estimates as new evidence becomes available, incorporating prior knowledge with observed data."
"conroyApplicationDecisionTheory2008","Decision Analysis","decision theory","","","Formal frameworks for structuring and analyzing complex decisions under uncertainty using mathematical models and probability theory."
"coxQuantitativeRiskAssessment2009","Delphi/Expert Judgment","","","","Structured communication techniques for obtaining reliable consensus from groups of experts on complex or uncertain topics."
"galanReforestationPlanningUsing2009","Bayesian Methods","","","","Statistical methods that update probability estimates as new evidence becomes available, incorporating prior knowledge with observed data."
"gillPsychologicallyPlausibleGoalbased2008","Multi-Criteria Decision Analysis","utility function","","","Systematic approaches for evaluating and ranking alternatives based on multiple, often conflicting, criteria and stakeholder preferences."
"griffinDecisionAnalysisResource2008","Decision Analysis","value of information","","","Formal frameworks for structuring and analyzing complex decisions under uncertainty using mathematical models and probability theory."
"guhaSequentialDesignExperiments2008","Optimization","","","","Mathematical techniques for finding the best solution from a set of feasible alternatives, often subject to constraints and multiple objectives."
"hansenRapidAssessmentApproach2008","Robust Decision Making","adaptive management","","","Decision-making approaches that perform well across a wide range of possible future conditions and deep uncertainties."
"hansenValueInformationFishery2008","Decision Analysis","value of information","","","Formal frameworks for structuring and analyzing complex decisions under uncertainty using mathematical models and probability theory."
"hubbardModelingMeasurementsHow2009","Decision Analysis","","","","Formal frameworks for structuring and analyzing complex decisions under uncertainty using mathematical models and probability theory."
"hughesStatisticalFrameworkStrategic2009","Bayesian Methods","","","","Statistical methods that update probability estimates as new evidence becomes available, incorporating prior knowledge with observed data."
"jonesInterspeciesExtrapolationEnvironmental2009","Bayesian Methods","","","","Statistical methods that update probability estimates as new evidence becomes available, incorporating prior knowledge with observed data."
"kingstonReviewArtificialIntelligence2008","Optimization","","","","Mathematical techniques for finding the best solution from a set of feasible alternatives, often subject to constraints and multiple objectives."
"kjaerulffBayesianNetworksInfluence2008","Bayesian Methods","","","","Statistical methods that update probability estimates as new evidence becomes available, incorporating prior knowledge with observed data."
"kramerUsingDecisionAnalysis2009","Decision Analysis","","","","Formal frameworks for structuring and analyzing complex decisions under uncertainty using mathematical models and probability theory."
"krauseOptimalValueInformation2009","Decision Analysis","value of information","","","Formal frameworks for structuring and analyzing complex decisions under uncertainty using mathematical models and probability theory."
"lanktonUncertaintyIndustryStructure2008","Real Options","","","","Financial theory applied to real assets, providing flexibility to adapt decisions as uncertainty resolves over time."
"ludtkeInformationtheoreticSensitivityAnalysis2008","Probabilistic Methods","sensitivity analysis","","","Mathematical approaches using probability distributions and random sampling to model and analyze uncertainty in decision problems."
"mantyniemiValueInformationFisheries2009","Decision Analysis","value of information","","","Formal frameworks for structuring and analyzing complex decisions under uncertainty using mathematical models and probability theory."
"maranzanoBayesianReanalysisChallenger2008","Bayesian Methods","","","","Statistical methods that update probability estimates as new evidence becomes available, incorporating prior knowledge with observed data."
"mccarronHandlingUncertaintyEconomic2009","Bayesian Methods","","","","Statistical methods that update probability estimates as new evidence becomes available, incorporating prior knowledge with observed data."
"medhurstValueInformationDecision2009","Decision Analysis","value of information","","","Formal frameworks for structuring and analyzing complex decisions under uncertainty using mathematical models and probability theory."
"mishraGlobalSensitivityAnalysis2009","Probabilistic Methods","sensitivity analysis","","","Mathematical approaches using probability distributions and random sampling to model and analyze uncertainty in decision problems."
"ozkayaUsingProbabilisticDecision2008","Decision Trees","","","","Visual decision-making tools that map out possible outcomes, probabilities, and payoffs in a tree-like structure for sequential decisions."
"ozogulRealOptionsApproach2009","Real Options","","","","Financial theory applied to real assets, providing flexibility to adapt decisions as uncertainty resolves over time."
"percinUseFuzzyAHP2008","Multi-Criteria Decision Analysis","ahp","","","Systematic approaches for evaluating and ranking alternatives based on multiple, often conflicting, criteria and stakeholder preferences."
"pollakAdaptiveManagementHydropower2009","Robust Decision Making","adaptive management","","","Decision-making approaches that perform well across a wide range of possible future conditions and deep uncertainties."
"qinSimulationOptimizationTechnologies2009","Optimization","","","","Mathematical techniques for finding the best solution from a set of feasible alternatives, often subject to constraints and multiple objectives."
"ramseyForensicEvaluationNational2008","Decision Analysis","value of information","","","Formal frameworks for structuring and analyzing complex decisions under uncertainty using mathematical models and probability theory."
"rivaiRealOptionsValuation2009","Real Options","","","","Financial theory applied to real assets, providing flexibility to adapt decisions as uncertainty resolves over time."
"robertsComputerScienceDecision2008","Decision Analysis","decision theory","","","Formal frameworks for structuring and analyzing complex decisions under uncertainty using mathematical models and probability theory."
"rogowskiEffectDifferentTreatment2009","Decision Analysis","value of information","","","Formal frameworks for structuring and analyzing complex decisions under uncertainty using mathematical models and probability theory."
"santosSequentialDecisionmakingInterdependent2008","Decision Trees","","","","Visual decision-making tools that map out possible outcomes, probabilities, and payoffs in a tree-like structure for sequential decisions."
"shmueliMiningNegotiationTheory2008","Game Theory","negotiation theory","","","Mathematical framework for analyzing strategic interactions between rational decision-makers with potentially conflicting interests."
"sikderApplicationRoughSet2009","Decision Analysis","","","","Formal frameworks for structuring and analyzing complex decisions under uncertainty using mathematical models and probability theory."
"szczechMulticriteriaAttractivenessEvaluation2009","Multi-Criteria Decision Analysis","","","","Systematic approaches for evaluating and ranking alternatives based on multiple, often conflicting, criteria and stakeholder preferences."
"vallejo-torresIntegratingHealthEconomics2008","Bayesian Methods","","","","Statistical methods that update probability estimates as new evidence becomes available, incorporating prior knowledge with observed data."
"vanweesBayesianBeliefNetwork2008","Bayesian Methods","","","","Statistical methods that update probability estimates as new evidence becomes available, incorporating prior knowledge with observed data."
"wailooCosteffectivenessValueInformation2008","Decision Analysis","value of information","","","Formal frameworks for structuring and analyzing complex decisions under uncertainty using mathematical models and probability theory."
"weltonResearchPrioritizationBased2008","Decision Analysis","expected value","","","Formal frameworks for structuring and analyzing complex decisions under uncertainty using mathematical models and probability theory."
"wuManagementInformationTechnology2008","Real Options","","","","Financial theory applied to real assets, providing flexibility to adapt decisions as uncertainty resolves over time."
"zhangBayesianHierarchicalFramework2009","Bayesian Methods","bayesian hierarchical","","","Statistical methods that update probability estimates as new evidence becomes available, incorporating prior knowledge with observed data."
"zhangPredictingFrequencyWater2008","Bayesian Methods","","","","Statistical methods that update probability estimates as new evidence becomes available, incorporating prior knowledge with observed data."
"abellanEnsembleMethodUsing2010","Decision Trees","","","","Visual decision-making tools that map out possible outcomes, probabilities, and payoffs in a tree-like structure for sequential decisions."
"anandOptimalDecisionorientedBayesian2010","Bayesian Methods","","","","Statistical methods that update probability estimates as new evidence becomes available, incorporating prior knowledge with observed data."
"bhattacharjyaValueInformationSpatial2010","Decision Analysis","value of information","","","Formal frameworks for structuring and analyzing complex decisions under uncertainty using mathematical models and probability theory."
"chenHybridDelphibayesianMethod2010","Bayesian Methods","","","","Statistical methods that update probability estimates as new evidence becomes available, incorporating prior knowledge with observed data."
"cinarScenarioAnalysisUsing2010","Bayesian Methods","","","","Statistical methods that update probability estimates as new evidence becomes available, incorporating prior knowledge with observed data."
"doremusAdaptiveManagementInformation2010","Robust Decision Making","adaptive management","","","Decision-making approaches that perform well across a wide range of possible future conditions and deep uncertainties."
"gelmanSettingPrioritiesData2010","Behavioral Decision Theory","satisficing","","","Psychological and economic theories explaining how people actually make decisions, incorporating cognitive limitations and biases."
"golovinNearoptimalBayesianActive2010","Bayesian Methods","","","","Statistical methods that update probability estimates as new evidence becomes available, incorporating prior knowledge with observed data."
"grootkoerkampUncertaintyPatientHeterogeneity2010","Probabilistic Methods","sensitivity analysis","","","Mathematical approaches using probability distributions and random sampling to model and analyze uncertainty in decision problems."
"harmbensonAdaptiveManagementApproaches2010","Robust Decision Making","adaptive management","","","Decision-making approaches that perform well across a wide range of possible future conditions and deep uncertainties."
"husereauEditorialSentenceFirst2010","Decision Analysis","value of information","","","Formal frameworks for structuring and analyzing complex decisions under uncertainty using mathematical models and probability theory."
"kangasMeasuringValueInformation2010","Multi-Criteria Decision Analysis","","","","Systematic approaches for evaluating and ranking alternatives based on multiple, often conflicting, criteria and stakeholder preferences."
"karvetskiIntegrationDecisionAnalysis2010","Decision Analysis","","","","Formal frameworks for structuring and analyzing complex decisions under uncertainty using mathematical models and probability theory."
"kayaMulticriteriaRenewableEnergy2010","Multi-Criteria Decision Analysis","ahp","vikor","","Systematic approaches for evaluating and ranking alternatives based on multiple, often conflicting, criteria and stakeholder preferences."
"keatingOptimizationUncertaintyAssessment2010","Optimization","","","","Mathematical techniques for finding the best solution from a set of feasible alternatives, often subject to constraints and multiple objectives."
"kimDualAnalyticHierarchy2010","Multi-Criteria Decision Analysis","analytic hierarchy process","","","Systematic approaches for evaluating and ranking alternatives based on multiple, often conflicting, criteria and stakeholder preferences."
"markopoulosInformationMarketsProduct2010","Game Theory","","","","Mathematical framework for analyzing strategic interactions between rational decision-makers with potentially conflicting interests."
"missedBayesianModelHuman2010","Bayesian Methods","","","","Statistical methods that update probability estimates as new evidence becomes available, incorporating prior knowledge with observed data."
"raoDecisionAnalysis2010","Decision Analysis","","","","Formal frameworks for structuring and analyzing complex decisions under uncertainty using mathematical models and probability theory."
"raoValueInformationAnalysis2010","Decision Analysis","value of information","","","Formal frameworks for structuring and analyzing complex decisions under uncertainty using mathematical models and probability theory."
"sondberg-jeppesenPGMFrameworkRecursive2010","Bayesian Methods","","","","Statistical methods that update probability estimates as new evidence becomes available, incorporating prior knowledge with observed data."
"stevensonGroupCognitiveBehavioural2010","Decision Analysis","value of information","","","Formal frameworks for structuring and analyzing complex decisions under uncertainty using mathematical models and probability theory."
"thomsonBayesianUpdateDialogue2010","Bayesian Methods","","","","Statistical methods that update probability estimates as new evidence becomes available, incorporating prior knowledge with observed data."
"attenbergSelectiveDataAcquisition2011","Expert Systems/AI","","","","Computer-based systems that emulate human expertise and use artificial intelligence techniques to support decision-making processes."
"bakerCellulosicBiofuelsExpert2011","Delphi/Expert Judgment","expert elicitation","","","Structured communication techniques for obtaining reliable consensus from groups of experts on complex or uncertain topics."
"bakerValueBetterInformation2012","Decision Analysis","value of information","","","Formal frameworks for structuring and analyzing complex decisions under uncertainty using mathematical models and probability theory."
"ballariValueInformationMobility2012","Decision Analysis","value of information","","","Formal frameworks for structuring and analyzing complex decisions under uncertainty using mathematical models and probability theory."
"bartonBayesianNetworksEnvironmental2012","Bayesian Methods","","","","Statistical methods that update probability estimates as new evidence becomes available, incorporating prior knowledge with observed data."
"bastianinForecastEvaluationCall2011","Decision Analysis","value of information","","","Formal frameworks for structuring and analyzing complex decisions under uncertainty using mathematical models and probability theory."
"berchiallaIntegratingStressrelatedVentricular2012","Bayesian Methods","bayesian network","","","Statistical methods that update probability estimates as new evidence becomes available, incorporating prior knowledge with observed data."
"bertuglia5TransportationCommunications2012","Probabilistic Methods","","","","Mathematical approaches using probability distributions and random sampling to model and analyze uncertainty in decision problems."
"bhattacharyaDelphiStudyRFID2011a","Delphi/Expert Judgment","","","","Structured communication techniques for obtaining reliable consensus from groups of experts on complex or uncertain topics."
"biedermannDecisiontheoreticAnalysisForensic2012","Decision Analysis","","","","Formal frameworks for structuring and analyzing complex decisions under uncertainty using mathematical models and probability theory."
"blackRiskManagementRecoverable2012","Decision Analysis","","","","Formal frameworks for structuring and analyzing complex decisions under uncertainty using mathematical models and probability theory."
"boumaAssessingValueEarth2011b","Decision Analysis","value of information","decision theory","","Formal frameworks for structuring and analyzing complex decisions under uncertainty using mathematical models and probability theory."
"braziunasMinimaxRegretBased2012","Robust Decision Making","","","","Decision-making approaches that perform well across a wide range of possible future conditions and deep uncertainties."
"brinkhoffMulticriteriaAnalysisAssessing2011","Multi-Criteria Decision Analysis","","","","Systematic approaches for evaluating and ranking alternatives based on multiple, often conflicting, criteria and stakeholder preferences."
"brodleyChallengesOpportunitiesApplied2012","Expert Systems/AI","","","","Computer-based systems that emulate human expertise and use artificial intelligence techniques to support decision-making processes."
"brownHowProbabilisticRisk2011","Decision Analysis","","","","Formal frameworks for structuring and analyzing complex decisions under uncertainty using mathematical models and probability theory."
"burkPortfolioDecisionAnalysis2011","Decision Analysis","","","","Formal frameworks for structuring and analyzing complex decisions under uncertainty using mathematical models and probability theory."
"burmanModellingSimulationPharmaceutical2011","Decision Analysis","","","","Formal frameworks for structuring and analyzing complex decisions under uncertainty using mathematical models and probability theory."
"buyukozkanCombinedFuzzyAHP2012","Multi-Criteria Decision Analysis","ahp","topsis","","Systematic approaches for evaluating and ranking alternatives based on multiple, often conflicting, criteria and stakeholder preferences."
"buyukozkanStrategicAnalysisHealthcare2011","Multi-Criteria Decision Analysis","analytic hierarchy process","","","Systematic approaches for evaluating and ranking alternatives based on multiple, often conflicting, criteria and stakeholder preferences."
"colyvanConservationGame2011a","Robust Decision Making","adaptive management","","","Decision-making approaches that perform well across a wide range of possible future conditions and deep uncertainties."
"conroyConservationFaceClimate2011a","Robust Decision Making","adaptive management","","","Decision-making approaches that perform well across a wide range of possible future conditions and deep uncertainties."
"coxCommunityResilienceDecision2012","Decision Analysis","decision theory","","","Formal frameworks for structuring and analyzing complex decisions under uncertainty using mathematical models and probability theory."
"devCaseStudyRedesign2011","Decision Analysis","sequential decision","","","Formal frameworks for structuring and analyzing complex decisions under uncertainty using mathematical models and probability theory."
"doganCombiningBayesianNetworks2011a","Decision Analysis","","","","Formal frameworks for structuring and analyzing complex decisions under uncertainty using mathematical models and probability theory."
"efendigilIntegrationMethodologyBased2012","Fuzzy Methods","fuzzy inference","","","Approaches for handling imprecise or vague information using degrees of membership rather than binary true/false logic."
"etnerDecisionTheoryAmbiguity2012","Decision Analysis","decision theory","","","Formal frameworks for structuring and analyzing complex decisions under uncertainty using mathematical models and probability theory."
"gelmanBiasesMulticriteriaSatisficing2012","Probabilistic Methods","","","","Mathematical approaches using probability distributions and random sampling to model and analyze uncertainty in decision problems."
"goldmanConsumerDemandHealth2012","Probabilistic Methods","","","","Mathematical approaches using probability distributions and random sampling to model and analyze uncertainty in decision problems."
"gormleyUsingPresenceonlyPresence2011","Bayesian Methods","","","","Statistical methods that update probability estimates as new evidence becomes available, incorporating prior knowledge with observed data."
"groverLiteratureReviewBayes2012","Bayesian Methods","","","","Statistical methods that update probability estimates as new evidence becomes available, incorporating prior knowledge with observed data."
"gruttersWhenWaitMore2011b","Real Options","","","","Financial theory applied to real assets, providing flexibility to adapt decisions as uncertainty resolves over time."
"guoBayesianApproachEnergy2011","Bayesian Methods","","","","Statistical methods that update probability estimates as new evidence becomes available, incorporating prior knowledge with observed data."
"haapasaariBalticHerringFisheries2012","Bayesian Methods","","","","Statistical methods that update probability estimates as new evidence becomes available, incorporating prior knowledge with observed data."
"haeckRoleEthicsPlastic2012","Probabilistic Methods","","","","Mathematical approaches using probability distributions and random sampling to model and analyze uncertainty in decision problems."
"hanninenInfluencesVariablesShip2012","Bayesian Methods","","","","Statistical methods that update probability estimates as new evidence becomes available, incorporating prior knowledge with observed data."
"hazenReverseLogisticsDisposition2012","Decision Analysis","decision framework","","","Formal frameworks for structuring and analyzing complex decisions under uncertainty using mathematical models and probability theory."
"hendricksonDecisionAnalysisDecision2011","Decision Analysis","","","","Formal frameworks for structuring and analyzing complex decisions under uncertainty using mathematical models and probability theory."
"hiltonKnowledgeenabledHighperformingTeams2012","Probabilistic Methods","","","","Mathematical approaches using probability distributions and random sampling to model and analyze uncertainty in decision problems."
"huangMechanismDesignEprocurement2011","Optimization","","","","Mathematical techniques for finding the best solution from a set of feasible alternatives, often subject to constraints and multiple objectives."
"huIntelligentAnalysisModel2012","Decision Analysis","","","","Formal frameworks for structuring and analyzing complex decisions under uncertainty using mathematical models and probability theory."
"hussainAnalysisBullwhipEffect2011","Decision Analysis","value of information","","","Formal frameworks for structuring and analyzing complex decisions under uncertainty using mathematical models and probability theory."
"jacksonFrameworkAddressingStructural2011","Probabilistic Methods","","","","Mathematical approaches using probability distributions and random sampling to model and analyze uncertainty in decision problems."
"jafarizadehInformationAcquisitionAmerican2012","Decision Analysis","value of information","","","Formal frameworks for structuring and analyzing complex decisions under uncertainty using mathematical models and probability theory."
"johnsonIncorporatingUncertaintyAnalysis2011a","Probabilistic Methods","","","","Mathematical approaches using probability distributions and random sampling to model and analyze uncertainty in decision problems."
"karandikarPredictionRemainingUseful2012","Bayesian Methods","","","","Statistical methods that update probability estimates as new evidence becomes available, incorporating prior knowledge with observed data."
"karandikarSpindleSpeedSelection2012","Bayesian Methods","","","","Statistical methods that update probability estimates as new evidence becomes available, incorporating prior knowledge with observed data."
"kayaMulticriteriaDecisionMaking2011","Multi-Criteria Decision Analysis","topsis","","","Systematic approaches for evaluating and ranking alternatives based on multiple, often conflicting, criteria and stakeholder preferences."
"keithUncertaintyAdaptiveManagement2011a","Robust Decision Making","adaptive management","","","Decision-making approaches that perform well across a wide range of possible future conditions and deep uncertainties."
"kelepourisBayesianSupplyChain2011","Bayesian Methods","","","","Statistical methods that update probability estimates as new evidence becomes available, incorporating prior knowledge with observed data."
"kivijarviSUPPORTINGITIMPLEMENTATION2012","Multi-Criteria Decision Analysis","analytic network process","","","Systematic approaches for evaluating and ranking alternatives based on multiple, often conflicting, criteria and stakeholder preferences."
"kollatManyobjectiveGroundwaterMonitoring2011","Optimization","","","","Mathematical techniques for finding the best solution from a set of feasible alternatives, often subject to constraints and multiple objectives."
"kuparinenIncreasingBiologicalRealism2012","Bayesian Methods","","","","Statistical methods that update probability estimates as new evidence becomes available, incorporating prior knowledge with observed data."
"lalPublicHealthValorization2011","Optimization","","","","Mathematical techniques for finding the best solution from a set of feasible alternatives, often subject to constraints and multiple objectives."
"latimerValueInformationOsteoarthritis2011","Decision Analysis","value of information","","","Formal frameworks for structuring and analyzing complex decisions under uncertainty using mathematical models and probability theory."
"lobbRiskUncertaintyEnvironmental2011","Behavioral Decision Theory","prospect theory","","","Psychological and economic theories explaining how people actually make decisions, incorporating cognitive limitations and biases."
"lorenzAnticipatingClimateThreshold2012","Decision Analysis","value of information","","","Formal frameworks for structuring and analyzing complex decisions under uncertainty using mathematical models and probability theory."
"luMultimodelBayesianAnalysis2012","Bayesian Methods","","","","Statistical methods that update probability estimates as new evidence becomes available, incorporating prior knowledge with observed data."
"marianosEvaluatingElectronicPort2011","Multi-Criteria Decision Analysis","ahp","","","Systematic approaches for evaluating and ranking alternatives based on multiple, often conflicting, criteria and stakeholder preferences."
"martinelliBayesianNetworksProspect2011","Bayesian Methods","","","","Statistical methods that update probability estimates as new evidence becomes available, incorporating prior knowledge with observed data."
"martinov-bennieAssuranceSustainabilityReporting2012","Probabilistic Methods","","","","Mathematical approaches using probability distributions and random sampling to model and analyze uncertainty in decision problems."
"mcgowanIncorporatingParametricUncertainty2011a","Delphi/Expert Judgment","","","","Structured communication techniques for obtaining reliable consensus from groups of experts on complex or uncertain topics."
"meltzerMinimalModelingApproaches2011","Decision Analysis","value of information","","","Formal frameworks for structuring and analyzing complex decisions under uncertainty using mathematical models and probability theory."
"mohamedContractorDecisionBid2011","Decision Analysis","","","","Formal frameworks for structuring and analyzing complex decisions under uncertainty using mathematical models and probability theory."
"mooreContainEradicateOptimizing2011a","Decision Analysis","value of information","","","Formal frameworks for structuring and analyzing complex decisions under uncertainty using mathematical models and probability theory."
"moroniBayesianAdaptiveApproach2012","Bayesian Methods","","","","Statistical methods that update probability estimates as new evidence becomes available, incorporating prior knowledge with observed data."
"nechitaBayesianApproachAssessment2012","Bayesian Methods","","","","Statistical methods that update probability estimates as new evidence becomes available, incorporating prior knowledge with observed data."
"pasmanRiskAssessmentMeans2012","Bayesian Methods","","","","Statistical methods that update probability estimates as new evidence becomes available, incorporating prior knowledge with observed data."
"pullenayegumAdaptiveBayesianRandomized2012","Bayesian Methods","","","","Statistical methods that update probability estimates as new evidence becomes available, incorporating prior knowledge with observed data."
"rahrovaniBusinessValueInformation2012","Decision Analysis","value of information","","","Formal frameworks for structuring and analyzing complex decisions under uncertainty using mathematical models and probability theory."
"ramanathanInvestigationRankReversal2011","Multi-Criteria Decision Analysis","ahp","","","Systematic approaches for evaluating and ranking alternatives based on multiple, often conflicting, criteria and stakeholder preferences."
"raminIntegrationNumericalModeling2011","Decision Analysis","","","","Formal frameworks for structuring and analyzing complex decisions under uncertainty using mathematical models and probability theory."
"retelCosteffectivenessAnalysisPreventive2011","Decision Analysis","expected value","","","Formal frameworks for structuring and analyzing complex decisions under uncertainty using mathematical models and probability theory."
"robertsHysterectomyEndometrialAblation2011","Probabilistic Methods","sensitivity analysis","","","Mathematical approaches using probability distributions and random sampling to model and analyze uncertainty in decision problems."
"rungeIntroductionAdaptiveManagement2011a","Robust Decision Making","adaptive management","","","Decision-making approaches that perform well across a wide range of possible future conditions and deep uncertainties."
"rungeWhichUncertaintyUsing2011d","Decision Analysis","value of information","","","Formal frameworks for structuring and analyzing complex decisions under uncertainty using mathematical models and probability theory."
"sadatsafaviLostNNTCan2012","Decision Analysis","value of information","","","Formal frameworks for structuring and analyzing complex decisions under uncertainty using mathematical models and probability theory."
"sahlinBenefitAnalysisScreening2011a","Decision Analysis","value of information","","","Formal frameworks for structuring and analyzing complex decisions under uncertainty using mathematical models and probability theory."
"saloInvitationPortfolioDecision2011","Decision Analysis","","","","Formal frameworks for structuring and analyzing complex decisions under uncertainty using mathematical models and probability theory."
"samborskaMonitoringModellingWater2012","Probabilistic Methods","","","","Mathematical approaches using probability distributions and random sampling to model and analyze uncertainty in decision problems."
"shamsuzzohaDevelopmentModularProduct2012","Robust Decision Making","flexible design","","","Decision-making approaches that perform well across a wide range of possible future conditions and deep uncertainties."
"sharifUncertaintyAnalysisPopulationbased2012","Probabilistic Methods","","","","Mathematical approaches using probability distributions and random sampling to model and analyze uncertainty in decision problems."
"sinhaResolutionInformationAsymmetry2012","Game Theory","","","","Mathematical framework for analyzing strategic interactions between rational decision-makers with potentially conflicting interests."
"soaresEvaluationFeasibilityCost2012","Decision Analysis","value of information","","","Formal frameworks for structuring and analyzing complex decisions under uncertainty using mathematical models and probability theory."
"soetemanCostEffectivePsychotherapyPersonality2011","Decision Analysis","value of information","","","Formal frameworks for structuring and analyzing complex decisions under uncertainty using mathematical models and probability theory."
"soiniTrabectedinTreatmentMetastatic2011","Decision Analysis","value of information","","","Formal frameworks for structuring and analyzing complex decisions under uncertainty using mathematical models and probability theory."
"songSusceptibilityAssessmentEarthquakeinduced2012","Bayesian Methods","bayesian network","","","Statistical methods that update probability estimates as new evidence becomes available, incorporating prior knowledge with observed data."
"sparrevikUseStochasticMulticriteria2012","Decision Analysis","","","","Formal frameworks for structuring and analyzing complex decisions under uncertainty using mathematical models and probability theory."
"strongManagingStructuralUncertainty2012","Probabilistic Methods","sensitivity analysis","","","Mathematical approaches using probability distributions and random sampling to model and analyze uncertainty in decision problems."
"sullivanAppropriateElicitationExpert2011","Delphi/Expert Judgment","expert opinion","","","Structured communication techniques for obtaining reliable consensus from groups of experts on complex or uncertain topics."
"thomas5ImplementingDecision2012","Decision Analysis","","","","Formal frameworks for structuring and analyzing complex decisions under uncertainty using mathematical models and probability theory."
"topinkovaEvidencebasedStrategiesOptimization2012","Optimization","","","","Mathematical techniques for finding the best solution from a set of feasible alternatives, often subject to constraints and multiple objectives."
"towseMeasuringValuePharmacoeconomics2012","Probabilistic Methods","","","","Mathematical approaches using probability distributions and random sampling to model and analyze uncertainty in decision problems."
"tyreAdaptiveManagementBull2011","Robust Decision Making","adaptive management","","","Decision-making approaches that perform well across a wide range of possible future conditions and deep uncertainties."
"ungarUnderstandingValueInformation2012","Decision Analysis","value of information","","","Formal frameworks for structuring and analyzing complex decisions under uncertainty using mathematical models and probability theory."
"uusitaloAssessingRolesEnvironmental2012","Bayesian Methods","bayesian network","","","Statistical methods that update probability estimates as new evidence becomes available, incorporating prior knowledge with observed data."
"vallejo-torresIntegratingHealthEconomics2011a","Decision Analysis","","","","Formal frameworks for structuring and analyzing complex decisions under uncertainty using mathematical models and probability theory."
"vandeweteringEarlyBayesianModeling2012","Bayesian Methods","","","","Statistical methods that update probability estimates as new evidence becomes available, incorporating prior knowledge with observed data."
"wangNetworkRoutingInsurgency2011","Game Theory","","","","Mathematical framework for analyzing strategic interactions between rational decision-makers with potentially conflicting interests."
"weltonAreHeadtoheadTrials2011a","Decision Analysis","value of information","","","Formal frameworks for structuring and analyzing complex decisions under uncertainty using mathematical models and probability theory."
"williamsAdaptiveResourceManagement2011","Decision Analysis","value of information","","","Formal frameworks for structuring and analyzing complex decisions under uncertainty using mathematical models and probability theory."
"williamsonBayesianPolicySupport2012","Bayesian Methods","","","","Statistical methods that update probability estimates as new evidence becomes available, incorporating prior knowledge with observed data."
"yangEvaluationRemedialOptions2012","Multi-Criteria Decision Analysis","","","","Systematic approaches for evaluating and ranking alternatives based on multiple, often conflicting, criteria and stakeholder preferences."
"yangPrioritizationWaterManagement2011","Multi-Criteria Decision Analysis","","","","Systematic approaches for evaluating and ranking alternatives based on multiple, often conflicting, criteria and stakeholder preferences."
"yanOptimalStackelbergStrategies2012","Optimization","","","","Mathematical techniques for finding the best solution from a set of feasible alternatives, often subject to constraints and multiple objectives."
"yuekselTutorialQuantizerDesign2011","Optimization","","","","Mathematical techniques for finding the best solution from a set of feasible alternatives, often subject to constraints and multiple objectives."
"zengReviewOptimizationModeling2011","Optimization","","","","Mathematical techniques for finding the best solution from a set of feasible alternatives, often subject to constraints and multiple objectives."
"aspinallSantoriniUnrest20112014","Decision Analysis","","","","Formal frameworks for structuring and analyzing complex decisions under uncertainty using mathematical models and probability theory."
"augusteEvaluatingPETCT2014","Decision Analysis","value of information","","","Formal frameworks for structuring and analyzing complex decisions under uncertainty using mathematical models and probability theory."
"baioErratumBayesianModel2013","Bayesian Methods","","","","Statistical methods that update probability estimates as new evidence becomes available, incorporating prior knowledge with observed data."
"batesValueInformationManaging2014","Multi-Criteria Decision Analysis","","","","Systematic approaches for evaluating and ranking alternatives based on multiple, often conflicting, criteria and stakeholder preferences."
"bhattacharjyaValueInformationVariations2014a","Decision Analysis","value of information","","","Formal frameworks for structuring and analyzing complex decisions under uncertainty using mathematical models and probability theory."
"biberAdaptiveManagementFuture2013","Robust Decision Making","adaptive management","","","Decision-making approaches that perform well across a wide range of possible future conditions and deep uncertainties."
"bikhchandaniDecreasingMarginalValue2013","Decision Analysis","value of information","","","Formal frameworks for structuring and analyzing complex decisions under uncertainty using mathematical models and probability theory."
"brathwaiteBayesianFrameworkAssessing2013","Bayesian Methods","","","","Statistical methods that update probability estimates as new evidence becomes available, incorporating prior knowledge with observed data."
"cain-nielsenCostEffectivenessUterinepreserving2014","Probabilistic Methods","sensitivity analysis","","","Mathematical approaches using probability distributions and random sampling to model and analyze uncertainty in decision problems."
"carlsonValueofInformationAnalysisStakeholderDriven2013","Decision Analysis","value of information","","","Formal frameworks for structuring and analyzing complex decisions under uncertainty using mathematical models and probability theory."
"caroDecisionanalyticModelsCurrent2014","Probabilistic Methods","sensitivity analysis","","","Mathematical approaches using probability distributions and random sampling to model and analyze uncertainty in decision problems."
"changBayesianDecisionAnalysis2014","Decision Analysis","","","","Formal frameworks for structuring and analyzing complex decisions under uncertainty using mathematical models and probability theory."
"changBayesianImperfectInformation2014","Bayesian Methods","","","","Statistical methods that update probability estimates as new evidence becomes available, incorporating prior knowledge with observed data."
"chenElicitingPredictionsRecommendations2014","Decision Analysis","expected value","","","Formal frameworks for structuring and analyzing complex decisions under uncertainty using mathematical models and probability theory."
"converseDemographicsReintroducedPopulations2013","Decision Analysis","","","","Formal frameworks for structuring and analyzing complex decisions under uncertainty using mathematical models and probability theory."
"convertinoMulticriteriaDecisionAnalysis2013","Decision Analysis","","","","Formal frameworks for structuring and analyzing complex decisions under uncertainty using mathematical models and probability theory."
"convertinoPortfolioDecisionAnalysis2013","Decision Analysis","","","","Formal frameworks for structuring and analyzing complex decisions under uncertainty using mathematical models and probability theory."
"cuiMultilevelModelingValue2014","Decision Analysis","value of information","","","Formal frameworks for structuring and analyzing complex decisions under uncertainty using mathematical models and probability theory."
"delucaPublicEngagementStrategic2014","Multi-Criteria Decision Analysis","analytic hierarchy process","","","Systematic approaches for evaluating and ranking alternatives based on multiple, often conflicting, criteria and stakeholder preferences."
"duanOptimizationReplenishmentPolicies2013","Optimization","","","","Mathematical techniques for finding the best solution from a set of feasible alternatives, often subject to constraints and multiple objectives."
"fazlollahtabarDesignNeurofuzzyregressionExpert2013","Expert Systems/AI","","","","Computer-based systems that emulate human expertise and use artificial intelligence techniques to support decision-making processes."
"fazlollahtabarProducersBehaviorAnalysis2013","Expert Systems/AI","","","","Computer-based systems that emulate human expertise and use artificial intelligence techniques to support decision-making processes."
"fleurenceScienceResearchPrioritization2013","Decision Analysis","value of information","","","Formal frameworks for structuring and analyzing complex decisions under uncertainty using mathematical models and probability theory."
"giulianiAssessingValueCooperation2013","Optimization","","","","Mathematical techniques for finding the best solution from a set of feasible alternatives, often subject to constraints and multiple objectives."
"gradowskaEstimatingExpectedValue2014","Bayesian Methods","","","","Statistical methods that update probability estimates as new evidence becomes available, incorporating prior knowledge with observed data."
"greinerGraphicalModelsBayesian2013","Bayesian Methods","","","","Statistical methods that update probability estimates as new evidence becomes available, incorporating prior knowledge with observed data."
"guValueAutomatedMineralogy2014","Decision Analysis","value of information","","","Formal frameworks for structuring and analyzing complex decisions under uncertainty using mathematical models and probability theory."
"haapasaariInvolvingStakeholdersBuilding2013","Bayesian Methods","","","","Statistical methods that update probability estimates as new evidence becomes available, incorporating prior knowledge with observed data."
"hagellBarriersClimateadaptiveManagement2014","Robust Decision Making","adaptive management","","","Decision-making approaches that perform well across a wide range of possible future conditions and deep uncertainties."
"hansenEstimatingBayesianDecision2013","Bayesian Methods","","","","Statistical methods that update probability estimates as new evidence becomes available, incorporating prior knowledge with observed data."
"hermansUsefulnessGameTheory2014","Game Theory","","","","Mathematical framework for analyzing strategic interactions between rational decision-makers with potentially conflicting interests."
"horvitzBayesianApproachTackling2013","Bayesian Methods","","","","Statistical methods that update probability estimates as new evidence becomes available, incorporating prior knowledge with observed data."
"horvitzLumiereProjectBayesian2013","Bayesian Methods","","","","Statistical methods that update probability estimates as new evidence becomes available, incorporating prior knowledge with observed data."
"jacobiBayesianOptimizationFramework2013","Bayesian Methods","","","","Statistical methods that update probability estimates as new evidence becomes available, incorporating prior knowledge with observed data."
"jaworskaBayesianIntegratedTesting2013","Bayesian Methods","","","","Statistical methods that update probability estimates as new evidence becomes available, incorporating prior knowledge with observed data."
"jerminiMarryingResearchManagement2013","Robust Decision Making","adaptive management","","","Decision-making approaches that perform well across a wide range of possible future conditions and deep uncertainties."
"johnsonUncertaintyRobustnessValue2014a","Optimization","","","","Mathematical techniques for finding the best solution from a set of feasible alternatives, often subject to constraints and multiple objectives."
"johnsonUncertaintyRobustnessValue2014b","Decision Analysis","value of information","","","Formal frameworks for structuring and analyzing complex decisions under uncertainty using mathematical models and probability theory."
"kangMultiperiodPlanningWater2014","Probabilistic Methods","scenario analysis","","","Mathematical approaches using probability distributions and random sampling to model and analyze uncertainty in decision problems."
"kangScenariobasedRobustOptimization2013","Optimization","robust optimization","","","Mathematical techniques for finding the best solution from a set of feasible alternatives, often subject to constraints and multiple objectives."
"keislerValueInformationAnalysis2014","Decision Analysis","value of information","","","Formal frameworks for structuring and analyzing complex decisions under uncertainty using mathematical models and probability theory."
"keislerValueInformationFacilitating2014b","Decision Analysis","value of information","","","Formal frameworks for structuring and analyzing complex decisions under uncertainty using mathematical models and probability theory."
"kentAreValueInformation2013","Decision Analysis","value of information","","","Formal frameworks for structuring and analyzing complex decisions under uncertainty using mathematical models and probability theory."
"khaderDecisionTreeModel2013a","Decision Analysis","value of information","","","Formal frameworks for structuring and analyzing complex decisions under uncertainty using mathematical models and probability theory."
"klannPatienttailoredPrioritizationPediatric2013","Expert Systems/AI","","","","Computer-based systems that emulate human expertise and use artificial intelligence techniques to support decision-making processes."
"koskinenBayesianAnalysisPartially2013","Bayesian Methods","","","","Statistical methods that update probability estimates as new evidence becomes available, incorporating prior knowledge with observed data."
"krauseSequentialDecisionMaking2014","Decision Analysis","sequential decision","","","Formal frameworks for structuring and analyzing complex decisions under uncertainty using mathematical models and probability theory."
"lahoz-monfortPlanningImplementationExplaining2014","Robust Decision Making","adaptive management","","","Decision-making approaches that perform well across a wide range of possible future conditions and deep uncertainties."
"lehikoinenOptimizingRecoveryEfficiency2013","Bayesian Methods","","","","Statistical methods that update probability estimates as new evidence becomes available, incorporating prior knowledge with observed data."
"lempertEmbeddingBenefitcostConcepts2014","Robust Decision Making","deep uncertainty","","","Decision-making approaches that perform well across a wide range of possible future conditions and deep uncertainties."
"linkovNanotechnologyDecisionsUse2013a","Decision Analysis","","","","Formal frameworks for structuring and analyzing complex decisions under uncertainty using mathematical models and probability theory."
"linkovRiskbasedStandardsIntegrating2014b","Decision Analysis","","","","Formal frameworks for structuring and analyzing complex decisions under uncertainty using mathematical models and probability theory."
"livermorePatienceEconomicVirtue2013","Real Options","","","","Financial theory applied to real assets, providing flexibility to adapt decisions as uncertainty resolves over time."
"madanStrategiesEfficientComputation2014","Decision Analysis","expected value","","","Formal frameworks for structuring and analyzing complex decisions under uncertainty using mathematical models and probability theory."
"martinelliDynamicDecisionMaking2013","Decision Analysis","dynamic decision","","","Formal frameworks for structuring and analyzing complex decisions under uncertainty using mathematical models and probability theory."
"millerCarbonCaptureSimulation2014","Optimization","","","","Mathematical techniques for finding the best solution from a set of feasible alternatives, often subject to constraints and multiple objectives."
"moalaghDevelopingPracticalFramework2013","Multi-Criteria Decision Analysis","analytic network process","","","Systematic approaches for evaluating and ranking alternatives based on multiple, often conflicting, criteria and stakeholder preferences."
"mohiuddinEconomicEvaluationSurgical2014a","Decision Analysis","expected value","","","Formal frameworks for structuring and analyzing complex decisions under uncertainty using mathematical models and probability theory."
"mohiuddinUseValueInformation2014","Decision Analysis","value of information","","","Formal frameworks for structuring and analyzing complex decisions under uncertainty using mathematical models and probability theory."
"mohseninejadTargetedScreeningCoeliac2013","Decision Analysis","value of information","","","Formal frameworks for structuring and analyzing complex decisions under uncertainty using mathematical models and probability theory."
"moneyValidationSensitivityFINE2014a","Bayesian Methods","bayesian network","","","Statistical methods that update probability estimates as new evidence becomes available, incorporating prior knowledge with observed data."
"munarettoIntegratingAdaptiveGovernance2014","Multi-Criteria Decision Analysis","","","","Systematic approaches for evaluating and ranking alternatives based on multiple, often conflicting, criteria and stakeholder preferences."
"muzaffermusalEstimationGroupPriorities2014","Decision Analysis","value of information","","","Formal frameworks for structuring and analyzing complex decisions under uncertainty using mathematical models and probability theory."
"nennaDemonstrationValueInformation2014","Decision Analysis","value of information","","","Formal frameworks for structuring and analyzing complex decisions under uncertainty using mathematical models and probability theory."
"niloofarPerformanceEvaluationImputation2013","Bayesian Methods","","","","Statistical methods that update probability estimates as new evidence becomes available, incorporating prior knowledge with observed data."
"ohMechanismDesignCapacity2013","Game Theory","mechanism design","","","Mathematical framework for analyzing strategic interactions between rational decision-makers with potentially conflicting interests."
"parkBayesianNetworkApproach2013","Bayesian Methods","bayesian network","","","Statistical methods that update probability estimates as new evidence becomes available, incorporating prior knowledge with observed data."
"parnellInvitedReviewSurvey2013","Decision Analysis","","","","Formal frameworks for structuring and analyzing complex decisions under uncertainty using mathematical models and probability theory."
"pate-cornellImprovingRiskManagement2014","Optimization","","","","Mathematical techniques for finding the best solution from a set of feasible alternatives, often subject to constraints and multiple objectives."
"poppenborgBayesianNetworkApproach2014","Bayesian Methods","bayesian network","","","Statistical methods that update probability estimates as new evidence becomes available, incorporating prior knowledge with observed data."
"pouraliBayesianApproachSensor2013","Bayesian Methods","","","","Statistical methods that update probability estimates as new evidence becomes available, incorporating prior knowledge with observed data."
"rahikainenIntegrativeManagementAdvice2014","Bayesian Methods","","","","Statistical methods that update probability estimates as new evidence becomes available, incorporating prior knowledge with observed data."
"rajabalinejadBayesianProbabilisticApproach2013","Bayesian Methods","","","","Statistical methods that update probability estimates as new evidence becomes available, incorporating prior knowledge with observed data."
"ramanathanAligningSupplyChain2013","Multi-Criteria Decision Analysis","analytic hierarchy process","","","Systematic approaches for evaluating and ranking alternatives based on multiple, often conflicting, criteria and stakeholder preferences."
"ristAdaptiveManagementWhere2013","Robust Decision Making","adaptive management","","","Decision-making approaches that perform well across a wide range of possible future conditions and deep uncertainties."
"ristNewParadigmAdaptive2013","Robust Decision Making","adaptive management","","","Decision-making approaches that perform well across a wide range of possible future conditions and deep uncertainties."
"rungeActiveAdaptiveManagement2013","Robust Decision Making","adaptive management","","","Decision-making approaches that perform well across a wide range of possible future conditions and deep uncertainties."
"runtingDoesMoreMean2013","Decision Analysis","value of information","","","Formal frameworks for structuring and analyzing complex decisions under uncertainty using mathematical models and probability theory."
"sarinEditorOptimalBetting2013","Decision Analysis","value of information","","","Formal frameworks for structuring and analyzing complex decisions under uncertainty using mathematical models and probability theory."
"shachterEfficientValueInformation2013","Decision Analysis","value of information","","","Formal frameworks for structuring and analyzing complex decisions under uncertainty using mathematical models and probability theory."
"sheaAdaptiveManagementValue2014","Decision Analysis","value of information","","","Formal frameworks for structuring and analyzing complex decisions under uncertainty using mathematical models and probability theory."
"shepherdNovelDecisionAnalysis2014","Decision Analysis","","","","Formal frameworks for structuring and analyzing complex decisions under uncertainty using mathematical models and probability theory."
"smallWhenCanScientific2014a","Decision Analysis","value of information","","","Formal frameworks for structuring and analyzing complex decisions under uncertainty using mathematical models and probability theory."
"smithEvaluatingMultispeciesAdaptive2013","Optimization","dynamic programming","","","Mathematical techniques for finding the best solution from a set of feasible alternatives, often subject to constraints and multiple objectives."
"soniDecisionFrameworkAssessment2013","Decision Analysis","decision framework","","","Formal frameworks for structuring and analyzing complex decisions under uncertainty using mathematical models and probability theory."
"stefaniniBayesianNetworkIntegrated2013","Bayesian Methods","bayesian network","","","Statistical methods that update probability estimates as new evidence becomes available, incorporating prior knowledge with observed data."
"steutenSystematicCriticalReview2013","Decision Analysis","value of information","","","Formal frameworks for structuring and analyzing complex decisions under uncertainty using mathematical models and probability theory."
"stewartPotentialUsesBayesian2014","Bayesian Methods","","","","Statistical methods that update probability estimates as new evidence becomes available, incorporating prior knowledge with observed data."
"straubValueInformationAnalysis2014","Decision Analysis","value of information","","","Formal frameworks for structuring and analyzing complex decisions under uncertainty using mathematical models and probability theory."
"strongWhenModelGood2014","Decision Analysis","expected value","","","Formal frameworks for structuring and analyzing complex decisions under uncertainty using mathematical models and probability theory."
"tharianiComparativeClinicalTrial2013","Decision Analysis","value of information","","","Formal frameworks for structuring and analyzing complex decisions under uncertainty using mathematical models and probability theory."
"trainor-guittonGeophysicalPerspectiveValue2014","Decision Analysis","value of information","","","Formal frameworks for structuring and analyzing complex decisions under uncertainty using mathematical models and probability theory."
"trainor-guittonValueInformationMethodology2013","Decision Analysis","value of information","","","Formal frameworks for structuring and analyzing complex decisions under uncertainty using mathematical models and probability theory."
"tuffahaValueInformationAnalysis2014","Decision Analysis","value of information","","","Formal frameworks for structuring and analyzing complex decisions under uncertainty using mathematical models and probability theory."
"tuffahaValueInformationAnalysis2014b","Decision Analysis","value of information","","","Formal frameworks for structuring and analyzing complex decisions under uncertainty using mathematical models and probability theory."
"varkeyBayesianDecisionnetworkModeling2013","Bayesian Methods","","","","Statistical methods that update probability estimates as new evidence becomes available, incorporating prior knowledge with observed data."
"wangBayesianApproachContaminant2013","Bayesian Methods","","","","Statistical methods that update probability estimates as new evidence becomes available, incorporating prior knowledge with observed data."
"weirTriageMethodScreening2014","Decision Analysis","","","","Formal frameworks for structuring and analyzing complex decisions under uncertainty using mathematical models and probability theory."
"willisImprovingValueAnalysis2014","Decision Analysis","","","","Formal frameworks for structuring and analyzing complex decisions under uncertainty using mathematical models and probability theory."
"workmanEmpiricalStudyBehavioral2013","Behavioral Decision Theory","","","","Psychological and economic theories explaining how people actually make decisions, incorporating cognitive limitations and biases."
"wuAssessingValueInformation2013","Decision Analysis","value of information","","","Formal frameworks for structuring and analyzing complex decisions under uncertainty using mathematical models and probability theory."
"yokomizoDecisionScienceEffective2014","Optimization","dynamic programming","","","Mathematical techniques for finding the best solution from a set of feasible alternatives, often subject to constraints and multiple objectives."
"zafariNetworkVsPairwise2014","Decision Analysis","value of information","","","Formal frameworks for structuring and analyzing complex decisions under uncertainty using mathematical models and probability theory."
"zanComponentsPortfolioValue2013","Decision Analysis","value of information","","","Formal frameworks for structuring and analyzing complex decisions under uncertainty using mathematical models and probability theory."
"zitrouRobustnessMaintenanceDecisions2013","Decision Analysis","value of information","","","Formal frameworks for structuring and analyzing complex decisions under uncertainty using mathematical models and probability theory."
"baioProbabilisticSensitivityAnalysis2015","Probabilistic Methods","sensitivity analysis","","","Mathematical approaches using probability distributions and random sampling to model and analyze uncertainty in decision problems."
"batesHowDecisionAnalysis2015","Decision Analysis","","","","Formal frameworks for structuring and analyzing complex decisions under uncertainty using mathematical models and probability theory."
"bennetteFeasibilityAcceptabilityMinimal2015","Decision Analysis","value of information","","","Formal frameworks for structuring and analyzing complex decisions under uncertainty using mathematical models and probability theory."
"broekhuizenReviewClassificationApproaches2015a","Decision Analysis","","","","Formal frameworks for structuring and analyzing complex decisions under uncertainty using mathematical models and probability theory."
"canessaWhenWeNeed2015","Decision Analysis","value of information","","","Formal frameworks for structuring and analyzing complex decisions under uncertainty using mathematical models and probability theory."
"carpiocanadaOpenClassroomEnhancing2015","Expert Systems/AI","","","","Computer-based systems that emulate human expertise and use artificial intelligence techniques to support decision-making processes."
"chenMulticriteriaAnalysisSustainable2015","Multi-Criteria Decision Analysis","","","","Systematic approaches for evaluating and ranking alternatives based on multiple, often conflicting, criteria and stakeholder preferences."
"chenSubmodularSurrogatesValue2015","Optimization","","","","Mathematical techniques for finding the best solution from a set of feasible alternatives, often subject to constraints and multiple objectives."
"claxtonMethodsEstimationNational2015","Probabilistic Methods","","","","Mathematical approaches using probability distributions and random sampling to model and analyze uncertainty in decision problems."
"colsonStructuredExpertJudgment2015","Delphi/Expert Judgment","structured expert judgment","","","Structured communication techniques for obtaining reliable consensus from groups of experts on complex or uncertain topics."
"coussementBayesianApproachIncorporating2015a","Bayesian Methods","","","","Statistical methods that update probability estimates as new evidence becomes available, incorporating prior knowledge with observed data."
"coxOvercomingLearningAversion2015","Decision Analysis","value of information","","","Formal frameworks for structuring and analyzing complex decisions under uncertainty using mathematical models and probability theory."
"daviesBayesianInferencebasedEnvironmental2015","Bayesian Methods","","","","Statistical methods that update probability estimates as new evidence becomes available, incorporating prior knowledge with observed data."
"desanctisSystematicalBayesianApproach2015","Bayesian Methods","","","","Statistical methods that update probability estimates as new evidence becomes available, incorporating prior knowledge with observed data."
"dipietroReconcilingInternalExternal2015","Bayesian Methods","bayesian network","","","Statistical methods that update probability estimates as new evidence becomes available, incorporating prior knowledge with observed data."
"eerenValueInformationAnalysis2015","Decision Analysis","value of information","","","Formal frameworks for structuring and analyzing complex decisions under uncertainty using mathematical models and probability theory."
"fazlollahtabarNeuroFuzzyRegressionExpertSystem2015","Expert Systems/AI","","","","Computer-based systems that emulate human expertise and use artificial intelligence techniques to support decision-making processes."
"felsValueInformationWhy2015","Decision Analysis","value of information","","","Formal frameworks for structuring and analyzing complex decisions under uncertainty using mathematical models and probability theory."
"greenUsingBayesianPopulation2015","Bayesian Methods","","","","Statistical methods that update probability estimates as new evidence becomes available, incorporating prior knowledge with observed data."
"haeusslerCosteffectivenessAnalysisUniversal2015","Bayesian Methods","","","","Statistical methods that update probability estimates as new evidence becomes available, incorporating prior knowledge with observed data."
"helleProbabilisticApproachCostbenefit2015b","Bayesian Methods","bayesian network","","","Statistical methods that update probability estimates as new evidence becomes available, incorporating prior knowledge with observed data."
"jacksonCalibrationComplexModels2015","Bayesian Methods","","","","Statistical methods that update probability estimates as new evidence becomes available, incorporating prior knowledge with observed data."
"jaspersenProbabilityElicitationSevere2015","Decision Analysis","","","","Formal frameworks for structuring and analyzing complex decisions under uncertainty using mathematical models and probability theory."
"jaworskaBayesianIntegratedTesting2015","Bayesian Methods","","","","Statistical methods that update probability estimates as new evidence becomes available, incorporating prior knowledge with observed data."
"johnsonMultilevelLearningAdaptive2015","Robust Decision Making","adaptive management","","","Decision-making approaches that perform well across a wide range of possible future conditions and deep uncertainties."
"kaletBayesianNetworkModels2015","Bayesian Methods","bayesian network","","","Statistical methods that update probability estimates as new evidence becomes available, incorporating prior knowledge with observed data."
"karandikarCostOptimizationExperimental2015","Optimization","","","","Mathematical techniques for finding the best solution from a set of feasible alternatives, often subject to constraints and multiple objectives."
"kilicTwostageStochasticMixedinteger2015","Optimization","integer programming","","","Mathematical techniques for finding the best solution from a set of feasible alternatives, often subject to constraints and multiple objectives."
"kristensenBiologicalModelsEconomic2015","Optimization","","","","Mathematical techniques for finding the best solution from a set of feasible alternatives, often subject to constraints and multiple objectives."
"lavanyaSiteSpecificSoil2015","Bayesian Methods","","","","Statistical methods that update probability estimates as new evidence becomes available, incorporating prior knowledge with observed data."
"leeAssessingBusinessImpacts2015","Multi-Criteria Decision Analysis","","","","Systematic approaches for evaluating and ranking alternatives based on multiple, often conflicting, criteria and stakeholder preferences."
"leeDesignFreezeSequencing2015","Bayesian Methods","bayesian network","","","Statistical methods that update probability estimates as new evidence becomes available, incorporating prior knowledge with observed data."
"lehikoinenBayesianNetworkAssessing2015","Bayesian Methods","bayesian network","","","Statistical methods that update probability estimates as new evidence becomes available, incorporating prior knowledge with observed data."
"lepirdBayesianPreferenceElicitation2015","Bayesian Methods","","","","Statistical methods that update probability estimates as new evidence becomes available, incorporating prior knowledge with observed data."
"lindstromBayesianEnsembleApproach2015","Bayesian Methods","","","","Statistical methods that update probability estimates as new evidence becomes available, incorporating prior knowledge with observed data."
"linSimulationOptimizationApproach2015","Optimization","","","","Mathematical techniques for finding the best solution from a set of feasible alternatives, often subject to constraints and multiple objectives."
"loboEvaluatingClinicalImpact2015","Decision Analysis","","","","Formal frameworks for structuring and analyzing complex decisions under uncertainty using mathematical models and probability theory."
"luhandjulaFuzzyOptimizationMilestones2015","Optimization","","","","Mathematical techniques for finding the best solution from a set of feasible alternatives, often subject to constraints and multiple objectives."
"maxwellHowMuchNew2015a","Decision Analysis","value of information","","","Formal frameworks for structuring and analyzing complex decisions under uncertainty using mathematical models and probability theory."
"meierPerformanceGapsManagerial2015","Bayesian Methods","","","","Statistical methods that update probability estimates as new evidence becomes available, incorporating prior knowledge with observed data."
"mousaviOptimizingLocationAllocationinventory2015","Optimization","","","","Mathematical techniques for finding the best solution from a set of feasible alternatives, often subject to constraints and multiple objectives."
"mullerImpactSmallStudy2015","Bayesian Methods","","","","Statistical methods that update probability estimates as new evidence becomes available, incorporating prior knowledge with observed data."
"nwoguguRealOptionsEnforcement2015","Real Options","","","","Financial theory applied to real assets, providing flexibility to adapt decisions as uncertainty resolves over time."
"ochoaDecisionMethodologyDevelopment2015","Expert Systems/AI","","","","Computer-based systems that emulate human expertise and use artificial intelligence techniques to support decision-making processes."
"oliverCognitiveBiasMedicolegal2015","Behavioral Decision Theory","","","","Psychological and economic theories explaining how people actually make decisions, incorporating cognitive limitations and biases."
"peiPrioritizingHIVComparative2015","Decision Analysis","value of information","","","Formal frameworks for structuring and analyzing complex decisions under uncertainty using mathematical models and probability theory."
"sharmaAnalysisOperatingEffectiveness2015","Bayesian Methods","","","","Statistical methods that update probability estimates as new evidence becomes available, incorporating prior knowledge with observed data."
"starkValueInformationCurrent2015","Decision Analysis","value of information","","","Formal frameworks for structuring and analyzing complex decisions under uncertainty using mathematical models and probability theory."
"stevanovicMulticriteriaOptimizationTraffic2015","Multi-Criteria Decision Analysis","","","","Systematic approaches for evaluating and ranking alternatives based on multiple, often conflicting, criteria and stakeholder preferences."
"stewartUseBayesianNetworks2015","Bayesian Methods","","","","Statistical methods that update probability estimates as new evidence becomes available, incorporating prior knowledge with observed data."
"subramanianReviewDecisionAnalytic2015a","Decision Analysis","","","","Formal frameworks for structuring and analyzing complex decisions under uncertainty using mathematical models and probability theory."
"sudhakarEnsembleOptimizationHeart2015","Optimization","","","","Mathematical techniques for finding the best solution from a set of feasible alternatives, often subject to constraints and multiple objectives."
"taoRecentAdvancesIntelligent2015","Optimization","","","","Mathematical techniques for finding the best solution from a set of feasible alternatives, often subject to constraints and multiple objectives."
"tervonenApplyingMultipleCriteria2015","Decision Analysis","","","","Formal frameworks for structuring and analyzing complex decisions under uncertainty using mathematical models and probability theory."
"thomasCoordinationMultipleProducers2015","Decision Analysis","value of information","","","Formal frameworks for structuring and analyzing complex decisions under uncertainty using mathematical models and probability theory."
"tuffahaCosteffectivenessValueInformation2015","Decision Analysis","value of information","","","Formal frameworks for structuring and analyzing complex decisions under uncertainty using mathematical models and probability theory."
"tuffahaCostutilityAnalysisNegative2015","Decision Analysis","value of information","","","Formal frameworks for structuring and analyzing complex decisions under uncertainty using mathematical models and probability theory."
"tullochUsingDecisionTheory2015","Decision Analysis","decision theory","","","Formal frameworks for structuring and analyzing complex decisions under uncertainty using mathematical models and probability theory."
"ubudConfigurationSupplyChain2015","Optimization","dynamic programming","","","Mathematical techniques for finding the best solution from a set of feasible alternatives, often subject to constraints and multiple objectives."
"usherValueGlobalSensitivity2015","Probabilistic Methods","sensitivity analysis","","","Mathematical approaches using probability distributions and random sampling to model and analyze uncertainty in decision problems."
"wangNestedbatchmodeLearningStochastic2015","Optimization","","","","Mathematical techniques for finding the best solution from a set of feasible alternatives, often subject to constraints and multiple objectives."
"wangSensitivityAnalysisModel2015","Probabilistic Methods","sensitivity analysis","","","Mathematical approaches using probability distributions and random sampling to model and analyze uncertainty in decision problems."
"weijermarsNaturalResourceWealth2015","Optimization","","","","Mathematical techniques for finding the best solution from a set of feasible alternatives, often subject to constraints and multiple objectives."
"williamsValueInformationNatural2015","Decision Analysis","value of information","","","Formal frameworks for structuring and analyzing complex decisions under uncertainty using mathematical models and probability theory."
"wilsonPracticalGuideValue2015c","Probabilistic Methods","","","","Mathematical approaches using probability distributions and random sampling to model and analyze uncertainty in decision problems."
"yousefiGeometricAverageSpatial2015a","Multi-Criteria Decision Analysis","","","","Systematic approaches for evaluating and ranking alternatives based on multiple, often conflicting, criteria and stakeholder preferences."
"zetterlundValueInformationAnalysis2015","Decision Analysis","value of information","","","Formal frameworks for structuring and analyzing complex decisions under uncertainty using mathematical models and probability theory."
"adams-hoskingUseExpertKnowledge2016","Delphi/Expert Judgment","expert elicitation","","","Structured communication techniques for obtaining reliable consensus from groups of experts on complex or uncertain topics."
"alfonsoProbabilisticFloodMaps2016","Decision Analysis","value of information","","","Formal frameworks for structuring and analyzing complex decisions under uncertainty using mathematical models and probability theory."
"allisonnewcombFuzzyLogicUtility2016","Fuzzy Methods","","","","Approaches for handling imprecise or vague information using degrees of membership rather than binary true/false logic."
"andronisAdjustingEstimatesExpected2016","Decision Analysis","value of information","","","Formal frameworks for structuring and analyzing complex decisions under uncertainty using mathematical models and probability theory."
"andronisPracticalApplicationValue2016a","Decision Analysis","value of information","","","Formal frameworks for structuring and analyzing complex decisions under uncertainty using mathematical models and probability theory."
"balakrishnanControlOptimizationAlgorithms2016","Optimization","","","","Mathematical techniques for finding the best solution from a set of feasible alternatives, often subject to constraints and multiple objectives."
"bansalValueInformationMethods2016","Decision Analysis","value of information","","","Formal frameworks for structuring and analyzing complex decisions under uncertainty using mathematical models and probability theory."
"bartonUsingBayesianBelief2016","Bayesian Methods","","","","Statistical methods that update probability estimates as new evidence becomes available, incorporating prior knowledge with observed data."
"batesBalancingResearchFunding2016a","Decision Analysis","value of information","","","Formal frameworks for structuring and analyzing complex decisions under uncertainty using mathematical models and probability theory."
"bennetteDevelopmentEvaluationApproach2016","Probabilistic Methods","","","","Mathematical approaches using probability distributions and random sampling to model and analyze uncertainty in decision problems."
"bindelsUseValueInformation2016","Decision Analysis","value of information","","","Formal frameworks for structuring and analyzing complex decisions under uncertainty using mathematical models and probability theory."
"borgonovoCommonRationaleGlobal2016","Probabilistic Methods","global sensitivity","","","Mathematical approaches using probability distributions and random sampling to model and analyze uncertainty in decision problems."
"borgonovoSensitivityAnalysisReview2016","Probabilistic Methods","sensitivity analysis","","","Mathematical approaches using probability distributions and random sampling to model and analyze uncertainty in decision problems."
"canessaAdaptiveManagementImproving2016a","Robust Decision Making","adaptive management","","","Decision-making approaches that perform well across a wide range of possible future conditions and deep uncertainties."
"cappelloExpectedUtilityTheory2016","Behavioral Decision Theory","expected utility theory","","","Psychological and economic theories explaining how people actually make decisions, incorporating cognitive limitations and biases."
"constantinouComplexQuestionnaireInterviewing2016","Bayesian Methods","bayesian network","","","Statistical methods that update probability estimates as new evidence becomes available, incorporating prior knowledge with observed data."
"constantinouIntegratingExpertKnowledge2016a","Bayesian Methods","","","","Statistical methods that update probability estimates as new evidence becomes available, incorporating prior knowledge with observed data."
"constantinouValueInformationAnalysis2016a","Bayesian Methods","","","","Statistical methods that update probability estimates as new evidence becomes available, incorporating prior knowledge with observed data."
"cucurachiProtocolGlobalSensitivity2016","Probabilistic Methods","sensitivity analysis","","","Mathematical approaches using probability distributions and random sampling to model and analyze uncertainty in decision problems."
"dembeleDavidBartonYoussouf","Bayesian Methods","","","","Statistical methods that update probability estimates as new evidence becomes available, incorporating prior knowledge with observed data."
"dimaioInvariantMethodsEnsemblebased2016","Probabilistic Methods","sensitivity analysis","","","Mathematical approaches using probability distributions and random sampling to model and analyze uncertainty in decision problems."
"dossantosguimaraesImplementingFuzzyLogic2016","Fuzzy Methods","","","","Approaches for handling imprecise or vague information using degrees of membership rather than binary true/false logic."
"ferreiraAnalyticsOnlineRetailer2016","Optimization","","","","Mathematical techniques for finding the best solution from a set of feasible alternatives, often subject to constraints and multiple objectives."
"fielderUseStructuredApproach2016a","Decision Analysis","value of information","","","Formal frameworks for structuring and analyzing complex decisions under uncertainty using mathematical models and probability theory."
"grigoreComparisonTwoMethods2016","Delphi/Expert Judgment","expert elicitation","","","Structured communication techniques for obtaining reliable consensus from groups of experts on complex or uncertain topics."
"haeusslerDynamicBayesianMarkov2016","Bayesian Methods","","","","Statistical methods that update probability estimates as new evidence becomes available, incorporating prior knowledge with observed data."
"hakerCanBayesianTheories2016","Bayesian Methods","","","","Statistical methods that update probability estimates as new evidence becomes available, incorporating prior knowledge with observed data."
"hogendoornClinicalDecisionAnalysis2016","Decision Analysis","","","","Formal frameworks for structuring and analyzing complex decisions under uncertainty using mathematical models and probability theory."
"holzingerInteractiveMachineLearning2016","Expert Systems/AI","","","","Computer-based systems that emulate human expertise and use artificial intelligence techniques to support decision-making processes."
"huangLearningUncertaintyComparison2016","Bayesian Methods","","","","Statistical methods that update probability estimates as new evidence becomes available, incorporating prior knowledge with observed data."
"huangPredictionCategoricalSpatial2016","Bayesian Methods","bayesian updating","","","Statistical methods that update probability estimates as new evidence becomes available, incorporating prior knowledge with observed data."
"hussainInterpretiveStructuralModelinganalytic2016","Multi-Criteria Decision Analysis","analytic network process","","","Systematic approaches for evaluating and ranking alternatives based on multiple, often conflicting, criteria and stakeholder preferences."
"kenettGeneratingHighInfoQ2016","Bayesian Methods","","","","Statistical methods that update probability estimates as new evidence becomes available, incorporating prior knowledge with observed data."
"kerrPrioritizingManagementActions2016","Delphi/Expert Judgment","expert opinion","","","Structured communication techniques for obtaining reliable consensus from groups of experts on complex or uncertain topics."
"konakliNumericalInvestigationsValue2016","Decision Analysis","value of information","","","Formal frameworks for structuring and analyzing complex decisions under uncertainty using mathematical models and probability theory."
"lazarowRealOptionsCoastal2016","Real Options","","","","Financial theory applied to real assets, providing flexibility to adapt decisions as uncertainty resolves over time."
"leontaridouEvaluationNonanimalMethods2016b","Bayesian Methods","","","","Statistical methods that update probability estimates as new evidence becomes available, incorporating prior knowledge with observed data."
"malingsConditionalEntropyValue2016","Decision Analysis","value of information","","","Formal frameworks for structuring and analyzing complex decisions under uncertainty using mathematical models and probability theory."
"memarzadehValueInformationSequential2016a","Decision Analysis","value of information","sequential decision","","Formal frameworks for structuring and analyzing complex decisions under uncertainty using mathematical models and probability theory."
"miquel-casesDecisionsFurtherResearch2016a","Decision Analysis","value of information","","","Formal frameworks for structuring and analyzing complex decisions under uncertainty using mathematical models and probability theory."
"mortonMulticriteriaPortfolioDecision2016","Decision Analysis","","","","Formal frameworks for structuring and analyzing complex decisions under uncertainty using mathematical models and probability theory."
"powellPerspectivesApproximateDynamic2016","Optimization","dynamic programming","","","Mathematical techniques for finding the best solution from a set of feasible alternatives, often subject to constraints and multiple objectives."
"razaviRegionalClimateChange2016","Probabilistic Methods","","","","Mathematical approaches using probability distributions and random sampling to model and analyze uncertainty in decision problems."
"scannellWhenQualityBeats2016","Decision Analysis","decision theory","","","Formal frameworks for structuring and analyzing complex decisions under uncertainty using mathematical models and probability theory."
"sharmaBayesianBeliefNetwork2016","Bayesian Methods","","","","Statistical methods that update probability estimates as new evidence becomes available, incorporating prior knowledge with observed data."
"sharmaModelingInformationRisk2016","Bayesian Methods","","","","Statistical methods that update probability estimates as new evidence becomes available, incorporating prior knowledge with observed data."
"soltani-mohammadiComparisonParticleSwarm2016","Optimization","particle swarm","","","Mathematical techniques for finding the best solution from a set of feasible alternatives, often subject to constraints and multiple objectives."
"southwellLearningColonizationWhen2016","Robust Decision Making","adaptive management","","","Decision-making approaches that perform well across a wide range of possible future conditions and deep uncertainties."
"suoReviewInterdependentdecisionAnalysis2016","Decision Analysis","","","","Formal frameworks for structuring and analyzing complex decisions under uncertainty using mathematical models and probability theory."
"thornInterpretationExpectedValue2016","Decision Analysis","expected value","","","Formal frameworks for structuring and analyzing complex decisions under uncertainty using mathematical models and probability theory."
"toraniInnovationSubsidiesConsumer2016","Real Options","","","","Financial theory applied to real assets, providing flexibility to adapt decisions as uncertainty resolves over time."
"tuffahaValueInformationAnalysis2016a","Decision Analysis","value of information","","","Formal frameworks for structuring and analyzing complex decisions under uncertainty using mathematical models and probability theory."
"wallnerCostEffectivenessValue2016","Decision Analysis","value of information","","","Formal frameworks for structuring and analyzing complex decisions under uncertainty using mathematical models and probability theory."
"weistrofferMultipleCriteriaDecision2016a","Decision Analysis","","","","Formal frameworks for structuring and analyzing complex decisions under uncertainty using mathematical models and probability theory."
"williamsTechnicalChallengesApplication2016","Robust Decision Making","adaptive management","","","Decision-making approaches that perform well across a wide range of possible future conditions and deep uncertainties."
"xuResearchDevelopmentStrategy2016","Multi-Criteria Decision Analysis","ahp","topsis","","Systematic approaches for evaluating and ranking alternatives based on multiple, often conflicting, criteria and stakeholder preferences."
"xuResearchDevelopmentStrategy2016","Multi-Criteria Decision Analysis","ahp","topsis","","Systematic approaches for evaluating and ranking alternatives based on multiple, often conflicting, criteria and stakeholder preferences."
"yetBayesianNetworkFramework2016c","Bayesian Methods","bayesian network","","","Statistical methods that update probability estimates as new evidence becomes available, incorporating prior knowledge with observed data."
"zwirglmaierDiscretizationProcedureRare2016","Bayesian Methods","","","","Statistical methods that update probability estimates as new evidence becomes available, incorporating prior knowledge with observed data."
"agapovaProposedApproachQuantitative2017","Decision Analysis","","","","Formal frameworks for structuring and analyzing complex decisions under uncertainty using mathematical models and probability theory."
"anIdentifyingStructuralModels2017","Bayesian Methods","","","","Statistical methods that update probability estimates as new evidence becomes available, incorporating prior knowledge with observed data."
"arastehConsideringInvestmentDecisions2017","Real Options","","","","Financial theory applied to real assets, providing flexibility to adapt decisions as uncertainty resolves over time."
"atasuEffectiveMedicalSurplus2017","Game Theory","","","","Mathematical framework for analyzing strategic interactions between rational decision-makers with potentially conflicting interests."
"attamillsScaledStableMeanvarianceEVaR2017","Optimization","","","","Mathematical techniques for finding the best solution from a set of feasible alternatives, often subject to constraints and multiple objectives."
"azadehOptimizationSupplierSelection2017","Optimization","","","","Mathematical techniques for finding the best solution from a set of feasible alternatives, often subject to constraints and multiple objectives."
"benamorValueAdditionalInformation2017","Multi-Criteria Decision Analysis","","","","Systematic approaches for evaluating and ranking alternatives based on multiple, often conflicting, criteria and stakeholder preferences."
"bonneauOptimalControlInvasive2017","Optimization","","","","Mathematical techniques for finding the best solution from a set of feasible alternatives, often subject to constraints and multiple objectives."
"brennanExpectedValueSample2017a","Decision Analysis","expected value","","","Formal frameworks for structuring and analyzing complex decisions under uncertainty using mathematical models and probability theory."
"broekhuizenWeighingClinicalEvidence2017","Decision Analysis","","","","Formal frameworks for structuring and analyzing complex decisions under uncertainty using mathematical models and probability theory."
"chadesOptimizationMethodsSolve2017","Optimization","","","","Mathematical techniques for finding the best solution from a set of feasible alternatives, often subject to constraints and multiple objectives."
"chatterjeeUnifiedGranularnumberbasedAHPVIKOR2017","Multi-Criteria Decision Analysis","ahp","vikor","","Systematic approaches for evaluating and ranking alternatives based on multiple, often conflicting, criteria and stakeholder preferences."
"chenEfficientOnlineLearning2017","Decision Analysis","value of information","","","Formal frameworks for structuring and analyzing complex decisions under uncertainty using mathematical models and probability theory."
"chenSensitivityAnalysisSequential2017","Decision Analysis","sequential decision","","","Formal frameworks for structuring and analyzing complex decisions under uncertainty using mathematical models and probability theory."
"chickBayesianDecisionTheoretic2017","Bayesian Methods","","","","Statistical methods that update probability estimates as new evidence becomes available, incorporating prior knowledge with observed data."
"clarkeMultiarmCosteffectivenessAnalysis2017","Decision Analysis","","","","Formal frameworks for structuring and analyzing complex decisions under uncertainty using mathematical models and probability theory."
"craigProposalAmendingAdministrative2017","Robust Decision Making","adaptive management","","","Decision-making approaches that perform well across a wide range of possible future conditions and deep uncertainties."
"cypkoValidationWorkflowClinical2017","Bayesian Methods","bayesian network","","","Statistical methods that update probability estimates as new evidence becomes available, incorporating prior knowledge with observed data."
"daneshkhahProbabilisticSensitivityAnalysis2017","Probabilistic Methods","sensitivity analysis","","","Mathematical approaches using probability distributions and random sampling to model and analyze uncertainty in decision problems."
"dealmeidaSystematicLiteratureReview2017","Multi-Criteria Decision Analysis","","","","Systematic approaches for evaluating and ranking alternatives based on multiple, often conflicting, criteria and stakeholder preferences."
"dipietroMonitoringAirportCheckin2017","Bayesian Methods","","","","Statistical methods that update probability estimates as new evidence becomes available, incorporating prior knowledge with observed data."
"disherRevisitingIndirectHealth2017","Multi-Criteria Decision Analysis","preference elicitation","","","Systematic approaches for evaluating and ranking alternatives based on multiple, often conflicting, criteria and stakeholder preferences."
"dugganManagingUncertaintyClinical2017","Bayesian Methods","","","","Statistical methods that update probability estimates as new evidence becomes available, incorporating prior knowledge with observed data."
"dunningMissingTreesForest2017","Robust Decision Making","adaptive management","","","Decision-making approaches that perform well across a wide range of possible future conditions and deep uncertainties."
"evangelouValueInformationCorrelated2017","Decision Analysis","value of information","","","Formal frameworks for structuring and analyzing complex decisions under uncertainty using mathematical models and probability theory."
"farrowRiskInformedBenefitcost2017","Decision Analysis","","","","Formal frameworks for structuring and analyzing complex decisions under uncertainty using mathematical models and probability theory."
"feilMethodicalApproachAssessment2017","Optimization","","","","Mathematical techniques for finding the best solution from a set of feasible alternatives, often subject to constraints and multiple objectives."
"fouadDevelopingMulticriteriaFramework2017","Multi-Criteria Decision Analysis","","","","Systematic approaches for evaluating and ranking alternatives based on multiple, often conflicting, criteria and stakeholder preferences."
"gaoExploratoryStudyCognitive2017","Optimization","","","","Mathematical techniques for finding the best solution from a set of feasible alternatives, often subject to constraints and multiple objectives."
"garicanoRelationalKnowledgeTransfers2017","Game Theory","mechanism design","","","Mathematical framework for analyzing strategic interactions between rational decision-makers with potentially conflicting interests."
"golmanInformationAvoidance2017","Multi-Criteria Decision Analysis","utility function","","","Systematic approaches for evaluating and ranking alternatives based on multiple, often conflicting, criteria and stakeholder preferences."
"gonenWillingnessPayVitro2017","Multi-Criteria Decision Analysis","utility function","","","Systematic approaches for evaluating and ranking alternatives based on multiple, often conflicting, criteria and stakeholder preferences."
"grantUsingDecisionAnalysis2017","Decision Analysis","","","","Formal frameworks for structuring and analyzing complex decisions under uncertainty using mathematical models and probability theory."
"greeneRatagoricalImperativeMoral2017","Expert Systems/AI","","","","Computer-based systems that emulate human expertise and use artificial intelligence techniques to support decision-making processes."
"grimmAssessingExpectedValue2017a","Decision Analysis","expected value","","","Formal frameworks for structuring and analyzing complex decisions under uncertainty using mathematical models and probability theory."
"guzauskasWhatValueConducting2017a","Decision Analysis","value of information","","","Formal frameworks for structuring and analyzing complex decisions under uncertainty using mathematical models and probability theory."
"hatfieldRegulatorLossFunctions2017","Decision Analysis","","","","Formal frameworks for structuring and analyzing complex decisions under uncertainty using mathematical models and probability theory."
"hicksUsingMultiCriteria2017","Decision Analysis","","","","Formal frameworks for structuring and analyzing complex decisions under uncertainty using mathematical models and probability theory."
"hoangChargingDischargingPlugIn2017","Decision Analysis","markov decision process","","","Formal frameworks for structuring and analyzing complex decisions under uncertainty using mathematical models and probability theory."
"hosseiniBayesianMaximumEntropybased2017","Bayesian Methods","","","","Statistical methods that update probability estimates as new evidence becomes available, incorporating prior knowledge with observed data."
"jiangConsideringDynamicKnowledge2017","Behavioral Decision Theory","","","","Psychological and economic theories explaining how people actually make decisions, incorporating cognitive limitations and biases."
"johnsonExpertElicitationUncertainty2017a","Decision Analysis","value of information","","","Formal frameworks for structuring and analyzing complex decisions under uncertainty using mathematical models and probability theory."
"kaletDevelopingBayesianNetworks2017","Bayesian Methods","","","","Statistical methods that update probability estimates as new evidence becomes available, incorporating prior knowledge with observed data."
"kenettBayesianNetworksTheory2017","Bayesian Methods","","","","Statistical methods that update probability estimates as new evidence becomes available, incorporating prior knowledge with observed data."
"keumInformationTheorybasedDecision2017","Bayesian Methods","","","","Statistical methods that update probability estimates as new evidence becomes available, incorporating prior knowledge with observed data."
"khallafExplainingInconsistentResults2017","Decision Analysis","value of information","","","Formal frameworks for structuring and analyzing complex decisions under uncertainty using mathematical models and probability theory."
"khanInformationSourcesInvesting2017","Behavioral Decision Theory","","","","Psychological and economic theories explaining how people actually make decisions, incorporating cognitive limitations and biases."
"khorOptimizationMethodsPetroleum2017","Optimization","","","","Mathematical techniques for finding the best solution from a set of feasible alternatives, often subject to constraints and multiple objectives."
"kimValueInformationDecisionAnalytic2017","Decision Analysis","value of information","","","Formal frameworks for structuring and analyzing complex decisions under uncertainty using mathematical models and probability theory."
"koppEvolvingUnderstandingAntarctic2017","Robust Decision Making","adaptive management","","","Decision-making approaches that perform well across a wide range of possible future conditions and deep uncertainties."
"kosgodagan-dallatorreTwodimensionDynamicBayesian2017","Bayesian Methods","bayesian network","","","Statistical methods that update probability estimates as new evidence becomes available, incorporating prior knowledge with observed data."
"lianEvaluationStudyTourism2017","Delphi/Expert Judgment","group decision","","","Structured communication techniques for obtaining reliable consensus from groups of experts on complex or uncertain topics."
"liEssentialInformationUncertainty2017","Decision Analysis","value of information","","","Formal frameworks for structuring and analyzing complex decisions under uncertainty using mathematical models and probability theory."
"lilleborgeEfficientDesignsBayesian2017","Bayesian Methods","","","","Statistical methods that update probability estimates as new evidence becomes available, incorporating prior knowledge with observed data."
"liuOptimizationIntegratedOperations2017","Optimization","","","","Mathematical techniques for finding the best solution from a set of feasible alternatives, often subject to constraints and multiple objectives."
"madsenImplementationFirstAdaptive2017","Robust Decision Making","adaptive management","","","Decision-making approaches that perform well across a wide range of possible future conditions and deep uncertainties."
"maedaGISaidedTwophaseGrey2017","Optimization","","","","Mathematical techniques for finding the best solution from a set of feasible alternatives, often subject to constraints and multiple objectives."
"maknoonIntegerProgrammingApproach2017","Optimization","integer programming","","","Mathematical techniques for finding the best solution from a set of feasible alternatives, often subject to constraints and multiple objectives."
"mbheleEngineeringPatternsSupply2017","Optimization","","","","Mathematical techniques for finding the best solution from a set of feasible alternatives, often subject to constraints and multiple objectives."
"mccullaghExaminingFeasibilityUtility2017","Decision Analysis","expected value","","","Formal frameworks for structuring and analyzing complex decisions under uncertainty using mathematical models and probability theory."
"mehralianDevelopingCoordinationFramework2017","Multi-Criteria Decision Analysis","analytic hierarchy process","","","Systematic approaches for evaluating and ranking alternatives based on multiple, often conflicting, criteria and stakeholder preferences."
"milner-gullandSynthesisMovingForward2017","Probabilistic Methods","","","","Mathematical approaches using probability distributions and random sampling to model and analyze uncertainty in decision problems."
"minamizakiImportanceIntelligenceStrategic2017","Probabilistic Methods","scenario analysis","","","Mathematical approaches using probability distributions and random sampling to model and analyze uncertainty in decision problems."
"moenne-loccozModelingSearchBehaviors2017","Decision Analysis","sequential decision","","","Formal frameworks for structuring and analyzing complex decisions under uncertainty using mathematical models and probability theory."
"molnarComparisonWeightingMethods2017","Decision Analysis","","","","Formal frameworks for structuring and analyzing complex decisions under uncertainty using mathematical models and probability theory."
"mooreTwostepAdaptiveManagement2017","Robust Decision Making","adaptive management","","","Decision-making approaches that perform well across a wide range of possible future conditions and deep uncertainties."
"morrisValueInformationWoodland2017","Decision Analysis","value of information","","","Formal frameworks for structuring and analyzing complex decisions under uncertainty using mathematical models and probability theory."
"negrinBayesianSolutionsHandling2017","Bayesian Methods","bayesian model averaging","","","Statistical methods that update probability estimates as new evidence becomes available, incorporating prior knowledge with observed data."
"papeValueAgreementDecision2017","Decision Analysis","","","","Formal frameworks for structuring and analyzing complex decisions under uncertainty using mathematical models and probability theory."
"peronSelectingSimultaneousActions2017","Optimization","dynamic programming","","","Mathematical techniques for finding the best solution from a set of feasible alternatives, often subject to constraints and multiple objectives."
"pettyStreamflowHydrologyEstimate2017","Expert Systems/AI","","","","Computer-based systems that emulate human expertise and use artificial intelligence techniques to support decision-making processes."
"popeQuantifyingHowUserinteraction2017","Bayesian Methods","","","","Statistical methods that update probability estimates as new evidence becomes available, incorporating prior knowledge with observed data."
"pozziHiddenmodelProcessesAdaptive2017a","Robust Decision Making","adaptive management","","","Decision-making approaches that perform well across a wide range of possible future conditions and deep uncertainties."
"prabhuModelAssessmentScientific2017","Probabilistic Methods","uncertainty quantification","","","Mathematical approaches using probability distributions and random sampling to model and analyze uncertainty in decision problems."
"qianGametheoreticAnalysisInformation2017","Game Theory","nash equilibrium","","","Mathematical framework for analyzing strategic interactions between rational decision-makers with potentially conflicting interests."
"ramanathanRoleSocialMedia2017","Delphi/Expert Judgment","expert opinion","","","Structured communication techniques for obtaining reliable consensus from groups of experts on complex or uncertain topics."
"ruanIntroducingCybernomicsUnifying2017","Optimization","","","","Mathematical techniques for finding the best solution from a set of feasible alternatives, often subject to constraints and multiple objectives."
"runge15WalueInformation2017","Decision Analysis","","","","Formal frameworks for structuring and analyzing complex decisions under uncertainty using mathematical models and probability theory."
"salzmanBehavioralRealEstate2017","Behavioral Decision Theory","","","","Psychological and economic theories explaining how people actually make decisions, incorporating cognitive limitations and biases."
"sledgeUsingValueInformation2017","Decision Analysis","value of information","","","Formal frameworks for structuring and analyzing complex decisions under uncertainty using mathematical models and probability theory."
"smartReviewSocioeconomicEvaluation2017","Probabilistic Methods","","","","Mathematical approaches using probability distributions and random sampling to model and analyze uncertainty in decision problems."
"soiniCostutilityFirstlineDiseasemodifying2017","Bayesian Methods","","","","Statistical methods that update probability estimates as new evidence becomes available, incorporating prior knowledge with observed data."
"sunIdentifyingAttributesCO22017","Optimization","","","","Mathematical techniques for finding the best solution from a set of feasible alternatives, often subject to constraints and multiple objectives."
"taillandierRealEstateProperty2017","Optimization","","","","Mathematical techniques for finding the best solution from a set of feasible alternatives, often subject to constraints and multiple objectives."
"tullochQuantifyingExpectedValue2017","Decision Analysis","expected value","","","Formal frameworks for structuring and analyzing complex decisions under uncertainty using mathematical models and probability theory."
"vahdaniThreeLevelJoint2017","Optimization","genetic algorithm","","","Mathematical techniques for finding the best solution from a set of feasible alternatives, often subject to constraints and multiple objectives."
"vanderpolMinimaxRegretAnalysis2017","Robust Decision Making","","","","Decision-making approaches that perform well across a wide range of possible future conditions and deep uncertainties."
"vietValueInformationSupply2017","Decision Analysis","value of information","","","Formal frameworks for structuring and analyzing complex decisions under uncertainty using mathematical models and probability theory."
"wadeCosteffectivenessExpectedValue2017","Decision Analysis","expected value","","","Formal frameworks for structuring and analyzing complex decisions under uncertainty using mathematical models and probability theory."
"wangFaultFeatureCharacterization2017","Optimization","","","","Mathematical techniques for finding the best solution from a set of feasible alternatives, often subject to constraints and multiple objectives."
"wangNetworkOptimizationResearch2017","Optimization","nonlinear programming","genetic algorithm","","Mathematical techniques for finding the best solution from a set of feasible alternatives, often subject to constraints and multiple objectives."
"wangSensitivityAnalysisDecision2017","Probabilistic Methods","sensitivity analysis","","","Mathematical approaches using probability distributions and random sampling to model and analyze uncertainty in decision problems."
"weltonExpectedValueInformation2017","Decision Analysis","value of information","","","Formal frameworks for structuring and analyzing complex decisions under uncertainty using mathematical models and probability theory."
"whitneyHomegardensFutureFood2017a","Decision Analysis","value of information","","","Formal frameworks for structuring and analyzing complex decisions under uncertainty using mathematical models and probability theory."
"wirtzRockyRoadExtended2017","Optimization","","","","Mathematical techniques for finding the best solution from a set of feasible alternatives, often subject to constraints and multiple objectives."
"wuIntegratedSustainabilityAssessment2017","Multi-Criteria Decision Analysis","ahp","","","Systematic approaches for evaluating and ranking alternatives based on multiple, often conflicting, criteria and stakeholder preferences."
"yanUtilizingFuzzySet2017","Fuzzy Methods","","","","Approaches for handling imprecise or vague information using degrees of membership rather than binary true/false logic."
"yildizRecentAdvancesAnalysis2017","Optimization","","","","Mathematical techniques for finding the best solution from a set of feasible alternatives, often subject to constraints and multiple objectives."
"alamanosIntegratedMulticriteriaAnalysis2018","Multi-Criteria Decision Analysis","","","","Systematic approaches for evaluating and ranking alternatives based on multiple, often conflicting, criteria and stakeholder preferences."
"alvarez-mirandaMulticriteriaOptimizationModel2018","Multi-Criteria Decision Analysis","","","","Systematic approaches for evaluating and ranking alternatives based on multiple, often conflicting, criteria and stakeholder preferences."
"astfalckExpertElicitationDirectional2018","Delphi/Expert Judgment","expert elicitation","","","Structured communication techniques for obtaining reliable consensus from groups of experts on complex or uncertain topics."
"ben-haimPositivismItsLimitations2018","Robust Decision Making","info-gap","","","Decision-making approaches that perform well across a wide range of possible future conditions and deep uncertainties."
"benarochRealOptionsModels2018","Real Options","","","","Financial theory applied to real assets, providing flexibility to adapt decisions as uncertainty resolves over time."
"bolognaniIWSHM2017Quantifying2018","Decision Analysis","value of information","","","Formal frameworks for structuring and analyzing complex decisions under uncertainty using mathematical models and probability theory."
"buddenhagenManagementPerformanceMapping2018","Decision Analysis","value of information","","","Formal frameworks for structuring and analyzing complex decisions under uncertainty using mathematical models and probability theory."
"christieStructuredDecisionAnalysis2018","Decision Analysis","","","","Formal frameworks for structuring and analyzing complex decisions under uncertainty using mathematical models and probability theory."
"ciprianoOptimalInformationCollection2018","Decision Analysis","markov decision process","","","Formal frameworks for structuring and analyzing complex decisions under uncertainty using mathematical models and probability theory."
"colicchiaManagingCyberInformation2018","Decision Analysis","value of information","","","Formal frameworks for structuring and analyzing complex decisions under uncertainty using mathematical models and probability theory."
"constantinouBayesianArtificialIntelligence2018","Bayesian Methods","","","","Statistical methods that update probability estimates as new evidence becomes available, incorporating prior knowledge with observed data."
"culkaQuantitativeScenarioDesign2018","Bayesian Methods","bayesian model averaging","","","Statistical methods that update probability estimates as new evidence becomes available, incorporating prior knowledge with observed data."
"daviesReintroductionNaturalColonization2018","Delphi/Expert Judgment","","","","Structured communication techniques for obtaining reliable consensus from groups of experts on complex or uncertain topics."
"duintjertebbensUsingIntegratedModeling2018","Decision Analysis","","","","Formal frameworks for structuring and analyzing complex decisions under uncertainty using mathematical models and probability theory."
"eyvindsonGuidelinesRiskManagement2018","Decision Analysis","decision framework","","","Formal frameworks for structuring and analyzing complex decisions under uncertainty using mathematical models and probability theory."
"fengStackelbergGameOptimization2018","Optimization","","","","Mathematical techniques for finding the best solution from a set of feasible alternatives, often subject to constraints and multiple objectives."
"fletcherValueMeasurePublicsector2018","Decision Analysis","","","","Formal frameworks for structuring and analyzing complex decisions under uncertainty using mathematical models and probability theory."
"ghoreishiMultiinformationSourceFusion2018","Optimization","","","","Mathematical techniques for finding the best solution from a set of feasible alternatives, often subject to constraints and multiple objectives."
"haeusslerDynamicBayesianMarkov2018","Bayesian Methods","","","","Statistical methods that update probability estimates as new evidence becomes available, incorporating prior knowledge with observed data."
"haladuickValueInformationbasedDecision2018","Decision Analysis","value of information","","","Formal frameworks for structuring and analyzing complex decisions under uncertainty using mathematical models and probability theory."
"haneaBayesianNetworksIdentifying2018","Bayesian Methods","","","","Statistical methods that update probability estimates as new evidence becomes available, incorporating prior knowledge with observed data."
"hemmingPracticalGuideStructured2018","Delphi/Expert Judgment","expert elicitation","","","Structured communication techniques for obtaining reliable consensus from groups of experts on complex or uncertain topics."
"hugeNominalGroupTechnique2018","Delphi/Expert Judgment","nominal group technique","","","Structured communication techniques for obtaining reliable consensus from groups of experts on complex or uncertain topics."
"johnstoneAccountingTheoryBayesian2018","Bayesian Methods","","","","Statistical methods that update probability estimates as new evidence becomes available, incorporating prior knowledge with observed data."
"koffijbergValueInformationChoices2018a","Decision Analysis","value of information","","","Formal frameworks for structuring and analyzing complex decisions under uncertainty using mathematical models and probability theory."
"lehmannDesiderataSharableComputable2018","Bayesian Methods","","","","Statistical methods that update probability estimates as new evidence becomes available, incorporating prior knowledge with observed data."
"liKnowledgeGradientPolicy2018","Bayesian Methods","","","","Statistical methods that update probability estimates as new evidence becomes available, incorporating prior knowledge with observed data."
"lilleborgeOptimizingPerformanceBreastScreen2018","Bayesian Methods","bayesian network","","","Statistical methods that update probability estimates as new evidence becomes available, incorporating prior knowledge with observed data."
"malekmohammadiApplicationBayesianNetworks2018","Bayesian Methods","","","","Statistical methods that update probability estimates as new evidence becomes available, incorporating prior knowledge with observed data."
"marcheseValueInformationAnalysis2018","Decision Analysis","value of information","","","Formal frameworks for structuring and analyzing complex decisions under uncertainty using mathematical models and probability theory."
"olivaresveraCombinedUseMathematical2018","Optimization","","","","Mathematical techniques for finding the best solution from a set of feasible alternatives, often subject to constraints and multiple objectives."
"paleriGastrostomyNasogastricTube2018","Delphi/Expert Judgment","expert opinion","","","Structured communication techniques for obtaining reliable consensus from groups of experts on complex or uncertain topics."
"parlatoPredictingReintroductionOutcomes2018","Decision Analysis","","","","Formal frameworks for structuring and analyzing complex decisions under uncertainty using mathematical models and probability theory."
"pearceValueInformationMethods2018","Decision Analysis","value of information","","","Formal frameworks for structuring and analyzing complex decisions under uncertainty using mathematical models and probability theory."
"pourshahabiEntropybasedApproachFuzzy2018","Optimization","multi-objective optimization","","","Mathematical techniques for finding the best solution from a set of feasible alternatives, often subject to constraints and multiple objectives."
"pourshahabiSpatiotemporalMulticriteriaOptimization2018","Multi-Criteria Decision Analysis","","","","Systematic approaches for evaluating and ranking alternatives based on multiple, often conflicting, criteria and stakeholder preferences."
"quigleySupplierQualityImprovement2018","Decision Analysis","value of information","","","Formal frameworks for structuring and analyzing complex decisions under uncertainty using mathematical models and probability theory."
"reisAssessingValueInformation2018","Decision Analysis","value of information","","","Formal frameworks for structuring and analyzing complex decisions under uncertainty using mathematical models and probability theory."
"rojo-gimenoEconomicValueInformation2018","Decision Analysis","value of information","","","Formal frameworks for structuring and analyzing complex decisions under uncertainty using mathematical models and probability theory."
"sariModelingFuzzyExpert2018","Expert Systems/AI","","","","Computer-based systems that emulate human expertise and use artificial intelligence techniques to support decision-making processes."
"sledgeGuidedPolicyExploration2018","Expert Systems/AI","","","","Computer-based systems that emulate human expertise and use artificial intelligence techniques to support decision-making processes."
"smithOperationalisingEcosystemService2018","Bayesian Methods","","","","Statistical methods that update probability estimates as new evidence becomes available, incorporating prior knowledge with observed data."
"talebiStochasticOnlineShortest2018","Optimization","","","","Mathematical techniques for finding the best solution from a set of feasible alternatives, often subject to constraints and multiple objectives."
"vietValueInformationImprove2018","Decision Analysis","value of information","","","Formal frameworks for structuring and analyzing complex decisions under uncertainty using mathematical models and probability theory."
"vietValueInformationSupply2018","Decision Analysis","value of information","","","Formal frameworks for structuring and analyzing complex decisions under uncertainty using mathematical models and probability theory."
"vilhelmsenExtendingDataWorth2018","Delphi/Expert Judgment","expert opinion","","","Structured communication techniques for obtaining reliable consensus from groups of experts on complex or uncertain topics."
"weymannEconomicEvaluationsNextgeneration2018","Probabilistic Methods","sensitivity analysis","","","Mathematical approaches using probability distributions and random sampling to model and analyze uncertainty in decision problems."
"whitneyDecisionAnalysisSupport2018a","Decision Analysis","","","","Formal frameworks for structuring and analyzing complex decisions under uncertainty using mathematical models and probability theory."
"wijekoonEnhancingValueFacilities2018","Decision Analysis","value of information","","","Formal frameworks for structuring and analyzing complex decisions under uncertainty using mathematical models and probability theory."
"williamsDoubleloopLearningAdaptive2018","Robust Decision Making","adaptive management","","","Decision-making approaches that perform well across a wide range of possible future conditions and deep uncertainties."
"yanHealthTechnologyOptimization2018","Optimization","","","","Mathematical techniques for finding the best solution from a set of feasible alternatives, often subject to constraints and multiple objectives."
"yeBibliometricAnalysisInventory2018","Optimization","","","","Mathematical techniques for finding the best solution from a set of feasible alternatives, often subject to constraints and multiple objectives."
"yetExpectedValuePartial2018","Decision Analysis","expected value","","","Formal frameworks for structuring and analyzing complex decisions under uncertainty using mathematical models and probability theory."
"aalaeiIntegratingMultidynamicVirtual2019","Probabilistic Methods","latin hypercube","","","Mathematical approaches using probability distributions and random sampling to model and analyze uncertainty in decision problems."
"akAHPTOPSISIntegration2019","Multi-Criteria Decision Analysis","ahp","topsis","","Systematic approaches for evaluating and ranking alternatives based on multiple, often conflicting, criteria and stakeholder preferences."
"akhmadeevTargetsDeterminationModel2019","Optimization","","","","Mathematical techniques for finding the best solution from a set of feasible alternatives, often subject to constraints and multiple objectives."
"arhonditsisCastlesBuiltSand2019","Robust Decision Making","adaptive management","","","Decision-making approaches that perform well across a wide range of possible future conditions and deep uncertainties."
"arhonditsisCastlesBuiltSand2019a","Robust Decision Making","adaptive management","","","Decision-making approaches that perform well across a wide range of possible future conditions and deep uncertainties."
"aroraBayesianNetworksRisk2019","Bayesian Methods","","","","Statistical methods that update probability estimates as new evidence becomes available, incorporating prior knowledge with observed data."
"ashournejadHazardZoningSpatial2019","Expert Systems/AI","neural network","","","Computer-based systems that emulate human expertise and use artificial intelligence techniques to support decision-making processes."
"atlamEfficientSecurityRisk2019","Delphi/Expert Judgment","","","","Structured communication techniques for obtaining reliable consensus from groups of experts on complex or uncertain topics."
"awasthiGoalorientedApproachBased2019","Delphi/Expert Judgment","","","","Structured communication techniques for obtaining reliable consensus from groups of experts on complex or uncertain topics."
"baiIntegratingExtendingData2019","Multi-Criteria Decision Analysis","topsis","","","Systematic approaches for evaluating and ranking alternatives based on multiple, often conflicting, criteria and stakeholder preferences."
"barnMappingPublicDebate2019","Expert Systems/AI","","","","Computer-based systems that emulate human expertise and use artificial intelligence techniques to support decision-making processes."
"basuHowCanClinical2019","Decision Analysis","value of information","","","Formal frameworks for structuring and analyzing complex decisions under uncertainty using mathematical models and probability theory."
"beaucheneAmbiguousPersuasion2019","Bayesian Methods","","","","Statistical methods that update probability estimates as new evidence becomes available, incorporating prior knowledge with observed data."
"benjaminDecisionAnalysisReintroduction2019","Decision Analysis","","","","Formal frameworks for structuring and analyzing complex decisions under uncertainty using mathematical models and probability theory."
"bergstromRevisitingInformationSecurity2019","Delphi/Expert Judgment","expert panel","","","Structured communication techniques for obtaining reliable consensus from groups of experts on complex or uncertain topics."
"bernknopfSocietalBenefitsMethods2019","Decision Analysis","value of information","","","Formal frameworks for structuring and analyzing complex decisions under uncertainty using mathematical models and probability theory."
"bhosaleIntegratedFuzzyDelphi2019","Fuzzy Methods","fuzzy inference","","","Approaches for handling imprecise or vague information using degrees of membership rather than binary true/false logic."
"bjornsenSemiquantitativeAssessmentProcess2019","Decision Analysis","value of information","","","Formal frameworks for structuring and analyzing complex decisions under uncertainty using mathematical models and probability theory."
"bolamUsingValueInformation2019","Decision Analysis","value of information","","","Formal frameworks for structuring and analyzing complex decisions under uncertainty using mathematical models and probability theory."
"bublieneSupplyDemandDrug2019","Decision Trees","event tree","","","Visual decision-making tools that map out possible outcomes, probabilities, and payoffs in a tree-like structure for sequential decisions."
"canessaAdaptiveManagementSpecies2019","Bayesian Methods","","","","Statistical methods that update probability estimates as new evidence becomes available, incorporating prior knowledge with observed data."
"carayanniApplicationExpertsElicitation2019","Delphi/Expert Judgment","modified delphi","","","Structured communication techniques for obtaining reliable consensus from groups of experts on complex or uncertain topics."
"chenCognitiveInformationMeasurements2019","Decision Analysis","value of information","","","Formal frameworks for structuring and analyzing complex decisions under uncertainty using mathematical models and probability theory."
"chenDevelopmentTrendPractical2019","Expert Systems/AI","","","","Computer-based systems that emulate human expertise and use artificial intelligence techniques to support decision-making processes."
"chiariniStrategicApproachCrime2019","Bayesian Methods","","","","Statistical methods that update probability estimates as new evidence becomes available, incorporating prior knowledge with observed data."
"chivatacardenasUseBayesianNetworks2019","Decision Analysis","","","","Formal frameworks for structuring and analyzing complex decisions under uncertainty using mathematical models and probability theory."
"convertinoInformationtheoreticPortfolioDecision2019","Multi-Criteria Decision Analysis","","","","Systematic approaches for evaluating and ranking alternatives based on multiple, often conflicting, criteria and stakeholder preferences."
"cramaVehicleAllocationProblem2019","Optimization","","","","Mathematical techniques for finding the best solution from a set of feasible alternatives, often subject to constraints and multiple objectives."
"dagetDecisionmakingModelEvaluation2019","Multi-Criteria Decision Analysis","","","","Systematic approaches for evaluating and ranking alternatives based on multiple, often conflicting, criteria and stakeholder preferences."
"davisGeneralRulesEnvironmental2019a","Decision Analysis","value of information","","","Formal frameworks for structuring and analyzing complex decisions under uncertainty using mathematical models and probability theory."
"deimenDelegatedExpertiseAuthority2019","Game Theory","mechanism design","","","Mathematical framework for analyzing strategic interactions between rational decision-makers with potentially conflicting interests."
"dixonEstimatingValueImplementing2019","Decision Analysis","value of information","","","Formal frameworks for structuring and analyzing complex decisions under uncertainty using mathematical models and probability theory."
"dixonFeaturesAssociatedEffective2019","Robust Decision Making","adaptive management","","","Decision-making approaches that perform well across a wide range of possible future conditions and deep uncertainties."
"eiswerthMaximizingReturnsPayments2019","Optimization","dynamic programming","","","Mathematical techniques for finding the best solution from a set of feasible alternatives, often subject to constraints and multiple objectives."
"eyvindsonValueInformationMultiple2019","Optimization","","","","Mathematical techniques for finding the best solution from a set of feasible alternatives, often subject to constraints and multiple objectives."
"fanEfficiencyImprovementPort2019","Bayesian Methods","bayesian network","","","Statistical methods that update probability estimates as new evidence becomes available, incorporating prior knowledge with observed data."
"felzmannTransparencyYouCan2019","Expert Systems/AI","","","","Computer-based systems that emulate human expertise and use artificial intelligence techniques to support decision-making processes."
"fengRegulatoryMechanismDesign2019","Game Theory","mechanism design","","","Mathematical framework for analyzing strategic interactions between rational decision-makers with potentially conflicting interests."
"fiselChangeabilityFlexibilityAssembly2019","Optimization","multi-objective optimization","","","Mathematical techniques for finding the best solution from a set of feasible alternatives, often subject to constraints and multiple objectives."
"fuReviewCatchmentscaleWater2019","Probabilistic Methods","scenario analysis","","","Mathematical approaches using probability distributions and random sampling to model and analyze uncertainty in decision problems."
"gallenCognitiveAcceptanceMechanisms2019","Behavioral Decision Theory","","","","Psychological and economic theories explaining how people actually make decisions, incorporating cognitive limitations and biases."
"ghobakhlooAdoptionDigitalTechnologies2019","Expert Systems/AI","","","","Computer-based systems that emulate human expertise and use artificial intelligence techniques to support decision-making processes."
"ghoreishiEfficientUseMultiple2019","Bayesian Methods","","","","Statistical methods that update probability estimates as new evidence becomes available, incorporating prior knowledge with observed data."
"giuffridaCrossborderB2CEcommerce2019","Decision Analysis","decision theory","","","Formal frameworks for structuring and analyzing complex decisions under uncertainty using mathematical models and probability theory."
"giustiMitigationHumanError2019","Probabilistic Methods","","","","Mathematical approaches using probability distributions and random sampling to model and analyze uncertainty in decision problems."
"gongFullinfiniteIntervalTwostage2019","Decision Analysis","value of information","","","Formal frameworks for structuring and analyzing complex decisions under uncertainty using mathematical models and probability theory."
"gonzalez-ortegaAdversarialRiskAnalysis2019","Decision Analysis","","","","Formal frameworks for structuring and analyzing complex decisions under uncertainty using mathematical models and probability theory."
"greenWhatExtentCan2019","Decision Analysis","value of information","","","Formal frameworks for structuring and analyzing complex decisions under uncertainty using mathematical models and probability theory."
"guerraClimateChangeImpacts2019","Optimization","","","","Mathematical techniques for finding the best solution from a set of feasible alternatives, often subject to constraints and multiple objectives."
"guptaProbabilisticGraphicalModeling2019","Bayesian Methods","","","","Statistical methods that update probability estimates as new evidence becomes available, incorporating prior knowledge with observed data."
"haagIntegratingUncertaintyPreferences2019","Decision Analysis","","","","Formal frameworks for structuring and analyzing complex decisions under uncertainty using mathematical models and probability theory."
"hauserAdaptiveManagementInforms2019","Robust Decision Making","adaptive management","","","Decision-making approaches that perform well across a wide range of possible future conditions and deep uncertainties."
"havranekMulticriteriaDecisionAnalysis2019","Decision Analysis","","","","Formal frameworks for structuring and analyzing complex decisions under uncertainty using mathematical models and probability theory."
"herathProfitdrivenCorporateSocial2019","Bayesian Methods","","","","Statistical methods that update probability estimates as new evidence becomes available, incorporating prior knowledge with observed data."
"hillConfidenceBeliefsRational2019","Bayesian Methods","","","","Statistical methods that update probability estimates as new evidence becomes available, incorporating prior knowledge with observed data."
"hinkelMeetingUserNeeds2019","Decision Analysis","","","","Formal frameworks for structuring and analyzing complex decisions under uncertainty using mathematical models and probability theory."
"hodbodSocialecologicalChangeOmoturkana2019","Delphi/Expert Judgment","expert elicitation","","","Structured communication techniques for obtaining reliable consensus from groups of experts on complex or uncertain topics."
"honarmandiBayesianUncertaintyQuantification2019","Probabilistic Methods","uncertainty quantification","","","Mathematical approaches using probability distributions and random sampling to model and analyze uncertainty in decision problems."
"hossainBayesianNetworkBased2019","Bayesian Methods","bayesian network","","","Statistical methods that update probability estimates as new evidence becomes available, incorporating prior knowledge with observed data."
"hosseiniImprovingReliabilityGroundwater2019","Bayesian Methods","","","","Statistical methods that update probability estimates as new evidence becomes available, incorporating prior knowledge with observed data."
"huFrameworkPrioritizingGeospatial2019","Delphi/Expert Judgment","group decision","","","Structured communication techniques for obtaining reliable consensus from groups of experts on complex or uncertain topics."
"ioannouMultistageStochasticOptimization2019","Probabilistic Methods","","","","Mathematical approaches using probability distributions and random sampling to model and analyze uncertainty in decision problems."
"israelsenDaveICanAssure2019","Expert Systems/AI","","","","Computer-based systems that emulate human expertise and use artificial intelligence techniques to support decision-making processes."
"jabbarzadehRobustOptimizationModel2019","Optimization","robust optimization","","","Mathematical techniques for finding the best solution from a set of feasible alternatives, often subject to constraints and multiple objectives."
"jacksonCybersecurityPrivacyArtificial2019","Expert Systems/AI","","","","Computer-based systems that emulate human expertise and use artificial intelligence techniques to support decision-making processes."
"jacksonValueInformationSensitivity2019","Bayesian Methods","","","","Statistical methods that update probability estimates as new evidence becomes available, incorporating prior knowledge with observed data."
"jeulandEconomicImpactsWater2019","Decision Analysis","value of information","","","Formal frameworks for structuring and analyzing complex decisions under uncertainty using mathematical models and probability theory."
"jongejanProbabilisticAssessmentsFlood2019","Probabilistic Methods","","","","Mathematical approaches using probability distributions and random sampling to model and analyze uncertainty in decision problems."
"jordanCitizenScienceCivic2019","Robust Decision Making","adaptive management","","","Decision-making approaches that perform well across a wide range of possible future conditions and deep uncertainties."
"kaluskarDevelopmentModelEnsemble2019","Probabilistic Methods","sensitivity analysis","","","Mathematical approaches using probability distributions and random sampling to model and analyze uncertainty in decision problems."
"karabukMultistageStochasticProgram2019","Optimization","","","","Mathematical techniques for finding the best solution from a set of feasible alternatives, often subject to constraints and multiple objectives."
"kayaBuildingBayesianNetworks2019","Bayesian Methods","","","","Statistical methods that update probability estimates as new evidence becomes available, incorporating prior knowledge with observed data."
"kimLeveragingCumulativeNetwork2019","Decision Analysis","value of information","","","Formal frameworks for structuring and analyzing complex decisions under uncertainty using mathematical models and probability theory."
"kimUncertaintyQuantificationScenario2019","Probabilistic Methods","uncertainty quantification","","","Mathematical approaches using probability distributions and random sampling to model and analyze uncertainty in decision problems."
"klerkxReviewSocialScience2019","Expert Systems/AI","","","","Computer-based systems that emulate human expertise and use artificial intelligence techniques to support decision-making processes."
"kucharskiSimulationReroutingPhenomena2019","Behavioral Decision Theory","","","","Psychological and economic theories explaining how people actually make decisions, incorporating cognitive limitations and biases."
"kumarIntegratedApproachFuzzy2019","Multi-Criteria Decision Analysis","ahp","topsis","","Systematic approaches for evaluating and ranking alternatives based on multiple, often conflicting, criteria and stakeholder preferences."
"kurataInformationCustomerTypes2019","Decision Analysis","value of information","","","Formal frameworks for structuring and analyzing complex decisions under uncertainty using mathematical models and probability theory."
"l.b.knowlesCanNorthAmerican2019","Delphi/Expert Judgment","modified delphi","","","Structured communication techniques for obtaining reliable consensus from groups of experts on complex or uncertain topics."
"lanzanovaImprovingDevelopmentEfficiency2019","Decision Analysis","","","","Formal frameworks for structuring and analyzing complex decisions under uncertainty using mathematical models and probability theory."
"laurila-pantIncorporatingStakeholdersValues2019","Decision Analysis","","","","Formal frameworks for structuring and analyzing complex decisions under uncertainty using mathematical models and probability theory."
"leiAssessingRiskDifferent2019","Probabilistic Methods","","","","Mathematical approaches using probability distributions and random sampling to model and analyze uncertainty in decision problems."
"lingEarlyCostEffectiveness2019","Decision Analysis","value of information","","","Formal frameworks for structuring and analyzing complex decisions under uncertainty using mathematical models and probability theory."
"liOptimalModellingApproach2019","Optimization","nonlinear programming","","","Mathematical techniques for finding the best solution from a set of feasible alternatives, often subject to constraints and multiple objectives."
"liotineShapingNextGeneration2019","Expert Systems/AI","","","","Computer-based systems that emulate human expertise and use artificial intelligence techniques to support decision-making processes."
"liuDecisionAnalysisCoordination2019","Decision Analysis","","","","Formal frameworks for structuring and analyzing complex decisions under uncertainty using mathematical models and probability theory."
"love-kohHowUsefulAre2019","Decision Analysis","value of information","","","Formal frameworks for structuring and analyzing complex decisions under uncertainty using mathematical models and probability theory."
"luanStructurePublicprivateSector2019","Game Theory","","","","Mathematical framework for analyzing strategic interactions between rational decision-makers with potentially conflicting interests."
"macalalad-josueDevelopmentPatientDecision2019","Delphi/Expert Judgment","expert panel","","","Structured communication techniques for obtaining reliable consensus from groups of experts on complex or uncertain topics."
"macgillivrayNullHypothesisTesting2019","Decision Analysis","","","","Formal frameworks for structuring and analyzing complex decisions under uncertainty using mathematical models and probability theory."
"manskiTrialSizeNearoptimal2019","Robust Decision Making","","","","Decision-making approaches that perform well across a wide range of possible future conditions and deep uncertainties."
"marcotAdvancesBayesianNetwork2019","Bayesian Methods","bayesian network","","","Statistical methods that update probability estimates as new evidence becomes available, incorporating prior knowledge with observed data."
"masinterNationalEnvironmentalPolicy2019","Decision Analysis","value of information","","","Formal frameworks for structuring and analyzing complex decisions under uncertainty using mathematical models and probability theory."
"masinterNationalEnvironmentalPolicy2019","Decision Analysis","value of information","","","Formal frameworks for structuring and analyzing complex decisions under uncertainty using mathematical models and probability theory."
"mauskopfMultivariableStructuralUncertainty2019","Probabilistic Methods","sensitivity analysis","","","Mathematical approaches using probability distributions and random sampling to model and analyze uncertainty in decision problems."
"meloFrameworkRiskbasedIntegrity2019","Optimization","","","","Mathematical techniques for finding the best solution from a set of feasible alternatives, often subject to constraints and multiple objectives."
"memarzadehResolvingMeasurementUncertainty2019","Decision Analysis","markov decision process","","","Formal frameworks for structuring and analyzing complex decisions under uncertainty using mathematical models and probability theory."
"mikschWhyShouldWe2019","Decision Analysis","","","","Formal frameworks for structuring and analyzing complex decisions under uncertainty using mathematical models and probability theory."
"millerBOARDINVITEDREVIEW2019","Robust Decision Making","adaptive management","","","Decision-making approaches that perform well across a wide range of possible future conditions and deep uncertainties."
"mohantyHierarchicalAnalyticalModel2019","Probabilistic Methods","sensitivity analysis","","","Mathematical approaches using probability distributions and random sampling to model and analyze uncertainty in decision problems."
"moriartyEconomicImpactPotentially2019","Probabilistic Methods","sensitivity analysis","","","Mathematical approaches using probability distributions and random sampling to model and analyze uncertainty in decision problems."
"muradianFrameworkAssessingWhich2019","Probabilistic Methods","","","","Mathematical approaches using probability distributions and random sampling to model and analyze uncertainty in decision problems."
"narayanamoorthyIntervalvaluedIntuitionisticHesitant2019","Fuzzy Methods","","","","Approaches for handling imprecise or vague information using degrees of membership rather than binary true/false logic."
"nevesApproachDecisionmakingAnalysis2019","Decision Analysis","dynamic decision","","","Formal frameworks for structuring and analyzing complex decisions under uncertainty using mathematical models and probability theory."
"nielsenFaithFakesDealing2019a","Decision Analysis","","","","Formal frameworks for structuring and analyzing complex decisions under uncertainty using mathematical models and probability theory."
"oniskoApplicationBayesianNetwork2019","Bayesian Methods","bayesian network","","","Statistical methods that update probability estimates as new evidence becomes available, incorporating prior knowledge with observed data."
"ortiz-espinozaFrameworkDesignUncertainty2019","Probabilistic Methods","","","","Mathematical approaches using probability distributions and random sampling to model and analyze uncertainty in decision problems."
"palleyExtractingWisdomCrowds2019","Decision Analysis","","","","Formal frameworks for structuring and analyzing complex decisions under uncertainty using mathematical models and probability theory."
"parkAdaptiveManagementKey2019","Robust Decision Making","adaptive management","","","Decision-making approaches that perform well across a wide range of possible future conditions and deep uncertainties."
"peyreRISKSUREVATool2019","Delphi/Expert Judgment","expert opinion","","","Structured communication techniques for obtaining reliable consensus from groups of experts on complex or uncertain topics."
"plattPublicsTrustInformation2019","Decision Analysis","value of information","","","Formal frameworks for structuring and analyzing complex decisions under uncertainty using mathematical models and probability theory."
"plischkeCopulaTheoryProbabilistic2019","Probabilistic Methods","sensitivity analysis","","","Mathematical approaches using probability distributions and random sampling to model and analyze uncertainty in decision problems."
"probertContextMattersUsing2019","Probabilistic Methods","","","","Mathematical approaches using probability distributions and random sampling to model and analyze uncertainty in decision problems."
"rajakEvaluationSelectionMobile2019","Fuzzy Methods","fuzzy topsis","","","Approaches for handling imprecise or vague information using degrees of membership rather than binary true/false logic."
"ratzAutomatedDatadrivenModeling2019","Optimization","","","","Mathematical techniques for finding the best solution from a set of feasible alternatives, often subject to constraints and multiple objectives."
"rodriguez-sanzAssessmentAirportArrival2019","Bayesian Methods","bayesian network","","","Statistical methods that update probability estimates as new evidence becomes available, incorporating prior knowledge with observed data."
"roiniotiIntegratedLifeCycle2019","Decision Analysis","","","","Formal frameworks for structuring and analyzing complex decisions under uncertainty using mathematical models and probability theory."
"rossiExpertElicitationInform2019","Delphi/Expert Judgment","expert elicitation","","","Structured communication techniques for obtaining reliable consensus from groups of experts on complex or uncertain topics."
"royDispersionRatioBased2019","Decision Analysis","","","","Formal frameworks for structuring and analyzing complex decisions under uncertainty using mathematical models and probability theory."
"royMajoritarianPreferenceUtilitarian2019","Bayesian Methods","","","","Statistical methods that update probability estimates as new evidence becomes available, incorporating prior knowledge with observed data."
"saladoElementalPatternsVerification2019","Bayesian Methods","","","","Statistical methods that update probability estimates as new evidence becomes available, incorporating prior knowledge with observed data."
"sceatsOperativeNonoperativeManagement2019","Probabilistic Methods","sensitivity analysis","","","Mathematical approaches using probability distributions and random sampling to model and analyze uncertainty in decision problems."
"sharmaRobustAdaptivePlanning2019","Probabilistic Methods","","","","Mathematical approaches using probability distributions and random sampling to model and analyze uncertainty in decision problems."
"skaarAntibioticProphylaxisCosteffective2019","Probabilistic Methods","sensitivity analysis","","","Mathematical approaches using probability distributions and random sampling to model and analyze uncertainty in decision problems."
"smallingManagingTrifectaDisease2019","Bayesian Methods","","","","Statistical methods that update probability estimates as new evidence becomes available, incorporating prior knowledge with observed data."
"smithGettingValueArtificial2019","Expert Systems/AI","","","","Computer-based systems that emulate human expertise and use artificial intelligence techniques to support decision-making processes."
"sohnSocialEmbeddednessPersuasion2019","Decision Analysis","value of information","","","Formal frameworks for structuring and analyzing complex decisions under uncertainty using mathematical models and probability theory."
"solis-sosaMonarchButterflyConservation2019","Decision Analysis","value of information","","","Formal frameworks for structuring and analyzing complex decisions under uncertainty using mathematical models and probability theory."
"sotoTrayectoriaMetodologicaEvaluacion2019","Decision Analysis","","","","Formal frameworks for structuring and analyzing complex decisions under uncertainty using mathematical models and probability theory."
"stammActorsActionsUncertainties2019","Bayesian Methods","","","","Statistical methods that update probability estimates as new evidence becomes available, incorporating prior knowledge with observed data."
"suharevskaProgressRenewableEnergy2019","Multi-Criteria Decision Analysis","topsis","","","Systematic approaches for evaluating and ranking alternatives based on multiple, often conflicting, criteria and stakeholder preferences."
"tangUsingSocialMedia2019","Decision Analysis","value of information","","","Formal frameworks for structuring and analyzing complex decisions under uncertainty using mathematical models and probability theory."
"tariqAgentBasedInformation2019","Fuzzy Methods","fuzzy inference","","","Approaches for handling imprecise or vague information using degrees of membership rather than binary true/false logic."
"taxValueDecisionAnalytical2019","Decision Analysis","expected value","","","Formal frameworks for structuring and analyzing complex decisions under uncertainty using mathematical models and probability theory."
"tesfayCentralApplicationsTesfay2019","Probabilistic Methods","","","","Mathematical approaches using probability distributions and random sampling to model and analyze uncertainty in decision problems."
"theckeljoyFlexibleTransferLearning2019","Bayesian Methods","","","","Statistical methods that update probability estimates as new evidence becomes available, incorporating prior knowledge with observed data."
"thomopoulosMulticriteriaReverseEngineering2019","Decision Analysis","","","","Formal frameworks for structuring and analyzing complex decisions under uncertainty using mathematical models and probability theory."
"tsironisEssenceSupplyChain2019","Multi-Criteria Decision Analysis","promethee","","","Systematic approaches for evaluating and ranking alternatives based on multiple, often conflicting, criteria and stakeholder preferences."
"tuffahaFrameworkPrioritiseHealth2019","Decision Analysis","expected value","","","Formal frameworks for structuring and analyzing complex decisions under uncertainty using mathematical models and probability theory."
"varouchakisDecisionmakingFrameworkSustainable2019","Bayesian Methods","","","","Statistical methods that update probability estimates as new evidence becomes available, incorporating prior knowledge with observed data."
"vilelaFuzzyLogicApplied2019","Fuzzy Methods","","","","Approaches for handling imprecise or vague information using degrees of membership rather than binary true/false logic."
"villarinMachineLearningModeling2019","Expert Systems/AI","random forest","","","Computer-based systems that emulate human expertise and use artificial intelligence techniques to support decision-making processes."
"wagnerMovingAccountabilityReasonableness2019","Multi-Criteria Decision Analysis","","","","Systematic approaches for evaluating and ranking alternatives based on multiple, often conflicting, criteria and stakeholder preferences."
"wangCorticostriatalCircuitsEncode2019","Decision Analysis","expected value","","","Formal frameworks for structuring and analyzing complex decisions under uncertainty using mathematical models and probability theory."
"wenValueDemandInformation2019","Decision Analysis","value of information","","","Formal frameworks for structuring and analyzing complex decisions under uncertainty using mathematical models and probability theory."
"weraikatImprovingSustainabilityTwolevel2019","Probabilistic Methods","","","","Mathematical approaches using probability distributions and random sampling to model and analyze uncertainty in decision problems."
"westIntroducingPracticePerspective2019","Robust Decision Making","adaptive management","","","Decision-making approaches that perform well across a wide range of possible future conditions and deep uncertainties."
"williIdentifyingAnimalSpecies2019","Expert Systems/AI","deep learning","","","Computer-based systems that emulate human expertise and use artificial intelligence techniques to support decision-making processes."
"witterUncertaintyRiskEvaluation2019","Decision Analysis","value of information","","","Formal frameworks for structuring and analyzing complex decisions under uncertainty using mathematical models and probability theory."
"xiaoDynamicModelInformation2019","Game Theory","","","","Mathematical framework for analyzing strategic interactions between rational decision-makers with potentially conflicting interests."
"xiaoOptimizingHistoricPreservation2019","Optimization","","","","Mathematical techniques for finding the best solution from a set of feasible alternatives, often subject to constraints and multiple objectives."
"xuScholarfriendRecommendationOnline2019","Optimization","","","","Mathematical techniques for finding the best solution from a set of feasible alternatives, often subject to constraints and multiple objectives."
"yangApplyingFuzzyAHP2019","Multi-Criteria Decision Analysis","ahp","","","Systematic approaches for evaluating and ranking alternatives based on multiple, often conflicting, criteria and stakeholder preferences."
"yangRealtimeReservoirOperation2019","Optimization","genetic algorithm","","","Mathematical techniques for finding the best solution from a set of feasible alternatives, often subject to constraints and multiple objectives."
"yigzawStochasticImpactEvaluation2019c","Probabilistic Methods","","","","Mathematical approaches using probability distributions and random sampling to model and analyze uncertainty in decision problems."
"zgodicDifferentEvidenceSummaries2019","Decision Analysis","","","","Formal frameworks for structuring and analyzing complex decisions under uncertainty using mathematical models and probability theory."
"zhangIncentiveContractDesign2019","Decision Analysis","value of information","","","Formal frameworks for structuring and analyzing complex decisions under uncertainty using mathematical models and probability theory."
"zhuResearchDuplicateCombined2019","Optimization","particle swarm","","","Mathematical techniques for finding the best solution from a set of feasible alternatives, often subject to constraints and multiple objectives."
"zouIntegratedProbabilisticApproach2019","Optimization","","","","Mathematical techniques for finding the best solution from a set of feasible alternatives, often subject to constraints and multiple objectives."
"abdel-bassetNovelPlithogenicTOPSIS2020","Multi-Criteria Decision Analysis","topsis","","","Systematic approaches for evaluating and ranking alternatives based on multiple, often conflicting, criteria and stakeholder preferences."
"abelTargetedEvidenceCollection2020","Decision Analysis","","","","Formal frameworks for structuring and analyzing complex decisions under uncertainty using mathematical models and probability theory."
"adepojuMulticriteriaDecisionmakingBased2020","Multi-Criteria Decision Analysis","","","","Systematic approaches for evaluating and ranking alternatives based on multiple, often conflicting, criteria and stakeholder preferences."
"al-blooshiApplicationsArtificialIntelligence2020","Expert Systems/AI","","","","Computer-based systems that emulate human expertise and use artificial intelligence techniques to support decision-making processes."
"alamArtificialNeuralNetwork2020","Probabilistic Methods","sensitivity analysis","","","Mathematical approaches using probability distributions and random sampling to model and analyze uncertainty in decision problems."
"alizadehManagingComputationalComplexity2020","Probabilistic Methods","latin hypercube","","","Mathematical approaches using probability distributions and random sampling to model and analyze uncertainty in decision problems."
"alkraijiWeightingChallengesEffectiveness2020","Decision Analysis","","","","Formal frameworks for structuring and analyzing complex decisions under uncertainty using mathematical models and probability theory."
"aminReviewClosedloopSupply2020","Optimization","","","","Mathematical techniques for finding the best solution from a set of feasible alternatives, often subject to constraints and multiple objectives."
"anopaSystematicReviewEconomic2020","Probabilistic Methods","sensitivity analysis","","","Mathematical approaches using probability distributions and random sampling to model and analyze uncertainty in decision problems."
"aspenEvaluatingAlternativeEnergy2020","Decision Analysis","","","","Formal frameworks for structuring and analyzing complex decisions under uncertainty using mathematical models and probability theory."
"badizadeganValueBiopsyCohort2020","Decision Analysis","value of information","","","Formal frameworks for structuring and analyzing complex decisions under uncertainty using mathematical models and probability theory."
"badmanMultiscaleComputationDynamic2020","Expert Systems/AI","","","","Computer-based systems that emulate human expertise and use artificial intelligence techniques to support decision-making processes."
"baglioBenchmarkingLogisticsFacilities2020","Delphi/Expert Judgment","","","","Structured communication techniques for obtaining reliable consensus from groups of experts on complex or uncertain topics."
"bardHanabiChallengeNew2020","Expert Systems/AI","","","","Computer-based systems that emulate human expertise and use artificial intelligence techniques to support decision-making processes."
"bareket-bojmelEmbraceDebateGoals2020","Decision Analysis","value of information","","","Formal frameworks for structuring and analyzing complex decisions under uncertainty using mathematical models and probability theory."
"bartonMulticriteriaDecisionAnalysis2020b","Decision Analysis","","","","Formal frameworks for structuring and analyzing complex decisions under uncertainty using mathematical models and probability theory."
"bernknopfMonetisingSavingsRemotely2020","Decision Analysis","value of information","","","Formal frameworks for structuring and analyzing complex decisions under uncertainty using mathematical models and probability theory."
"bhuiyanInvestigatingDifferencesCrowdsourced2020","Delphi/Expert Judgment","expert consensus","","","Structured communication techniques for obtaining reliable consensus from groups of experts on complex or uncertain topics."
"bierRoleDecisionAnalysis2020a","Decision Analysis","","","","Formal frameworks for structuring and analyzing complex decisions under uncertainty using mathematical models and probability theory."
"biswasMeasuringPerformanceHealthcare2020","Multi-Criteria Decision Analysis","","","","Systematic approaches for evaluating and ranking alternatives based on multiple, often conflicting, criteria and stakeholder preferences."
"brownsonEvaluatingHowWe2020","Robust Decision Making","adaptive management","","","Decision-making approaches that perform well across a wide range of possible future conditions and deep uncertainties."
"burgoonPredictingProbabilityThat2020","Bayesian Methods","","","","Statistical methods that update probability estimates as new evidence becomes available, incorporating prior knowledge with observed data."
"canessaRiskAversionUncertainty2020","Delphi/Expert Judgment","expert elicitation","","","Structured communication techniques for obtaining reliable consensus from groups of experts on complex or uncertain topics."
"carrigerBayesianNetworkApproach2020","Probabilistic Methods","sensitivity analysis","","","Mathematical approaches using probability distributions and random sampling to model and analyze uncertainty in decision problems."
"chinDemystifyingRoleCausalpredictive2020","Bayesian Methods","","","","Statistical methods that update probability estimates as new evidence becomes available, incorporating prior knowledge with observed data."
"chinelloAssessmentImpactInventory2020","Optimization","","","","Mathematical techniques for finding the best solution from a set of feasible alternatives, often subject to constraints and multiple objectives."
"chmielewskaGeneticAlgorithmAutomated2020a","Optimization","genetic algorithm","","","Mathematical techniques for finding the best solution from a set of feasible alternatives, often subject to constraints and multiple objectives."
"cimburovaPotentialGeospatialAnalysis2020","Bayesian Methods","","","","Statistical methods that update probability estimates as new evidence becomes available, incorporating prior knowledge with observed data."
"clotteySharingQualitydistributionInformation2020","Bayesian Methods","","","","Statistical methods that update probability estimates as new evidence becomes available, incorporating prior knowledge with observed data."
"cummingsApplyingExpertElicitation2020","Delphi/Expert Judgment","expert elicitation","","","Structured communication techniques for obtaining reliable consensus from groups of experts on complex or uncertain topics."
"currieUnderstandingDoctorDecision2020","Decision Analysis","expected value","","","Formal frameworks for structuring and analyzing complex decisions under uncertainty using mathematical models and probability theory."
"demarcellis-warinArtificialIntelligenceMarket2020","Expert Systems/AI","","","","Computer-based systems that emulate human expertise and use artificial intelligence techniques to support decision-making processes."
"departmentofinformationtechnologyengineeringsouthtehranbranchislamicazaduniversitytehraniranAnalysisKeyFactors2020","Multi-Criteria Decision Analysis","ahp","","","Systematic approaches for evaluating and ranking alternatives based on multiple, often conflicting, criteria and stakeholder preferences."
"devkotaAssessingAdaptingFuture2020","Decision Analysis","value of information","","","Formal frameworks for structuring and analyzing complex decisions under uncertainty using mathematical models and probability theory."
"dingInformationSharingGreen2020","Game Theory","","","","Mathematical framework for analyzing strategic interactions between rational decision-makers with potentially conflicting interests."
"doDecisionAnalysisAgroforestry2020","Decision Analysis","","","","Formal frameworks for structuring and analyzing complex decisions under uncertainty using mathematical models and probability theory."
"ducIntegratedApproachISM2020","Multi-Criteria Decision Analysis","topsis","","","Systematic approaches for evaluating and ranking alternatives based on multiple, often conflicting, criteria and stakeholder preferences."
"dueCostutilityAnalysisDirectacting2020","Decision Analysis","value of information","","","Formal frameworks for structuring and analyzing complex decisions under uncertainty using mathematical models and probability theory."
"dunnBayesianHierarchicalMethods2020","Bayesian Methods","bayesian hierarchical","","","Statistical methods that update probability estimates as new evidence becomes available, incorporating prior knowledge with observed data."
"dwivediImpactCOVID19Pandemic2020","Expert Systems/AI","","","","Computer-based systems that emulate human expertise and use artificial intelligence techniques to support decision-making processes."
"essouayedIterativeStrategyContaminant2020","Optimization","","","","Mathematical techniques for finding the best solution from a set of feasible alternatives, often subject to constraints and multiple objectives."
"flightHowCanHealth2020","Decision Analysis","value of information","","","Formal frameworks for structuring and analyzing complex decisions under uncertainty using mathematical models and probability theory."
"frutosLiteratureReviewOperational2020","Expert Systems/AI","","","","Computer-based systems that emulate human expertise and use artificial intelligence techniques to support decision-making processes."
"gallaniValueNewPerformance2020","Decision Analysis","value of information","","","Formal frameworks for structuring and analyzing complex decisions under uncertainty using mathematical models and probability theory."
"ghorbanimooseluAssessingOptimalWater2020","Multi-Criteria Decision Analysis","ahp","topsis","","Systematic approaches for evaluating and ranking alternatives based on multiple, often conflicting, criteria and stakeholder preferences."
"golpiraOptimalIntegrationFacility2020","Optimization","","","","Mathematical techniques for finding the best solution from a set of feasible alternatives, often subject to constraints and multiple objectives."
"gviliValuesInformationSocial2020","Decision Analysis","value of information","","","Formal frameworks for structuring and analyzing complex decisions under uncertainty using mathematical models and probability theory."
"hanOptimalOnlineLearning2020","Optimization","","","","Mathematical techniques for finding the best solution from a set of feasible alternatives, often subject to constraints and multiple objectives."
"harrisonPortfolioOptimizationDefence2020","Optimization","","","","Mathematical techniques for finding the best solution from a set of feasible alternatives, often subject to constraints and multiple objectives."
"harrityKeepingTimesMapping2020","Optimization","","","","Mathematical techniques for finding the best solution from a set of feasible alternatives, often subject to constraints and multiple objectives."
"heathCalculatingExpectedValue2020","Decision Analysis","expected value","","","Formal frameworks for structuring and analyzing complex decisions under uncertainty using mathematical models and probability theory."
"heInfluencingFactorsEvaluation2020","Fuzzy Methods","fuzzy numbers","","","Approaches for handling imprecise or vague information using degrees of membership rather than binary true/false logic."
"hendianiMultistageMulticriteriaHierarchical2020","Multi-Criteria Decision Analysis","","","","Systematic approaches for evaluating and ranking alternatives based on multiple, often conflicting, criteria and stakeholder preferences."
"hoskereDeepBayesianNeural2020","Probabilistic Methods","","","","Mathematical approaches using probability distributions and random sampling to model and analyze uncertainty in decision problems."
"irannezhadIntelligentDecisionSupport2020","Decision Analysis","decision theory","","","Formal frameworks for structuring and analyzing complex decisions under uncertainty using mathematical models and probability theory."
"izmailovaHttpsIsijeuArticle2020","Multi-Criteria Decision Analysis","analytic hierarchy process","","","Systematic approaches for evaluating and ranking alternatives based on multiple, often conflicting, criteria and stakeholder preferences."
"jacksonReviewInventoryControl2020","Optimization","dynamic programming","","","Mathematical techniques for finding the best solution from a set of feasible alternatives, often subject to constraints and multiple objectives."
"jacynaModelsVehicleService2020","Expert Systems/AI","","","","Computer-based systems that emulate human expertise and use artificial intelligence techniques to support decision-making processes."
"jafarizadehSequentialExplorationValuation2020","Optimization","dynamic programming","","","Mathematical techniques for finding the best solution from a set of feasible alternatives, often subject to constraints and multiple objectives."
"jahangoshairezaeeAnalysisDecisionBased2020","Decision Analysis","","","","Formal frameworks for structuring and analyzing complex decisions under uncertainty using mathematical models and probability theory."
"jahaniForestLandscapeVisual2020","Expert Systems/AI","","","","Computer-based systems that emulate human expertise and use artificial intelligence techniques to support decision-making processes."
"jamipourDevelopingScaleSocial2020","Multi-Criteria Decision Analysis","analytic hierarchy process","","","Systematic approaches for evaluating and ranking alternatives based on multiple, often conflicting, criteria and stakeholder preferences."
"jiangComprehensiveReviewDesign2020","Optimization","","","","Mathematical techniques for finding the best solution from a set of feasible alternatives, often subject to constraints and multiple objectives."
"jinValueScientificResearch2020","Decision Analysis","value of information","","","Formal frameworks for structuring and analyzing complex decisions under uncertainty using mathematical models and probability theory."
"johannesenSubcategorizingExpectedValue2020","Decision Analysis","expected value","","","Formal frameworks for structuring and analyzing complex decisions under uncertainty using mathematical models and probability theory."
"kaluskarConnectingDotsDatabases2020","Bayesian Methods","bayesian hierarchical","","","Statistical methods that update probability estimates as new evidence becomes available, incorporating prior knowledge with observed data."
"kandiyaliCosteffectivenessValueInformation2020","Decision Analysis","value of information","","","Formal frameworks for structuring and analyzing complex decisions under uncertainty using mathematical models and probability theory."
"karakocSocialVulnerabilityEquity2020","Decision Analysis","","","","Formal frameworks for structuring and analyzing complex decisions under uncertainty using mathematical models and probability theory."
"karandikarStabilityBoundaryOptimal2020","Bayesian Methods","","","","Statistical methods that update probability estimates as new evidence becomes available, incorporating prior knowledge with observed data."
"kellerSchedulingFlexibleDemand2020","Real Options","","","","Financial theory applied to real assets, providing flexibility to adapt decisions as uncertainty resolves over time."
"kimInfluenceModelingChoices2020","Decision Analysis","value of information","","","Formal frameworks for structuring and analyzing complex decisions under uncertainty using mathematical models and probability theory."
"kindylidiSmartCompaniesCompany2020","Expert Systems/AI","","","","Computer-based systems that emulate human expertise and use artificial intelligence techniques to support decision-making processes."
"komesaroffEthical182020","Probabilistic Methods","","","","Mathematical approaches using probability distributions and random sampling to model and analyze uncertainty in decision problems."
"koskiValuePerfectImperfect2020a","Probabilistic Methods","","","","Mathematical approaches using probability distributions and random sampling to model and analyze uncertainty in decision problems."
"kretschmannLeadingIndicatorsMaritime2020","Expert Systems/AI","","","","Computer-based systems that emulate human expertise and use artificial intelligence techniques to support decision-making processes."
"kumarCombinedAHPTOPSIS2020","Multi-Criteria Decision Analysis","ahp","topsis","","Systematic approaches for evaluating and ranking alternatives based on multiple, often conflicting, criteria and stakeholder preferences."
"kusumaningtiasDisclosureInformationTechnology2020","Decision Analysis","value of information","","","Formal frameworks for structuring and analyzing complex decisions under uncertainty using mathematical models and probability theory."
"langerOptimalHomeEnergy2020","Optimization","","","","Mathematical techniques for finding the best solution from a set of feasible alternatives, often subject to constraints and multiple objectives."
"laurentMethodologicalReviewDetailed2020","Probabilistic Methods","sensitivity analysis","","","Mathematical approaches using probability distributions and random sampling to model and analyze uncertainty in decision problems."
"lawryProbabilityPoolingDependent2020","Bayesian Methods","bayesian updating","","","Statistical methods that update probability estimates as new evidence becomes available, incorporating prior knowledge with observed data."
"lenjaniResiliencebasedMethodPrioritizing2020","Optimization","","","","Mathematical techniques for finding the best solution from a set of feasible alternatives, often subject to constraints and multiple objectives."
"limValueInformationDecision2020","Decision Analysis","value of information","","","Formal frameworks for structuring and analyzing complex decisions under uncertainty using mathematical models and probability theory."
"liuPredictiveAnalyticsTool2020","Decision Trees","","","","Visual decision-making tools that map out possible outcomes, probabilities, and payoffs in a tree-like structure for sequential decisions."
"liuRevenueStructureDualrole2020","Game Theory","","","","Mathematical framework for analyzing strategic interactions between rational decision-makers with potentially conflicting interests."
"lopezBridgingForecastVerification2020","Decision Analysis","value of information","","","Formal frameworks for structuring and analyzing complex decisions under uncertainty using mathematical models and probability theory."
"losValueInformationSharing2020","Decision Analysis","value of information","","","Formal frameworks for structuring and analyzing complex decisions under uncertainty using mathematical models and probability theory."
"lozanoDevelopingFlexibleManagement2020","Optimization","","","","Mathematical techniques for finding the best solution from a set of feasible alternatives, often subject to constraints and multiple objectives."
"mahdirajiEvaluatingStrategiesImplementing2020","Multi-Criteria Decision Analysis","","","","Systematic approaches for evaluating and ranking alternatives based on multiple, often conflicting, criteria and stakeholder preferences."
"manettiDeterminingCosteffectivenessRequirements2020","Decision Analysis","value of information","","","Formal frameworks for structuring and analyzing complex decisions under uncertainty using mathematical models and probability theory."
"maoMovingTechnologySociotechnical2020","Optimization","","","","Mathematical techniques for finding the best solution from a set of feasible alternatives, often subject to constraints and multiple objectives."
"mauritzenAreSolarPanels2020","Bayesian Methods","bayesian hierarchical","","","Statistical methods that update probability estimates as new evidence becomes available, incorporating prior knowledge with observed data."
"meiraImprovingRepresentativenessScenario2020","Multi-Criteria Decision Analysis","","","","Systematic approaches for evaluating and ranking alternatives based on multiple, often conflicting, criteria and stakeholder preferences."
"mengSurveyMachineLearning2020","Expert Systems/AI","","","","Computer-based systems that emulate human expertise and use artificial intelligence techniques to support decision-making processes."
"moazeniSequentialLearningDesigning2020","Bayesian Methods","","","","Statistical methods that update probability estimates as new evidence becomes available, incorporating prior knowledge with observed data."
"moeDevelopmentHybridBayesian2020","Bayesian Methods","bayesian network","","","Statistical methods that update probability estimates as new evidence becomes available, incorporating prior knowledge with observed data."
"mohammadRiskManagementInformation2020","Real Options","","","","Financial theory applied to real assets, providing flexibility to adapt decisions as uncertainty resolves over time."
"mohammedBenchmarkingMethodologySelection2020","Multi-Criteria Decision Analysis","topsis","","","Systematic approaches for evaluating and ranking alternatives based on multiple, often conflicting, criteria and stakeholder preferences."
"musharrafIdentifyingRouteSelection2020","Decision Trees","","","","Visual decision-making tools that map out possible outcomes, probabilities, and payoffs in a tree-like structure for sequential decisions."
"newboldValuingNonmarketValuation2020","Decision Analysis","value of information","","","Formal frameworks for structuring and analyzing complex decisions under uncertainty using mathematical models and probability theory."
"nidumoluLinkingClimateForecasts2020","Decision Analysis","","","","Formal frameworks for structuring and analyzing complex decisions under uncertainty using mathematical models and probability theory."
"nomanSystematicLiteratureReview2020","Expert Systems/AI","","","","Computer-based systems that emulate human expertise and use artificial intelligence techniques to support decision-making processes."
"northRiskAnalysisDecision2020","Decision Analysis","","","","Formal frameworks for structuring and analyzing complex decisions under uncertainty using mathematical models and probability theory."
"nozhatiStochasticOptimalControl2020","Optimization","dynamic programming","","","Mathematical techniques for finding the best solution from a set of feasible alternatives, often subject to constraints and multiple objectives."
"nugrahaProbabilisticInferenceHybrid2020","Bayesian Methods","bayesian network","","","Statistical methods that update probability estimates as new evidence becomes available, incorporating prior knowledge with observed data."
"odonnellCategoryCountModels2020","Robust Decision Making","adaptive management","","","Decision-making approaches that perform well across a wide range of possible future conditions and deep uncertainties."
"oluwagbemiMAVSCOTFuzzyLogicbased2020","Fuzzy Methods","","","","Approaches for handling imprecise or vague information using degrees of membership rather than binary true/false logic."
"pagliaWorkflowSensitivityAnalysis2020","Decision Analysis","value of information","","","Formal frameworks for structuring and analyzing complex decisions under uncertainty using mathematical models and probability theory."
"pajakFuzzyModelOperational2020","Expert Systems/AI","","","","Computer-based systems that emulate human expertise and use artificial intelligence techniques to support decision-making processes."
"pangDatadrivenConditionMonitoring2020","Multi-Criteria Decision Analysis","analytic hierarchy process","","","Systematic approaches for evaluating and ranking alternatives based on multiple, often conflicting, criteria and stakeholder preferences."
"papanastasiouNewsvendorDecisionsTwosided2020","Decision Analysis","value of information","","","Formal frameworks for structuring and analyzing complex decisions under uncertainty using mathematical models and probability theory."
"paprotnyBANSHEEMATLABToolbox2020","Bayesian Methods","","","","Statistical methods that update probability estimates as new evidence becomes available, incorporating prior knowledge with observed data."
"parhizkarEfficientHealthMonitoring2020","Optimization","","","","Mathematical techniques for finding the best solution from a set of feasible alternatives, often subject to constraints and multiple objectives."
"pastorHowUncertaintiesAre2020","Probabilistic Methods","","","","Mathematical approaches using probability distributions and random sampling to model and analyze uncertainty in decision problems."
"paulRobustReinforcementLearning2020","Bayesian Methods","","","","Statistical methods that update probability estimates as new evidence becomes available, incorporating prior knowledge with observed data."
"pengUncertaintyFactorsMethods2020","Probabilistic Methods","","","","Mathematical approaches using probability distributions and random sampling to model and analyze uncertainty in decision problems."
"permatasariEffectSunkCost2020","Behavioral Decision Theory","framing effect","","","Psychological and economic theories explaining how people actually make decisions, incorporating cognitive limitations and biases."
"piryonesiDataAnalyticsAsset2020","Expert Systems/AI","","","","Computer-based systems that emulate human expertise and use artificial intelligence techniques to support decision-making processes."
"piryonesiRoleDataAnalytics2020","Expert Systems/AI","","","","Computer-based systems that emulate human expertise and use artificial intelligence techniques to support decision-making processes."
"pourshahabiHandlingUncertaintyOptimal2020","Optimization","genetic algorithm","","","Mathematical techniques for finding the best solution from a set of feasible alternatives, often subject to constraints and multiple objectives."
"prenticeEmotionalIntelligenceArtificial2020","Expert Systems/AI","","","","Computer-based systems that emulate human expertise and use artificial intelligence techniques to support decision-making processes."
"pulkkinenBayesianArrivalModel2020","Bayesian Methods","","","","Statistical methods that update probability estimates as new evidence becomes available, incorporating prior knowledge with observed data."
"radosevicSolarRadiationModeling2020","Decision Trees","","","","Visual decision-making tools that map out possible outcomes, probabilities, and payoffs in a tree-like structure for sequential decisions."
"rodriguez-espindolaPotentialEmergentDisruptive2020","Expert Systems/AI","","","","Computer-based systems that emulate human expertise and use artificial intelligence techniques to support decision-making processes."
"roksvagEstimationAnnualRunoff2020","Bayesian Methods","","","","Statistical methods that update probability estimates as new evidence becomes available, incorporating prior knowledge with observed data."
"romeroCosteffectivenessAnalysisPointofcare2020","Decision Analysis","expected value","","","Formal frameworks for structuring and analyzing complex decisions under uncertainty using mathematical models and probability theory."
"sakibQualitativeStudyUnited2020","Decision Analysis","","","","Formal frameworks for structuring and analyzing complex decisions under uncertainty using mathematical models and probability theory."
"salarnezhadIdentificationPrioritizationFactors2020","Multi-Criteria Decision Analysis","","","","Systematic approaches for evaluating and ranking alternatives based on multiple, often conflicting, criteria and stakeholder preferences."
"sankatsingCosteffectivenessDigitalBreast2020","Bayesian Methods","","","","Statistical methods that update probability estimates as new evidence becomes available, incorporating prior knowledge with observed data."
"schoolofengineeringrobertgordonuniversityaberdeenunitedkingdomHolisticApproachAssessment2020","Decision Analysis","value of information","","","Formal frameworks for structuring and analyzing complex decisions under uncertainty using mathematical models and probability theory."
"schulze-hornArtificialIntelligencePurchasing2020","Expert Systems/AI","","","","Computer-based systems that emulate human expertise and use artificial intelligence techniques to support decision-making processes."
"sharmaGameTheoreticAnalysis2020","Game Theory","","","","Mathematical framework for analyzing strategic interactions between rational decision-makers with potentially conflicting interests."
"shearerInfectiousDiseasePandemic2020","Decision Analysis","","","","Formal frameworks for structuring and analyzing complex decisions under uncertainty using mathematical models and probability theory."
"simsekHybridDataMining2020","Optimization","genetic algorithm","","","Mathematical techniques for finding the best solution from a set of feasible alternatives, often subject to constraints and multiple objectives."
"smithMakingHealthEconomic2020","Decision Analysis","","","","Formal frameworks for structuring and analyzing complex decisions under uncertainty using mathematical models and probability theory."
"solakOptimalPoliciesInformation2020","Decision Analysis","value of information","","","Formal frameworks for structuring and analyzing complex decisions under uncertainty using mathematical models and probability theory."
"stephensProbabilisticMappingFlood2020","Probabilistic Methods","","","","Mathematical approaches using probability distributions and random sampling to model and analyze uncertainty in decision problems."
"stolteSurveyMedicalImage2020","Expert Systems/AI","deep learning","","","Computer-based systems that emulate human expertise and use artificial intelligence techniques to support decision-making processes."
"strandValueImprovedInformation2020","Decision Analysis","value of information","","","Formal frameworks for structuring and analyzing complex decisions under uncertainty using mathematical models and probability theory."
"sulaimanProbabilityAnalysisDamages2020","Decision Analysis","","","","Formal frameworks for structuring and analyzing complex decisions under uncertainty using mathematical models and probability theory."
"taoInformationSharingTransparent2020","Game Theory","cooperative game","","","Mathematical framework for analyzing strategic interactions between rational decision-makers with potentially conflicting interests."
"taranconCoconstructionEcosystemServices2020","Delphi/Expert Judgment","expert opinion","","","Structured communication techniques for obtaining reliable consensus from groups of experts on complex or uncertain topics."
"thavornValueMesenchymalStem2020","Decision Analysis","value of information","","","Formal frameworks for structuring and analyzing complex decisions under uncertainty using mathematical models and probability theory."
"tosselliRepeatednegotiationGameApproach2020","Game Theory","nash equilibrium","","","Mathematical framework for analyzing strategic interactions between rational decision-makers with potentially conflicting interests."
"trivediStudyCreditScoring2020","Decision Analysis","","","","Formal frameworks for structuring and analyzing complex decisions under uncertainty using mathematical models and probability theory."
"tungSurveyRiverWater2020","Expert Systems/AI","","","","Computer-based systems that emulate human expertise and use artificial intelligence techniques to support decision-making processes."
"valusArtificialIntelligenceDecisionmaking2020","Expert Systems/AI","deep learning","","","Computer-based systems that emulate human expertise and use artificial intelligence techniques to support decision-making processes."
"vanweesAcceleratingGeothermalDevelopment2020","Decision Analysis","value of information","","","Formal frameworks for structuring and analyzing complex decisions under uncertainty using mathematical models and probability theory."
"vasansrinivasanImprovingTrustData2020","Expert Systems/AI","","","","Computer-based systems that emulate human expertise and use artificial intelligence techniques to support decision-making processes."
"villarreal-rosasAdvancingSystematicConservation2020","Decision Analysis","decision theory","","","Formal frameworks for structuring and analyzing complex decisions under uncertainty using mathematical models and probability theory."
"vonwinterfeldtAssessingBenefitsCosts2020","Decision Analysis","value of information","","","Formal frameworks for structuring and analyzing complex decisions under uncertainty using mathematical models and probability theory."
"wadsworthQuantitativeFrameworkInform2020","Decision Analysis","","","","Formal frameworks for structuring and analyzing complex decisions under uncertainty using mathematical models and probability theory."
"wagenaarInvitedPerspectivesHow2020","Expert Systems/AI","","","","Computer-based systems that emulate human expertise and use artificial intelligence techniques to support decision-making processes."
"wangInformationTheorybasedMultiobjective2020","Optimization","multi-objective optimization","genetic algorithm","","Mathematical techniques for finding the best solution from a set of feasible alternatives, often subject to constraints and multiple objectives."
"wangManageRiskSustainable2020","Multi-Criteria Decision Analysis","","","","Systematic approaches for evaluating and ranking alternatives based on multiple, often conflicting, criteria and stakeholder preferences."
"wannerMachineLearningComplex2020","Expert Systems/AI","","","","Computer-based systems that emulate human expertise and use artificial intelligence techniques to support decision-making processes."
"wuProbabilisticConsequenceEstimation2020","Bayesian Methods","","","","Statistical methods that update probability estimates as new evidence becomes available, incorporating prior knowledge with observed data."
"xiaoEfficientActiveLearning2020","Expert Systems/AI","support vector machine","","","Computer-based systems that emulate human expertise and use artificial intelligence techniques to support decision-making processes."
"xiaoEvaluationModelIndustrial2020","Fuzzy Methods","fuzzy numbers","","","Approaches for handling imprecise or vague information using degrees of membership rather than binary true/false logic."
"xieComparisonExpectedRewards2020","Probabilistic Methods","","","","Mathematical approaches using probability distributions and random sampling to model and analyze uncertainty in decision problems."
"xingEvolutionaryGameModel2020","Game Theory","","","","Mathematical framework for analyzing strategic interactions between rational decision-makers with potentially conflicting interests."
"yetEvidencebasedInvestmentSelection2020","Bayesian Methods","","","","Statistical methods that update probability estimates as new evidence becomes available, incorporating prior knowledge with observed data."
"yiannakouliasOpenGovernmentData2020","Decision Analysis","value of information","","","Formal frameworks for structuring and analyzing complex decisions under uncertainty using mathematical models and probability theory."
"yuBigdatabasedPowerBattery2020","Optimization","","","","Mathematical techniques for finding the best solution from a set of feasible alternatives, often subject to constraints and multiple objectives."
"yuCanMachineLearning2020","Expert Systems/AI","","","","Computer-based systems that emulate human expertise and use artificial intelligence techniques to support decision-making processes."
"yuDecisionAnalysisApproach2020","Decision Analysis","","","","Formal frameworks for structuring and analyzing complex decisions under uncertainty using mathematical models and probability theory."
"zaitsevaApplicationStructureFunction2020","Decision Analysis","","","","Formal frameworks for structuring and analyzing complex decisions under uncertainty using mathematical models and probability theory."
"zangPrioritizingAdditionalData2020","Decision Analysis","value of information","","","Formal frameworks for structuring and analyzing complex decisions under uncertainty using mathematical models and probability theory."
"zhanDesigningEnhancedLabeling2020","Decision Analysis","value of information","","","Formal frameworks for structuring and analyzing complex decisions under uncertainty using mathematical models and probability theory."
"zhiwenSupplyChainLogistics2020","Game Theory","","","","Mathematical framework for analyzing strategic interactions between rational decision-makers with potentially conflicting interests."
"zhouGeographicalInformationSystem2020","Multi-Criteria Decision Analysis","","","","Systematic approaches for evaluating and ranking alternatives based on multiple, often conflicting, criteria and stakeholder preferences."
"zweersOptimizingPreprocessingRelocation2020","Optimization","","","","Mathematical techniques for finding the best solution from a set of feasible alternatives, often subject to constraints and multiple objectives."
"adesemowoConceptualDefinitionIT2021","Probabilistic Methods","epistemic uncertainty","","","Mathematical approaches using probability distributions and random sampling to model and analyze uncertainty in decision problems."
"aguMappingTerraIncognita2021","Delphi/Expert Judgment","expert elicitation","","","Structured communication techniques for obtaining reliable consensus from groups of experts on complex or uncertain topics."
"anSelflearningTransferableNeural2021","Expert Systems/AI","neural network","","","Computer-based systems that emulate human expertise and use artificial intelligence techniques to support decision-making processes."
"atlamFuzzyLogicExpert2021","Fuzzy Methods","","","","Approaches for handling imprecise or vague information using degrees of membership rather than binary true/false logic."
"azimiEffectivenessPreventiveIntervention2021","Bayesian Methods","bayesian network","","","Statistical methods that update probability estimates as new evidence becomes available, incorporating prior knowledge with observed data."
"azimiEffectivenessPreventiveIntervention2021","Bayesian Methods","bayesian network","","","Statistical methods that update probability estimates as new evidence becomes available, incorporating prior knowledge with observed data."
"balajiMachineLearningAlgorithms2021","Expert Systems/AI","","","","Computer-based systems that emulate human expertise and use artificial intelligence techniques to support decision-making processes."
"bar-gillRethinkingNudgeInformationcosts2021","Behavioral Decision Theory","nudge","","","Psychological and economic theories explaining how people actually make decisions, incorporating cognitive limitations and biases."
"bishopSequentialStochasticOptimization2021","Optimization","","","","Mathematical techniques for finding the best solution from a set of feasible alternatives, often subject to constraints and multiple objectives."
"bojkeDevelopingReferenceProtocol2021","Delphi/Expert Judgment","expert elicitation","","","Structured communication techniques for obtaining reliable consensus from groups of experts on complex or uncertain topics."
"bojkeoDevelopingReferenceProtocol2021","Delphi/Expert Judgment","expert elicitation","","","Structured communication techniques for obtaining reliable consensus from groups of experts on complex or uncertain topics."
"bondDynamicDecisionPolicy2021","Decision Analysis","dynamic decision","","","Formal frameworks for structuring and analyzing complex decisions under uncertainty using mathematical models and probability theory."
"campigottoLearningModuloTheories2021","Multi-Criteria Decision Analysis","preference elicitation","","","Systematic approaches for evaluating and ranking alternatives based on multiple, often conflicting, criteria and stakeholder preferences."
"cinelliSupportingContaminatedSites2021","Decision Analysis","","","","Formal frameworks for structuring and analyzing complex decisions under uncertainty using mathematical models and probability theory."
"demkovaDecisionalValueInformation2021","Decision Analysis","value of information","","","Formal frameworks for structuring and analyzing complex decisions under uncertainty using mathematical models and probability theory."
"dormadyValueInformationResilience2021","Decision Analysis","value of information","","","Formal frameworks for structuring and analyzing complex decisions under uncertainty using mathematical models and probability theory."
"duDatadrivenOptimizationApproach2021","Optimization","","","","Mathematical techniques for finding the best solution from a set of feasible alternatives, often subject to constraints and multiple objectives."
"eatonIntegratedHierarchicalModels2021","Bayesian Methods","","","","Statistical methods that update probability estimates as new evidence becomes available, incorporating prior knowledge with observed data."
"faddaOptimizationProblemsUncertainty2021","Optimization","","","","Mathematical techniques for finding the best solution from a set of feasible alternatives, often subject to constraints and multiple objectives."
"fengVariationalInferenceBayesian2021","Bayesian Methods","","","","Statistical methods that update probability estimates as new evidence becomes available, incorporating prior knowledge with observed data."
"fornaroBroadeningConceptValue2021","Real Options","","","","Financial theory applied to real assets, providing flexibility to adapt decisions as uncertainty resolves over time."
"fuStochasticOptimizationUsing2021","Optimization","","","","Mathematical techniques for finding the best solution from a set of feasible alternatives, often subject to constraints and multiple objectives."
"gabrioBayesianFrameworkPatientlevel2021","Decision Analysis","","","","Formal frameworks for structuring and analyzing complex decisions under uncertainty using mathematical models and probability theory."
"gocerNovelIntervalValue2021","Delphi/Expert Judgment","group decision","","","Structured communication techniques for obtaining reliable consensus from groups of experts on complex or uncertain topics."
"gohNeurocomputationalMechanismsUnderlying2021","Decision Analysis","value of information","","","Formal frameworks for structuring and analyzing complex decisions under uncertainty using mathematical models and probability theory."
"golpiraOptimizationConstructionSupply2021","Optimization","","","","Mathematical techniques for finding the best solution from a set of feasible alternatives, often subject to constraints and multiple objectives."
"gontarevaValuationInformationResources2021","Real Options","","","","Financial theory applied to real assets, providing flexibility to adapt decisions as uncertainty resolves over time."
"grassMachineLearningApproach2021","Expert Systems/AI","","","","Computer-based systems that emulate human expertise and use artificial intelligence techniques to support decision-making processes."
"grimmImplementationBarriersValue2021","Decision Analysis","value of information","","","Formal frameworks for structuring and analyzing complex decisions under uncertainty using mathematical models and probability theory."
"haghighatMultiobjectiveConflictResolution2021","Optimization","","","","Mathematical techniques for finding the best solution from a set of feasible alternatives, often subject to constraints and multiple objectives."
"hammittIntroductionSpecialIssue2021","Decision Analysis","value of information","","","Formal frameworks for structuring and analyzing complex decisions under uncertainty using mathematical models and probability theory."
"hashemiInfluencePriorInformation2021","Bayesian Methods","","","","Statistical methods that update probability estimates as new evidence becomes available, incorporating prior knowledge with observed data."
"hill-mcmanusCombiningModelbasedClinical2021","Decision Analysis","value of information","","","Formal frameworks for structuring and analyzing complex decisions under uncertainty using mathematical models and probability theory."
"hughesLiothyronineHypothyroidismCandidate2021","Decision Analysis","value of information","","","Formal frameworks for structuring and analyzing complex decisions under uncertainty using mathematical models and probability theory."
"jacksonGuideValueInformation2021","Decision Analysis","value of information","","","Formal frameworks for structuring and analyzing complex decisions under uncertainty using mathematical models and probability theory."
"jacobsenCosteffectivenessValueInformation2021","Decision Analysis","value of information","","","Formal frameworks for structuring and analyzing complex decisions under uncertainty using mathematical models and probability theory."
"jacobsenCosteffectivenessValueInformation2021b","Decision Analysis","value of information","","","Formal frameworks for structuring and analyzing complex decisions under uncertainty using mathematical models and probability theory."
"kaikkonenBayesianNetworksEnvironmental2021","Bayesian Methods","","","","Statistical methods that update probability estimates as new evidence becomes available, incorporating prior knowledge with observed data."
"kangChallengesModelingAnalysis2021","Expert Systems/AI","","","","Computer-based systems that emulate human expertise and use artificial intelligence techniques to support decision-making processes."
"kedingUnderstandingInterplayArtificial2021","Expert Systems/AI","","","","Computer-based systems that emulate human expertise and use artificial intelligence techniques to support decision-making processes."
"keithSurveyDecisionMaking2021","Optimization","","","","Mathematical techniques for finding the best solution from a set of feasible alternatives, often subject to constraints and multiple objectives."
"kimCostEffectivenessValueInformation2021","Decision Analysis","value of information","","","Formal frameworks for structuring and analyzing complex decisions under uncertainty using mathematical models and probability theory."
"kyrimiComprehensiveScopingReview2021","Bayesian Methods","","","","Statistical methods that update probability estimates as new evidence becomes available, incorporating prior knowledge with observed data."
"laiValuingOptionPrototype2021","Real Options","","","","Financial theory applied to real assets, providing flexibility to adapt decisions as uncertainty resolves over time."
"leonartPharmacologicalAcromegalyTreatment2021a","Decision Analysis","value of information","","","Formal frameworks for structuring and analyzing complex decisions under uncertainty using mathematical models and probability theory."
"lienertCanMCDAGuide2021","Multi-Criteria Decision Analysis","","","","Systematic approaches for evaluating and ranking alternatives based on multiple, often conflicting, criteria and stakeholder preferences."
"lienertUsingMultiCriteriaDecision2021","Decision Analysis","","","","Formal frameworks for structuring and analyzing complex decisions under uncertainty using mathematical models and probability theory."
"liesioPortfolioDecisionAnalysis2021","Decision Analysis","","","","Formal frameworks for structuring and analyzing complex decisions under uncertainty using mathematical models and probability theory."
"liWeighingUnknownsValue2021","Decision Analysis","value of information","","","Formal frameworks for structuring and analyzing complex decisions under uncertainty using mathematical models and probability theory."
"luomaDevelopingConceptualInfluence2021","Decision Analysis","","","","Formal frameworks for structuring and analyzing complex decisions under uncertainty using mathematical models and probability theory."
"maliahUsingPOMDPsLearning2021","Decision Trees","","","","Visual decision-making tools that map out possible outcomes, probabilities, and payoffs in a tree-like structure for sequential decisions."
"martellModelingLifelineInfrastructure2021","Optimization","","","","Mathematical techniques for finding the best solution from a set of feasible alternatives, often subject to constraints and multiple objectives."
"mendozaValueInformationSitu2021","Decision Analysis","value of information","","","Formal frameworks for structuring and analyzing complex decisions under uncertainty using mathematical models and probability theory."
"miftakhovaGlobalSensitivityAnalysis2021","Probabilistic Methods","sensitivity analysis","","","Mathematical approaches using probability distributions and random sampling to model and analyze uncertainty in decision problems."
"mikalefArtificialIntelligenceCapability2021","Expert Systems/AI","","","","Computer-based systems that emulate human expertise and use artificial intelligence techniques to support decision-making processes."
"mohamedBuildingConditionAssessment2021","Expert Systems/AI","neural network","","","Computer-based systems that emulate human expertise and use artificial intelligence techniques to support decision-making processes."
"motamedisedehNovelHybridGAPSO2021","Optimization","","","","Mathematical techniques for finding the best solution from a set of feasible alternatives, often subject to constraints and multiple objectives."
"mrowczynskaNetworkStructureEvolutionary2021","Optimization","","","","Mathematical techniques for finding the best solution from a set of feasible alternatives, often subject to constraints and multiple objectives."
"muesingFullyBayesianHuman2021c","Bayesian Methods","","","","Statistical methods that update probability estimates as new evidence becomes available, incorporating prior knowledge with observed data."
"neumannImplementationWatershedModelling2021","Robust Decision Making","adaptive management","","","Decision-making approaches that perform well across a wide range of possible future conditions and deep uncertainties."
"parviainenImplementingBayesianNetworks2021a","Bayesian Methods","","","","Statistical methods that update probability estimates as new evidence becomes available, incorporating prior knowledge with observed data."
"petersohnExploringFeasibilityComprehensive2021","Probabilistic Methods","","","","Mathematical approaches using probability distributions and random sampling to model and analyze uncertainty in decision problems."
"puntSeismicShiftsRegulations2021","Decision Analysis","value of information","","","Formal frameworks for structuring and analyzing complex decisions under uncertainty using mathematical models and probability theory."
"rachidDynamicBayesianNetworks2021","Bayesian Methods","","","","Statistical methods that update probability estimates as new evidence becomes available, incorporating prior knowledge with observed data."
"razaviFutureSensitivityAnalysis2021","Probabilistic Methods","sensitivity analysis","","","Mathematical approaches using probability distributions and random sampling to model and analyze uncertainty in decision problems."
"renigier-bilozorGeneticAlgorithmApplication2021","Optimization","genetic algorithm","","","Mathematical techniques for finding the best solution from a set of feasible alternatives, often subject to constraints and multiple objectives."
"robinsonUsingDecisionAnalysis2021","Decision Analysis","","","","Formal frameworks for structuring and analyzing complex decisions under uncertainty using mathematical models and probability theory."
"rojasAdaptingSweetCherry2021e","Decision Analysis","","","","Formal frameworks for structuring and analyzing complex decisions under uncertainty using mathematical models and probability theory."
"rossiDecisionAnalysisEvaluating2021","Decision Analysis","","","","Formal frameworks for structuring and analyzing complex decisions under uncertainty using mathematical models and probability theory."
"salmanNovelBayesianMaximum2021","Bayesian Methods","","","","Statistical methods that update probability estimates as new evidence becomes available, incorporating prior knowledge with observed data."
"sanchez-garridoNeutrosophicMulticriteriaEvaluation2021","Multi-Criteria Decision Analysis","","","","Systematic approaches for evaluating and ranking alternatives based on multiple, often conflicting, criteria and stakeholder preferences."
"schmidAIMethodsCapabilities2021","Expert Systems/AI","","","","Computer-based systems that emulate human expertise and use artificial intelligence techniques to support decision-making processes."
"shallcrossUsingValueInformation2021a","Decision Analysis","value of information","","","Formal frameworks for structuring and analyzing complex decisions under uncertainty using mathematical models and probability theory."
"shallcrossValueInformationMethodology2021b","Decision Analysis","value of information","","","Formal frameworks for structuring and analyzing complex decisions under uncertainty using mathematical models and probability theory."
"thomasSystematicReviewMachine2021","Expert Systems/AI","","","","Computer-based systems that emulate human expertise and use artificial intelligence techniques to support decision-making processes."
"tuffahaValueInformationAnalysis2021a","Decision Analysis","value of information","","","Formal frameworks for structuring and analyzing complex decisions under uncertainty using mathematical models and probability theory."
"verzobioElicitationProcessQuantify2021","Bayesian Methods","","","","Statistical methods that update probability estimates as new evidence becomes available, incorporating prior knowledge with observed data."
"wangArtificialIntelligenceProduct2021","Expert Systems/AI","","","","Computer-based systems that emulate human expertise and use artificial intelligence techniques to support decision-making processes."
"wilsonBayesianDesignAnalysis2021","Bayesian Methods","","","","Statistical methods that update probability estimates as new evidence becomes available, incorporating prior knowledge with observed data."
"wilsonLatePregnancyUltrasound2021a","Decision Analysis","value of information","","","Formal frameworks for structuring and analyzing complex decisions under uncertainty using mathematical models and probability theory."
"yackeladamsCanWeProve2021","Delphi/Expert Judgment","expert opinion","","","Structured communication techniques for obtaining reliable consensus from groups of experts on complex or uncertain topics."
"yangUncertaintyAnalysisIntervention2021","Probabilistic Methods","","","","Mathematical approaches using probability distributions and random sampling to model and analyze uncertainty in decision problems."
"yuanSimulatingPrincipalagentRelationship2021","Game Theory","","","","Mathematical framework for analyzing strategic interactions between rational decision-makers with potentially conflicting interests."
"zdravkovicEvaluationProfessionalDrivers2021","Fuzzy Methods","","","","Approaches for handling imprecise or vague information using degrees of membership rather than binary true/false logic."
"zhangArtificialIntelligenceRecommender2021","Expert Systems/AI","","","","Computer-based systems that emulate human expertise and use artificial intelligence techniques to support decision-making processes."
"zhangManagingInfrastructureAsset2021","Bayesian Methods","","","","Statistical methods that update probability estimates as new evidence becomes available, incorporating prior knowledge with observed data."
"zhangValueInformationAnalysis2021","Decision Analysis","value of information","","","Formal frameworks for structuring and analyzing complex decisions under uncertainty using mathematical models and probability theory."
"zhengHesitantFuzzyLinguistic2021","Delphi/Expert Judgment","group decision","","","Structured communication techniques for obtaining reliable consensus from groups of experts on complex or uncertain topics."
"zhongModelingAnalysisEconsults2021","Bayesian Methods","","","","Statistical methods that update probability estimates as new evidence becomes available, incorporating prior knowledge with observed data."
"zouComputingValueInformation2021","Decision Analysis","value of information","","","Formal frameworks for structuring and analyzing complex decisions under uncertainty using mathematical models and probability theory."
"abdelmaksoudFuzzylogisticModelsIncorporating2022","Probabilistic Methods","epistemic uncertainty","","","Mathematical approaches using probability distributions and random sampling to model and analyze uncertainty in decision problems."
"abrardiArtificialIntelligenceFirms2022","Expert Systems/AI","","","","Computer-based systems that emulate human expertise and use artificial intelligence techniques to support decision-making processes."
"adamsonCommunicationPersonalisedDisease2022","Bayesian Methods","","","","Statistical methods that update probability estimates as new evidence becomes available, incorporating prior knowledge with observed data."
"adkisonReviewSalmonSpawnerrecruitment2022","Bayesian Methods","","","","Statistical methods that update probability estimates as new evidence becomes available, incorporating prior knowledge with observed data."
"ahmadValueInformationQualitative2022","Decision Analysis","value of information","","","Formal frameworks for structuring and analyzing complex decisions under uncertainty using mathematical models and probability theory."
"ajenjoInfogapFrameworkRobustness2022","Probabilistic Methods","epistemic uncertainty","","","Mathematical approaches using probability distributions and random sampling to model and analyze uncertainty in decision problems."
"alrawashdhCosteffectivenessValueInformation2022","Decision Analysis","value of information","","","Formal frameworks for structuring and analyzing complex decisions under uncertainty using mathematical models and probability theory."
"aslaniStateoftheArtSurveyOptimization2022","Optimization","","","","Mathematical techniques for finding the best solution from a set of feasible alternatives, often subject to constraints and multiple objectives."
"awanQuantumComputingChallenges2022","Multi-Criteria Decision Analysis","ahp","","","Systematic approaches for evaluating and ranking alternatives based on multiple, often conflicting, criteria and stakeholder preferences."
"azarimarhabiSustainableEnergyDevelopment2022","Real Options","","","","Financial theory applied to real assets, providing flexibility to adapt decisions as uncertainty resolves over time."
"birantMultiviewRankbasedRandom2022","Expert Systems/AI","random forest","","","Computer-based systems that emulate human expertise and use artificial intelligence techniques to support decision-making processes."
"bistlineCapacityRiskMetric2022","Robust Decision Making","robust planning","","","Decision-making approaches that perform well across a wide range of possible future conditions and deep uncertainties."
"burbano-figueroaActiveSearchSolutions2022","Decision Analysis","","","","Formal frameworks for structuring and analyzing complex decisions under uncertainty using mathematical models and probability theory."
"cadhamUseExpertElicitation2022","Delphi/Expert Judgment","expert elicitation","","","Structured communication techniques for obtaining reliable consensus from groups of experts on complex or uncertain topics."
"capobiancoHighdimensionalRoleAI2022","Expert Systems/AI","","","","Computer-based systems that emulate human expertise and use artificial intelligence techniques to support decision-making processes."
"choiAchievingEconomicSustainability2022","Optimization","","","","Mathematical techniques for finding the best solution from a set of feasible alternatives, often subject to constraints and multiple objectives."
"chrysafiQuantifyingEarthSystem2022","Delphi/Expert Judgment","expert elicitation","","","Structured communication techniques for obtaining reliable consensus from groups of experts on complex or uncertain topics."
"clarkAdaptiveManagementTool2022","Robust Decision Making","adaptive management","","","Decision-making approaches that perform well across a wide range of possible future conditions and deep uncertainties."
"costaBibliometricStudiesMulticriteria2022","Decision Analysis","","","","Formal frameworks for structuring and analyzing complex decisions under uncertainty using mathematical models and probability theory."
"daiDesigningAIaugmentedHealthcare2022","Expert Systems/AI","","","","Computer-based systems that emulate human expertise and use artificial intelligence techniques to support decision-making processes."
"dasBuildingSupplyChain2022","Multi-Criteria Decision Analysis","ahp","","","Systematic approaches for evaluating and ranking alternatives based on multiple, often conflicting, criteria and stakeholder preferences."
"decarvalhoChoosingMetamodelSimulation2022","Probabilistic Methods","uncertainty quantification","","","Mathematical approaches using probability distributions and random sampling to model and analyze uncertainty in decision problems."
"dijkEmergingTherapiesCOVID192022","Decision Analysis","value of information","","","Formal frameworks for structuring and analyzing complex decisions under uncertainty using mathematical models and probability theory."
"echogdaliApplicationFuzzyLogic2022","Fuzzy Methods","","","","Approaches for handling imprecise or vague information using degrees of membership rather than binary true/false logic."
"feizabadiMachineLearningDemand2022","Expert Systems/AI","","","","Computer-based systems that emulate human expertise and use artificial intelligence techniques to support decision-making processes."
"flightExpectedValueSample2022","Decision Analysis","expected value","","","Formal frameworks for structuring and analyzing complex decisions under uncertainty using mathematical models and probability theory."
"frempongEarlyEconomicEvaluation2022","Decision Analysis","value of information","","","Formal frameworks for structuring and analyzing complex decisions under uncertainty using mathematical models and probability theory."
"garrettClimateChangeEffects2022","Expert Systems/AI","","","","Computer-based systems that emulate human expertise and use artificial intelligence techniques to support decision-making processes."
"ghafooriInnovativeOptimizationModel2022","Optimization","","","","Mathematical techniques for finding the best solution from a set of feasible alternatives, often subject to constraints and multiple objectives."
"ghoroghiAdvancesApplicationMachine2022","Expert Systems/AI","","","","Computer-based systems that emulate human expertise and use artificial intelligence techniques to support decision-making processes."
"glynnValueInformationDecision2022a","Decision Analysis","value of information","","","Formal frameworks for structuring and analyzing complex decisions under uncertainty using mathematical models and probability theory."
"glynnValueInformationExploring2022","Decision Analysis","value of information","","","Formal frameworks for structuring and analyzing complex decisions under uncertainty using mathematical models and probability theory."
"goodwinRealtimeDigitalTwinbased2022","Optimization","","","","Mathematical techniques for finding the best solution from a set of feasible alternatives, often subject to constraints and multiple objectives."
"guoMathematicalModelingOptimization2022","Optimization","","","","Mathematical techniques for finding the best solution from a set of feasible alternatives, often subject to constraints and multiple objectives."
"haagWhichPredictiveUncertainty2022a","Decision Analysis","value of information","","","Formal frameworks for structuring and analyzing complex decisions under uncertainty using mathematical models and probability theory."
"hallSequentialValueInformation2022a","Decision Analysis","value of information","","","Formal frameworks for structuring and analyzing complex decisions under uncertainty using mathematical models and probability theory."
"hardingValueInformationSolar2022a","Decision Analysis","value of information","","","Formal frameworks for structuring and analyzing complex decisions under uncertainty using mathematical models and probability theory."
"heathSimulatingStudyData2022a","Decision Analysis","expected value","","","Formal frameworks for structuring and analyzing complex decisions under uncertainty using mathematical models and probability theory."
"heDeepReinforcementLearning2022","Optimization","","","","Mathematical techniques for finding the best solution from a set of feasible alternatives, often subject to constraints and multiple objectives."
"hmidahRoleInterfaceInterface2022","Optimization","","","","Mathematical techniques for finding the best solution from a set of feasible alternatives, often subject to constraints and multiple objectives."
"hofmansSocialLearningAdolescence2022","Bayesian Methods","","","","Statistical methods that update probability estimates as new evidence becomes available, incorporating prior knowledge with observed data."
"holmesMachineLearningEnhancedPlay2022","Expert Systems/AI","","","","Computer-based systems that emulate human expertise and use artificial intelligence techniques to support decision-making processes."
"hungModelingFrameworkAssessing2022","Bayesian Methods","","","","Statistical methods that update probability estimates as new evidence becomes available, incorporating prior knowledge with observed data."
"hymanAdaptiveManagementDeepseabed2022","Robust Decision Making","adaptive management","","","Decision-making approaches that perform well across a wide range of possible future conditions and deep uncertainties."
"ighravweSelectionOutsourcingRelationship2022","Multi-Criteria Decision Analysis","vikor","","","Systematic approaches for evaluating and ranking alternatives based on multiple, often conflicting, criteria and stakeholder preferences."
"jacksonValueInformationAnalysis2022a","Decision Analysis","value of information","","","Formal frameworks for structuring and analyzing complex decisions under uncertainty using mathematical models and probability theory."
"jainBiobjectiveOptimizationModel2022","Optimization","","","","Mathematical techniques for finding the best solution from a set of feasible alternatives, often subject to constraints and multiple objectives."
"khalilzadehNovelFuzzyExpert2022","Expert Systems/AI","","","","Computer-based systems that emulate human expertise and use artificial intelligence techniques to support decision-making processes."
"lawsonApplicationQualitativeValue2022","Decision Analysis","value of information","","","Formal frameworks for structuring and analyzing complex decisions under uncertainty using mathematical models and probability theory."
"lienertRoleMulticriteriaDecision2022","Decision Analysis","","","","Formal frameworks for structuring and analyzing complex decisions under uncertainty using mathematical models and probability theory."
"liImpactInformationTimeliness2022","Expert Systems/AI","","","","Computer-based systems that emulate human expertise and use artificial intelligence techniques to support decision-making processes."
"liKnowledgebasedOperationOptimization2022","Optimization","","","","Mathematical techniques for finding the best solution from a set of feasible alternatives, often subject to constraints and multiple objectives."
"liOptimizationAgriculturalResources2022","Optimization","","","","Mathematical techniques for finding the best solution from a set of feasible alternatives, often subject to constraints and multiple objectives."
"longHealthDecisionAnalysis2022","Decision Analysis","","","","Formal frameworks for structuring and analyzing complex decisions under uncertainty using mathematical models and probability theory."
"lopezMethodologyOptimallyPlace2022","Decision Analysis","value of information","","","Formal frameworks for structuring and analyzing complex decisions under uncertainty using mathematical models and probability theory."
"luuDecisionAnalysisAgroclimate2022a","Decision Analysis","","","","Formal frameworks for structuring and analyzing complex decisions under uncertainty using mathematical models and probability theory."
"lvResearchApplicationAdaptive2022","Expert Systems/AI","neural network","","","Computer-based systems that emulate human expertise and use artificial intelligence techniques to support decision-making processes."
"mcandrewExpertJudgmentModel2022","Delphi/Expert Judgment","","","","Structured communication techniques for obtaining reliable consensus from groups of experts on complex or uncertain topics."
"mooreEvaluatingEffectExpert2022","Delphi/Expert Judgment","expert elicitation","","","Structured communication techniques for obtaining reliable consensus from groups of experts on complex or uncertain topics."
"mudiyanselageP23BayesianCalibration2022","Bayesian Methods","","","","Statistical methods that update probability estimates as new evidence becomes available, incorporating prior knowledge with observed data."
"musellaBayesianNetworkModel2022","Bayesian Methods","bayesian network","","","Statistical methods that update probability estimates as new evidence becomes available, incorporating prior knowledge with observed data."
"netterAgroforestryReforestationGold2022d","Decision Analysis","","","","Formal frameworks for structuring and analyzing complex decisions under uncertainty using mathematical models and probability theory."
"nicolGeneralOptimalAdaptive2022","Expert Systems/AI","","","","Computer-based systems that emulate human expertise and use artificial intelligence techniques to support decision-making processes."
"nilashiKnowledgeDiscoveryCourse2022","Expert Systems/AI","","","","Computer-based systems that emulate human expertise and use artificial intelligence techniques to support decision-making processes."
"niyiroraIntelligentDamageDiagnosis2022","Expert Systems/AI","","","","Computer-based systems that emulate human expertise and use artificial intelligence techniques to support decision-making processes."
"oharaImprovingValueConservation2022","Decision Analysis","value of information","","","Formal frameworks for structuring and analyzing complex decisions under uncertainty using mathematical models and probability theory."
"oharaImprovingValueConservation2022","Decision Analysis","value of information","","","Formal frameworks for structuring and analyzing complex decisions under uncertainty using mathematical models and probability theory."
"ohmerSpatiotemporalOptimizationGroundwater2022","Optimization","","","","Mathematical techniques for finding the best solution from a set of feasible alternatives, often subject to constraints and multiple objectives."
"pacePoetreeInterpretablePolicy2022","Decision Trees","","","","Visual decision-making tools that map out possible outcomes, probabilities, and payoffs in a tree-like structure for sequential decisions."
"phamEE57RecombinantZoster2022","Decision Analysis","value of information","","","Formal frameworks for structuring and analyzing complex decisions under uncertainty using mathematical models and probability theory."
"pimenovArtificialIntelligenceSystems2022","Expert Systems/AI","","","","Computer-based systems that emulate human expertise and use artificial intelligence techniques to support decision-making processes."
"pourbabaeeRobustExperimentationContinuous2022","Multi-Criteria Decision Analysis","value function","","","Systematic approaches for evaluating and ranking alternatives based on multiple, often conflicting, criteria and stakeholder preferences."
"pourgol-mohammadMulticriteriaSensorPlacement2022","Multi-Criteria Decision Analysis","","","","Systematic approaches for evaluating and ranking alternatives based on multiple, often conflicting, criteria and stakeholder preferences."
"seifyFraudDetectionSupply2022","Expert Systems/AI","","","","Computer-based systems that emulate human expertise and use artificial intelligence techniques to support decision-making processes."
"shenBibliometricAnalysisSystem2022","Optimization","","","","Mathematical techniques for finding the best solution from a set of feasible alternatives, often subject to constraints and multiple objectives."
"smithUsingDecisionAnalysis2022","Decision Analysis","","","","Formal frameworks for structuring and analyzing complex decisions under uncertainty using mathematical models and probability theory."
"thomannDevelopingAdaptiveManagement2022","Robust Decision Making","adaptive management","","","Decision-making approaches that perform well across a wide range of possible future conditions and deep uncertainties."
"ungreddaBayesianOptimisationVs2022","Bayesian Methods","","","","Statistical methods that update probability estimates as new evidence becomes available, incorporating prior knowledge with observed data."
"vandaReservoirOperationAccidental2022","Game Theory","conflict resolution","","","Mathematical framework for analyzing strategic interactions between rational decision-makers with potentially conflicting interests."
"vervaartEfficientMethodComputing2022","Decision Analysis","expected value","","","Formal frameworks for structuring and analyzing complex decisions under uncertainty using mathematical models and probability theory."
"viehmannInvestigatingOpinionsPublic2022","Expert Systems/AI","","","","Computer-based systems that emulate human expertise and use artificial intelligence techniques to support decision-making processes."
"wadeBayesianCalibrationSimulation2022","Bayesian Methods","","","","Statistical methods that update probability estimates as new evidence becomes available, incorporating prior knowledge with observed data."
"wahyuniAHPbasedEvaluationMethod2022","Multi-Criteria Decision Analysis","ahp","","","Systematic approaches for evaluating and ranking alternatives based on multiple, often conflicting, criteria and stakeholder preferences."
"wangBehaviorDecisionMobile2022","Behavioral Decision Theory","","","","Psychological and economic theories explaining how people actually make decisions, incorporating cognitive limitations and biases."
"wangCombiningBiasedRegression2022","Expert Systems/AI","","","","Computer-based systems that emulate human expertise and use artificial intelligence techniques to support decision-making processes."
"wijayasekeraDataAnalyticsArtificial2022","Expert Systems/AI","","","","Computer-based systems that emulate human expertise and use artificial intelligence techniques to support decision-making processes."
"williamsCosteffectivenessValueInformation2022","Decision Analysis","value of information","","","Formal frameworks for structuring and analyzing complex decisions under uncertainty using mathematical models and probability theory."
"wohnerIntegratingMonitoringOptimization2022","Optimization","","","","Mathematical techniques for finding the best solution from a set of feasible alternatives, often subject to constraints and multiple objectives."
"wongnakHierarchicalBayesianApproach2022","Bayesian Methods","","","","Statistical methods that update probability estimates as new evidence becomes available, incorporating prior knowledge with observed data."
"yanEvaluationModelRural2022","Decision Analysis","","","","Formal frameworks for structuring and analyzing complex decisions under uncertainty using mathematical models and probability theory."
"yasliNovelRiskAnalysis2022","Bayesian Methods","bayesian network","","","Statistical methods that update probability estimates as new evidence becomes available, incorporating prior knowledge with observed data."
"yujiePerformanceEvaluationCollege2022","Decision Analysis","","","","Formal frameworks for structuring and analyzing complex decisions under uncertainty using mathematical models and probability theory."
"yusrizaAirlineCateringSupply2022","Bayesian Methods","bayesian network","","","Statistical methods that update probability estimates as new evidence becomes available, incorporating prior knowledge with observed data."
"zhangDeepLearningTechnology2022","Expert Systems/AI","deep learning","","","Computer-based systems that emulate human expertise and use artificial intelligence techniques to support decision-making processes."
"zhangShapingSocialMedia2022","Real Options","","","","Financial theory applied to real assets, providing flexibility to adapt decisions as uncertainty resolves over time."
"zitrouModelingEpistemicUncertainty2022","Probabilistic Methods","epistemic uncertainty","","","Mathematical approaches using probability distributions and random sampling to model and analyze uncertainty in decision problems."
"zougaghApplicationsArtificialIntelligence2022","Expert Systems/AI","","","","Computer-based systems that emulate human expertise and use artificial intelligence techniques to support decision-making processes."
"al-kanjInformationcollectingVehicleRouting2023","Optimization","","","","Mathematical techniques for finding the best solution from a set of feasible alternatives, often subject to constraints and multiple objectives."
"almadaAutomatedUncertaintyResearch2023","Expert Systems/AI","","","","Computer-based systems that emulate human expertise and use artificial intelligence techniques to support decision-making processes."
"bawonoMediatingEffectOrganizational2023","Robust Decision Making","adaptive management","","","Decision-making approaches that perform well across a wide range of possible future conditions and deep uncertainties."
"behlRolePlayedResponsible2023","Expert Systems/AI","","","","Computer-based systems that emulate human expertise and use artificial intelligence techniques to support decision-making processes."
"caiUseIntelligentBayesian2023","Bayesian Methods","bayesian network","","","Statistical methods that update probability estimates as new evidence becomes available, incorporating prior knowledge with observed data."
"canessaDesigningOptimalLargescale2023","Optimization","","","","Mathematical techniques for finding the best solution from a set of feasible alternatives, often subject to constraints and multiple objectives."
"chaudhuriUseBayesianDecision2023","Decision Analysis","","","","Formal frameworks for structuring and analyzing complex decisions under uncertainty using mathematical models and probability theory."
"chaudhuriUseBayesianDecision2023","Decision Analysis","","","","Formal frameworks for structuring and analyzing complex decisions under uncertainty using mathematical models and probability theory."
"chenCustomerKnowledgeManagement2023","Multi-Criteria Decision Analysis","ahp","","","Systematic approaches for evaluating and ranking alternatives based on multiple, often conflicting, criteria and stakeholder preferences."
"danielloFuzzyLogicSituation2023","Fuzzy Methods","","","","Approaches for handling imprecise or vague information using degrees of membership rather than binary true/false logic."
"danielloFuzzyLogicSituation2023","Fuzzy Methods","","","","Approaches for handling imprecise or vague information using degrees of membership rather than binary true/false logic."
"dillonClosingGapDecision2023","Decision Analysis","","","","Formal frameworks for structuring and analyzing complex decisions under uncertainty using mathematical models and probability theory."
"dimaioBootstrappedModularisedMethod2023","Probabilistic Methods","sensitivity analysis","","","Mathematical approaches using probability distributions and random sampling to model and analyze uncertainty in decision problems."
"dimaioFrameworkSensitivityAnalysis2023","Probabilistic Methods","sensitivity analysis","","","Mathematical approaches using probability distributions and random sampling to model and analyze uncertainty in decision problems."
"dimartinoComprehensiveClassificationFood2023","Optimization","","","","Mathematical techniques for finding the best solution from a set of feasible alternatives, often subject to constraints and multiple objectives."
"duHybridKanoDEMATOPSIS2023a","Multi-Criteria Decision Analysis","topsis","","","Systematic approaches for evaluating and ranking alternatives based on multiple, often conflicting, criteria and stakeholder preferences."
"fanSupplyReliabilitydrivenJoint2023","Optimization","","","","Mathematical techniques for finding the best solution from a set of feasible alternatives, often subject to constraints and multiple objectives."
"faresIncorporatingIgnoranceGame2023","Game Theory","","","","Mathematical framework for analyzing strategic interactions between rational decision-makers with potentially conflicting interests."
"fischerDecisionAnalysisSeabird2023","Decision Analysis","","","","Formal frameworks for structuring and analyzing complex decisions under uncertainty using mathematical models and probability theory."
"gohConsumerElectronicsProduct2023","Optimization","","","","Mathematical techniques for finding the best solution from a set of feasible alternatives, often subject to constraints and multiple objectives."
"grassMachineLearningApproach2023","Expert Systems/AI","","","","Computer-based systems that emulate human expertise and use artificial intelligence techniques to support decision-making processes."
"haagAssessingWhetherDecisions2023","Decision Analysis","value of information","","","Formal frameworks for structuring and analyzing complex decisions under uncertainty using mathematical models and probability theory."
"hagiwaraValueInformationFramework2023a","Decision Analysis","value of information","","","Formal frameworks for structuring and analyzing complex decisions under uncertainty using mathematical models and probability theory."
"handelsValueMaintainingCognition2023","Decision Analysis","value of information","","","Formal frameworks for structuring and analyzing complex decisions under uncertainty using mathematical models and probability theory."
"hanResearchIntelligentDistribution2023","Decision Analysis","","","","Formal frameworks for structuring and analyzing complex decisions under uncertainty using mathematical models and probability theory."
"heLandslideSusceptibilityEvaluation2023","Expert Systems/AI","","","","Computer-based systems that emulate human expertise and use artificial intelligence techniques to support decision-making processes."
"hossainBayesianApproachQuantifying2023","Bayesian Methods","","","","Statistical methods that update probability estimates as new evidence becomes available, incorporating prior knowledge with observed data."
"hosseini-motlaghReverseSupplyChain2023","Game Theory","","","","Mathematical framework for analyzing strategic interactions between rational decision-makers with potentially conflicting interests."
"jaiswalDissectingCompensationConundrum2023","Expert Systems/AI","","","","Computer-based systems that emulate human expertise and use artificial intelligence techniques to support decision-making processes."
"kumarDecisionFrameworkIncorporating2023","Decision Analysis","decision framework","","","Formal frameworks for structuring and analyzing complex decisions under uncertainty using mathematical models and probability theory."
"kumarIntegrationRFIDStrategic2023a","Multi-Criteria Decision Analysis","ahp","topsis","","Systematic approaches for evaluating and ranking alternatives based on multiple, often conflicting, criteria and stakeholder preferences."
"kumarModellingRFIDenablesJewellery2023","Multi-Criteria Decision Analysis","ahp","","","Systematic approaches for evaluating and ranking alternatives based on multiple, often conflicting, criteria and stakeholder preferences."
"liuMAGDMMethodBaseda","Behavioral Decision Theory","prospect theory","","","Psychological and economic theories explaining how people actually make decisions, incorporating cognitive limitations and biases."
"lotfiDirectingFutureStudies2023","Optimization","","","","Mathematical techniques for finding the best solution from a set of feasible alternatives, often subject to constraints and multiple objectives."
"luoSurveyUnderwaterAcoustic2023","Expert Systems/AI","","","","Computer-based systems that emulate human expertise and use artificial intelligence techniques to support decision-making processes."
"machadoRiskAnalysisEnergy2023a","Bayesian Methods","","","","Statistical methods that update probability estimates as new evidence becomes available, incorporating prior knowledge with observed data."
"magalhaesSmartContractsArtificial2023","Expert Systems/AI","","","","Computer-based systems that emulate human expertise and use artificial intelligence techniques to support decision-making processes."
"mayfieldDesigningExpertledBayesian2023b","Bayesian Methods","bayesian network","","","Statistical methods that update probability estimates as new evidence becomes available, incorporating prior knowledge with observed data."
"mccandlishCostEffectivenessValueofInformationAnalysis2023a","Expert Systems/AI","","","","Computer-based systems that emulate human expertise and use artificial intelligence techniques to support decision-making processes."
"millerScenariobasedDecisionAnalysis2023","Decision Analysis","","","","Formal frameworks for structuring and analyzing complex decisions under uncertainty using mathematical models and probability theory."
"munArtificialIntelligenceMachine2023","Expert Systems/AI","","","","Computer-based systems that emulate human expertise and use artificial intelligence techniques to support decision-making processes."
"nohIntrinsicallyExplainableDeep2023","Expert Systems/AI","deep learning","","","Computer-based systems that emulate human expertise and use artificial intelligence techniques to support decision-making processes."
"perifanisInvestigatingInfluenceArtificial2023","Expert Systems/AI","","","","Computer-based systems that emulate human expertise and use artificial intelligence techniques to support decision-making processes."
"phamCostEffectivenessValueInformation2023","Decision Analysis","value of information","","","Formal frameworks for structuring and analyzing complex decisions under uncertainty using mathematical models and probability theory."
"pinciroliMaintenanceOptimizationIndustry2023a","Optimization","","","","Mathematical techniques for finding the best solution from a set of feasible alternatives, often subject to constraints and multiple objectives."
"qingsongNetworkbasedStructureOptimization2023","Optimization","","","","Mathematical techniques for finding the best solution from a set of feasible alternatives, often subject to constraints and multiple objectives."
"rahbarEfficientOnlineDecision2023","Decision Analysis","","","","Formal frameworks for structuring and analyzing complex decisions under uncertainty using mathematical models and probability theory."
"robinsonDecisionAnalysisAdvance2023","Decision Analysis","","","","Formal frameworks for structuring and analyzing complex decisions under uncertainty using mathematical models and probability theory."
"robinsonLessonsLearnedApplying2023","Decision Analysis","","","","Formal frameworks for structuring and analyzing complex decisions under uncertainty using mathematical models and probability theory."
"robinsonValueInformationAnalysis2023","Decision Analysis","value of information","","","Formal frameworks for structuring and analyzing complex decisions under uncertainty using mathematical models and probability theory."
"rungeSimplifiedMethodValue2023","Decision Analysis","value of information","","","Formal frameworks for structuring and analyzing complex decisions under uncertainty using mathematical models and probability theory."
"sharmaDoesWorldNeed2023","Delphi/Expert Judgment","","","","Structured communication techniques for obtaining reliable consensus from groups of experts on complex or uncertain topics."
"shiNovelFMEAApproach2023","Multi-Criteria Decision Analysis","topsis","","","Systematic approaches for evaluating and ranking alternatives based on multiple, often conflicting, criteria and stakeholder preferences."
"skidmoreMulticriteriaDecisionAnalysis2023","Decision Analysis","","","","Formal frameworks for structuring and analyzing complex decisions under uncertainty using mathematical models and probability theory."
"stantialQualitativeValueInformation2023a","Decision Analysis","value of information","","","Formal frameworks for structuring and analyzing complex decisions under uncertainty using mathematical models and probability theory."
"sunEvaluationDesignReusable2023","Multi-Criteria Decision Analysis","ahp","","","Systematic approaches for evaluating and ranking alternatives based on multiple, often conflicting, criteria and stakeholder preferences."
"sunRiskAssessmentBauxite2023","Bayesian Methods","bayesian network","","","Statistical methods that update probability estimates as new evidence becomes available, incorporating prior knowledge with observed data."
"taghipourCriteriaClusteringSupplier2023","Multi-Criteria Decision Analysis","promethee","","","Systematic approaches for evaluating and ranking alternatives based on multiple, often conflicting, criteria and stakeholder preferences."
"tanDatadrivenModelWater2023","Optimization","","","","Mathematical techniques for finding the best solution from a set of feasible alternatives, often subject to constraints and multiple objectives."
"taoErgonomicRiskAssessment2023","Bayesian Methods","bayesian network","","","Statistical methods that update probability estimates as new evidence becomes available, incorporating prior knowledge with observed data."
"tebibUsingValueInformation2023","Decision Analysis","value of information","","","Formal frameworks for structuring and analyzing complex decisions under uncertainty using mathematical models and probability theory."
"vervaartGeneralPurposeMethods2023","Decision Analysis","expected value","","","Formal frameworks for structuring and analyzing complex decisions under uncertainty using mathematical models and probability theory."
"wangCombinedDigitalTwin2023","Expert Systems/AI","deep learning","","","Computer-based systems that emulate human expertise and use artificial intelligence techniques to support decision-making processes."
"weiUnlockingEffectsOptimization2023","Optimization","","","","Mathematical techniques for finding the best solution from a set of feasible alternatives, often subject to constraints and multiple objectives."
"whyteLearningTrustSkynet2023","Expert Systems/AI","","","","Computer-based systems that emulate human expertise and use artificial intelligence techniques to support decision-making processes."
"wikleStatisticalDeepLearning2023","Expert Systems/AI","deep learning","","","Computer-based systems that emulate human expertise and use artificial intelligence techniques to support decision-making processes."
"yaniDemandForecastingAccuracy2023","Expert Systems/AI","","","","Computer-based systems that emulate human expertise and use artificial intelligence techniques to support decision-making processes."
"yuConditionalCauchySchwarzDivergence2023","Decision Analysis","sequential decision","","","Formal frameworks for structuring and analyzing complex decisions under uncertainty using mathematical models and probability theory."
"zhangSupplyChainRisk2023b","Decision Analysis","","","","Formal frameworks for structuring and analyzing complex decisions under uncertainty using mathematical models and probability theory."
"zhongEnsembleAHPEWAERNN2023","Multi-Criteria Decision Analysis","ahp","","","Systematic approaches for evaluating and ranking alternatives based on multiple, often conflicting, criteria and stakeholder preferences."
"zhouDevelopmentApplicationBayesian2023","Bayesian Methods","bayesian network","","","Statistical methods that update probability estimates as new evidence becomes available, incorporating prior knowledge with observed data."
"akinlotanExpectedValuesMaking2024","Decision Analysis","value of information","","","Formal frameworks for structuring and analyzing complex decisions under uncertainty using mathematical models and probability theory."
"alkhaleelMachineLearningApplications2024","Expert Systems/AI","","","","Computer-based systems that emulate human expertise and use artificial intelligence techniques to support decision-making processes."
"baiAutomaticGroupDecisionmaking2024","Delphi/Expert Judgment","group decision","","","Structured communication techniques for obtaining reliable consensus from groups of experts on complex or uncertain topics."
"chengKnowledgeTransferAdaptive2024","Optimization","","","","Mathematical techniques for finding the best solution from a set of feasible alternatives, often subject to constraints and multiple objectives."
"dunnUsingResiliencyRedundancy2024","Bayesian Methods","","","","Statistical methods that update probability estimates as new evidence becomes available, incorporating prior knowledge with observed data."
"glynnIntegratingDecisionModeling2024","Expert Systems/AI","","","","Computer-based systems that emulate human expertise and use artificial intelligence techniques to support decision-making processes."
"grantMatchingDecisionSupport2024","Decision Analysis","","","","Formal frameworks for structuring and analyzing complex decisions under uncertainty using mathematical models and probability theory."
"liangReviewMaritimeEquipment2024","Expert Systems/AI","deep learning","","","Computer-based systems that emulate human expertise and use artificial intelligence techniques to support decision-making processes."
"matsudaComparativeStudyPopulation2024","Robust Decision Making","adaptive management","","","Decision-making approaches that perform well across a wide range of possible future conditions and deep uncertainties."
"moghadasiRiskAnalysisArtificial2024","Expert Systems/AI","","","","Computer-based systems that emulate human expertise and use artificial intelligence techniques to support decision-making processes."
"saloFiftyYearsPortfolio2024","Optimization","","","","Mathematical techniques for finding the best solution from a set of feasible alternatives, often subject to constraints and multiple objectives."
"stoffelsMonitoringAdaptiveManagement2024","Robust Decision Making","adaptive management","","","Decision-making approaches that perform well across a wide range of possible future conditions and deep uncertainties."
"talebiyanInterdependentNetworkRestoration2024","Bayesian Methods","","","","Statistical methods that update probability estimates as new evidence becomes available, incorporating prior knowledge with observed data."
"wangPotentialCosteffectivenessMaternal2024","Decision Analysis","value of information","","","Formal frameworks for structuring and analyzing complex decisions under uncertainty using mathematical models and probability theory."
"zahnerManagementStrategyEvaluation2024","Bayesian Methods","","","","Statistical methods that update probability estimates as new evidence becomes available, incorporating prior knowledge with observed data."
"hellsingItsaMatchPredicting2021","Expert Systems/AI","","","","Computer-based systems that emulate human expertise and use artificial intelligence techniques to support decision-making processes."
"pangDatadrivenConditionMonitoring2020","Multi-Criteria Decision Analysis","analytic hierarchy process","","","Systematic approaches for evaluating and ranking alternatives based on multiple, often conflicting, criteria and stakeholder preferences."
"simonsenEnsembleMethodologiesAstronaut2020","Probabilistic Methods","uncertainty quantification","","","Mathematical approaches using probability distributions and random sampling to model and analyze uncertainty in decision problems."
"ahituvComparativeEvaluationInformation1984","Decision Analysis","value of information","","","Formal frameworks for structuring and analyzing complex decisions under uncertainty using mathematical models and probability theory."
"antonelliRoleTechnologicalExpectations1989","Behavioral Decision Theory","","","","Psychological and economic theories explaining how people actually make decisions, incorporating cognitive limitations and biases."
"azouryBayesSolutionDynamic1985","Bayesian Methods","prior distribution","","","Statistical methods that update probability estimates as new evidence becomes available, incorporating prior knowledge with observed data."
"bellDisappointmentDecisionMaking1985","Decision Analysis","","","","Formal frameworks for structuring and analyzing complex decisions under uncertainty using mathematical models and probability theory."
"bellImprovingDistributionIndustrial1983","Optimization","","","","Mathematical techniques for finding the best solution from a set of feasible alternatives, often subject to constraints and multiple objectives."
"bookerDecisionAnalysisProject1985","Decision Analysis","","","","Formal frameworks for structuring and analyzing complex decisions under uncertainty using mathematical models and probability theory."
"bradshawFolieDeuxIntegrating1988","Decision Analysis","","","","Formal frameworks for structuring and analyzing complex decisions under uncertainty using mathematical models and probability theory."
"bransNotePreferenceRanking1985","Multi-Criteria Decision Analysis","promethee","","","Systematic approaches for evaluating and ranking alternatives based on multiple, often conflicting, criteria and stakeholder preferences."
"breeseReviewPrinciplesApplications1988","Decision Analysis","","","","Formal frameworks for structuring and analyzing complex decisions under uncertainty using mathematical models and probability theory."
"connollyPredecisionalInformationAcquisition1987","Decision Analysis","","","","Formal frameworks for structuring and analyzing complex decisions under uncertainty using mathematical models and probability theory."
"covelloDecisionAnalysisRisk1987","Decision Analysis","","","","Formal frameworks for structuring and analyzing complex decisions under uncertainty using mathematical models and probability theory."
"detskyWhatsWrongDecision1987","Decision Analysis","","","","Formal frameworks for structuring and analyzing complex decisions under uncertainty using mathematical models and probability theory."
"dyerMeasurableMultiattributeValue1979","Multi-Criteria Decision Analysis","value function","","","Systematic approaches for evaluating and ranking alternatives based on multiple, often conflicting, criteria and stakeholder preferences."
"dyerRelativeRiskAversion1982","Multi-Criteria Decision Analysis","utility function","","","Systematic approaches for evaluating and ranking alternatives based on multiple, often conflicting, criteria and stakeholder preferences."
"evansValueMonitoringRadon1988","Decision Analysis","","","","Formal frameworks for structuring and analyzing complex decisions under uncertainty using mathematical models and probability theory."
"fischhoffHypothesisEvaluationBayesian1983","Bayesian Methods","","","","Statistical methods that update probability estimates as new evidence becomes available, incorporating prior knowledge with observed data."
"gilbertEffectsRiskPrices1978","Decision Analysis","value of information","","","Formal frameworks for structuring and analyzing complex decisions under uncertainty using mathematical models and probability theory."
"harkerTheoryRatioScale1987","Multi-Criteria Decision Analysis","analytic hierarchy process","","","Systematic approaches for evaluating and ranking alternatives based on multiple, often conflicting, criteria and stakeholder preferences."
"henrionComputerAidRisk1985","Probabilistic Methods","","","","Mathematical approaches using probability distributions and random sampling to model and analyze uncertainty in decision problems."
"hogarthForecastingPlanningEvaluation1981","Decision Analysis","value of information","","","Formal frameworks for structuring and analyzing complex decisions under uncertainty using mathematical models and probability theory."
"howardDecisionAnalysisPractice1988","Decision Analysis","","","","Formal frameworks for structuring and analyzing complex decisions under uncertainty using mathematical models and probability theory."
"jagannathanDistributedArtificialIntelligence1986","Expert Systems/AI","","","","Computer-based systems that emulate human expertise and use artificial intelligence techniques to support decision-making processes."
"keckInformationDilemmaPrivate1987","Decision Analysis","value of information","","","Formal frameworks for structuring and analyzing complex decisions under uncertainty using mathematical models and probability theory."
"keeneyFeatureArticleDecision1982","Decision Analysis","","","","Formal frameworks for structuring and analyzing complex decisions under uncertainty using mathematical models and probability theory."
"lincolnAssessmentRiskSuperfund1987","Delphi/Expert Judgment","","","","Structured communication techniques for obtaining reliable consensus from groups of experts on complex or uncertain topics."
"milgromValueInformationSealedbid1982","Decision Analysis","value of information","","","Formal frameworks for structuring and analyzing complex decisions under uncertainty using mathematical models and probability theory."
"monahanStateArtSurvey1982","Decision Analysis","markov decision process","","","Formal frameworks for structuring and analyzing complex decisions under uncertainty using mathematical models and probability theory."
"nairMakingDecisionsEnvironmental1980","Decision Analysis","","","","Formal frameworks for structuring and analyzing complex decisions under uncertainty using mathematical models and probability theory."
"parkUseMultilevelModels1982","Decision Analysis","value of information","","","Formal frameworks for structuring and analyzing complex decisions under uncertainty using mathematical models and probability theory."
"peckValueInformationAcidic1987","Decision Analysis","value of information","","","Formal frameworks for structuring and analyzing complex decisions under uncertainty using mathematical models and probability theory."
"russoIntelligentProductInformation1987","Expert Systems/AI","","","","Computer-based systems that emulate human expertise and use artificial intelligence techniques to support decision-making processes."
"sageApplicationSystemsMethodology1977","Decision Analysis","","","","Formal frameworks for structuring and analyzing complex decisions under uncertainty using mathematical models and probability theory."
"schwartzBookSelectionCollection1989","Behavioral Decision Theory","","","","Psychological and economic theories explaining how people actually make decisions, incorporating cognitive limitations and biases."
"slovicComparisonBayesianRegression1971","Bayesian Methods","","","","Statistical methods that update probability estimates as new evidence becomes available, incorporating prior knowledge with observed data."
"spetzlerExceptionalPaperProbability1975","Decision Analysis","","","","Formal frameworks for structuring and analyzing complex decisions under uncertainty using mathematical models and probability theory."
"steebCommunicationsManagementRemote1977","Expert Systems/AI","pattern recognition","","","Computer-based systems that emulate human expertise and use artificial intelligence techniques to support decision-making processes."
"stermanModelingManagerialBehavior1989","Decision Analysis","dynamic decision","","","Formal frameworks for structuring and analyzing complex decisions under uncertainty using mathematical models and probability theory."
"thomasSubjectiveAspectsArt1986","Decision Analysis","","","","Formal frameworks for structuring and analyzing complex decisions under uncertainty using mathematical models and probability theory."
"weissReflectionsValuePolicy1986","Decision Analysis","value of information","","","Formal frameworks for structuring and analyzing complex decisions under uncertainty using mathematical models and probability theory."
"winterfeldtStructuringDecisionProblems1980","Decision Analysis","","","","Formal frameworks for structuring and analyzing complex decisions under uncertainty using mathematical models and probability theory."
"akarAssessmentNewApproaches2015a","Decision Analysis","value of information","","","Formal frameworks for structuring and analyzing complex decisions under uncertainty using mathematical models and probability theory."
"aljinovicbaracEffectsCompanyCharacteristics2021","Expert Systems/AI","","","","Computer-based systems that emulate human expertise and use artificial intelligence techniques to support decision-making processes."
"berryMachineLearningUnderstanding2015","Expert Systems/AI","","","","Computer-based systems that emulate human expertise and use artificial intelligence techniques to support decision-making processes."
"bhattacharjyaSensitivityAnalysisDecision2012","Decision Analysis","value of information","sequential decision","","Formal frameworks for structuring and analyzing complex decisions under uncertainty using mathematical models and probability theory."
"briggsModelParameterEstimation2012a","Probabilistic Methods","sensitivity analysis","","","Mathematical approaches using probability distributions and random sampling to model and analyze uncertainty in decision problems."
"briggsModelParameterEstimation2012b","Probabilistic Methods","sensitivity analysis","","","Mathematical approaches using probability distributions and random sampling to model and analyze uncertainty in decision problems."
"convertinoEnhancedAdaptiveManagement2013","Decision Analysis","value of information","","","Formal frameworks for structuring and analyzing complex decisions under uncertainty using mathematical models and probability theory."
"dietterichMachineLearningRealtime2001","Expert Systems/AI","","","","Computer-based systems that emulate human expertise and use artificial intelligence techniques to support decision-making processes."
"fenwickValueInformationAnalysis2020","Decision Analysis","value of information","","","Formal frameworks for structuring and analyzing complex decisions under uncertainty using mathematical models and probability theory."
"finsterleDevelopingAutomatedUncertainty2019","Probabilistic Methods","uncertainty quantification","sensitivity analysis","","Mathematical approaches using probability distributions and random sampling to model and analyze uncertainty in decision problems."
"fleurenceStepCloserBetter2020","Decision Analysis","value of information","","","Formal frameworks for structuring and analyzing complex decisions under uncertainty using mathematical models and probability theory."
"horvitzArtificialIntelligenceOpen2008","Expert Systems/AI","","","","Computer-based systems that emulate human expertise and use artificial intelligence techniques to support decision-making processes."
"jelnovAttackingUnknownWeapons2015","Game Theory","","","","Mathematical framework for analyzing strategic interactions between rational decision-makers with potentially conflicting interests."
"kacperczykBeckerMeetsKyle2019","Decision Analysis","value of information","","","Formal frameworks for structuring and analyzing complex decisions under uncertainty using mathematical models and probability theory."
"kellerEditorsProbabilityScoring2011","Probabilistic Methods","sensitivity analysis","","","Mathematical approaches using probability distributions and random sampling to model and analyze uncertainty in decision problems."
"kimRiskUncertaintyDecision2006","Decision Analysis","","","","Formal frameworks for structuring and analyzing complex decisions under uncertainty using mathematical models and probability theory."
"krajnakFinancialStatementAccording2020","Decision Analysis","","","","Formal frameworks for structuring and analyzing complex decisions under uncertainty using mathematical models and probability theory."
"kruglerAssetManagementLiterature2006","Decision Analysis","","","","Formal frameworks for structuring and analyzing complex decisions under uncertainty using mathematical models and probability theory."
"laukkonenPreparingHumanityChange2019","Expert Systems/AI","","","","Computer-based systems that emulate human expertise and use artificial intelligence techniques to support decision-making processes."
"linkovRiskAssessmentNanomaterials2011","Decision Analysis","value of information","","","Formal frameworks for structuring and analyzing complex decisions under uncertainty using mathematical models and probability theory."
"manheimReviewPotentialHighleverage2020","Decision Analysis","value of information","","","Formal frameworks for structuring and analyzing complex decisions under uncertainty using mathematical models and probability theory."
"mcnultyValueInformationAnalysisnevada1997","Decision Analysis","value of information","","","Formal frameworks for structuring and analyzing complex decisions under uncertainty using mathematical models and probability theory."
"middlemisUncertaintyAnalysisGuidance2018","Probabilistic Methods","","","","Mathematical approaches using probability distributions and random sampling to model and analyze uncertainty in decision problems."
"mohdthasthakerInformationContentInformativeness2020","Decision Analysis","value of information","","","Formal frameworks for structuring and analyzing complex decisions under uncertainty using mathematical models and probability theory."
"peredaCompetingCongestibleGoods2020","Game Theory","nash equilibrium","","","Mathematical framework for analyzing strategic interactions between rational decision-makers with potentially conflicting interests."
"petersBayesianReanalysesHealth2009","Bayesian Methods","","","","Statistical methods that update probability estimates as new evidence becomes available, incorporating prior knowledge with observed data."
"phoonSpecialIssueMachine2023a","Expert Systems/AI","","","","Computer-based systems that emulate human expertise and use artificial intelligence techniques to support decision-making processes."
"rodewaldTradeoffsValueBiodiversity2019","Optimization","","","","Mathematical techniques for finding the best solution from a set of feasible alternatives, often subject to constraints and multiple objectives."
"rotheryValueInformationAnalytical2020","Decision Analysis","value of information","","","Formal frameworks for structuring and analyzing complex decisions under uncertainty using mathematical models and probability theory."
"rubensteinResearchPrioritiesMigratory2020","Decision Analysis","value of information","","","Formal frameworks for structuring and analyzing complex decisions under uncertainty using mathematical models and probability theory."
"sandersWANOptimizationBusiness2011","Optimization","","","","Mathematical techniques for finding the best solution from a set of feasible alternatives, often subject to constraints and multiple objectives."
"schuylerRiskDecisionAnalysis2001","Decision Analysis","","","","Formal frameworks for structuring and analyzing complex decisions under uncertainty using mathematical models and probability theory."
"siebertWhenEnoughEvidence2013","Decision Analysis","","","","Formal frameworks for structuring and analyzing complex decisions under uncertainty using mathematical models and probability theory."
"trainor-guittonValueInformationSpatial2010","Decision Analysis","value of information","","","Formal frameworks for structuring and analyzing complex decisions under uncertainty using mathematical models and probability theory."
"tsaoComplexSystemsModels2016a","Probabilistic Methods","uncertainty quantification","","","Mathematical approaches using probability distributions and random sampling to model and analyze uncertainty in decision problems."
"valtortaCombiningFactsExpert2010","Delphi/Expert Judgment","expert opinion","","","Structured communication techniques for obtaining reliable consensus from groups of experts on complex or uncertain topics."
"victorFastReoptimizationApproach2012","Optimization","","","","Mathematical techniques for finding the best solution from a set of feasible alternatives, often subject to constraints and multiple objectives."
"wangTransparentReportingResearch2019","Expert Systems/AI","","","","Computer-based systems that emulate human expertise and use artificial intelligence techniques to support decision-making processes."
"whitneyDecisionAnalysisMethods2018","Decision Analysis","","","","Formal frameworks for structuring and analyzing complex decisions under uncertainty using mathematical models and probability theory."
"woodValueInformationApproach1995","Decision Analysis","value of information","","","Formal frameworks for structuring and analyzing complex decisions under uncertainty using mathematical models and probability theory."
"yanezEconomicSocialValue2015","Decision Analysis","value of information","","","Formal frameworks for structuring and analyzing complex decisions under uncertainty using mathematical models and probability theory."
"yeComputationalBayesianFramework2019","Decision Analysis","","","","Formal frameworks for structuring and analyzing complex decisions under uncertainty using mathematical models and probability theory."
"howardSemiannualTechnicalReport1975","Decision Analysis","","","","Formal frameworks for structuring and analyzing complex decisions under uncertainty using mathematical models and probability theory."
"jlaSoftwareSupportExpert2012","Delphi/Expert Judgment","expert elicitation","","","Structured communication techniques for obtaining reliable consensus from groups of experts on complex or uncertain topics."
"luedelingDecisionSupportQuantitativeSupport2022","Probabilistic Methods","","","","Mathematical approaches using probability distributions and random sampling to model and analyze uncertainty in decision problems."
