2025-12-03 09:49:24,621 - INFO - Starting practical full-text analysis...
2025-12-03 09:49:24,622 - INFO - Found 33 BibTeX files
2025-12-03 09:49:24,731 - INFO - Processing books_2000_2002.bib: 170 entries
2025-12-03 09:49:24,733 - INFO - Processed 20/170 entries
2025-12-03 09:49:24,734 - INFO - Processed 40/170 entries
2025-12-03 09:49:24,735 - INFO - Processed 60/170 entries
2025-12-03 09:49:24,736 - INFO - Processed 80/170 entries
2025-12-03 09:49:24,737 - INFO - Processed 100/170 entries
2025-12-03 09:49:24,738 - INFO - Processed 120/170 entries
2025-12-03 09:49:24,739 - INFO - Processed 140/170 entries
2025-12-03 09:49:24,740 - INFO - Processed 160/170 entries
2025-12-03 09:49:24,791 - INFO - Processing books_2003_2005.bib: 77 entries
2025-12-03 09:49:24,791 - INFO - Accessing: https://doi.org/10.1017/CBO9780511493461
2025-12-03 09:49:27,151 - INFO - Extracted 26541 characters from web
2025-12-03 09:49:27,152 - INFO - Web content extracted for batemanAppliedEnvironmentalEconomics2003: 8000 chars
2025-12-03 09:49:27,153 - INFO - Accessing: https://doi.org/10.1093/0199260389.001.0001
2025-12-03 09:49:29,298 - INFO - Accessing: https://doi.org/10.1002/0471716898
2025-12-03 09:49:31,505 - INFO - Accessing: https://doi.org/10.1016/B978-1-55860-808-5.X5000-X
2025-12-03 09:49:34,344 - INFO - Processed 20/77 entries
2025-12-03 09:49:34,345 - INFO - Processed 40/77 entries
2025-12-03 09:49:34,346 - INFO - Accessing: https://doi.org/10.4018/978-1-931777-75-9
2025-12-03 09:49:36,543 - WARNING - Request failed for https://doi.org/10.4018/978-1-931777-75-9: 429 Client Error: Too Many Requests for url: http://services.igi-global.com/resolvedoi/resolve.aspx?doi=10.4018/978-1-931777-75-9
2025-12-03 09:49:36,544 - INFO - Processed 60/77 entries
2025-12-03 09:49:36,545 - INFO - Accessing: https://doi.org/10.1002/0471683132
2025-12-03 09:49:38,746 - INFO - Accessing: https://doi.org/10.1142/5423
2025-12-03 09:49:40,961 - INFO - Accessing: https://doi.org/10.1515/9783598440083
2025-12-03 09:49:43,461 - INFO - Extracted 9045 characters from web
2025-12-03 09:49:43,461 - INFO - Web content extracted for vickeryInformationScienceTheory2005: 8000 chars
2025-12-03 09:49:43,462 - INFO - Accessing: https://doi.org/10.1007/978-3-7908-2664-7
2025-12-03 09:49:46,049 - INFO - Extracted 5251 characters from web
2025-12-03 09:49:46,049 - INFO - Web content extracted for weitzelEconomicsStandardsInformation2004: 5251 chars
2025-12-03 09:49:46,279 - INFO - Processing books_2006_2009.bib: 385 entries
2025-12-03 09:49:46,281 - INFO - Processed 20/385 entries
2025-12-03 09:49:46,281 - INFO - Accessing: https://doi.org/10.1787/9789264034341-en
2025-12-03 09:49:48,192 - INFO - Processed 40/385 entries
2025-12-03 09:49:48,192 - INFO - Accessing: https://doi.org/10.1002/9780470316870
2025-12-03 09:49:50,377 - INFO - Accessing: https://doi.org/10.4324/9780203946558
2025-12-03 09:49:53,408 - INFO - Extracted 3831 characters from web
2025-12-03 09:49:53,408 - INFO - Web content extracted for birchlerInformationEconomics2007: 3831 chars
2025-12-03 09:49:53,409 - INFO - Accessing: https://doi.org/10.1007/978-3-540-79238-3
2025-12-03 09:49:55,712 - INFO - Extracted 7967 characters from web
2025-12-03 09:49:55,713 - INFO - Web content extracted for bouwmanMobileServiceInnovation2008: 7967 chars
2025-12-03 09:49:55,714 - INFO - Processed 60/385 entries
2025-12-03 09:49:55,714 - INFO - Accessing: https://doi.org/10.4018/978-1-59904-802-4
2025-12-03 09:49:57,844 - WARNING - Request failed for https://doi.org/10.4018/978-1-59904-802-4: 429 Client Error: Too Many Requests for url: http://services.igi-global.com/resolvedoi/resolve.aspx?doi=10.4018/978-1-59904-802-4
2025-12-03 09:49:57,845 - INFO - Accessing: https://doi.org/10.1002/0471758043
2025-12-03 09:50:00,033 - INFO - Processed 80/385 entries
2025-12-03 09:50:00,034 - INFO - Processed 100/385 entries
2025-12-03 09:50:00,035 - INFO - Processed 120/385 entries
2025-12-03 09:50:00,036 - INFO - Processed 140/385 entries
2025-12-03 09:50:00,037 - INFO - Accessing: https://doi.org/10.1002/9780470422489
2025-12-03 09:50:02,251 - INFO - Processed 160/385 entries
2025-12-03 09:50:02,252 - INFO - Processed 180/385 entries
2025-12-03 09:50:02,252 - INFO - Accessing: https://doi.org/10.4135/9781452224794
2025-12-03 09:50:07,159 - INFO - Extracted 6479 characters from web
2025-12-03 09:50:07,160 - INFO - Web content extracted for kockSystemsAnalysisDesign2007: 6479 chars
2025-12-03 09:50:07,161 - INFO - Processed 200/385 entries
2025-12-03 09:50:07,162 - INFO - Accessing: https://doi.org/10.1017/CBO9780511498657
2025-12-03 09:50:11,397 - INFO - Extracted 124910 characters from web
2025-12-03 09:50:11,397 - INFO - Web content extracted for magnaniMoralityTechnologicalWorld2007: 8000 chars
2025-12-03 09:50:11,398 - INFO - Processed 220/385 entries
2025-12-03 09:50:11,398 - INFO - Accessing: https://doi.org/10.1007/978-3-540-71408-8
2025-12-03 09:50:13,736 - INFO - Extracted 5368 characters from web
2025-12-03 09:50:13,736 - INFO - Web content extracted for maierKnowledgeManagementSystems2007: 5368 chars
2025-12-03 09:50:13,737 - INFO - Accessing: https://doi.org/10.4324/9780203939857
2025-12-03 09:50:16,652 - INFO - Extracted 3395 characters from web
2025-12-03 09:50:16,652 - INFO - Web content extracted for mattessichTwoHundredYears2007: 3395 chars
2025-12-03 09:50:16,653 - INFO - Processed 240/385 entries
2025-12-03 09:50:16,654 - INFO - Accessing: https://doi.org/10.1017/CBO9780511546013
2025-12-03 09:50:18,795 - WARNING - Request failed for https://doi.org/10.1017/CBO9780511546013: HTTPConnectionPool(host='ebooks.cambridge.org', port=80): Max retries exceeded with url: /ref/id/CBO9780511546013 (Caused by NameResolutionError("<urllib3.connection.HTTPConnection object at 0x113578e10>: Failed to resolve 'ebooks.cambridge.org' ([Errno 8] nodename nor servname provided, or not known)"))
2025-12-03 09:50:18,796 - INFO - Processed 260/385 entries
2025-12-03 09:50:18,796 - INFO - Accessing: https://doi.org/10.1007/978-3-8349-8323-7
2025-12-03 09:50:19,318 - INFO - Extracted 5202 characters from web
2025-12-03 09:50:19,319 - INFO - Web content extracted for muller-langerCreatingRandDIncentives2009: 5202 chars
2025-12-03 09:50:19,320 - INFO - Accessing: https://doi.org/10.17226/11970
2025-12-03 09:50:25,647 - INFO - Extracted 7073 characters from web
2025-12-03 09:50:25,647 - INFO - Web content extracted for napToxicityTesting21st2007: 7073 chars
2025-12-03 09:50:25,648 - INFO - Accessing: https://doi.org/10.1093/acprof:oso/9780195171860.001.0001
2025-12-03 09:50:27,745 - INFO - Accessing: https://doi.org/10.4324/9780203960837
2025-12-03 09:50:30,666 - INFO - Extracted 4370 characters from web
2025-12-03 09:50:30,666 - INFO - Web content extracted for newellStraightChoicesPsychology2007: 4370 chars
2025-12-03 09:50:30,667 - INFO - Accessing: https://doi.org/10.17226/11820
2025-12-03 09:50:36,230 - INFO - Extracted 15258 characters from web
2025-12-03 09:50:36,230 - INFO - Web content extracted for nrcEarthScienceApplications2007: 8000 chars
2025-12-03 09:50:36,231 - INFO - Processed 280/385 entries
2025-12-03 09:50:36,232 - INFO - Processed 300/385 entries
2025-12-03 09:50:36,233 - INFO - Accessing: https://doi.org/10.1002/9780470169568
2025-12-03 09:50:38,078 - INFO - Accessing: https://doi.org/10.1017/CBO9780511722080
2025-12-03 09:50:41,990 - INFO - Extracted 118229 characters from web
2025-12-03 09:50:41,991 - INFO - Web content extracted for schwartzMedicalDecisionMaking2008: 8000 chars
2025-12-03 09:50:41,992 - INFO - Processed 320/385 entries
2025-12-03 09:50:41,993 - INFO - Processed 340/385 entries
2025-12-03 09:50:41,993 - INFO - Accessing: https://doi.org/10.1002/0470091754
2025-12-03 09:50:43,977 - INFO - Processed 360/385 entries
2025-12-03 09:50:43,977 - INFO - Accessing: https://doi.org/10.1007/3-540-29879-7
2025-12-03 09:50:46,464 - INFO - Extracted 5690 characters from web
2025-12-03 09:50:46,464 - INFO - Web content extracted for vossIntroductionComputationalOptimization2006: 5690 chars
2025-12-03 09:50:46,465 - INFO - Processed 380/385 entries
2025-12-03 09:50:46,721 - INFO - Processing books_2010_2012.bib: 352 entries
2025-12-03 09:50:46,724 - INFO - Processed 20/352 entries
2025-12-03 09:50:46,725 - INFO - Accessing: https://doi.org/10.4324/9780203115497
2025-12-03 09:50:49,411 - INFO - Extracted 4727 characters from web
2025-12-03 09:50:49,411 - INFO - Web content extracted for bewajiInsiderTradingDeveloping2012: 4727 chars
2025-12-03 09:50:49,412 - INFO - Processed 40/352 entries
2025-12-03 09:50:49,414 - INFO - Processed 60/352 entries
2025-12-03 09:50:49,414 - INFO - Accessing: https://doi.org/10.4018/978-1-4666-2512-9
2025-12-03 09:50:51,510 - WARNING - Request failed for https://doi.org/10.4018/978-1-4666-2512-9: 429 Client Error: Too Many Requests for url: http://services.igi-global.com/resolvedoi/resolve.aspx?doi=10.4018/978-1-4666-2512-9
2025-12-03 09:50:51,510 - INFO - Accessing: https://doi.org/10.1201/9781584887218
2025-12-03 09:50:54,429 - INFO - Extracted 2282 characters from web
2025-12-03 09:50:54,429 - INFO - Web content extracted for congdonAppliedBayesianHierarchical2010: 2282 chars
2025-12-03 09:50:54,430 - INFO - Processed 80/352 entries
2025-12-03 09:50:54,431 - INFO - Accessing: https://doi.org/10.1007/978-1-84996-017-5
2025-12-03 09:50:56,913 - INFO - Extracted 12213 characters from web
2025-12-03 09:50:56,913 - INFO - Web content extracted for dolguiSupplyChainEngineering2010: 8000 chars
2025-12-03 09:50:56,915 - INFO - Accessing: https://doi.org/10.1002/9781118445983
2025-12-03 09:50:59,194 - INFO - Processed 100/352 entries
2025-12-03 09:50:59,195 - INFO - Accessing: https://doi.org/10.1002/9783527636792
2025-12-03 09:51:01,326 - INFO - Processed 120/352 entries
2025-12-03 09:51:01,328 - INFO - Processed 140/352 entries
2025-12-03 09:51:01,328 - INFO - Accessing: https://doi.org/10.4324/9781936331246
2025-12-03 09:51:04,095 - INFO - Extracted 4842 characters from web
2025-12-03 09:51:04,095 - INFO - Web content extracted for hollandEconomicAnalysisEcosystembased2012: 4842 chars
2025-12-03 09:51:04,096 - INFO - Accessing: https://doi.org/10.1201/b10369
2025-12-03 09:51:06,922 - INFO - Extracted 2143 characters from web
2025-12-03 09:51:06,922 - INFO - Web content extracted for hustonStructuralSensingHealth2010: 2143 chars
2025-12-03 09:51:06,924 - INFO - Processed 160/352 entries
2025-12-03 09:51:06,926 - INFO - Accessing: https://doi.org/10.1007/978-3-642-11522-6
2025-12-03 09:51:09,389 - INFO - Extracted 5437 characters from web
2025-12-03 09:51:09,389 - INFO - Web content extracted for kshetriGlobalCybercrimeIndustry2010: 5437 chars
2025-12-03 09:51:09,390 - INFO - Processed 180/352 entries
2025-12-03 09:51:09,390 - INFO - Accessing: https://doi.org/10.6035/Sapientia63
2025-12-03 09:51:13,528 - INFO - Accessing: https://doi.org/10.1007/978-94-007-4839-2
2025-12-03 09:51:16,043 - INFO - Extracted 6338 characters from web
2025-12-03 09:51:16,043 - INFO - Web content extracted for laxminarayanValueInformationMethodological2012: 6338 chars
2025-12-03 09:51:16,045 - INFO - Processed 200/352 entries
2025-12-03 09:51:16,045 - INFO - Accessing: https://doi.org/10.1163/9789460911163
2025-12-03 09:51:18,296 - WARNING - Some characters could not be decoded, and were replaced with REPLACEMENT CHARACTER.
2025-12-03 09:51:18,298 - INFO - Accessing: https://doi.org/10.17226/12784
2025-12-03 09:51:23,524 - INFO - Extracted 8582 characters from web
2025-12-03 09:51:23,524 - INFO - Web content extracted for nationalresearchcouncilInformingEffectiveResponse2010: 8000 chars
2025-12-03 09:51:23,526 - INFO - Processed 220/352 entries
2025-12-03 09:51:23,527 - INFO - Accessing: https://doi.org/10.1002/9781444328226
2025-12-03 09:51:25,640 - INFO - Accessing: https://doi.org/10.1201/b11747
2025-12-03 09:51:28,473 - INFO - Extracted 3402 characters from web
2025-12-03 09:51:28,473 - INFO - Web content extracted for parkBuildingNetworkCapabilities2011: 3402 chars
2025-12-03 09:51:28,473 - INFO - Processed 240/352 entries
2025-12-03 09:51:28,475 - INFO - Accessing: https://doi.org/10.1142/7633
2025-12-03 09:51:30,644 - INFO - Processed 260/352 entries
2025-12-03 09:51:30,647 - INFO - Accessing: https://doi.org/10.1007/978-3-8349-3542-7
2025-12-03 09:51:33,207 - INFO - Extracted 3618 characters from web
2025-12-03 09:51:33,207 - INFO - Web content extracted for sammeckNewInstitutionalEconomics2012: 3618 chars
2025-12-03 09:51:33,207 - INFO - Accessing: https://doi.org/10.1002/9780470634431
2025-12-03 09:51:35,388 - INFO - Processed 280/352 entries
2025-12-03 09:51:35,389 - INFO - Accessing: https://doi.org/10.4018/978-1-60960-601-5
2025-12-03 09:51:37,561 - WARNING - Request failed for https://doi.org/10.4018/978-1-60960-601-5: 429 Client Error: Too Many Requests for url: http://services.igi-global.com/resolvedoi/resolve.aspx?doi=10.4018/978-1-60960-601-5
2025-12-03 09:51:37,562 - INFO - Accessing: https://doi.org/10.1093/acprof:oso/9780198262619.001.0001
2025-12-03 09:51:39,776 - INFO - Accessing: https://doi.org/10.1201/b11939
2025-12-03 09:51:42,775 - INFO - Extracted 13246 characters from web
2025-12-03 09:51:42,775 - INFO - Web content extracted for soaresAdvancesSafetyReliability2011: 8000 chars
2025-12-03 09:51:42,777 - INFO - Accessing: https://doi.org/10.4337/9780857937438
2025-12-03 09:51:44,974 - WARNING - Some characters could not be decoded, and were replaced with REPLACEMENT CHARACTER.
2025-12-03 09:51:44,974 - INFO - Accessing: https://doi.org/10.4337/9780857937438
2025-12-03 09:51:47,041 - WARNING - Some characters could not be decoded, and were replaced with REPLACEMENT CHARACTER.
2025-12-03 09:51:47,042 - INFO - Processed 300/352 entries
2025-12-03 09:51:47,042 - INFO - Accessing: https://doi.org/10.1002/9781118268155
2025-12-03 09:51:49,238 - INFO - Processed 320/352 entries
2025-12-03 09:51:49,239 - INFO - Accessing: https://doi.org/10.1002/9781119968382
2025-12-03 09:51:51,416 - INFO - Accessing: https://doi.org/10.1007/978-1-4419-9560-5
2025-12-03 09:51:53,949 - INFO - Extracted 8475 characters from web
2025-12-03 09:51:53,949 - INFO - Web content extracted for wangFuzzyStochasticOptimization2012: 8000 chars
2025-12-03 09:51:53,950 - INFO - Processed 340/352 entries
2025-12-03 09:51:53,951 - INFO - Accessing: https://doi.org/10.4324/9780203815274
2025-12-03 09:51:56,282 - INFO - Processing books_2013_2015.bib: 242 entries
2025-12-03 09:51:56,282 - INFO - Accessing: https://doi.org/10.1002/9781119199328
2025-12-03 09:51:58,324 - INFO - Accessing: https://doi.org/10.17226/18344
2025-12-03 09:52:03,368 - INFO - Extracted 10472 characters from web
2025-12-03 09:52:03,368 - INFO - Web content extracted for AssessingRisksEndangered2013: 8000 chars
2025-12-03 09:52:03,370 - INFO - Accessing: https://doi.org/10.1057/9781137361509
2025-12-03 09:52:05,738 - INFO - Extracted 6585 characters from web
2025-12-03 09:52:05,738 - INFO - Web content extracted for barneyLeadingValueCreation2013: 6585 chars
2025-12-03 09:52:05,739 - INFO - Accessing: https://doi.org/10.1007/978-1-4614-4478-7
2025-12-03 09:52:08,217 - INFO - Extracted 9618 characters from web
2025-12-03 09:52:08,218 - INFO - Web content extracted for belkinStrategicICTPlanning2013: 8000 chars
2025-12-03 09:52:08,219 - INFO - Processed 20/242 entries
2025-12-03 09:52:08,220 - INFO - Accessing: https://doi.org/10.4324/9780203427248
2025-12-03 09:52:10,905 - INFO - Extracted 3775 characters from web
2025-12-03 09:52:10,906 - INFO - Web content extracted for bruceVisualPerceptionPhysiology2014: 3775 chars
2025-12-03 09:52:10,906 - INFO - Processed 40/242 entries
2025-12-03 09:52:10,907 - INFO - Accessing: https://doi.org/10.1201/b13617
2025-12-03 09:52:13,730 - INFO - Extracted 3928 characters from web
2025-12-03 09:52:13,730 - INFO - Web content extracted for coieraGuideHealthInformatics2015: 3928 chars
2025-12-03 09:52:13,731 - INFO - Accessing: https://doi.org/10.4337/9781782549291
2025-12-03 09:52:15,855 - WARNING - Some characters could not be decoded, and were replaced with REPLACEMENT CHARACTER.
2025-12-03 09:52:15,856 - INFO - Accessing: https://doi.org/10.1201/b16387
2025-12-03 09:52:18,735 - INFO - Extracted 2362 characters from web
2025-12-03 09:52:18,735 - INFO - Web content extracted for deodatisSafetyReliabilityRisk2014: 2362 chars
2025-12-03 09:52:18,735 - INFO - Processed 60/242 entries
2025-12-03 09:52:18,735 - INFO - Accessing: https://doi.org/10.4324/9781315066257
2025-12-03 09:52:21,611 - INFO - Extracted 3548 characters from web
2025-12-03 09:52:21,612 - INFO - Web content extracted for dixonEconomicsDrylandManagement2013: 3548 chars
2025-12-03 09:52:21,612 - INFO - Accessing: https://doi.org/10.1007/978-3-319-15744-3
2025-12-03 09:52:23,921 - INFO - Extracted 11205 characters from web
2025-12-03 09:52:23,922 - INFO - Web content extracted for edlinCostEffectivenessModelling2015: 8000 chars
2025-12-03 09:52:23,923 - INFO - Processed 80/242 entries
2025-12-03 09:52:23,924 - INFO - Accessing: https://doi.org/10.4324/9781315686448
2025-12-03 09:52:26,736 - INFO - Extracted 4926 characters from web
2025-12-03 09:52:26,736 - INFO - Web content extracted for geislerPrinciplesKnowledgeManagement2015: 4926 chars
2025-12-03 09:52:26,737 - INFO - Accessing: https://doi.org/10.1007/978-3-8349-4234-0
2025-12-03 09:52:29,191 - INFO - Extracted 3884 characters from web
2025-12-03 09:52:29,191 - INFO - Web content extracted for haiderInformationSystemsEngineering2013: 3884 chars
2025-12-03 09:52:29,192 - INFO - Accessing: https://doi.org/10.1007/978-3-662-47923-0
2025-12-03 09:52:33,209 - INFO - Extracted 6258 characters from web
2025-12-03 09:52:33,210 - INFO - Web content extracted for heesenEffectiveStrategyExecution2015: 6258 chars
2025-12-03 09:52:33,211 - INFO - Accessing: https://doi.org/10.1007/978-3-319-06197-9
2025-12-03 09:52:35,944 - INFO - Extracted 8054 characters from web
2025-12-03 09:52:35,944 - INFO - Web content extracted for hernandezStrategicFacilitationComplex2014: 8000 chars
2025-12-03 09:52:35,945 - INFO - Processed 100/242 entries
2025-12-03 09:52:35,946 - INFO - Accessing: https://doi.org/10.4018/978-1-4666-8708-0
2025-12-03 09:52:38,094 - WARNING - Request failed for https://doi.org/10.4018/978-1-4666-8708-0: 429 Client Error: Too Many Requests for url: http://services.igi-global.com/resolvedoi/resolve.aspx?doi=10.4018/978-1-4666-8708-0
2025-12-03 09:52:38,094 - INFO - Accessing: https://doi.org/10.4324/9781315698052
2025-12-03 09:52:41,020 - INFO - Extracted 3685 characters from web
2025-12-03 09:52:41,021 - INFO - Web content extracted for hydeWorkingSiliconValley2015: 3685 chars
2025-12-03 09:52:41,023 - INFO - Processed 120/242 entries
2025-12-03 09:52:41,023 - INFO - Accessing: https://doi.org/10.4324/9781315145907
2025-12-03 09:52:43,769 - INFO - Extracted 4602 characters from web
2025-12-03 09:52:43,769 - INFO - Web content extracted for kangResponsiveSecurityBe2013: 4602 chars
2025-12-03 09:52:43,770 - INFO - Accessing: https://doi.org/10.4324/9781849776196
2025-12-03 09:52:46,570 - INFO - Extracted 6617 characters from web
2025-12-03 09:52:46,571 - INFO - Web content extracted for kaspersonGlobalEnvironmentalRisk2013: 6617 chars
2025-12-03 09:52:46,572 - INFO - Accessing: https://doi.org/10.1201/b19094-125
2025-12-03 09:52:48,734 - WARNING - Request failed for https://doi.org/10.1201/b19094-125: HTTPConnectionPool(host='www.crcnetbase.com', port=80): Max retries exceeded with url: /doi/10.1201/b19094-125 (Caused by NameResolutionError("<urllib3.connection.HTTPConnection object at 0x113775b50>: Failed to resolve 'www.crcnetbase.com' ([Errno 8] nodename nor servname provided, or not known)"))
2025-12-03 09:52:48,735 - INFO - Processed 140/242 entries
2025-12-03 09:52:48,736 - INFO - Accessing: https://doi.org/10.4324/9780203798737
2025-12-03 09:52:49,661 - INFO - Extracted 4760 characters from web
2025-12-03 09:52:49,661 - INFO - Web content extracted for mattessichRealityAccountingOntological2013: 4760 chars
2025-12-03 09:52:49,662 - INFO - Accessing: https://doi.org/10.4324/9780203394076
2025-12-03 09:52:52,543 - INFO - Extracted 4663 characters from web
2025-12-03 09:52:52,543 - INFO - Web content extracted for mcpakeHealthEconomicsInternational2013: 4663 chars
2025-12-03 09:52:52,544 - INFO - Processed 160/242 entries
2025-12-03 09:52:52,544 - INFO - Accessing: https://doi.org/10.1002/9781118536698
2025-12-03 09:52:54,712 - INFO - Accessing: https://doi.org/10.4324/9781315816562
2025-12-03 09:52:57,554 - INFO - Extracted 4258 characters from web
2025-12-03 09:52:57,554 - INFO - Web content extracted for newtonThinkingFeelingFostering2014: 4258 chars
2025-12-03 09:52:57,555 - INFO - Processed 180/242 entries
2025-12-03 09:52:57,557 - INFO - Accessing: https://doi.org/10.1057/9781137501158
2025-12-03 09:52:59,951 - INFO - Extracted 5008 characters from web
2025-12-03 09:52:59,951 - INFO - Web content extracted for roeOptimizingSupplyChain2015: 5008 chars
2025-12-03 09:52:59,952 - INFO - Accessing: https://doi.org/10.4018/978-1-4666-8228-3
2025-12-03 09:53:02,042 - WARNING - Request failed for https://doi.org/10.4018/978-1-4666-8228-3: 429 Client Error: Too Many Requests for url: http://services.igi-global.com/resolvedoi/resolve.aspx?doi=10.4018/978-1-4666-8228-3
2025-12-03 09:53:02,042 - INFO - Accessing: https://doi.org/10.1007/978-3-8349-4143-5
2025-12-03 09:53:04,540 - INFO - Extracted 4160 characters from web
2025-12-03 09:53:04,540 - INFO - Web content extracted for schaarschmidtFirmsOpenSource2014: 4160 chars
2025-12-03 09:53:04,540 - INFO - Processed 200/242 entries
2025-12-03 09:53:04,541 - INFO - Accessing: https://doi.org/10.1007/978-3-642-30344-9
2025-12-03 09:53:07,734 - INFO - Extracted 7456 characters from web
2025-12-03 09:53:07,734 - INFO - Web content extracted for skowronRoughSetsIntelligent2013: 7456 chars
2025-12-03 09:53:07,735 - INFO - Accessing: https://doi.org/10.4324/9781315633770
2025-12-03 09:53:10,462 - INFO - Extracted 3797 characters from web
2025-12-03 09:53:10,462 - INFO - Web content extracted for stehrKnowledgePoliticsGoverning2015: 3797 chars
2025-12-03 09:53:10,462 - INFO - Accessing: https://doi.org/10.4324/9781315070810
2025-12-03 09:53:13,402 - INFO - Extracted 5491 characters from web
2025-12-03 09:53:13,402 - INFO - Web content extracted for swansonGlobalActionBiodiversity2013: 5491 chars
2025-12-03 09:53:13,403 - INFO - Accessing: https://doi.org/10.4324/9781315665801
2025-12-03 09:53:16,138 - INFO - Extracted 3934 characters from web
2025-12-03 09:53:16,138 - INFO - Web content extracted for tinkelmanIntroductoryAccountingMeasurement2015: 3934 chars
2025-12-03 09:53:16,139 - INFO - Processed 220/242 entries
2025-12-03 09:53:16,140 - INFO - Processed 240/242 entries
2025-12-03 09:53:16,302 - INFO - Processing books_2016_2018.bib: 196 entries
2025-12-03 09:53:16,303 - INFO - Accessing: https://doi.org/10.4324/9781315543093
2025-12-03 09:53:18,961 - INFO - Extracted 2747 characters from web
2025-12-03 09:53:18,961 - INFO - Web content extracted for adolfKnowledgeKnowledgePower2016: 2747 chars
2025-12-03 09:53:18,962 - INFO - Accessing: https://doi.org/10.1007/978-3-319-55718-2
2025-12-03 09:53:21,401 - INFO - Extracted 7370 characters from web
2025-12-03 09:53:21,402 - INFO - Web content extracted for baioBayesianCosteffectivenessAnalysis2017: 7370 chars
2025-12-03 09:53:21,403 - INFO - Accessing: https://doi.org/10.7249/RR1482
2025-12-03 09:53:23,794 - INFO - Accessing: https://doi.org/10.4018/978-1-5225-2199-0
2025-12-03 09:53:25,969 - WARNING - Request failed for https://doi.org/10.4018/978-1-5225-2199-0: 429 Client Error: Too Many Requests for url: http://services.igi-global.com/resolvedoi/resolve.aspx?doi=10.4018/978-1-5225-2199-0
2025-12-03 09:53:25,970 - INFO - Processed 20/196 entries
2025-12-03 09:53:25,970 - INFO - Accessing: https://doi.org/10.1007/978-3-319-69989-9
2025-12-03 09:53:28,339 - INFO - Extracted 11575 characters from web
2025-12-03 09:53:28,339 - INFO - Web content extracted for berger-vachonComplexSystemsSolutions2018: 8000 chars
2025-12-03 09:53:28,340 - INFO - Accessing: https://doi.org/10.4337/9781783475544
2025-12-03 09:53:30,450 - WARNING - Some characters could not be decoded, and were replaced with REPLACEMENT CHARACTER.
2025-12-03 09:53:30,451 - INFO - Accessing: https://doi.org/10.1007/978-3-319-52259-3
2025-12-03 09:53:32,765 - INFO - Extracted 8717 characters from web
2025-12-03 09:53:32,765 - INFO - Web content extracted for borgonovoSensitivityAnalysis2017: 8000 chars
2025-12-03 09:53:32,767 - INFO - Processed 40/196 entries
2025-12-03 09:53:32,769 - INFO - Accessing: https://doi.org/10.13140/RG.2.2.36349.36327
2025-12-03 09:53:34,954 - INFO - Accessing: https://doi.org/10.1007/978-3-319-65052-4
2025-12-03 09:53:37,305 - INFO - Extracted 11251 characters from web
2025-12-03 09:53:37,305 - INFO - Web content extracted for diasElicitationScienceArt2018: 8000 chars
2025-12-03 09:53:37,307 - INFO - Processed 60/196 entries
2025-12-03 09:53:37,308 - INFO - Accessing: https://doi.org/10.1007/978-3-658-16623-6
2025-12-03 09:53:39,734 - INFO - Extracted 4058 characters from web
2025-12-03 09:53:39,734 - INFO - Web content extracted for frankeDynamicCapabilitiesUnd2017: 4058 chars
2025-12-03 09:53:39,734 - INFO - Accessing: https://doi.org/10.1057/9781137544254
2025-12-03 09:53:42,360 - INFO - Extracted 6735 characters from web
2025-12-03 09:53:42,360 - INFO - Web content extracted for fredvanraaijUnderstandingConsumerFinancial2016: 6735 chars
2025-12-03 09:53:42,362 - INFO - Accessing: https://doi.org/10.1007/978-3-319-58544-4
2025-12-03 09:53:45,405 - INFO - Extracted 7504 characters from web
2025-12-03 09:53:45,405 - INFO - Web content extracted for fujimotoResearchChallengesModeling2017: 7504 chars
2025-12-03 09:53:45,408 - INFO - Processed 80/196 entries
2025-12-03 09:53:45,409 - INFO - Accessing: https://doi.org/10.4324/9781351057028
2025-12-03 09:53:48,241 - INFO - Extracted 4154 characters from web
2025-12-03 09:53:48,242 - INFO - Web content extracted for haatajaCyberAttacksInternational2018: 4154 chars
2025-12-03 09:53:48,243 - INFO - Accessing: https://doi.org/10.5176/2425-0112_UPPD17.18
2025-12-03 09:53:50,478 - INFO - Accessing: https://doi.org/10.1007/978-3-662-47923-0
2025-12-03 09:53:52,731 - INFO - Extracted 6258 characters from web
2025-12-03 09:53:52,731 - INFO - Web content extracted for heesenEffectiveStrategyExecution2016: 6258 chars
2025-12-03 09:53:52,732 - INFO - Accessing: https://doi.org/10.4018/978-1-5225-2268-3
2025-12-03 09:53:54,892 - WARNING - Request failed for https://doi.org/10.4018/978-1-5225-2268-3: 429 Client Error: Too Many Requests for url: http://services.igi-global.com/resolvedoi/resolve.aspx?doi=10.4018/978-1-5225-2268-3
2025-12-03 09:53:54,893 - INFO - Accessing: https://doi.org/10.1007/978-3-319-92949-1
2025-12-03 09:53:57,408 - INFO - Extracted 5056 characters from web
2025-12-03 09:53:57,408 - INFO - Web content extracted for joannidesdelautourStrategicManagementAccounting2018: 5056 chars
2025-12-03 09:53:57,410 - INFO - Accessing: https://doi.org/10.4324/9781315145907
2025-12-03 09:54:00,075 - INFO - Extracted 4602 characters from web
2025-12-03 09:54:00,076 - INFO - Web content extracted for kangResponsiveSecurityBe2017: 4602 chars
2025-12-03 09:54:00,077 - INFO - Processed 100/196 entries
2025-12-03 09:54:00,078 - INFO - Accessing: https://doi.org/10.1007/978-94-017-7502-1
2025-12-03 09:54:02,574 - INFO - Extracted 6927 characters from web
2025-12-03 09:54:02,574 - INFO - Web content extracted for lawnResolvingClimateChange2016: 6927 chars
2025-12-03 09:54:02,576 - INFO - Accessing: https://doi.org/10.1007/978-3-319-44234-1
2025-12-03 09:54:04,938 - INFO - Extracted 7624 characters from web
2025-12-03 09:54:04,938 - INFO - Web content extracted for loucksWaterResourceSystems2017: 7624 chars
2025-12-03 09:54:04,939 - INFO - Accessing: https://doi.org/10.7249/RGSD408
2025-12-03 09:54:07,048 - INFO - Processed 120/196 entries
2025-12-03 09:54:07,049 - INFO - Accessing: https://doi.org/10.2139/ssrn.2995134
2025-12-03 09:54:09,447 - INFO - Accessing: https://doi.org/10.1016/C2014-0-02126-0
2025-12-03 09:54:12,228 - INFO - Accessing: https://doi.org/10.1017/9781316756706
2025-12-03 09:54:17,793 - INFO - Extracted 32688 characters from web
2025-12-03 09:54:17,794 - INFO - Web content extracted for parkerEconomicsEntrepreneurshipSecond2018: 8000 chars
2025-12-03 09:54:17,795 - INFO - Accessing: https://doi.org/10.13140/RG.2.2.15604.76160
2025-12-03 09:54:19,867 - INFO - Processed 140/196 entries
2025-12-03 09:54:19,868 - INFO - Accessing: https://doi.org/10.1007/978-3-319-50265-6
2025-12-03 09:54:22,478 - INFO - Extracted 6373 characters from web
2025-12-03 09:54:22,478 - INFO - Web content extracted for psarrosEnergyEfficiencyClauses2017: 6373 chars
2025-12-03 09:54:22,481 - INFO - Accessing: https://doi.org/10.1007/978-981-10-2567-9
2025-12-03 09:54:25,024 - INFO - Extracted 8808 characters from web
2025-12-03 09:54:25,024 - INFO - Web content extracted for roseEconomicConsequenceAnalysis2017a: 8000 chars
2025-12-03 09:54:25,026 - INFO - Accessing: https://doi.org/10.4324/9781351306041
2025-12-03 09:54:27,972 - INFO - Extracted 3300 characters from web
2025-12-03 09:54:27,972 - INFO - Web content extracted for schementTendenciesTensionsInformation2018: 3300 chars
2025-12-03 09:54:27,973 - INFO - Processed 160/196 entries
2025-12-03 09:54:27,974 - INFO - Accessing: https://doi.org/10.1201/9781315374406
2025-12-03 09:54:30,847 - INFO - Extracted 3871 characters from web
2025-12-03 09:54:30,847 - INFO - Web content extracted for silverInventoryProductionManagement2016: 3871 chars
2025-12-03 09:54:30,849 - INFO - Processed 180/196 entries
2025-12-03 09:54:30,850 - INFO - Accessing: https://doi.org/10.13140/RG.2.2.16198.37443
2025-12-03 09:54:32,922 - INFO - Accessing: https://doi.org/10.17226/24651
2025-12-03 09:54:39,328 - INFO - Extracted 7625 characters from web
2025-12-03 09:54:39,328 - INFO - Web content extracted for ValuingClimateDamages2017: 7625 chars
2025-12-03 09:54:39,329 - INFO - Accessing: https://doi.org/10.1007/978-3-319-67693-7
2025-12-03 09:54:41,772 - INFO - Extracted 10266 characters from web
2025-12-03 09:54:41,772 - INFO - Web content extracted for wangCloudbasedCyberphysicalSystems2017: 8000 chars
2025-12-03 09:54:41,773 - INFO - Accessing: https://doi.org/10.4324/9781315442129
2025-12-03 09:54:44,640 - INFO - Extracted 5801 characters from web
2025-12-03 09:54:44,640 - INFO - Web content extracted for weimerPolicyAnalysisConcepts2017: 5801 chars
2025-12-03 09:54:44,641 - INFO - Accessing: https://doi.org/10.5117/9789462980181
2025-12-03 09:54:47,446 - INFO - Extracted 3130 characters from web
2025-12-03 09:54:47,446 - INFO - Web content extracted for wesselsOpenDataKnowledge2017: 3130 chars
2025-12-03 09:54:47,447 - INFO - Accessing: https://doi.org/10.4324/9781315563527
2025-12-03 09:54:50,318 - INFO - Extracted 3408 characters from web
2025-12-03 09:54:50,318 - INFO - Web content extracted for zoogahTheoreticalPerspectivesStrategic2018: 3408 chars
2025-12-03 09:54:50,449 - INFO - Processing books_2019_2020.bib: 129 entries
2025-12-03 09:54:50,450 - INFO - Accessing: https://doi.org/10.4324/9780429278181
2025-12-03 09:54:53,072 - INFO - Extracted 3319 characters from web
2025-12-03 09:54:53,072 - INFO - Web content extracted for ardalanEquityHomeBias2019: 3319 chars
2025-12-03 09:54:53,073 - INFO - Accessing: https://doi.org/10.4018/978-1-5225-9570-0
2025-12-03 09:54:55,224 - WARNING - Request failed for https://doi.org/10.4018/978-1-5225-9570-0: 429 Client Error: Too Many Requests for url: https://services.igi-global.com/resolvedoi/resolve.aspx?doi=10.4018/978-1-5225-9570-0
2025-12-03 09:54:55,229 - INFO - Processed 20/129 entries
2025-12-03 09:54:55,229 - INFO - Accessing: https://doi.org/10.1007/978-3-030-20157-9
2025-12-03 09:54:57,813 - INFO - Extracted 5313 characters from web
2025-12-03 09:54:57,813 - INFO - Web content extracted for delautourStrategicManagementAccounting2019: 5313 chars
2025-12-03 09:54:57,814 - INFO - Accessing: https://doi.org/10.4324/9780429050084
2025-12-03 09:55:00,665 - INFO - Extracted 5723 characters from web
2025-12-03 09:55:00,665 - INFO - Web content extracted for dickensonManagingAirQuality2019: 5723 chars
2025-12-03 09:55:00,668 - INFO - Accessing: https://doi.org/10.13140/RG.2.2.20797.20964/1
2025-12-03 09:55:02,790 - INFO - Processed 40/129 entries
2025-12-03 09:55:02,790 - INFO - Accessing: https://doi.org/10.4324/9780429199929
2025-12-03 09:55:05,539 - INFO - Extracted 4091 characters from web
2025-12-03 09:55:05,540 - INFO - Web content extracted for hammittProbabilityAllWe2019: 4091 chars
2025-12-03 09:55:05,541 - INFO - Accessing: https://doi.org/10.1016/C2019-0-00943-0
2025-12-03 09:55:08,244 - INFO - Accessing: https://doi.org/10.2118/200579-MS
2025-12-03 09:55:10,417 - INFO - Accessing: https://doi.org/10.1007/978-3-658-31266-4
2025-12-03 09:55:13,546 - INFO - Extracted 4521 characters from web
2025-12-03 09:55:13,546 - INFO - Web content extracted for khoramchahiEquityCrowdfundingEssays2020: 4521 chars
2025-12-03 09:55:13,548 - INFO - Accessing: https://doi.org/10.1596/1813-9450-9307
2025-12-03 09:55:28,212 - INFO - Extracted 63473 characters from web
2025-12-03 09:55:28,213 - INFO - Web content extracted for krutillaImplementingPrecautionBenefitcost2020: 8000 chars
2025-12-03 09:55:28,214 - INFO - Accessing: https://doi.org/10.4324/9780429044571
2025-12-03 09:55:31,388 - INFO - Extracted 2124 characters from web
2025-12-03 09:55:31,388 - INFO - Web content extracted for lakosInternationalNegotiationsBibliography2019: 2124 chars
2025-12-03 09:55:31,389 - INFO - Processed 60/129 entries
2025-12-03 09:55:31,392 - INFO - Accessing: https://doi.org/10.1007/978-3-030-04565-4
2025-12-03 09:55:33,836 - INFO - Extracted 10166 characters from web
2025-12-03 09:55:33,836 - INFO - Web content extracted for linkovSciencePracticeResilience2019: 8000 chars
2025-12-03 09:55:33,839 - INFO - Accessing: https://doi.org/10.1142/11425
2025-12-03 09:55:35,990 - INFO - Accessing: https://doi.org/10.4324/9781315169729
2025-12-03 09:55:38,696 - INFO - Extracted 6281 characters from web
2025-12-03 09:55:38,697 - INFO - Web content extracted for mcpakeHealthEconomicsInternational2020: 6281 chars
2025-12-03 09:55:38,701 - INFO - Processed 80/129 entries
2025-12-03 09:55:38,704 - INFO - Accessing: https://doi.org/10.5075/epfl-irgc-273301
2025-12-03 09:55:42,537 - INFO - Extracted 904 characters from web
2025-12-03 09:55:42,537 - INFO - Web content extracted for nursimuluValueCreationPrecision2019: 904 chars
2025-12-03 09:55:42,540 - INFO - Accessing: https://doi.org/10.1007/978-981-13-3209-8
2025-12-03 09:55:44,984 - INFO - Extracted 6100 characters from web
2025-12-03 09:55:44,984 - INFO - Web content extracted for prabhuFogComputingDeep2019: 6100 chars
2025-12-03 09:55:44,985 - INFO - Accessing: https://doi.org/10.1575/1912/25090
2025-12-03 09:55:48,736 - INFO - Extracted 4266 characters from web
2025-12-03 09:55:48,736 - INFO - Web content extracted for prestonAdaptiveSamplingTransient2019: 4266 chars
2025-12-03 09:55:48,737 - INFO - Accessing: https://doi.org/10.1007/978-3-030-54330-3
2025-12-03 09:55:51,238 - INFO - Extracted 5774 characters from web
2025-12-03 09:55:51,238 - INFO - Web content extracted for puaschunderBehavioralEconomicsFinance2020: 5774 chars
2025-12-03 09:55:51,239 - INFO - Accessing: https://doi.org/10.1017/9781316676790
2025-12-03 09:55:55,147 - INFO - Extracted 27632 characters from web
2025-12-03 09:55:55,147 - INFO - Web content extracted for reynoldsGovernanceSolarGeoengineering2019: 8000 chars
2025-12-03 09:55:55,148 - INFO - Accessing: https://doi.org/10.1007/978-3-030-48066-0
2025-12-03 09:55:57,686 - INFO - Extracted 7410 characters from web
2025-12-03 09:55:57,687 - INFO - Web content extracted for ricciAnalysisCatastrophesTheir2020: 7410 chars
2025-12-03 09:55:57,688 - INFO - Processed 100/129 entries
2025-12-03 09:55:57,688 - INFO - Accessing: https://doi.org/10.5334/bci
2025-12-03 09:56:00,627 - INFO - Extracted 1840 characters from web
2025-12-03 09:56:00,627 - INFO - Web content extracted for rozellDangerousScienceScience2020: 1840 chars
2025-12-03 09:56:00,628 - INFO - Accessing: https://doi.org/10.1016/C2015-0-06892-7
2025-12-03 09:56:03,640 - INFO - Accessing: https://doi.org/10.31234/osf.io/udc42
2025-12-03 09:56:05,961 - INFO - Accessing: https://doi.org/10.7454/igcc.v1i2.57
2025-12-03 09:56:08,413 - INFO - Accessing: https://doi.org/10.1007/978-3-030-05381-9
2025-12-03 09:56:10,996 - INFO - Extracted 8259 characters from web
2025-12-03 09:56:10,996 - INFO - Web content extracted for sankaranImprovingForecastsIntegrated2019: 8000 chars
2025-12-03 09:56:10,999 - INFO - Accessing: https://doi.org/10.1007/978-3-030-46309-0
2025-12-03 09:56:13,347 - INFO - Extracted 12140 characters from web
2025-12-03 09:56:13,347 - INFO - Web content extracted for shneorAdvancesCrowdfundingResearch2020: 8000 chars
2025-12-03 09:56:13,350 - INFO - Accessing: https://doi.org/10.1353/book.74951
2025-12-03 09:56:16,143 - INFO - Extracted 14910 characters from web
2025-12-03 09:56:16,143 - INFO - Web content extracted for smithStructuredDecisionMaking2020: 8000 chars
2025-12-03 09:56:16,145 - INFO - Processed 120/129 entries
2025-12-03 09:56:16,146 - INFO - Accessing: https://doi.org/10.1007/978-3-319-91596-8
2025-12-03 09:56:18,517 - INFO - Extracted 6651 characters from web
2025-12-03 09:56:18,517 - INFO - Web content extracted for wodeckiArtificialIntelligenceValue2019: 6651 chars
2025-12-03 09:56:18,518 - INFO - Accessing: https://doi.org/10.1142/11647
2025-12-03 09:56:20,777 - INFO - Processing books_2021_2024.bib: 104 entries
2025-12-03 09:56:20,777 - INFO - Accessing: https://doi.org/10.1007/978-981-33-6652-7
2025-12-03 09:56:23,194 - INFO - Extracted 10142 characters from web
2025-12-03 09:56:23,194 - INFO - Web content extracted for abu-salihSocialBigData2021: 8000 chars
2025-12-03 09:56:23,197 - INFO - Accessing: https://doi.org/10.4337/9781035311996
2025-12-03 09:56:25,368 - WARNING - Some characters could not be decoded, and were replaced with REPLACEMENT CHARACTER.
2025-12-03 09:56:25,368 - INFO - Accessing: https://doi.org/10.1016/C2021-0-03020-0
2025-12-03 09:56:27,729 - INFO - Accessing: https://doi.org/10.4018/978-1-7998-6474-5
2025-12-03 09:56:29,913 - WARNING - Request failed for https://doi.org/10.4018/978-1-7998-6474-5: 429 Client Error: Too Many Requests for url: http://services.igi-global.com/resolvedoi/resolve.aspx?doi=10.4018/978-1-7998-6474-5
2025-12-03 09:56:29,913 - INFO - Accessing: https://doi.org/10.1007/978-3-658-35815-0
2025-12-03 09:56:32,510 - INFO - Extracted 3573 characters from web
2025-12-03 09:56:32,511 - INFO - Web content extracted for brambergerOpenBankingRepositioning2022: 3573 chars
2025-12-03 09:56:32,512 - INFO - Accessing: https://doi.org/10.4324/9781003223139
2025-12-03 09:56:35,285 - INFO - Extracted 3811 characters from web
2025-12-03 09:56:35,285 - INFO - Web content extracted for chohanPandemicsPublicValue2022: 3811 chars
2025-12-03 09:56:35,286 - INFO - Processed 20/104 entries
2025-12-03 09:56:35,286 - INFO - Accessing: https://doi.org/10.4324/9781003435167
2025-12-03 09:56:37,919 - INFO - Extracted 4493 characters from web
2025-12-03 09:56:37,919 - INFO - Web content extracted for connockMediaManagementLive2024: 4493 chars
2025-12-03 09:56:37,920 - INFO - Accessing: https://doi.org/10.4337/9781800375796
2025-12-03 09:56:40,165 - WARNING - Some characters could not be decoded, and were replaced with REPLACEMENT CHARACTER.
2025-12-03 09:56:40,166 - INFO - Accessing: https://doi.org/10.1201/9781003191124
2025-12-03 09:56:42,896 - INFO - Extracted 3306 characters from web
2025-12-03 09:56:42,897 - INFO - Web content extracted for demirelSustainableEngineeringProcess2023: 3306 chars
2025-12-03 09:56:42,897 - INFO - Accessing: https://doi.org/10.1515/9783111045238
2025-12-03 09:56:45,420 - INFO - Extracted 9884 characters from web
2025-12-03 09:56:45,420 - INFO - Web content extracted for fischerDisruptiveChangeCapital2023: 8000 chars
2025-12-03 09:56:45,421 - INFO - Accessing: https://doi.org/10.1007/978-3-030-79189-6
2025-12-03 09:56:47,970 - INFO - Extracted 6965 characters from web
2025-12-03 09:56:47,970 - INFO - Web content extracted for framinanModellingSupplyChain2021: 6965 chars
2025-12-03 09:56:47,971 - INFO - Processed 40/104 entries
2025-12-03 09:56:47,972 - INFO - Accessing: https://doi.org/10.1093/oso/9780190270582.001.0001
2025-12-03 09:56:50,168 - INFO - Accessing: https://doi.org/10.1891/9780826144751
2025-12-03 09:56:52,463 - INFO - Accessing: https://doi.org/10.4324/9781003200895
2025-12-03 09:56:55,161 - INFO - Extracted 3917 characters from web
2025-12-03 09:56:55,162 - INFO - Web content extracted for kissoonOptimalSpendingCybersecurity2021: 3917 chars
2025-12-03 09:56:55,163 - INFO - Processed 60/104 entries
2025-12-03 09:56:55,163 - INFO - Accessing: https://doi.org/10.4324/9781003128939
2025-12-03 09:56:57,822 - INFO - Extracted 4474 characters from web
2025-12-03 09:56:57,822 - INFO - Web content extracted for longshoreManagingLogisticsSystems2022: 4474 chars
2025-12-03 09:56:57,823 - INFO - Accessing: https://doi.org/10.1142/13374
2025-12-03 09:56:59,988 - INFO - Accessing: https://doi.org/10.17226/26055
2025-12-03 09:57:09,134 - INFO - Extracted 15258 characters from web
2025-12-03 09:57:09,134 - INFO - Web content extracted for nationalacademiesofsciencesGlobalChangeResearch2021: 8000 chars
2025-12-03 09:57:09,135 - INFO - Accessing: https://doi.org/10.4018/978-1-7998-3226-3
2025-12-03 09:57:11,128 - WARNING - Request failed for https://doi.org/10.4018/978-1-7998-3226-3: 429 Client Error: Too Many Requests for url: https://services.igi-global.com/resolvedoi/resolve.aspx?doi=10.4018/978-1-7998-3226-3
2025-12-03 09:57:11,129 - INFO - Accessing: https://doi.org/10.1201/9781003384809
2025-12-03 09:57:13,813 - INFO - Extracted 4187 characters from web
2025-12-03 09:57:13,813 - INFO - Web content extracted for ravaniAPPLICATIONSBLOCKCHAINTECHNOLOGY2024: 4187 chars
2025-12-03 09:57:13,814 - INFO - Processed 80/104 entries
2025-12-03 09:57:13,814 - INFO - Accessing: https://doi.org/10.1002/9781119238614
2025-12-03 09:57:15,936 - INFO - Accessing: https://doi.org/10.1007/978-981-16-5997-3
2025-12-03 09:57:18,605 - INFO - Extracted 5615 characters from web
2025-12-03 09:57:18,607 - INFO - Web content extracted for songSmartSupplyChain2021: 5615 chars
2025-12-03 09:57:18,607 - INFO - Accessing: https://doi.org/10.1093/oso/9780192843883.001.0001
2025-12-03 09:57:20,746 - INFO - Accessing: https://doi.org/10.1007/978-3-030-68402-0
2025-12-03 09:57:23,371 - INFO - Extracted 8352 characters from web
2025-12-03 09:57:23,372 - INFO - Web content extracted for tesfayDevelopingStructuredProcedural2021: 8000 chars
2025-12-03 09:57:23,373 - INFO - Accessing: https://doi.org/10.1007/978-3-031-26090-2
2025-12-03 09:57:25,731 - INFO - Extracted 11279 characters from web
2025-12-03 09:57:25,731 - INFO - Web content extracted for venuslunShippingLogisticsManagement2023: 8000 chars
2025-12-03 09:57:25,732 - INFO - Accessing: https://doi.org/10.11647/OBP.0321.05
2025-12-03 09:57:27,978 - INFO - Extracted 385 characters from web
2025-12-03 09:57:27,979 - INFO - Web content extracted for wintleImprovingReliabilityJudgements2022a: 385 chars
2025-12-03 09:57:27,979 - INFO - Processed 100/104 entries
2025-12-03 09:57:28,061 - INFO - Processing books_pre1990.bib: 65 entries
2025-12-03 09:57:28,061 - INFO - Accessing: https://doi.org/10.1007/978-1-4684-7329-2
2025-12-03 09:57:30,563 - INFO - Extracted 3724 characters from web
2025-12-03 09:57:30,563 - INFO - Web content extracted for aleksanderDecisionIntelligence1986: 3724 chars
2025-12-03 09:57:30,565 - INFO - Accessing: https://doi.org/10.7249/RM6299
2025-12-03 09:57:32,960 - INFO - Processed 20/65 entries
2025-12-03 09:57:32,964 - INFO - Processed 40/65 entries
2025-12-03 09:57:32,965 - INFO - Accessing: https://doi.org/10.1007/978-1-4612-1460-1
2025-12-03 09:57:35,350 - INFO - Extracted 5701 characters from web
2025-12-03 09:57:35,350 - INFO - Web content extracted for lawrenceEconomicValueInformation1999: 5701 chars
2025-12-03 09:57:35,353 - INFO - Accessing: https://doi.org/10.1007/978-3-642-59014-6
2025-12-03 09:57:37,768 - INFO - Extracted 3756 characters from web
2025-12-03 09:57:37,768 - INFO - Web content extracted for sandbillerDezentralitatUndMarkt1998: 3756 chars
2025-12-03 09:57:37,769 - INFO - Accessing: https://doi.org/10.1007/978-1-4615-5157-7
2025-12-03 09:57:40,253 - INFO - Extracted 6146 characters from web
2025-12-03 09:57:40,254 - INFO - Web content extracted for shebleComputationalAuctionMechanisms1999: 6146 chars
2025-12-03 09:57:40,255 - INFO - Processed 60/65 entries
2025-12-03 09:57:40,409 - INFO - Processing chapters_no_file.bib: 206 entries
2025-12-03 09:57:40,409 - INFO - Accessing: https://doi.org/10.1093/acrefore/9780190228613.013.126
2025-12-03 09:57:42,663 - WARNING - Some characters could not be decoded, and were replaced with REPLACEMENT CHARACTER.
2025-12-03 09:57:42,663 - INFO - Accessing: https://doi.org/10.1108/978-1-78714-525-220171002
2025-12-03 09:57:44,887 - INFO - Processed 20/206 entries
2025-12-03 09:57:44,888 - INFO - Processed 40/206 entries
2025-12-03 09:57:44,888 - INFO - Accessing: https://doi.org/10.1108/978-1-78714-525-220171004
2025-12-03 09:57:47,084 - INFO - Processed 60/206 entries
2025-12-03 09:57:47,084 - INFO - Accessing: https://doi.org/10.1016/B978-0-12-803843-7.00083-1
2025-12-03 09:57:49,889 - INFO - Accessing: https://doi.org/10.1108/978-1-78714-315-920161009
2025-12-03 09:57:52,130 - INFO - Accessing: https://doi.org/10.1108/978-1-78973-771-420191010
2025-12-03 09:57:54,337 - INFO - Processed 80/206 entries
2025-12-03 09:57:54,338 - INFO - Accessing: https://doi.org/10.1093/acrefore/9780190228613.013.287
2025-12-03 09:57:56,481 - WARNING - Some characters could not be decoded, and were replaced with REPLACEMENT CHARACTER.
2025-12-03 09:57:56,482 - INFO - Processed 100/206 entries
2025-12-03 09:57:56,484 - INFO - Processed 120/206 entries
2025-12-03 09:57:56,484 - INFO - Accessing: https://doi.org/10.1108/S1745-886220170000012020
2025-12-03 09:57:58,666 - INFO - Accessing: https://doi.org/10.1016/B978-0-12-800681-8.00022-0
2025-12-03 09:58:01,032 - INFO - Processed 140/206 entries
2025-12-03 09:58:01,032 - INFO - Accessing: https://doi.org/10.1016/B978-0-12-811714-9.00019-X
2025-12-03 09:58:03,408 - INFO - Accessing: https://doi.org/10.1002/9781118820650.ch49
2025-12-03 09:58:05,593 - INFO - Accessing: https://doi.org/10.1108/978-1-83867-179-220191010
2025-12-03 09:58:07,805 - INFO - Accessing: https://doi.org/10.1093/acrefore/9780190224851.013.149
2025-12-03 09:58:09,943 - WARNING - Some characters could not be decoded, and were replaced with REPLACEMENT CHARACTER.
2025-12-03 09:58:09,943 - INFO - Processed 160/206 entries
2025-12-03 09:58:09,945 - INFO - Processed 180/206 entries
2025-12-03 09:58:09,945 - INFO - Accessing: https://doi.org/10.1093/acrefore/9780190228620.013.328
2025-12-03 09:58:12,189 - WARNING - Some characters could not be decoded, and were replaced with REPLACEMENT CHARACTER.
2025-12-03 09:58:12,189 - INFO - Accessing: https://doi.org/10.1016/B978-0-12-815060-3.00008-6
2025-12-03 09:58:14,576 - INFO - Processed 200/206 entries
2025-12-03 09:58:15,231 - INFO - Processing documents.bib: 1067 entries
2025-12-03 09:58:15,232 - INFO - Accessing: https://doi.org/10.1017/S0951007900002655
2025-12-03 09:58:17,759 - INFO - Extracted 1842 characters from web
2025-12-03 09:58:17,759 - INFO - Web content extracted for acharyaAbbottThomasIll2009: 1842 chars
2025-12-03 09:58:17,759 - INFO - Accessing: https://doi.org/10.3929/ETHZ-B-000171372
2025-12-03 09:58:21,433 - INFO - Extracted 2922 characters from web
2025-12-03 09:58:21,433 - INFO - Web content extracted for adeyProcessEnableAutomation2017: 2922 chars
2025-12-03 09:58:21,434 - INFO - Accessing: https://doi.org/10.2139/ssrn.834565
2025-12-03 09:58:23,708 - INFO - Processed 20/1067 entries
2025-12-03 09:58:23,710 - INFO - Processed 40/1067 entries
2025-12-03 09:58:23,710 - INFO - Accessing: https://doi.org/10.2139/ssrn.2340104
2025-12-03 09:58:25,940 - INFO - Accessing: https://doi.org/10.4337/9781785366475
2025-12-03 09:58:28,098 - WARNING - Some characters could not be decoded, and were replaced with REPLACEMENT CHARACTER.
2025-12-03 09:58:28,099 - INFO - Accessing: https://doi.org/10.2139/ssrn.2263447
2025-12-03 09:58:30,260 - INFO - Processed 60/1067 entries
2025-12-03 09:58:30,260 - INFO - Accessing: https://doi.org/10.5220/0006292602540260
2025-12-03 09:58:34,086 - INFO - Extracted 6915 characters from web
2025-12-03 09:58:34,086 - INFO - Web content extracted for atlamOverviewRiskEstimation2017: 6915 chars
2025-12-03 09:58:34,087 - INFO - Accessing: https://doi.org/10.2139/ssrn.931225
2025-12-03 09:58:36,302 - INFO - Processed 80/1067 entries
2025-12-03 09:58:36,302 - INFO - Accessing: https://doi.org/10.14264/uql.2017.560
2025-12-03 09:58:39,149 - INFO - Accessing: https://doi.org/10.2139/ssrn.771227
2025-12-03 09:58:41,314 - INFO - Accessing: https://doi.org/10.2139/ssrn.731644
2025-12-03 09:58:43,482 - INFO - Processed 100/1067 entries
2025-12-03 09:58:43,483 - INFO - Accessing: https://doi.org/10.48550/arXiv.1206.3551
2025-12-03 09:58:45,660 - INFO - Extracted 3853 characters from web
2025-12-03 09:58:45,660 - INFO - Web content extracted for bhattacharjyaSensitivityAnalysisDecision2012: 3853 chars
2025-12-03 09:58:45,661 - INFO - Processed 120/1067 entries
2025-12-03 09:58:45,661 - INFO - Accessing: https://doi.org/10.2139/ssrn.871953
2025-12-03 09:58:47,877 - INFO - Accessing: https://doi.org/10.2139/ssrn.1737614
2025-12-03 09:58:50,130 - INFO - Accessing: https://doi.org/10.2139/ssrn.771245
2025-12-03 09:58:52,297 - INFO - Accessing: https://doi.org/10.2139/ssrn.871442
2025-12-03 09:58:54,490 - INFO - Processed 140/1067 entries
2025-12-03 09:58:54,490 - INFO - Accessing: https://doi.org/10.3386/w18102
2025-12-03 09:58:57,575 - INFO - Accessing: https://doi.org/10.14264/uql.2016.969
2025-12-03 09:59:00,331 - INFO - Processed 160/1067 entries
2025-12-03 09:59:00,333 - INFO - Accessing: https://doi.org/10.25148/etd.FI13080506
2025-12-03 09:59:03,676 - INFO - Extracted 3108 characters from web
2025-12-03 09:59:03,677 - INFO - Web content extracted for chatterjeeFourEssaysEnvironmental2013: 3108 chars
2025-12-03 09:59:03,677 - INFO - Processed 180/1067 entries
2025-12-03 09:59:03,679 - INFO - Accessing: https://doi.org/10.3310/hta16460
2025-12-03 09:59:05,900 - INFO - Processed 200/1067 entries
2025-12-03 09:59:05,902 - INFO - Processed 220/1067 entries
2025-12-03 09:59:05,902 - INFO - Accessing: https://doi.org/10.1024/1010-0652/a000085
2025-12-03 09:59:08,059 - INFO - Accessing: https://doi.org/10.2139/ssrn.1732755
2025-12-03 09:59:10,293 - INFO - Accessing: https://doi.org/10.21008/J.2083-4950.2017.7.5.3
2025-12-03 09:59:18,983 - INFO - Extracted 2368 characters from web
2025-12-03 09:59:18,983 - INFO - Web content extracted for czwajdaChallengesConceptMultiechelon2017: 2368 chars
2025-12-03 09:59:18,984 - INFO - Processed 240/1067 entries
2025-12-03 09:59:18,985 - INFO - Accessing: https://doi.org/10.1306/06040808074
2025-12-03 09:59:21,331 - INFO - Accessing: https://doi.org/10.2139/ssrn.773927
2025-12-03 09:59:23,583 - INFO - Accessing: https://doi.org/10.21236/ADA491814
2025-12-03 09:59:31,789 - WARNING - Request failed for https://doi.org/10.21236/ADA491814: HTTPSConnectionPool(host='www.dtic.mil', port=443): Max retries exceeded with url: /docs/citations/ADA491814 (Caused by SSLError(SSLCertVerificationError(1, '[SSL: CERTIFICATE_VERIFY_FAILED] certificate verify failed: unable to get local issuer certificate (_ssl.c:1020)')))
2025-12-03 09:59:31,789 - INFO - Processed 260/1067 entries
2025-12-03 09:59:31,789 - INFO - Accessing: https://doi.org/10.2139/ssrn.2628601
2025-12-03 09:59:32,032 - INFO - Accessing: https://doi.org/10.2139/ssrn.849025
2025-12-03 09:59:34,270 - INFO - Accessing: https://doi.org/10.1145/1458082.1458165
2025-12-03 09:59:36,479 - INFO - Processed 280/1067 entries
2025-12-03 09:59:36,479 - INFO - Accessing: https://doi.org/10.11647/OBP.0321.09
2025-12-03 09:59:38,787 - INFO - Extracted 385 characters from web
2025-12-03 09:59:38,787 - INFO - Web content extracted for downeyCreatingEvidenceBasedPolicy2022: 385 chars
2025-12-03 09:59:38,788 - INFO - Accessing: https://doi.org/10.1115/1.2943295
2025-12-03 09:59:40,992 - INFO - Accessing: https://doi.org/10.2139/ssrn.3811761
2025-12-03 09:59:43,303 - INFO - Processed 300/1067 entries
2025-12-03 09:59:43,303 - INFO - Accessing: https://doi.org/10.2139/ssrn.1916029
2025-12-03 09:59:45,554 - INFO - Accessing: https://doi.org/10.17169/refubium-11573
2025-12-03 09:59:48,029 - INFO - Extracted 6669 characters from web
2025-12-03 09:59:48,030 - INFO - Web content extracted for engberding-krugelNeuronaleGrundlagenBelohnungsabhangiger2012: 6669 chars
2025-12-03 09:59:48,032 - INFO - Accessing: https://doi.org/10.1037/0000342-007
2025-12-03 09:59:50,239 - INFO - Processed 320/1067 entries
2025-12-03 09:59:50,239 - INFO - Accessing: https://doi.org/10.1016/j.ocecoaman.2010.04.009
2025-12-03 09:59:53,126 - INFO - Processed 340/1067 entries
2025-12-03 09:59:53,126 - INFO - Accessing: https://doi.org/10.2139/ssrn.840564
2025-12-03 09:59:55,364 - INFO - Accessing: https://doi.org/10.2139/ssrn.847604
2025-12-03 09:59:57,612 - INFO - Accessing: https://doi.org/10.2139/ssrn.846311
2025-12-03 09:59:59,851 - INFO - Processed 360/1067 entries
2025-12-03 09:59:59,852 - INFO - Accessing: https://doi.org/10.2139/ssrn.856006
2025-12-03 10:00:02,122 - INFO - Accessing: https://doi.org/10.3310/hta12310
2025-12-03 10:00:04,305 - INFO - Accessing: https://doi.org/10.2139/ssrn.2813992
2025-12-03 10:00:06,546 - INFO - Processed 380/1067 entries
2025-12-03 10:00:06,547 - INFO - Accessing: https://doi.org/10.14264/uql.2016.778
2025-12-03 10:00:09,320 - INFO - Processed 400/1067 entries
2025-12-03 10:00:09,320 - INFO - Accessing: https://doi.org/10.2139/ssrn.2258347
2025-12-03 10:00:11,557 - INFO - Accessing: https://doi.org/10.2172/975377
2025-12-03 10:00:32,535 - INFO - Accessing: https://doi.org/10.2139/ssrn.3477380
2025-12-03 10:00:34,718 - INFO - Processed 420/1067 entries
2025-12-03 10:00:34,719 - INFO - Processed 440/1067 entries
2025-12-03 10:00:34,719 - INFO - Accessing: https://doi.org/10.1007/978-1-4899-7586-7_5-1
2025-12-03 10:00:38,042 - INFO - Extracted 115374 characters from web
2025-12-03 10:00:38,042 - INFO - Web content extracted for hoffmanaComparativeEffectivenessResearch2015: 8000 chars
2025-12-03 10:00:38,044 - INFO - Accessing: https://doi.org/10.2139/ssrn.2748673
2025-12-03 10:00:42,768 - INFO - Accessing: https://doi.org/10.1026/0932-4089/a000360
2025-12-03 10:00:45,047 - INFO - Processed 460/1067 entries
2025-12-03 10:00:45,049 - INFO - Accessing: https://doi.org/10.2139/ssrn.1929078
2025-12-03 10:00:47,300 - INFO - Accessing: https://doi.org/10.2139/ssrn.849044
2025-12-03 10:00:49,549 - INFO - Accessing: https://doi.org/10.17760/d20002808
2025-12-03 10:00:58,753 - INFO - Extracted 10316 characters from web
2025-12-03 10:00:58,753 - INFO - Web content extracted for ilginKanbancontrolledDisassemblyLine2010: 8000 chars
2025-12-03 10:00:58,755 - INFO - Processed 480/1067 entries
2025-12-03 10:00:58,755 - INFO - Accessing: https://doi.org/10.2139/ssrn.1653919
2025-12-03 10:01:01,014 - INFO - Accessing: https://doi.org/10.14264/uql.2017.53
2025-12-03 10:01:03,727 - INFO - Processed 500/1067 entries
2025-12-03 10:01:03,727 - INFO - Accessing: https://doi.org/10.1115/1.2844398
2025-12-03 10:01:05,857 - INFO - Processed 520/1067 entries
2025-12-03 10:01:05,859 - INFO - Processed 540/1067 entries
2025-12-03 10:01:05,860 - INFO - Processed 560/1067 entries
2025-12-03 10:01:05,861 - INFO - Accessing: https://doi.org/10.2139/ssrn.825585
2025-12-03 10:01:08,053 - INFO - Accessing: https://doi.org/10.26481/dis.20131112jl
2025-12-03 10:01:10,845 - INFO - Extracted 5815 characters from web
2025-12-03 10:01:10,845 - INFO - Web content extracted for lalValorizationPublicHealth2013: 5815 chars
2025-12-03 10:01:10,847 - INFO - Accessing: https://doi.org/10.21236/ADA458439
2025-12-03 10:01:12,961 - WARNING - Request failed for https://doi.org/10.21236/ADA458439: HTTPSConnectionPool(host='www.dtic.mil', port=443): Max retries exceeded with url: /docs/citations/ADA458439 (Caused by SSLError(SSLCertVerificationError(1, '[SSL: CERTIFICATE_VERIFY_FAILED] certificate verify failed: unable to get local issuer certificate (_ssl.c:1020)')))
2025-12-03 10:01:12,962 - INFO - Processed 580/1067 entries
2025-12-03 10:01:12,964 - INFO - Processed 600/1067 entries
2025-12-03 10:01:12,965 - INFO - Accessing: https://doi.org/10.21236/ADA473276
2025-12-03 10:01:13,142 - WARNING - Request failed for https://doi.org/10.21236/ADA473276: HTTPSConnectionPool(host='www.dtic.mil', port=443): Max retries exceeded with url: /docs/citations/ADA473276 (Caused by SSLError(SSLCertVerificationError(1, '[SSL: CERTIFICATE_VERIFY_FAILED] certificate verify failed: unable to get local issuer certificate (_ssl.c:1020)')))
2025-12-03 10:01:13,142 - INFO - Accessing: https://doi.org/10.2139/ssrn.855967
2025-12-03 10:01:13,388 - INFO - Accessing: https://doi.org/10.2139/ssrn.861885
2025-12-03 10:01:15,563 - INFO - Accessing: https://doi.org/10.1061/9780784482865.018
2025-12-03 10:01:17,769 - INFO - Processed 620/1067 entries
2025-12-03 10:01:17,769 - INFO - Accessing: https://doi.org/10.2139/ssrn.1651762
2025-12-03 10:01:20,021 - INFO - Accessing: https://doi.org/10.2139/ssrn.2650452
2025-12-03 10:01:22,336 - INFO - Accessing: https://doi.org/10.2172/803868
2025-12-03 10:01:26,371 - INFO - Processed 640/1067 entries
2025-12-03 10:01:26,371 - INFO - Accessing: https://doi.org/10.1144/petgeo2012-057
2025-12-03 10:01:29,624 - INFO - Accessing: https://doi.org/10.2139/ssrn.856044
2025-12-03 10:01:31,782 - INFO - Processed 660/1067 entries
2025-12-03 10:01:31,783 - INFO - Accessing: https://doi.org/10.2139/ssrn.855924
2025-12-03 10:01:33,942 - INFO - Accessing: https://doi.org/10.3310/hta19410
2025-12-03 10:01:36,069 - INFO - Accessing: https://doi.org/10.2139/ssrn.856005
2025-12-03 10:01:38,311 - INFO - Processed 680/1067 entries
2025-12-03 10:01:38,311 - INFO - Accessing: https://doi.org/10.25944/znmwse.2019.04.143162
2025-12-03 10:01:41,171 - INFO - Extracted 9565 characters from web
2025-12-03 10:01:41,171 - INFO - Web content extracted for mikosRozrachunkiPracownikamiTytulu2019: 8000 chars
2025-12-03 10:01:41,173 - INFO - Accessing: https://doi.org/10.1016/j.zefq.2011.04.006
2025-12-03 10:01:43,940 - INFO - Accessing: https://doi.org/10.2139/ssrn.840445
2025-12-03 10:01:46,200 - INFO - Processed 700/1067 entries
2025-12-03 10:01:46,200 - INFO - Accessing: https://doi.org/10.1201/9780429289095
2025-12-03 10:01:49,048 - INFO - Extracted 4906 characters from web
2025-12-03 10:01:49,048 - INFO - Web content extracted for mukherjeeGuideResearchMethodology2019: 4906 chars
2025-12-03 10:01:49,050 - INFO - Accessing: https://doi.org/10.21236/ADA431023
2025-12-03 10:01:51,260 - WARNING - Request failed for https://doi.org/10.21236/ADA431023: HTTPSConnectionPool(host='www.dtic.mil', port=443): Max retries exceeded with url: /docs/citations/ADA431023 (Caused by SSLError(SSLCertVerificationError(1, '[SSL: CERTIFICATE_VERIFY_FAILED] certificate verify failed: unable to get local issuer certificate (_ssl.c:1020)')))
2025-12-03 10:01:51,260 - INFO - Processed 720/1067 entries
2025-12-03 10:01:51,261 - INFO - Accessing: https://doi.org/10.2139/ssrn.762184
2025-12-03 10:01:51,512 - INFO - Accessing: https://doi.org/10.1007/s00187-008-0056-1
2025-12-03 10:01:54,255 - INFO - Extracted 67984 characters from web
2025-12-03 10:01:54,256 - INFO - Web content extracted for obermaierManagementAccountingResearch2008: 8000 chars
2025-12-03 10:01:54,257 - INFO - Accessing: https://doi.org/10.11647/OBP.0321.10
2025-12-03 10:01:56,489 - INFO - Extracted 385 characters from web
2025-12-03 10:01:56,490 - INFO - Web content extracted for ockendon10HowConservation2022: 385 chars
2025-12-03 10:01:56,490 - INFO - Processed 740/1067 entries
2025-12-03 10:01:56,491 - INFO - Processed 760/1067 entries
2025-12-03 10:01:56,491 - INFO - Accessing: https://doi.org/10.21236/ADA574352
2025-12-03 10:01:58,695 - WARNING - Request failed for https://doi.org/10.21236/ADA574352: HTTPSConnectionPool(host='www.dtic.mil', port=443): Max retries exceeded with url: /docs/citations/ADA574352 (Caused by SSLError(SSLCertVerificationError(1, '[SSL: CERTIFICATE_VERIFY_FAILED] certificate verify failed: unable to get local issuer certificate (_ssl.c:1020)')))
2025-12-03 10:01:58,697 - INFO - Accessing: https://doi.org/10.2217/17410541.6.1.103
2025-12-03 10:01:58,905 - INFO - Accessing: https://doi.org/10.2139/ssrn.771264
2025-12-03 10:02:01,156 - INFO - Processed 780/1067 entries
2025-12-03 10:02:01,157 - INFO - Accessing: https://doi.org/10.21236/ADA463942
2025-12-03 10:02:03,339 - WARNING - Request failed for https://doi.org/10.21236/ADA463942: HTTPSConnectionPool(host='www.dtic.mil', port=443): Max retries exceeded with url: /docs/citations/ADA463942 (Caused by SSLError(SSLCertVerificationError(1, '[SSL: CERTIFICATE_VERIFY_FAILED] certificate verify failed: unable to get local issuer certificate (_ssl.c:1020)')))
2025-12-03 10:02:03,340 - INFO - Accessing: https://doi.org/10.14264/uql.2016.464
2025-12-03 10:02:04,183 - INFO - Processed 800/1067 entries
2025-12-03 10:02:04,184 - INFO - Accessing: https://doi.org/10.1201/9781315374987-182
2025-12-03 10:02:06,480 - WARNING - Request failed for https://doi.org/10.1201/9781315374987-182: HTTPConnectionPool(host='www.crcnetbase.com', port=80): Max retries exceeded with url: /doi/10.1201/9781315374987-182 (Caused by NameResolutionError("<urllib3.connection.HTTPConnection object at 0x112f65ae0>: Failed to resolve 'www.crcnetbase.com' ([Errno 8] nodename nor servname provided, or not known)"))
2025-12-03 10:02:06,480 - INFO - Processed 820/1067 entries
2025-12-03 10:02:06,480 - INFO - Accessing: https://doi.org/10.4324/9780203794982
2025-12-03 10:02:07,278 - INFO - Extracted 10490 characters from web
2025-12-03 10:02:07,278 - INFO - Web content extracted for richardsComplexInterventionsHealth2015: 8000 chars
2025-12-03 10:02:07,279 - INFO - Accessing: https://doi.org/10.1002/aris.2007.1440410114
2025-12-03 10:02:09,565 - INFO - Accessing: https://doi.org/10.1108/AEAT-01-2018-0031
2025-12-03 10:02:11,828 - INFO - Accessing: https://doi.org/10.13009/EUCASS2019-381
2025-12-03 10:02:14,551 - INFO - Processed 840/1067 entries
2025-12-03 10:02:14,551 - INFO - Accessing: https://doi.org/10.3133/sir20155176
2025-12-03 10:02:17,593 - INFO - Extracted 29181 characters from web
2025-12-03 10:02:17,593 - INFO - Web content extracted for rungeDecisionAnalysisSupport2015: 8000 chars
2025-12-03 10:02:17,595 - INFO - Accessing: https://doi.org/10.2139/ssrn.871444
2025-12-03 10:02:19,841 - INFO - Processed 860/1067 entries
2025-12-03 10:02:19,842 - INFO - Accessing: https://doi.org/10.2139/ssrn.827085
2025-12-03 10:02:22,077 - INFO - Accessing: https://doi.org/10.21236/ADA552536
2025-12-03 10:02:24,273 - WARNING - Request failed for https://doi.org/10.21236/ADA552536: HTTPSConnectionPool(host='www.dtic.mil', port=443): Max retries exceeded with url: /docs/citations/ADA552536 (Caused by SSLError(SSLCertVerificationError(1, '[SSL: CERTIFICATE_VERIFY_FAILED] certificate verify failed: unable to get local issuer certificate (_ssl.c:1020)')))
2025-12-03 10:02:24,273 - INFO - Accessing: https://doi.org/10.21236/ADA534878
2025-12-03 10:02:25,595 - INFO - Accessing: https://doi.org/10.21236/ADA570387
2025-12-03 10:02:27,775 - WARNING - Request failed for https://doi.org/10.21236/ADA570387: HTTPSConnectionPool(host='www.dtic.mil', port=443): Max retries exceeded with url: /docs/citations/ADA570387 (Caused by SSLError(SSLCertVerificationError(1, '[SSL: CERTIFICATE_VERIFY_FAILED] certificate verify failed: unable to get local issuer certificate (_ssl.c:1020)')))
2025-12-03 10:02:27,775 - INFO - Processed 880/1067 entries
2025-12-03 10:02:27,776 - INFO - Accessing: https://doi.org/10.25560/86003
2025-12-03 10:02:32,724 - INFO - Extracted 5887 characters from web
2025-12-03 10:02:32,724 - INFO - Web content extracted for seakhoa-kingEnhancingValueTimesensitive2019: 5887 chars
2025-12-03 10:02:32,726 - INFO - Accessing: https://doi.org/10.2139/ssrn.2032100
2025-12-03 10:02:34,961 - INFO - Accessing: https://doi.org/10.2139/ssrn.855985
2025-12-03 10:02:37,220 - INFO - Accessing: https://doi.org/10.2139/ssrn.889311
2025-12-03 10:02:39,458 - INFO - Accessing: https://doi.org/10.2139/ssrn.2030376
2025-12-03 10:02:41,695 - INFO - Accessing: https://doi.org/10.1037/e519292015-001
2025-12-03 10:02:44,097 - INFO - Accessing: https://doi.org/10.2139/ssrn.2835753
2025-12-03 10:02:46,356 - INFO - Processed 900/1067 entries
2025-12-03 10:02:46,357 - INFO - Accessing: https://doi.org/10.1016/j.zefq.2015.06.012
2025-12-03 10:02:49,360 - INFO - Accessing: https://doi.org/10.1016/j.zefq.2013.10.020
2025-12-03 10:02:51,658 - INFO - Processed 920/1067 entries
2025-12-03 10:02:51,659 - INFO - Accessing: https://doi.org/10.2139/ssrn.825587
2025-12-03 10:02:53,892 - INFO - Accessing: https://doi.org/10.1214/088342304000000080
2025-12-03 10:02:56,513 - INFO - Processed 940/1067 entries
2025-12-03 10:02:56,514 - INFO - Accessing: https://doi.org/10.1007/BF00140504
2025-12-03 10:02:59,194 - INFO - Extracted 47029 characters from web
2025-12-03 10:02:59,194 - INFO - Web content extracted for stewartExpertJudgmentClimate1985: 8000 chars
2025-12-03 10:02:59,196 - INFO - Processed 960/1067 entries
2025-12-03 10:02:59,196 - INFO - Accessing: https://doi.org/10.1016/j.enpol.2012.07.034
2025-12-03 10:03:01,494 - INFO - Accessing: https://doi.org/10.7172/1689-9024.YARS.2021.14.24.2
2025-12-03 10:03:04,570 - INFO - Extracted 1343 characters from web
2025-12-03 10:03:04,570 - INFO - Web content extracted for sznajderNoStringsAttached2021: 1343 chars
2025-12-03 10:03:04,571 - INFO - Accessing: https://doi.org/10.1115/1.2976455
2025-12-03 10:03:06,761 - INFO - Accessing: https://doi.org/10.1115/1.4001974
2025-12-03 10:03:08,955 - INFO - Processed 980/1067 entries
2025-12-03 10:03:08,956 - INFO - Accessing: https://doi.org/10.2139/ssrn.812788
2025-12-03 10:03:11,184 - INFO - Processed 1000/1067 entries
2025-12-03 10:03:11,185 - INFO - Accessing: https://doi.org/10.2139/ssrn.1868687
2025-12-03 10:03:13,437 - INFO - Accessing: https://doi.org/10.2139/ssrn.855984
2025-12-03 10:03:15,688 - INFO - Accessing: https://doi.org/10.26481/dis.20121005ag
2025-12-03 10:03:18,416 - INFO - Extracted 13363 characters from web
2025-12-03 10:03:18,416 - INFO - Web content extracted for vangestelGlaucomaManagementEconomic2012: 8000 chars
2025-12-03 10:03:18,417 - INFO - Processed 1020/1067 entries
2025-12-03 10:03:18,418 - INFO - Accessing: https://doi.org/10.2139/ssrn.812986
2025-12-03 10:03:20,636 - INFO - Processed 1040/1067 entries
2025-12-03 10:03:20,636 - INFO - Accessing: https://doi.org/10.1201/9780429329326
2025-12-03 10:03:23,510 - INFO - Extracted 5499 characters from web
2025-12-03 10:03:23,510 - INFO - Web content extracted for wendtGreenSocialEconomy2021: 5499 chars
2025-12-03 10:03:23,511 - INFO - Accessing: https://doi.org/10.7916/D851452D
2025-12-03 10:03:27,176 - INFO - Extracted 1396 characters from web
2025-12-03 10:03:27,176 - INFO - Web content extracted for williamsSustainableDevelopmentAfrica2005: 1396 chars
2025-12-03 10:03:27,177 - INFO - Accessing: https://doi.org/10.11647/OBP.0321.05
2025-12-03 10:03:29,459 - INFO - Extracted 385 characters from web
2025-12-03 10:03:29,459 - INFO - Web content extracted for wintleImprovingReliabilityJudgements2022: 385 chars
2025-12-03 10:03:29,459 - INFO - Processed 1060/1067 entries
2025-12-03 10:03:29,460 - INFO - Accessing: https://doi.org/10.2139/ssrn.849127
2025-12-03 10:03:32,004 - INFO - Processing papers_1990_2000.bib: 260 entries
2025-12-03 10:03:32,004 - INFO - Accessing: https://doi.org/10.1177/00222429990634s114
2025-12-03 10:03:33,920 - INFO - Accessing: https://doi.org/10.1287/orsc.6.2.147
2025-12-03 10:03:36,124 - INFO - Accessing: https://doi.org/10.1177/002224299505900305
2025-12-03 10:03:38,324 - INFO - Accessing: https://doi.org/10.1177/002224299706100303
2025-12-03 10:03:42,516 - INFO - Accessing: https://doi.org/10.1080/10696679.1995.11501680
2025-12-03 10:03:44,699 - INFO - Accessing: https://doi.org/10.1002/j.2333-8504.1998.tb01753.x
2025-12-03 10:03:46,897 - INFO - Accessing: https://doi.org/10.1287/mksc.12.2.125
2025-12-03 10:03:49,101 - INFO - Accessing: https://doi.org/10.1287/mnsc.39.8.944
2025-12-03 10:03:51,219 - INFO - Accessing: https://doi.org/10.1287/mksc.17.4.406
2025-12-03 10:03:53,331 - INFO - Accessing: https://doi.org/10.1287/inte.25.1.69
2025-12-03 10:03:55,512 - INFO - Accessing: https://doi.org/10.1177/0272989X9801800209
2025-12-03 10:03:57,734 - INFO - Accessing: https://doi.org/10.1080/02630259808970233
2025-12-03 10:03:59,961 - INFO - Accessing: https://doi.org/10.1080/10429247.1994.11414809
2025-12-03 10:04:02,171 - INFO - Accessing: https://doi.org/10.18174/njas.v45i2.520
2025-12-03 10:04:04,593 - INFO - Extracted 6978 characters from web
2025-12-03 10:04:04,593 - INFO - Web content extracted for backusFarmDecisionMaking1997: 6978 chars
2025-12-03 10:04:04,594 - INFO - Accessing: https://doi.org/10.1007/BF00437235
2025-12-03 10:04:07,292 - INFO - Extracted 30903 characters from web
2025-12-03 10:04:07,292 - INFO - Web content extracted for balakrishnanInformationTradeoffsModel1991: 8000 chars
2025-12-03 10:04:07,293 - INFO - Accessing: https://doi.org/10.1177/144078339302900106
2025-12-03 10:04:09,468 - INFO - Accessing: https://doi.org/10.1287/opre.41.3.435
2025-12-03 10:04:11,581 - INFO - Accessing: https://doi.org/10.1111/1467-9515.00132
2025-12-03 10:04:13,777 - INFO - Accessing: https://doi.org/10.1080/10807039.1996.10387469
2025-12-03 10:04:15,982 - INFO - Processed 20/260 entries
2025-12-03 10:04:15,983 - INFO - Accessing: https://doi.org/10.1287/mksc.17.1.66
2025-12-03 10:04:18,165 - INFO - Accessing: https://doi.org/10.1287/isre.10.1.70
2025-12-03 10:04:20,275 - INFO - Accessing: https://doi.org/10.1287/mnsc.41.9.1471
2025-12-03 10:04:22,383 - INFO - Accessing: https://doi.org/10.1177/002224299305700407
2025-12-03 10:04:24,586 - INFO - Accessing: https://doi.org/10.1111/j.1539-6924.1999.tb00391.x
2025-12-03 10:04:26,773 - INFO - Accessing: https://doi.org/10.2307/440019
2025-12-03 10:04:29,377 - INFO - Accessing: https://doi.org/10.1287/ijoc.9.2.111
2025-12-03 10:04:31,567 - INFO - Accessing: https://doi.org/10.1080/10811689909368688
2025-12-03 10:04:33,711 - INFO - Accessing: https://doi.org/10.2134/agronj1996.00021962008800050005x
2025-12-03 10:04:35,914 - INFO - Accessing: https://doi.org/10.1111/j.1539-6924.1995.tb01344.x
2025-12-03 10:04:38,037 - INFO - Accessing: https://doi.org/10.1177/104225879201600304
2025-12-03 10:04:40,180 - INFO - Accessing: https://doi.org/10.1287/mnsc.42.4.541
2025-12-03 10:04:42,382 - INFO - Accessing: https://doi.org/10.1146/annurev.cs.04.060190.002143
2025-12-03 10:04:44,872 - INFO - Accessing: https://doi.org/10.1287/isre.4.4.299
2025-12-03 10:04:46,986 - INFO - Accessing: https://doi.org/10.1287/mnsc.45.8.1091
2025-12-03 10:04:49,099 - INFO - Accessing: https://doi.org/10.1287/mnsc.45.7.936
2025-12-03 10:04:51,211 - INFO - Accessing: https://doi.org/10.1162/jiec.1998.2.1.79
2025-12-03 10:04:53,325 - INFO - Accessing: https://doi.org/10.1061/(ASCE)1052-3928(1993)119:4(346)
2025-12-03 10:04:55,446 - INFO - Accessing: https://doi.org/10.1111/j.1752-1688.1999.tb04232.x
2025-12-03 10:04:57,562 - INFO - Processed 40/260 entries
2025-12-03 10:04:57,562 - INFO - Accessing: https://doi.org/10.1016/S0277-9536(96)00221-3
2025-12-03 10:05:00,447 - INFO - Accessing: https://doi.org/10.1287/inte.28.2.80
2025-12-03 10:05:02,576 - INFO - Accessing: https://doi.org/10.1287/mnsc.45.8.1076
2025-12-03 10:05:04,695 - INFO - Accessing: https://doi.org/10.1287/mnsc.44.12.S221
2025-12-03 10:05:06,810 - INFO - Accessing: https://doi.org/10.1177/026839629501000403
2025-12-03 10:05:08,949 - INFO - Accessing: https://doi.org/10.1287/mnsc.45.2.208
2025-12-03 10:05:11,064 - INFO - Accessing: https://doi.org/10.1023/A:1006917509560
2025-12-03 10:05:13,467 - INFO - Accessing: https://doi.org/10.1002/bdm.3960050107
2025-12-03 10:05:15,589 - INFO - Accessing: https://doi.org/10.1023/A:1019077814917
2025-12-03 10:05:18,190 - INFO - Extracted 84044 characters from web
2025-12-03 10:05:18,190 - INFO - Web content extracted for cohenScientistStakeholderCollaboration1997: 8000 chars
2025-12-03 10:05:18,192 - INFO - Accessing: https://doi.org/10.1287/mnsc.45.4.597
2025-12-03 10:05:21,271 - INFO - Accessing: https://doi.org/10.1002/hrm.3930320109
2025-12-03 10:05:23,456 - INFO - Accessing: https://doi.org/10.1287/mnsc.36.2.123
2025-12-03 10:05:25,638 - INFO - Accessing: https://doi.org/10.1016/S0160-4120(99)00062-8
2025-12-03 10:05:28,079 - INFO - Accessing: https://doi.org/10.1287/orsc.10.1.104
2025-12-03 10:05:30,272 - INFO - Accessing: https://doi.org/10.1111/j.1539-6924.1996.tb01437.x
2025-12-03 10:05:32,454 - INFO - Accessing: https://doi.org/10.1002/int.4550060405
2025-12-03 10:05:34,649 - INFO - Accessing: https://doi.org/10.1080/07421222.1991.11517904
2025-12-03 10:05:36,833 - INFO - Accessing: https://doi.org/10.1126/science.259.5103.1813
2025-12-03 10:05:39,043 - INFO - Processed 60/260 entries
2025-12-03 10:05:39,043 - INFO - Accessing: https://doi.org/10.1016/0301-4215(93)90243-9
2025-12-03 10:05:41,421 - INFO - Accessing: https://doi.org/10.1145/242223.242268
2025-12-03 10:05:43,645 - INFO - Accessing: https://doi.org/10.1145/568498.568500
2025-12-03 10:05:45,846 - INFO - Accessing: https://doi.org/10.1287/opre.38.3.386
2025-12-03 10:05:48,025 - INFO - Accessing: https://doi.org/10.1080/13657309709380207
2025-12-03 10:05:50,242 - INFO - Accessing: https://doi.org/10.13182/NT91-A34542
2025-12-03 10:05:52,429 - INFO - Accessing: https://doi.org/10.1111/j.1467-6486.1991.tb00271.x
2025-12-03 10:05:54,615 - INFO - Accessing: https://doi.org/10.1006/rtph.1994.1034
2025-12-03 10:05:56,987 - INFO - Accessing: https://doi.org/10.1080/13504509709469961
2025-12-03 10:05:59,103 - INFO - Accessing: https://doi.org/10.1086/mre.7.2.42628951
2025-12-03 10:06:01,236 - INFO - Accessing: https://doi.org/10.1177/0272989X9801800117
2025-12-03 10:06:03,372 - INFO - Accessing: https://doi.org/10.1111/j.1539-6924.1990.tb01050.x
2025-12-03 10:06:05,561 - INFO - Accessing: https://doi.org/10.1146/annurev.pu.14.050193.001151
2025-12-03 10:06:07,778 - INFO - Accessing: https://doi.org/10.3109/14767059609025429
2025-12-03 10:06:09,996 - INFO - Accessing: https://doi.org/10.1080/12460125.1995.10511643
2025-12-03 10:06:12,212 - INFO - Accessing: https://doi.org/10.1080/03081069508717565
2025-12-03 10:06:14,415 - INFO - Accessing: https://doi.org/10.2134/jpa1999.0551
2025-12-03 10:06:16,554 - INFO - Accessing: https://doi.org/10.2165/00019053-199814020-00005
2025-12-03 10:06:19,224 - INFO - Extracted 60016 characters from web
2025-12-03 10:06:19,225 - INFO - Web content extracted for freedbergCostEffectivenessProphylaxis1998: 8000 chars
2025-12-03 10:06:19,226 - INFO - Accessing: https://doi.org/10.1061/(ASCE)0733-9402(1992)118:1(38)
2025-12-03 10:06:21,388 - INFO - Accessing: https://doi.org/10.1023/A:1018998216791
2025-12-03 10:06:24,149 - INFO - Extracted 114543 characters from web
2025-12-03 10:06:24,149 - INFO - Web content extracted for gassmannNoTitleFound1998: 8000 chars
2025-12-03 10:06:24,150 - INFO - Processed 80/260 entries
2025-12-03 10:06:24,150 - INFO - Accessing: https://doi.org/10.1287/mnsc.45.1.16
2025-12-03 10:06:26,229 - INFO - Accessing: https://doi.org/10.1287/mnsc.40.10.1276
2025-12-03 10:06:28,346 - INFO - Accessing: https://doi.org/10.1504/IJGEI.1999.000832
2025-12-03 10:06:30,713 - INFO - Accessing: https://doi.org/10.7326/0003-4819-130-12-199906150-00019
2025-12-03 10:06:32,864 - INFO - Accessing: https://doi.org/10.1146/annurev.publhealth.19.1.125
2025-12-03 10:06:35,090 - INFO - Accessing: https://doi.org/10.1287/msom.1.1.50
2025-12-03 10:06:37,210 - INFO - Accessing: https://doi.org/10.1300/J066v10n03_08
2025-12-03 10:06:39,328 - INFO - Accessing: https://doi.org/10.1016/S0377-2217(96)00166-X
2025-12-03 10:06:42,279 - INFO - Accessing: https://doi.org/10.1023/A:1005499206442
2025-12-03 10:06:45,807 - INFO - Extracted 46287 characters from web
2025-12-03 10:06:45,808 - INFO - Web content extracted for hammittEvaluationEndpointsClimate1999: 8000 chars
2025-12-03 10:06:45,810 - INFO - Accessing: https://doi.org/10.1111/j.1539-6924.1999.tb00395.x
2025-12-03 10:06:47,978 - INFO - Accessing: https://doi.org/10.1023/A:1007760327375
2025-12-03 10:06:50,650 - INFO - Extracted 71287 characters from web
2025-12-03 10:06:50,650 - INFO - Web content extracted for hammittNoTitleFound1999: 8000 chars
2025-12-03 10:06:50,652 - INFO - Accessing: https://doi.org/10.1111/j.1539-6924.1990.tb01024.x
2025-12-03 10:06:52,802 - INFO - Accessing: https://doi.org/10.1080/02691729508578768
2025-12-03 10:06:55,028 - INFO - Accessing: https://doi.org/10.1007/BF00996715
2025-12-03 10:06:57,635 - INFO - Extracted 37378 characters from web
2025-12-03 10:06:57,635 - INFO - Web content extracted for hatcherUniquenessGroupDecision1990: 8000 chars
2025-12-03 10:06:57,636 - INFO - Accessing: https://doi.org/10.1007/BF00996606
2025-12-03 10:07:00,206 - INFO - Extracted 62872 characters from web
2025-12-03 10:07:00,207 - INFO - Web content extracted for hatcherVotingPrioritiesHealth1994: 8000 chars
2025-12-03 10:07:00,208 - INFO - Accessing: https://doi.org/10.1109/34.204912
2025-12-03 10:07:03,083 - INFO - Accessing: https://doi.org/10.1055/s-0038-1634867
2025-12-03 10:07:06,151 - INFO - Extracted 20193 characters from web
2025-12-03 10:07:06,151 - INFO - Web content extracted for heckermanNormativeExpertSystems1992: 8000 chars
2025-12-03 10:07:06,152 - INFO - Accessing: https://doi.org/10.1287/opre.38.4.634
2025-12-03 10:07:08,307 - INFO - Accessing: https://doi.org/10.1016/0301-4215(94)90016-7
2025-12-03 10:07:10,598 - INFO - Processed 100/260 entries
2025-12-03 10:07:10,598 - INFO - Accessing: https://doi.org/10.1080/03031853.1994.9524768
2025-12-03 10:07:12,791 - INFO - Accessing: https://doi.org/10.1287/orsc.10.2.199
2025-12-03 10:07:14,910 - INFO - Accessing: https://doi.org/10.1006/jema.1996.0116
2025-12-03 10:07:17,278 - INFO - Accessing: https://doi.org/10.1023/A:1005376622183
2025-12-03 10:07:19,819 - INFO - Extracted 57980 characters from web
2025-12-03 10:07:19,820 - INFO - Web content extracted for hobbsNoTitleFound1997: 8000 chars
2025-12-03 10:07:19,821 - INFO - Accessing: https://doi.org/10.1146/annurev.pu.17.050196.002343
2025-12-03 10:07:21,937 - INFO - Accessing: https://doi.org/10.7326/0003-4819-127-8_Part_2-199710151-00053
2025-12-03 10:07:24,132 - INFO - Accessing: https://doi.org/10.1287/opre.44.5.696
2025-12-03 10:07:26,312 - INFO - Accessing: https://doi.org/10.1145/142386.1055546
2025-12-03 10:07:28,456 - INFO - Accessing: https://doi.org/10.1007/BF01575814
2025-12-03 10:07:31,003 - INFO - Extracted 77817 characters from web
2025-12-03 10:07:31,003 - INFO - Web content extracted for hutchinsonKnowledgeDisseminationUse1994: 8000 chars
2025-12-03 10:07:31,005 - INFO - Accessing: https://doi.org/10.2307/1349528
2025-12-03 10:07:33,352 - INFO - Accessing: https://doi.org/10.1287/mnsc.43.4.559
2025-12-03 10:07:35,467 - INFO - Accessing: https://doi.org/10.1080/10293574.1995.10510475
2025-12-03 10:07:37,611 - INFO - Accessing: https://doi.org/10.1007/BF01126111
2025-12-03 10:07:40,232 - INFO - Extracted 89629 characters from web
2025-12-03 10:07:40,233 - INFO - Web content extracted for jamesonNumericalUncertaintyManagement1996: 8000 chars
2025-12-03 10:07:40,234 - INFO - Accessing: https://doi.org/10.1007/BF01351397
2025-12-03 10:07:42,806 - INFO - Extracted 44374 characters from web
2025-12-03 10:07:42,806 - INFO - Web content extracted for jawaharKnowledgebasedWorkcellAttribute1998: 8000 chars
2025-12-03 10:07:42,807 - INFO - Accessing: https://doi.org/10.3109/10408419609105483
2025-12-03 10:07:44,927 - INFO - Accessing: https://doi.org/10.1111/j.1539-6924.1995.tb00332.x
2025-12-03 10:07:47,059 - INFO - Accessing: https://doi.org/10.1002/pds.2630010507
2025-12-03 10:07:49,235 - INFO - Accessing: https://doi.org/10.1287/mnsc.41.4.577
2025-12-03 10:07:51,345 - INFO - Accessing: https://doi.org/10.1080/02630259008970577
2025-12-03 10:07:53,483 - INFO - Accessing: https://doi.org/10.1007/BF02562668
2025-12-03 10:07:56,217 - INFO - Extracted 58620 characters from web
2025-12-03 10:07:56,217 - INFO - Web content extracted for kadaneSeveralBayesiansReview1993: 8000 chars
2025-12-03 10:07:56,219 - INFO - Processed 120/260 entries
2025-12-03 10:07:56,219 - INFO - Accessing: https://doi.org/10.1007/BF00141477
2025-12-03 10:07:58,807 - INFO - Extracted 43828 characters from web
2025-12-03 10:07:58,807 - INFO - Web content extracted for kadvanyTamingChanceRisk1996: 8000 chars
2025-12-03 10:07:58,808 - INFO - Accessing: https://doi.org/10.1287/mnsc.39.1.17
2025-12-03 10:08:00,968 - INFO - Accessing: https://doi.org/10.1177/002224299505900101
2025-12-03 10:08:03,202 - INFO - Accessing: https://doi.org/10.1086/467927
2025-12-03 10:08:05,557 - INFO - Accessing: https://doi.org/10.1080/07421222.1996.11518112
2025-12-03 10:08:07,749 - INFO - Accessing: https://doi.org/10.1007/BF01096270
2025-12-03 10:08:10,324 - INFO - Extracted 75745 characters from web
2025-12-03 10:08:10,324 - INFO - Web content extracted for kearneyUnderstandingGlobalChange1994: 8000 chars
2025-12-03 10:08:10,326 - INFO - Accessing: https://doi.org/10.1287/mnsc.45.4.533
2025-12-03 10:08:12,475 - INFO - Accessing: https://doi.org/10.2307/1349457
2025-12-03 10:08:14,678 - INFO - Accessing: https://doi.org/10.1037/0033-2909.107.3.296
2025-12-03 10:08:16,898 - INFO - Accessing: https://doi.org/10.1111/1467-6419.00083
2025-12-03 10:08:19,085 - INFO - Accessing: https://doi.org/10.1287/mnsc.37.1.19
2025-12-03 10:08:21,270 - INFO - Accessing: https://doi.org/10.2307/41165744
2025-12-03 10:08:23,461 - INFO - Accessing: https://doi.org/10.1287/mnsc.37.5.519
2025-12-03 10:08:25,641 - INFO - Accessing: https://doi.org/10.1080/10807039709383731
2025-12-03 10:08:27,828 - INFO - Accessing: https://doi.org/10.1287/orsc.9.3.255
2025-12-03 10:08:29,947 - INFO - Accessing: https://doi.org/10.1142/S1464333299000272
2025-12-03 10:08:32,097 - INFO - Accessing: https://doi.org/10.1007/s100220050003
2025-12-03 10:08:34,758 - INFO - Extracted 21706 characters from web
2025-12-03 10:08:34,758 - INFO - Web content extracted for kruberApplicationDecisionAnalysis1998: 8000 chars
2025-12-03 10:08:34,759 - INFO - Accessing: https://doi.org/10.1139/f98-206
2025-12-03 10:08:37,067 - INFO - Processed 140/260 entries
2025-12-03 10:08:37,067 - INFO - Accessing: https://doi.org/10.1177/002224379503200107
2025-12-03 10:08:39,206 - INFO - Accessing: https://doi.org/10.1177/030913259301700309
2025-12-03 10:08:41,329 - INFO - Accessing: https://doi.org/10.1111/j.1539-6924.1994.tb00283.x
2025-12-03 10:08:43,509 - INFO - Accessing: https://doi.org/10.1287/inte.23.4.1
2025-12-03 10:08:45,697 - INFO - Accessing: https://doi.org/10.1287/mnsc.43.4.546
2025-12-03 10:08:47,818 - INFO - Accessing: https://doi.org/10.1287/opre.41.5.835
2025-12-03 10:08:49,932 - INFO - Accessing: https://doi.org/10.1023/A:1006549208889
2025-12-03 10:08:52,475 - INFO - Extracted 32784 characters from web
2025-12-03 10:08:52,476 - INFO - Web content extracted for leeNoTitleFound1999: 8000 chars
2025-12-03 10:08:52,477 - INFO - Accessing: https://doi.org/10.1161/01.CIR.91.6.1659
2025-12-03 10:08:54,584 - INFO - Accessing: https://doi.org/10.1287/mksc.16.3.185
2025-12-03 10:08:56,716 - INFO - Accessing: https://doi.org/10.1007/BF00140248
2025-12-03 10:08:59,338 - INFO - Extracted 47560 characters from web
2025-12-03 10:08:59,339 - INFO - Web content extracted for lempertWhenWeDont1996: 8000 chars
2025-12-03 10:08:59,340 - INFO - Accessing: https://doi.org/10.1080/03050629808434931
2025-12-03 10:09:01,460 - INFO - Accessing: https://doi.org/10.1111/j.1571-9979.1999.tb00180.x
2025-12-03 10:09:03,677 - INFO - Accessing: https://doi.org/10.1016/0167-9236(95)00009-7
2025-12-03 10:09:06,459 - INFO - Accessing: https://doi.org/10.1287/mnsc.44.2.149
2025-12-03 10:09:08,580 - INFO - Accessing: https://doi.org/10.1145/242587.242601
2025-12-03 10:09:10,704 - INFO - Accessing: https://doi.org/10.1061/(ASCE)0733-9429(1992)118:1(11)
2025-12-03 10:09:12,902 - INFO - Accessing: https://doi.org/10.2307/258103
2025-12-03 10:09:15,127 - INFO - Accessing: https://doi.org/10.1287/trsc.26.3.185
2025-12-03 10:09:17,305 - INFO - Accessing: https://doi.org/10.1080/10293574.1996.10510486
2025-12-03 10:09:19,444 - INFO - Accessing: https://doi.org/10.1287/mnsc.41.1.1
2025-12-03 10:09:21,560 - INFO - Processed 160/260 entries
2025-12-03 10:09:21,560 - INFO - Accessing: https://doi.org/10.1177/0272989X9001000304
2025-12-03 10:09:23,760 - INFO - Accessing: https://doi.org/10.1111/j.1939-7445.1997.tb00106.x
2025-12-03 10:09:25,897 - INFO - Accessing: https://doi.org/10.1080/07408179508936717
2025-12-03 10:09:28,103 - INFO - Accessing: https://doi.org/10.1016/0377-2217(94)00055-H
2025-12-03 10:09:30,475 - INFO - Accessing: https://doi.org/10.1080/08956308.1993.11670920
2025-12-03 10:09:32,660 - INFO - Accessing: https://doi.org/10.1080/01947649309510913
2025-12-03 10:09:34,811 - INFO - Accessing: https://doi.org/10.1080/01947649009510831
2025-12-03 10:09:37,021 - INFO - Accessing: https://doi.org/10.1145/219663.219683
2025-12-03 10:09:39,149 - INFO - Accessing: https://doi.org/10.1300/J111v22n01_02
2025-12-03 10:09:41,403 - INFO - Accessing: https://doi.org/10.1287/isre.8.2.151
2025-12-03 10:09:43,586 - INFO - Accessing: https://doi.org/10.1177/002224379503200307
2025-12-03 10:09:45,818 - INFO - Accessing: https://doi.org/10.1287/orsc.9.6.625
2025-12-03 10:09:47,933 - INFO - Accessing: https://doi.org/10.1287/mnsc.42.10.1420
2025-12-03 10:09:50,116 - INFO - Accessing: https://doi.org/10.1007/BF01098376
2025-12-03 10:09:52,776 - INFO - Extracted 39953 characters from web
2025-12-03 10:09:52,777 - INFO - Web content extracted for naughtenClimateChangeAustralian1993: 8000 chars
2025-12-03 10:09:52,778 - INFO - Accessing: https://doi.org/10.1287/mksc.18.3.435
2025-12-03 10:09:54,939 - INFO - Accessing: https://doi.org/10.1080/10807039891284983
2025-12-03 10:09:57,080 - INFO - Accessing: https://doi.org/10.1097/00005650-199402000-00006
2025-12-03 10:09:59,308 - INFO - Accessing: https://doi.org/10.1080/07421222.1993.11517979
2025-12-03 10:10:01,439 - INFO - Accessing: https://doi.org/10.1111/j.1574-0862.1997.tb00463.x
2025-12-03 10:10:03,571 - INFO - Processed 180/260 entries
2025-12-03 10:10:03,572 - INFO - Accessing: https://doi.org/10.1016/S0169-5150(97)00012-1
2025-12-03 10:10:05,998 - INFO - Accessing: https://doi.org/10.1177/096100069702900103
2025-12-03 10:10:09,130 - INFO - Accessing: https://doi.org/10.1086/scer.4.1147079
2025-12-03 10:10:11,320 - INFO - Accessing: https://doi.org/10.2307/256759
2025-12-03 10:10:13,471 - WARNING - Request failed for https://doi.org/10.2307/256759: HTTPConnectionPool(host='amj.aom.org', port=80): Max retries exceeded with url: /cgi/doi/10.2307/256759 (Caused by NameResolutionError("<urllib3.connection.HTTPConnection object at 0x112ee6cf0>: Failed to resolve 'amj.aom.org' ([Errno 8] nodename nor servname provided, or not known)"))
2025-12-03 10:10:13,471 - INFO - Accessing: https://doi.org/10.1146/annurev.energy.22.1.589
2025-12-03 10:10:13,676 - INFO - Accessing: https://doi.org/10.1504/IJSD.1999.004317
2025-12-03 10:10:15,963 - INFO - Accessing: https://doi.org/10.1111/j.1539-6924.1996.tb01453.x
2025-12-03 10:10:18,158 - INFO - Accessing: https://doi.org/10.1177/002224379002700101
2025-12-03 10:10:20,365 - INFO - Accessing: https://doi.org/10.1080/10807039991289383
2025-12-03 10:10:22,570 - INFO - Accessing: https://doi.org/10.1177/0092070397254005
2025-12-03 10:10:25,144 - INFO - Extracted 62457 characters from web
2025-12-03 10:10:25,144 - INFO - Web content extracted for petersonExploringImplicationsInternet1997: 8000 chars
2025-12-03 10:10:25,145 - INFO - Accessing: https://doi.org/10.1287/opre.47.2.183
2025-12-03 10:10:27,312 - INFO - Accessing: https://doi.org/10.1177/026839629901400408
2025-12-03 10:10:29,525 - INFO - Accessing: https://doi.org/10.1016/s0928-7655(99)00005-6
2025-12-03 10:10:32,220 - INFO - Accessing: https://doi.org/10.1057/jors.1992.4
2025-12-03 10:10:34,516 - INFO - Accessing: https://doi.org/10.1080/01900699708525255
2025-12-03 10:10:36,729 - INFO - Accessing: https://doi.org/10.1007/BF02098286
2025-12-03 10:10:39,305 - INFO - Extracted 48405 characters from web
2025-12-03 10:10:39,305 - INFO - Web content extracted for psaraftisDynamicVehicleRouting1995: 8000 chars
2025-12-03 10:10:39,307 - INFO - Accessing: https://doi.org/10.1207/S153277440904_2
2025-12-03 10:10:41,493 - INFO - Accessing: https://doi.org/10.1287/isre.5.3.294
2025-12-03 10:10:43,614 - INFO - Accessing: https://doi.org/10.1016/0304-3800(94)90143-0
2025-12-03 10:10:45,970 - INFO - Processed 200/260 entries
2025-12-03 10:10:45,970 - INFO - Accessing: https://doi.org/10.13182/NSE91-A23793
2025-12-03 10:10:48,160 - INFO - Accessing: https://doi.org/10.1023/A:1006906327171
2025-12-03 10:10:50,626 - INFO - Accessing: https://doi.org/10.1080/07421222.1994.11518039
2025-12-03 10:10:52,881 - INFO - Accessing: https://doi.org/10.1007/BF01421202
2025-12-03 10:10:55,572 - INFO - Extracted 40193 characters from web
2025-12-03 10:10:55,573 - INFO - Web content extracted for rimeyControlSelectivePerception1994: 8000 chars
2025-12-03 10:10:55,574 - INFO - Accessing: https://doi.org/10.1287/mnsc.40.5.614
2025-12-03 10:10:57,738 - INFO - Accessing: https://doi.org/10.1287/isre.10.2.167
2025-12-03 10:10:59,858 - INFO - Accessing: https://doi.org/10.1002/bdm.3960050106
2025-12-03 10:11:02,057 - INFO - Accessing: https://doi.org/10.1177/096100069202400302
2025-12-03 10:11:04,269 - INFO - Accessing: https://doi.org/10.1080/136698798377240
2025-12-03 10:11:06,475 - INFO - Accessing: https://doi.org/10.1177/135581969700200107
2025-12-03 10:11:08,639 - INFO - Accessing: https://doi.org/10.1287/isre.8.3.240
2025-12-03 10:11:10,825 - INFO - Accessing: https://doi.org/10.1007/BF01133524
2025-12-03 10:11:13,405 - INFO - Extracted 26854 characters from web
2025-12-03 10:11:13,405 - INFO - Web content extracted for seiverDecisionClassAnalysis1993: 8000 chars
2025-12-03 10:11:13,406 - INFO - Accessing: https://doi.org/10.1287/mnsc.40.12.1601
2025-12-03 10:11:15,504 - INFO - Accessing: https://doi.org/10.1016/0045-6535(95)00032-4
2025-12-03 10:11:17,861 - INFO - Accessing: https://doi.org/10.1007/BF01207551
2025-12-03 10:11:20,437 - INFO - Extracted 32168 characters from web
2025-12-03 10:11:20,438 - INFO - Web content extracted for smithRiskInformationPrograms1995: 8000 chars
2025-12-03 10:11:20,439 - INFO - Accessing: https://doi.org/10.1057/palgrave.ejis.3000304
2025-12-03 10:11:22,536 - INFO - Accessing: https://doi.org/10.1287/mnsc.41.5.795
2025-12-03 10:11:24,656 - INFO - Accessing: https://doi.org/10.1177/0272989X9301300409
2025-12-03 10:11:26,825 - INFO - Accessing: https://doi.org/10.1177/002224299806200102
2025-12-03 10:11:29,031 - INFO - Processed 220/260 entries
2025-12-03 10:11:29,032 - INFO - Accessing: https://doi.org/10.1177/0272989X9901900302
2025-12-03 10:11:31,244 - INFO - Accessing: https://doi.org/10.1006/obhd.1997.2682
2025-12-03 10:11:33,600 - INFO - Accessing: https://doi.org/10.1021/es981216s
2025-12-03 10:11:35,854 - INFO - Accessing: https://doi.org/10.1016/0959-8022(91)90014-6
2025-12-03 10:11:38,222 - INFO - Accessing: https://doi.org/10.1111/1467-8527.00083
2025-12-03 10:11:40,431 - INFO - Accessing: https://doi.org/10.2307/2666998
2025-12-03 10:11:42,693 - INFO - Accessing: https://doi.org/10.1287/trsc.31.2.170
2025-12-03 10:11:44,875 - INFO - Accessing: https://doi.org/10.1177/002224299005400203
2025-12-03 10:11:47,081 - INFO - Accessing: https://doi.org/10.2307/41165792
2025-12-03 10:11:49,291 - INFO - Accessing: https://doi.org/10.1080/10807039.1999.9657739
2025-12-03 10:11:51,474 - INFO - Accessing: https://doi.org/10.1080/10807039609383660
2025-12-03 10:11:53,660 - INFO - Accessing: https://doi.org/10.1111/j.1539-6924.1997.tb00864.x
2025-12-03 10:11:55,774 - INFO - Accessing: https://doi.org/10.1023/A:1019023124912
2025-12-03 10:11:58,388 - INFO - Extracted 75727 characters from web
2025-12-03 10:11:58,388 - INFO - Web content extracted for tolNoTitleFound1998: 8000 chars
2025-12-03 10:11:58,389 - INFO - Accessing: https://doi.org/10.1016/S0959-3780(99)00011-4
2025-12-03 10:12:00,755 - INFO - Accessing: https://doi.org/10.1023/A:1008268525257
2025-12-03 10:12:03,433 - INFO - Extracted 96819 characters from web
2025-12-03 10:12:03,433 - INFO - Web content extracted for tomanResearchFrontiersEconomics1998: 8000 chars
2025-12-03 10:12:03,434 - INFO - Accessing: https://doi.org/10.1007/BF01589683
2025-12-03 10:12:06,169 - INFO - Extracted 24896 characters from web
2025-12-03 10:12:06,169 - INFO - Web content extracted for ullmanWhatNextUsing1997: 8000 chars
2025-12-03 10:12:06,170 - INFO - Accessing: https://doi.org/10.1023/A:1019056032181
2025-12-03 10:12:08,739 - INFO - Extracted 28557 characters from web
2025-12-03 10:12:08,739 - INFO - Web content extracted for valverdea.jr.SequentialClimateDecisions1999: 8000 chars
2025-12-03 10:12:08,740 - INFO - Accessing: https://doi.org/10.1093/comjnl/39.2.97
2025-12-03 10:12:10,855 - INFO - Accessing: https://doi.org/10.1287/mnsc.45.5.733
2025-12-03 10:12:13,036 - INFO - Accessing: https://doi.org/10.1287/mnsc.44.8.1071
2025-12-03 10:12:15,153 - INFO - Processed 240/260 entries
2025-12-03 10:12:15,154 - INFO - Accessing: https://doi.org/10.1016/S1364-8152(97)00008-X
2025-12-03 10:12:17,493 - INFO - Accessing: https://doi.org/10.1016/S0304-3800(99)00061-7
2025-12-03 10:12:19,869 - INFO - Accessing: https://doi.org/10.1016/0304-3800(94)90113-9
2025-12-03 10:12:22,237 - INFO - Accessing: https://doi.org/10.1029/1998WR900124
2025-12-03 10:12:24,586 - INFO - Accessing: https://doi.org/10.1287/mnsc.40.4.429
2025-12-03 10:12:26,773 - INFO - Accessing: https://doi.org/10.1287/mnsc.42.8.1131
2025-12-03 10:12:28,901 - INFO - Accessing: https://doi.org/10.1016/0169-2070(95)00644-3
2025-12-03 10:12:31,195 - INFO - Accessing: https://doi.org/10.1002/net.3230200511
2025-12-03 10:12:33,388 - INFO - Accessing: https://doi.org/10.1111/j.1540-5915.1993.tb00473.x
2025-12-03 10:12:35,580 - INFO - Accessing: https://doi.org/10.1111/j.1365-2575.1992.tb00081.x
2025-12-03 10:12:37,691 - INFO - Accessing: https://doi.org/10.1007/BF02562681
2025-12-03 10:12:40,244 - INFO - Extracted 80134 characters from web
2025-12-03 10:12:40,244 - INFO - Web content extracted for winklerScoringRulesEvaluation1996: 8000 chars
2025-12-03 10:12:40,245 - INFO - Accessing: https://doi.org/10.1016/S0951-8320(96)00070-1
2025-12-03 10:12:42,576 - INFO - Accessing: https://doi.org/10.1287/mnsc.42.12.1676
2025-12-03 10:12:44,687 - INFO - Accessing: https://doi.org/10.1287/opre.43.2.311
2025-12-03 10:12:46,793 - INFO - Accessing: https://doi.org/10.1007/BF00140353
2025-12-03 10:12:49,465 - INFO - Extracted 43052 characters from web
2025-12-03 10:12:49,465 - INFO - Web content extracted for yoheEconomicCostGreenhouseinduced1996: 8000 chars
2025-12-03 10:12:49,466 - INFO - Accessing: https://doi.org/10.1023/A:1005338413531
2025-12-03 10:12:52,047 - INFO - Extracted 42672 characters from web
2025-12-03 10:12:52,047 - INFO - Web content extracted for yoheSealevelChangeExpected1998: 8000 chars
2025-12-03 10:12:52,048 - INFO - Accessing: https://doi.org/10.1007/BF00186329
2025-12-03 10:12:54,596 - INFO - Extracted 27926 characters from web
2025-12-03 10:12:54,596 - INFO - Web content extracted for yokeUncertaintyClimateChange1991: 8000 chars
2025-12-03 10:12:54,598 - INFO - Accessing: https://doi.org/10.1007/BF00132995
2025-12-03 10:12:57,104 - INFO - Extracted 42351 characters from web
2025-12-03 10:12:57,104 - INFO - Web content extracted for zeckhauserNonrationalActorsFinancial1991: 8000 chars
2025-12-03 10:12:57,105 - INFO - Accessing: https://doi.org/10.1126/science.2333509
2025-12-03 10:12:59,228 - INFO - Accessing: https://doi.org/10.3109/J058v10n02_06
2025-12-03 10:13:01,443 - INFO - Processed 260/260 entries
2025-12-03 10:13:01,443 - INFO - Accessing: https://doi.org/10.1287/opre.39.4.654
2025-12-03 10:13:04,453 - INFO - Processing papers_2001_2002.bib: 258 entries
2025-12-03 10:13:04,453 - INFO - Accessing: https://doi.org/10.1287/mnsc.47.5.611.10482
2025-12-03 10:13:05,807 - INFO - Accessing: https://doi.org/10.1029/2000JD000259
2025-12-03 10:13:07,993 - INFO - Accessing: https://doi.org/10.1007/978-94-010-0481-7_3
2025-12-03 10:13:10,592 - INFO - Extracted 22977 characters from web
2025-12-03 10:13:10,592 - INFO - Web content extracted for asante-duahPrinciplesConceptsRisk2002: 8000 chars
2025-12-03 10:13:10,593 - INFO - Accessing: https://doi.org/10.1108/13522750110364578
2025-12-03 10:13:12,864 - INFO - Accessing: https://doi.org/10.1109/TSMCC.2002.804443
2025-12-03 10:13:15,409 - INFO - Accessing: https://doi.org/10.1016/S0305-0483(02)00054-3
2025-12-03 10:13:17,736 - INFO - Accessing: https://doi.org/10.1287/mnsc.47.10.1326.10260
2025-12-03 10:13:19,850 - INFO - Accessing: https://doi.org/10.1177/0266666024241186
2025-12-03 10:13:22,003 - INFO - Accessing: https://doi.org/10.1287/mksc.19.1.63.15182
2025-12-03 10:13:24,122 - INFO - Accessing: https://doi.org/10.1177/089443902237317
2025-12-03 10:13:26,253 - INFO - Accessing: https://doi.org/10.1111/0272-4332.00009
2025-12-03 10:13:28,370 - INFO - Accessing: https://doi.org/10.1108/02686900210412225
2025-12-03 10:13:30,586 - INFO - Accessing: https://doi.org/10.1002/mcda.305
2025-12-03 10:13:32,702 - INFO - Accessing: https://doi.org/10.1146/annurev.polisci.4.1.235
2025-12-03 10:13:34,846 - INFO - Processed 20/258 entries
2025-12-03 10:13:34,847 - INFO - Accessing: https://doi.org/10.1287/moor.27.4.819.297
2025-12-03 10:13:36,964 - INFO - Accessing: https://doi.org/10.1016/S0951-8339(00)00027-7
2025-12-03 10:13:39,395 - INFO - Accessing: https://doi.org/10.1287/mnsc.47.11.1498.10248
2025-12-03 10:13:41,581 - INFO - Accessing: https://doi.org/10.1287/mnsc.46.11.1485.12086
2025-12-03 10:13:43,769 - INFO - Accessing: https://doi.org/10.1287/orsc.11.2.212.12511
2025-12-03 10:13:45,892 - INFO - Accessing: https://doi.org/10.1023/A:1011231801266
2025-12-03 10:13:48,611 - INFO - Extracted 39511 characters from web
2025-12-03 10:13:48,611 - INFO - Web content extracted for borsukStakeholderValuesScientific2001: 8000 chars
2025-12-03 10:13:48,612 - INFO - Accessing: https://doi.org/10.1093/imaman/13.3.167
2025-12-03 10:13:50,734 - INFO - Accessing: https://doi.org/10.1016/S0045-6535(02)00238-2
2025-12-03 10:13:54,160 - INFO - Accessing: https://doi.org/10.2165/00019053-200017050-00004
2025-12-03 10:13:56,673 - INFO - Extracted 53277 characters from web
2025-12-03 10:13:56,673 - INFO - Web content extracted for brennanModellingHealthEconomic2000: 8000 chars
2025-12-03 10:13:56,674 - INFO - Accessing: https://doi.org/10.1177/027298902400448867
2025-12-03 10:13:58,907 - INFO - Accessing: https://doi.org/10.1111/0272-4332.00063
2025-12-03 10:14:01,084 - INFO - Accessing: https://doi.org/10.1287/mnsc.46.4.563.12061
2025-12-03 10:14:03,279 - INFO - Accessing: https://doi.org/10.1287/mnsc.47.5.629.10486
2025-12-03 10:14:05,473 - INFO - Accessing: https://doi.org/10.1287/mnsc.46.8.1032.12029
2025-12-03 10:14:07,651 - INFO - Accessing: https://doi.org/10.1017/S1566752900001063
2025-12-03 10:14:10,301 - INFO - Extracted 38069 characters from web
2025-12-03 10:14:10,301 - INFO - Web content extracted for celliArbitrationIntellectualProperty2002: 8000 chars
2025-12-03 10:14:10,302 - INFO - Accessing: https://doi.org/10.1287/mnsc.46.2.217.11923
2025-12-03 10:14:12,471 - INFO - Processed 40/258 entries
2025-12-03 10:14:12,471 - INFO - Accessing: https://doi.org/10.1080/07421222.2000.11518272
2025-12-03 10:14:14,679 - INFO - Accessing: https://doi.org/10.1080/07421222.2002.11045723
2025-12-03 10:14:16,866 - INFO - Accessing: https://doi.org/10.1016/S0966-6362(00)00094-1
2025-12-03 10:14:19,225 - INFO - Accessing: https://doi.org/10.1287/mnsc.46.3.436.12069
2025-12-03 10:14:21,412 - INFO - Accessing: https://doi.org/10.1007/978-3-7908-1803-1_10
2025-12-03 10:14:24,052 - INFO - Extracted 41067 characters from web
2025-12-03 10:14:24,052 - INFO - Web content extracted for ciosHybridInductiveMachine2002: 8000 chars
2025-12-03 10:14:24,053 - INFO - Accessing: https://doi.org/10.1016/S0167-6296(01)00093-5
2025-12-03 10:14:26,393 - INFO - Accessing: https://doi.org/10.1287/mnsc.46.8.1100.12023
2025-12-03 10:14:28,582 - INFO - Accessing: https://doi.org/10.1007/BF02595735
2025-12-03 10:14:31,094 - INFO - Extracted 32047 characters from web
2025-12-03 10:14:31,094 - INFO - Web content extracted for clemenIncentiveContractsStrictly2002: 8000 chars
2025-12-03 10:14:31,095 - INFO - Accessing: https://doi.org/10.1007/978-1-4615-0847-2_8
2025-12-03 10:14:33,751 - INFO - Extracted 12616 characters from web
2025-12-03 10:14:33,751 - INFO - Web content extracted for coxMultipartyRiskManagement2002: 8000 chars
2025-12-03 10:14:33,752 - INFO - Accessing: https://doi.org/10.1007/978-1-4615-0847-2_2
2025-12-03 10:14:36,416 - INFO - Extracted 12531 characters from web
2025-12-03 10:14:36,416 - INFO - Web content extracted for coxRiskAssessmentModeling2002: 8000 chars
2025-12-03 10:14:36,417 - INFO - Accessing: https://doi.org/10.1002/1099-1360(200011)9:6<243::AID-MCDA281>3.0.CO;2-Z
2025-12-03 10:14:38,626 - INFO - Accessing: https://doi.org/10.1081/PAD-120003292
2025-12-03 10:14:40,914 - INFO - Accessing: https://doi.org/10.1108/09576050110363031
2025-12-03 10:14:43,158 - INFO - Accessing: https://doi.org/10.1080/13669870210166202
2025-12-03 10:14:45,373 - INFO - Processed 60/258 entries
2025-12-03 10:14:45,373 - INFO - Accessing: https://doi.org/10.1108/10610420210430033
2025-12-03 10:14:47,572 - INFO - Accessing: https://doi.org/10.1504/IJTPM.2001.001744
2025-12-03 10:14:49,845 - INFO - Accessing: https://doi.org/10.1287/inte.30.3.143.11670
2025-12-03 10:14:52,056 - INFO - Accessing: https://doi.org/10.1111/1058-7195.00039
2025-12-03 10:14:54,181 - INFO - Accessing: https://doi.org/10.1016/S1569-190X(02)00098-9
2025-12-03 10:14:56,482 - INFO - Accessing: https://doi.org/10.1061/(ASCE)0742-597X(2000)16:5(21)
2025-12-03 10:14:58,681 - INFO - Accessing: https://doi.org/10.1080/10473289.2000.10464199
2025-12-03 10:15:00,797 - INFO - Accessing: https://doi.org/10.1177/0192512100211002
2025-12-03 10:15:02,998 - INFO - Accessing: https://doi.org/10.1080/20028091057295
2025-12-03 10:15:05,203 - INFO - Accessing: https://doi.org/10.1021/es990726z
2025-12-03 10:15:07,331 - INFO - Accessing: https://doi.org/10.1023/A:1004740312186
2025-12-03 10:15:10,183 - INFO - Extracted 30787 characters from web
2025-12-03 10:15:10,184 - INFO - Web content extracted for fischhoffNoTitleFound2000: 8000 chars
2025-12-03 10:15:10,185 - INFO - Accessing: https://doi.org/10.1197/jamia.M0867
2025-12-03 10:15:12,433 - INFO - Accessing: https://doi.org/10.1081/PAD-120003296
2025-12-03 10:15:14,635 - INFO - Accessing: https://doi.org/10.1287/orsc.13.6.618.493
2025-12-03 10:15:16,828 - INFO - Accessing: https://doi.org/10.1108/EUM0000000006256
2025-12-03 10:15:19,077 - INFO - Accessing: https://doi.org/10.1023/A:1008139529095
2025-12-03 10:15:21,585 - INFO - Extracted 27354 characters from web
2025-12-03 10:15:21,585 - INFO - Web content extracted for fulkersonNoTitleFound2000: 8000 chars
2025-12-03 10:15:21,586 - INFO - Processed 80/258 entries
2025-12-03 10:15:21,586 - INFO - Accessing: https://doi.org/10.1111/j.1745-6584.2001.tb02299.x
2025-12-03 10:15:23,729 - INFO - Accessing: https://doi.org/10.1509/jmkg.66.2.102.18478
2025-12-03 10:15:26,014 - INFO - Accessing: https://doi.org/10.1017/CBO9780511546006.002
2025-12-03 10:15:29,126 - INFO - Extracted 13469 characters from web
2025-12-03 10:15:29,126 - INFO - Web content extracted for gheorghe2IntegratedRegional2002: 8000 chars
2025-12-03 10:15:29,127 - INFO - Accessing: https://doi.org/10.1586/14737167.1.1.25
2025-12-03 10:15:31,276 - INFO - Accessing: https://doi.org/10.1007/978-1-4615-1107-6_6
2025-12-03 10:15:34,191 - INFO - Extracted 40277 characters from web
2025-12-03 10:15:34,191 - INFO - Web content extracted for gmytrasiewiczImplementingDecisiontheoreticApproach2002: 8000 chars
2025-12-03 10:15:34,192 - INFO - Accessing: https://doi.org/10.1016/S0888-613X(01)00057-3
2025-12-03 10:15:38,017 - INFO - Accessing: https://doi.org/10.1108/09600030210455447
2025-12-03 10:15:40,219 - INFO - Accessing: https://doi.org/10.1080/13669870010005590
2025-12-03 10:15:42,421 - INFO - Accessing: https://doi.org/10.1023/A:1008718418982
2025-12-03 10:15:45,084 - INFO - Extracted 25224 characters from web
2025-12-03 10:15:45,085 - INFO - Web content extracted for grassNoTitleFound2000: 8000 chars
2025-12-03 10:15:45,086 - INFO - Accessing: https://doi.org/10.1287/inte.30.3.125.11656
2025-12-03 10:15:47,250 - INFO - Accessing: https://doi.org/10.1586/14737167.1.1.7
2025-12-03 10:15:49,440 - INFO - Accessing: https://doi.org/10.1080/02724980042000110
2025-12-03 10:15:51,657 - INFO - Accessing: https://doi.org/10.1081/DCT-120014793
2025-12-03 10:15:53,933 - INFO - Accessing: https://doi.org/10.1287/mksc.19.1.4.15178
2025-12-03 10:15:56,119 - INFO - Accessing: https://doi.org/10.1016/S0167-4870(02)00097-1
2025-12-03 10:15:58,515 - INFO - Accessing: https://doi.org/10.1287/mnsc.47.3.359.9773
2025-12-03 10:16:00,707 - INFO - Processed 100/258 entries
2025-12-03 10:16:00,707 - INFO - Accessing: https://doi.org/10.1111/0272-4332.204043
2025-12-03 10:16:02,893 - INFO - Accessing: https://doi.org/10.1016/S0953-5438(02)00023-1
2025-12-03 10:16:05,091 - INFO - Accessing: https://doi.org/10.1023/A:1011501219195
2025-12-03 10:16:07,852 - INFO - Extracted 99585 characters from web
2025-12-03 10:16:07,852 - INFO - Web content extracted for hisschemollerRelevanceParticipatoryApproaches2001: 8000 chars
2025-12-03 10:16:07,854 - INFO - Accessing: https://doi.org/10.1016/S0004-3702(00)00082-5
2025-12-03 10:16:10,208 - INFO - Accessing: https://doi.org/10.1007/s001700200167
2025-12-03 10:16:12,764 - INFO - Extracted 12434 characters from web
2025-12-03 10:16:12,764 - INFO - Web content extracted for huangAutonomousBehaviourAutomated2002: 8000 chars
2025-12-03 10:16:12,765 - INFO - Accessing: https://doi.org/10.1086/340086
2025-12-03 10:16:14,953 - INFO - Accessing: https://doi.org/10.1108/07363760110365796
2025-12-03 10:16:17,188 - INFO - Accessing: https://doi.org/10.1287/mnsc.47.1.85.10661
2025-12-03 10:16:19,370 - INFO - Accessing: https://doi.org/10.1287/isre.12.1.103.9718
2025-12-03 10:16:21,562 - INFO - Accessing: https://doi.org/10.1016/S0925-5273(01)00192-X
2025-12-03 10:16:23,933 - INFO - Accessing: https://doi.org/10.1007/s101110200011
2025-12-03 10:16:26,490 - INFO - Extracted 12535 characters from web
2025-12-03 10:16:26,490 - INFO - Web content extracted for jeffcottUseFormalisedRisk2002: 8000 chars
2025-12-03 10:16:26,491 - INFO - Accessing: https://doi.org/10.2118/77280-PA
2025-12-03 10:16:28,651 - INFO - Accessing: https://doi.org/10.1002/kpm.120
2025-12-03 10:16:30,846 - INFO - Accessing: https://doi.org/10.3354/cr020167
2025-12-03 10:16:33,098 - WARNING - Request failed for https://doi.org/10.3354/cr020167: 401 Client Error: Unauthorized for url: https://www.int-res.com/abstracts/cr/v20/p167-185
2025-12-03 10:16:33,098 - INFO - Processed 120/258 entries
2025-12-03 10:16:33,098 - INFO - Accessing: https://doi.org/10.1023/A:1018921201113
2025-12-03 10:16:35,676 - INFO - Extracted 30937 characters from web
2025-12-03 10:16:35,676 - INFO - Web content extracted for kristensenNoTitleFound2000: 8000 chars
2025-12-03 10:16:35,677 - INFO - Accessing: https://doi.org/10.1146/annurev.publhealth.23.100901.140516
2025-12-03 10:16:37,921 - INFO - Accessing: https://doi.org/10.1016/S1467-0895(01)00017-3
2025-12-03 10:16:40,239 - INFO - Accessing: https://doi.org/10.1017/CBO9781139164610.008
2025-12-03 10:16:50,914 - INFO - Extracted 9101 characters from web
2025-12-03 10:16:50,914 - INFO - Web content extracted for langloisTechnologicalStandardsInnovation2001: 8000 chars
2025-12-03 10:16:50,915 - INFO - Accessing: https://doi.org/10.1016/B978-008043567-1/50011-5
2025-12-03 10:16:53,239 - INFO - Accessing: https://doi.org/10.1287/mnsc.47.9.1235.9779
2025-12-03 10:16:55,417 - INFO - Accessing: https://doi.org/10.2307/41166135
2025-12-03 10:16:57,621 - INFO - Accessing: https://doi.org/10.1287/mnsc.46.5.626.12047
2025-12-03 10:16:59,740 - INFO - Accessing: https://doi.org/10.1509/jmkg.64.3.18.18026
2025-12-03 10:17:01,938 - INFO - Accessing: https://doi.org/10.1177/089443902237320
2025-12-03 10:17:04,069 - INFO - Accessing: https://doi.org/10.1504/IJHTM.2000.001093
2025-12-03 10:17:06,293 - INFO - Accessing: https://doi.org/10.1287/mnsc.48.9.1196.177
2025-12-03 10:17:08,410 - INFO - Accessing: https://doi.org/10.1586/14737167.2.2.91
2025-12-03 10:17:10,547 - INFO - Accessing: https://doi.org/10.4018/978-1-878289-90-2.ch001
2025-12-03 10:17:12,726 - WARNING - Request failed for https://doi.org/10.4018/978-1-878289-90-2.ch001: 429 Client Error: Too Many Requests for url: http://services.igi-global.com/resolvedoi/resolve.aspx?doi=10.4018/978-1-878289-90-2.ch001
2025-12-03 10:17:12,727 - INFO - Accessing: https://doi.org/10.3406/rei.2001.1797
2025-12-03 10:17:15,381 - INFO - Extracted 9360 characters from web
2025-12-03 10:17:15,381 - INFO - Web content extracted for loasbyOrganisationInterpretativeSystems2001: 8000 chars
2025-12-03 10:17:15,382 - INFO - Processed 140/258 entries
2025-12-03 10:17:15,382 - INFO - Accessing: https://doi.org/10.1007/s10021-001-0044-x
2025-12-03 10:17:17,980 - INFO - Extracted 9621 characters from web
2025-12-03 10:17:17,980 - INFO - Web content extracted for ludwigEraManagement2001: 8000 chars
2025-12-03 10:17:17,981 - INFO - Accessing: https://doi.org/10.1287/opre.49.3.334.11210
2025-12-03 10:17:20,085 - INFO - Accessing: https://doi.org/10.1016/S0377-2217(01)00062-5
2025-12-03 10:17:22,492 - INFO - Accessing: https://doi.org/10.1080/1097198X.2002.10856337
2025-12-03 10:17:24,630 - INFO - Accessing: https://doi.org/10.1108/00220410210425458
2025-12-03 10:17:26,852 - INFO - Accessing: https://doi.org/10.1023/A:1007887129610
2025-12-03 10:17:29,438 - INFO - Extracted 30448 characters from web
2025-12-03 10:17:29,438 - INFO - Web content extracted for mckenzieNoTitleFound2000: 8000 chars
2025-12-03 10:17:29,439 - INFO - Accessing: https://doi.org/10.1108/10662240210438416
2025-12-03 10:17:31,637 - INFO - Accessing: https://doi.org/10.1016/S0308-521X(01)00057-9
2025-12-03 10:17:34,021 - INFO - Accessing: https://doi.org/10.1080/10807030091124581
2025-12-03 10:17:36,223 - INFO - Accessing: https://doi.org/10.2307/3069308
2025-12-03 10:17:38,344 - WARNING - Request failed for https://doi.org/10.2307/3069308: HTTPConnectionPool(host='amj.aom.org', port=80): Max retries exceeded with url: /cgi/doi/10.2307/3069308 (Caused by NameResolutionError("<urllib3.connection.HTTPConnection object at 0x113627680>: Failed to resolve 'amj.aom.org' ([Errno 8] nodename nor servname provided, or not known)"))
2025-12-03 10:17:38,344 - INFO - Accessing: https://doi.org/10.1177/014920630102700203
2025-12-03 10:17:38,461 - INFO - Accessing: https://doi.org/10.1108/03090560210417264
2025-12-03 10:17:40,673 - INFO - Accessing: https://doi.org/10.1108/EUM0000000005659
2025-12-03 10:17:42,875 - INFO - Accessing: https://doi.org/10.1108/00251740210430498
2025-12-03 10:17:45,076 - INFO - Accessing: https://doi.org/10.1111/1468-0394.00195
2025-12-03 10:17:47,201 - INFO - Processed 160/258 entries
2025-12-03 10:17:47,202 - INFO - Accessing: https://doi.org/10.1002/eet.250
2025-12-03 10:17:49,403 - INFO - Accessing: https://doi.org/10.1080/20018091094385
2025-12-03 10:17:51,558 - INFO - Accessing: https://doi.org/10.1190/1.1885497
2025-12-03 10:17:54,792 - INFO - Accessing: https://doi.org/10.1377/hlthaff.19.5.129
2025-12-03 10:17:57,186 - INFO - Accessing: https://doi.org/10.1146/annurev.publhealth.21.1.587
2025-12-03 10:17:59,418 - INFO - Accessing: https://doi.org/10.1115/1.1511169
2025-12-03 10:18:01,657 - INFO - Accessing: https://doi.org/10.1016/S0951-8320(02)00062-5
2025-12-03 10:18:04,433 - INFO - Accessing: https://doi.org/10.1287/mnsc.47.1.189.10662
2025-12-03 10:18:06,616 - INFO - Accessing: https://doi.org/10.1080/00913367.2002.10673661
2025-12-03 10:18:08,826 - INFO - Accessing: https://doi.org/10.1080/019262301753178429
2025-12-03 10:18:11,028 - INFO - Accessing: https://doi.org/10.2165/00019053-200018020-00003
2025-12-03 10:18:13,641 - INFO - Extracted 37873 characters from web
2025-12-03 10:18:13,641 - INFO - Web content extracted for onoClinicalTrialsNew2000: 8000 chars
2025-12-03 10:18:13,643 - INFO - Accessing: https://doi.org/10.1177/009286150103500114
2025-12-03 10:18:16,195 - INFO - Extracted 80305 characters from web
2025-12-03 10:18:16,195 - INFO - Web content extracted for paltielModelbasedDrugEvaluation2001: 8000 chars
2025-12-03 10:18:16,196 - INFO - Accessing: https://doi.org/10.1111/0272-4332.00025
2025-12-03 10:18:18,341 - INFO - Accessing: https://doi.org/10.1111/0272-4332.00056
2025-12-03 10:18:20,529 - INFO - Accessing: https://doi.org/10.1016/S0951-8320(01)00081-3
2025-12-03 10:18:22,879 - INFO - Accessing: https://doi.org/10.1007/PL00011646
2025-12-03 10:18:25,459 - INFO - Extracted 11025 characters from web
2025-12-03 10:18:25,459 - INFO - Web content extracted for pohIntelligentDecisionSupport2000: 8000 chars
2025-12-03 10:18:25,461 - INFO - Processed 180/258 entries
2025-12-03 10:18:25,461 - INFO - Accessing: https://doi.org/10.1053/bean.2001.0191
2025-12-03 10:18:27,779 - INFO - Accessing: https://doi.org/10.1287/mnsc.47.4.605.9833
2025-12-03 10:18:29,902 - INFO - Accessing: https://doi.org/10.1287/mnsc.46.8.1075.12024
2025-12-03 10:18:32,086 - INFO - Accessing: https://doi.org/10.1111/j.1540-5915.2000.tb00934.x
2025-12-03 10:18:34,216 - INFO - Accessing: https://doi.org/10.1111/j.1540-5915.2001.tb00956.x
2025-12-03 10:18:36,404 - INFO - Accessing: https://doi.org/10.2307/41166079
2025-12-03 10:18:38,595 - INFO - Accessing: https://doi.org/10.1108/02634500110363781
2025-12-03 10:18:40,839 - INFO - Accessing: https://doi.org/10.1023/A:1019159210781
2025-12-03 10:18:43,298 - INFO - Extracted 45117 characters from web
2025-12-03 10:18:43,298 - INFO - Web content extracted for robalinoCarrotsSticksNew2000: 8000 chars
2025-12-03 10:18:43,300 - INFO - Accessing: https://doi.org/10.1586/14737167.2.2.179
2025-12-03 10:18:45,436 - INFO - Accessing: https://doi.org/10.1111/j.1559-1816.2002.tb01430.x
2025-12-03 10:18:47,613 - INFO - Accessing: https://doi.org/10.1111/1467-9280.00334
2025-12-03 10:18:49,745 - INFO - Accessing: https://doi.org/10.1108/07378830210444540
2025-12-03 10:18:51,954 - INFO - Accessing: https://doi.org/10.1287/isre.12.1.11.9714
2025-12-03 10:18:54,066 - INFO - Accessing: https://doi.org/10.1046/j.1365-2753.2001.00271.x
2025-12-03 10:18:56,191 - INFO - Accessing: https://doi.org/10.1353/pla.2002.0086
2025-12-03 10:18:58,854 - INFO - Extracted 1294 characters from web
2025-12-03 10:18:58,855 - INFO - Web content extracted for sappBriefHistoryFuture2002: 1294 chars
2025-12-03 10:18:58,855 - INFO - Accessing: https://doi.org/10.1509/jmkr.39.1.129.18933
2025-12-03 10:19:01,039 - INFO - Processed 200/258 entries
2025-12-03 10:19:01,039 - INFO - Accessing: https://doi.org/10.1080/20018091094961
2025-12-03 10:19:03,161 - INFO - Accessing: https://doi.org/10.1023/A:1005657421149
2025-12-03 10:19:05,761 - INFO - Extracted 67069 characters from web
2025-12-03 10:19:05,761 - INFO - Web content extracted for schneiderAdaptationSensitivityNatural2000: 8000 chars
2025-12-03 10:19:05,762 - INFO - Accessing: https://doi.org/10.1016/S1569-3740(01)03015-2
2025-12-03 10:19:08,026 - INFO - Accessing: https://doi.org/10.1023/A:1008763603052
2025-12-03 10:19:10,533 - INFO - Extracted 32091 characters from web
2025-12-03 10:19:10,533 - INFO - Web content extracted for seligmanDecisioncentricInformationMonitoring2000: 8000 chars
2025-12-03 10:19:10,534 - INFO - Accessing: https://doi.org/10.1111/1467-9884.00227
2025-12-03 10:19:12,693 - INFO - Accessing: https://doi.org/10.1177/026839620001500202
2025-12-03 10:19:14,828 - INFO - Accessing: https://doi.org/10.4018/978-1-931777-18-6.ch010
2025-12-03 10:19:17,000 - WARNING - Request failed for https://doi.org/10.4018/978-1-931777-18-6.ch010: 429 Client Error: Too Many Requests for url: http://services.igi-global.com/resolvedoi/resolve.aspx?doi=10.4018/978-1-931777-18-6.ch010
2025-12-03 10:19:17,000 - INFO - Accessing: https://doi.org/10.1287/opre.48.1.50.12443
2025-12-03 10:19:20,118 - INFO - Accessing: https://doi.org/10.1108/01443570110390327
2025-12-03 10:19:22,338 - INFO - Accessing: https://doi.org/10.1086/316103
2025-12-03 10:19:24,517 - INFO - Accessing: https://doi.org/10.1002/kpm.92
2025-12-03 10:19:26,701 - INFO - Accessing: https://doi.org/10.1509/jmkg.66.3.98.18510
2025-12-03 10:19:28,891 - INFO - Accessing: https://doi.org/10.3310/hta4380
2025-12-03 10:19:31,235 - INFO - Processed 220/258 entries
2025-12-03 10:19:31,235 - INFO - Accessing: https://doi.org/10.1108/09576050210436101
2025-12-03 10:19:33,646 - INFO - Accessing: https://doi.org/10.1080/16081625.2001.10510585
2025-12-03 10:19:35,853 - INFO - Accessing: https://doi.org/10.1016/S0301-6226(02)00061-1
2025-12-03 10:19:38,882 - INFO - Accessing: https://doi.org/10.1287/mnsc.46.11.1412.12082
2025-12-03 10:19:41,066 - INFO - Accessing: https://doi.org/10.1016/S0361-3682(00)00018-0
2025-12-03 10:19:43,437 - INFO - Accessing: https://doi.org/10.1007/978-94-015-9755-5_1
2025-12-03 10:19:46,072 - INFO - Extracted 61281 characters from web
2025-12-03 10:19:46,072 - INFO - Web content extracted for turnerEcologicalEconomicsCoastal2001: 8000 chars
2025-12-03 10:19:46,073 - INFO - Accessing: https://doi.org/10.1111/j.1540-5915.2002.tb01653.x
2025-12-03 10:19:48,238 - INFO - Accessing: https://doi.org/10.1023/A:1009606005358
2025-12-03 10:19:50,827 - INFO - Extracted 36857 characters from web
2025-12-03 10:19:50,827 - INFO - Web content extracted for vineMonitoringEvaluationReporting2000: 8000 chars
2025-12-03 10:19:50,828 - INFO - Accessing: https://doi.org/10.1586/14737167.2.4.319
2025-12-03 10:19:53,040 - INFO - Accessing: https://doi.org/10.1097/00124784-200107060-00006
2025-12-03 10:19:55,247 - INFO - Accessing: https://doi.org/10.1046/j.1365-2648.2000.01579.x
2025-12-03 10:19:57,379 - INFO - Accessing: https://doi.org/10.1038/sj.jea.7500171
2025-12-03 10:20:00,364 - INFO - Extracted 93170 characters from web
2025-12-03 10:20:00,364 - INFO - Web content extracted for walkerUseExpertJudgment2001: 8000 chars
2025-12-03 10:20:00,365 - INFO - Accessing: https://doi.org/10.1046/j.1524-4733.2001.40202-308.x
2025-12-03 10:20:02,647 - INFO - Processed 240/258 entries
2025-12-03 10:20:02,647 - INFO - Accessing: https://doi.org/10.1002/asi.10016
2025-12-03 10:20:04,844 - INFO - Accessing: https://doi.org/10.1109/TSM.2002.804876
2025-12-03 10:20:07,414 - INFO - Accessing: https://doi.org/10.1023/A:1005685317358
2025-12-03 10:20:10,011 - INFO - Extracted 54820 characters from web
2025-12-03 10:20:10,011 - INFO - Web content extracted for websterMethodologyQuantifyingUncertainty2000: 8000 chars
2025-12-03 10:20:10,012 - INFO - Accessing: https://doi.org/10.1046/j.1524-4733.2001.45061.x
2025-12-03 10:20:12,269 - INFO - Accessing: https://doi.org/10.7551/mitpress/2464.003.0020
2025-12-03 10:20:14,387 - INFO - Accessing: https://doi.org/10.1287/isre.13.2.125.89
2025-12-03 10:20:16,508 - INFO - Accessing: https://doi.org/10.1023/A:1011330609725
2025-12-03 10:20:19,146 - INFO - Extracted 60451 characters from web
2025-12-03 10:20:19,146 - INFO - Web content extracted for woerdmanProjectbasedEmissionsTrading2001: 8000 chars
2025-12-03 10:20:19,147 - INFO - Accessing: https://doi.org/10.1002/9780470755891.ch11
2025-12-03 10:20:21,264 - INFO - Accessing: https://doi.org/10.1016/S1566-2535(02)00055-6
2025-12-03 10:20:23,645 - INFO - Accessing: https://doi.org/10.1108/02635570110386625
2025-12-03 10:20:25,873 - INFO - Accessing: https://doi.org/10.1108/14777830110695452
2025-12-03 10:20:28,077 - INFO - Accessing: https://doi.org/10.1108/13598540210414364
2025-12-03 10:20:30,256 - INFO - Accessing: https://doi.org/10.1287/isre.13.3.275.82
2025-12-03 10:20:32,716 - INFO - Processing papers_2003_5.bib: 273 entries
2025-12-03 10:20:32,716 - INFO - Accessing: https://doi.org/10.1177/0272989X04263162
2025-12-03 10:20:34,561 - INFO - Accessing: https://doi.org/10.1207/S15327744JOCE1302_1
2025-12-03 10:20:36,760 - INFO - Accessing: https://doi.org/10.1016/j.dss.2004.05.002
2025-12-03 10:20:39,105 - INFO - Accessing: https://doi.org/10.1007/BF03001014
2025-12-03 10:20:41,652 - INFO - Extracted 50257 characters from web
2025-12-03 10:20:41,652 - INFO - Web content extracted for amamiWebbasedInterorganizationalInformation2003: 8000 chars
2025-12-03 10:20:41,653 - INFO - Accessing: https://doi.org/10.1111/j.1539-6924.2005.00689.x
2025-12-03 10:20:43,746 - INFO - Accessing: https://doi.org/10.1080/0963818042000216857
2025-12-03 10:20:45,883 - INFO - Accessing: https://doi.org/10.1109/TEM.2004.830863
2025-12-03 10:20:48,414 - INFO - Accessing: https://doi.org/10.1016/j.ipm.2004.04.013
2025-12-03 10:20:50,795 - INFO - Accessing: https://doi.org/10.1029/2002WR001810
2025-12-03 10:20:52,939 - INFO - Accessing: https://doi.org/10.1353/ctt.2006.0001
2025-12-03 10:20:55,846 - INFO - Extracted 1083 characters from web
2025-12-03 10:20:55,846 - INFO - Web content extracted for banerjeeBridgingDigitalDivide2005: 1083 chars
2025-12-03 10:20:55,847 - INFO - Accessing: https://doi.org/10.1287/mnsc.1040.0206
2025-12-03 10:20:57,952 - INFO - Accessing: https://doi.org/10.1287/orsc.1050.0118
2025-12-03 10:21:00,179 - INFO - Accessing: https://doi.org/10.1080/09503150412331313088
2025-12-03 10:21:02,426 - INFO - Accessing: https://doi.org/10.1287/mnsc.1040.0300
2025-12-03 10:21:04,548 - INFO - Accessing: https://doi.org/10.1016/S0038-0121(02)00047-2
2025-12-03 10:21:06,922 - INFO - Accessing: https://doi.org/10.2514/1.9207
2025-12-03 10:21:09,146 - INFO - Processed 20/273 entries
2025-12-03 10:21:09,147 - INFO - Accessing: https://doi.org/10.2307/41166207
2025-12-03 10:21:11,338 - INFO - Accessing: https://doi.org/10.1016/j.jom.2004.05.009
2025-12-03 10:21:13,471 - INFO - Accessing: https://doi.org/10.1145/638750.638775
2025-12-03 10:21:15,678 - INFO - Accessing: https://doi.org/10.1287/mnsc.1030.0199
2025-12-03 10:21:17,863 - INFO - Accessing: https://doi.org/10.1287/mnsc.49.4.432.14428
2025-12-03 10:21:19,977 - INFO - Accessing: https://doi.org/10.1002/int.10074
2025-12-03 10:21:22,100 - INFO - Accessing: https://doi.org/10.1144/GSL.SP.2004.239.01.11
2025-12-03 10:21:25,153 - INFO - Accessing: https://doi.org/10.1504/IJSTM.2005.007415
2025-12-03 10:21:27,485 - INFO - Accessing: https://doi.org/10.1016/j.jebo.2003.09.005
2025-12-03 10:21:30,250 - INFO - Accessing: https://doi.org/10.1111/j.0020-2754.2004.00342.x
2025-12-03 10:21:32,600 - INFO - Accessing: https://doi.org/10.1287/mnsc.49.11.1580.20580
2025-12-03 10:21:34,793 - INFO - Accessing: https://doi.org/10.5711/morj.10.2.19
2025-12-03 10:21:37,674 - INFO - Accessing: https://doi.org/10.1080/713610022
2025-12-03 10:21:39,889 - INFO - Accessing: https://doi.org/10.1287/mnsc.1040.0215
2025-12-03 10:21:42,074 - INFO - Processed 40/273 entries
2025-12-03 10:21:42,075 - INFO - Accessing: https://doi.org/10.1287/deca.1030.0011
2025-12-03 10:21:44,257 - INFO - Accessing: https://doi.org/10.1108/02635570510600000
2025-12-03 10:21:46,503 - INFO - Accessing: https://doi.org/10.1504/IJTM.2004.004903
2025-12-03 10:21:48,790 - INFO - Accessing: https://doi.org/10.1287/deca.1040.0022
2025-12-03 10:21:50,977 - INFO - Accessing: https://doi.org/10.1080/12294659.2005.10805056
2025-12-03 10:21:53,180 - INFO - Accessing: https://doi.org/10.1007/s00170-003-1851-3
2025-12-03 10:21:55,942 - INFO - Extracted 67034 characters from web
2025-12-03 10:21:55,942 - INFO - Web content extracted for chanFutureTrendSystemwide2005: 8000 chars
2025-12-03 10:21:55,943 - INFO - Accessing: https://doi.org/10.1186/1743-0003-2-22
2025-12-03 10:21:58,491 - INFO - Extracted 393887 characters from web
2025-12-03 10:21:58,491 - INFO - Web content extracted for chauManagingVariabilitySummary2005: 8000 chars
2025-12-03 10:21:58,493 - INFO - Accessing: https://doi.org/10.1287/mnsc.49.1.1.12749
2025-12-03 10:22:00,611 - INFO - Accessing: https://doi.org/10.3310/hta7230
2025-12-03 10:22:02,828 - INFO - Accessing: https://doi.org/10.3310/hta8310
2025-12-03 10:22:04,893 - INFO - Accessing: https://doi.org/10.1002/hec.985
2025-12-03 10:22:07,072 - INFO - Accessing: https://doi.org/10.1377/hlthaff.24.1.93
2025-12-03 10:22:09,248 - INFO - Accessing: https://doi.org/10.1108/09600030510599922
2025-12-03 10:22:11,391 - INFO - Accessing: https://doi.org/10.1016/j.amepre.2005.01.010
2025-12-03 10:22:14,207 - INFO - Accessing: https://doi.org/10.1111/1467-985X.00283
2025-12-03 10:22:16,421 - INFO - Accessing: https://doi.org/10.1002/hec.804
2025-12-03 10:22:18,544 - INFO - Processed 60/273 entries
2025-12-03 10:22:18,544 - INFO - Accessing: https://doi.org/10.1016/j.envint.2004.10.012
2025-12-03 10:22:20,914 - INFO - Accessing: https://doi.org/10.1111/j.1468-0262.2005.00612.x
2025-12-03 10:22:23,458 - INFO - Accessing: https://doi.org/10.4135/9781452225708.n2
2025-12-03 10:22:28,380 - INFO - Extracted 19772 characters from web
2025-12-03 10:22:28,381 - INFO - Web content extracted for davisAcquiringImplementingEvaluating2005: 8000 chars
2025-12-03 10:22:28,382 - INFO - Accessing: https://doi.org/10.1016/S0167-9236(02)00117-3
2025-12-03 10:22:30,674 - INFO - Accessing: https://doi.org/10.1108/02634500510589930
2025-12-03 10:22:32,837 - INFO - Accessing: https://doi.org/10.1002/smj.341
2025-12-03 10:22:35,134 - INFO - Accessing: https://doi.org/10.1007/s00778-005-0159-3
2025-12-03 10:22:37,797 - INFO - Extracted 49960 characters from web
2025-12-03 10:22:37,797 - INFO - Web content extracted for deshpandeModelbasedApproximateQuerying2005: 8000 chars
2025-12-03 10:22:37,798 - INFO - Accessing: https://doi.org/10.1287/mnsc.49.3.273.12736
2025-12-03 10:22:39,959 - INFO - Accessing: https://doi.org/10.1016/j.prevetmed.2003.07.001
2025-12-03 10:22:42,244 - INFO - Accessing: https://doi.org/10.1161/01.CIR.0000100723.50363.2C
2025-12-03 10:22:44,384 - INFO - Accessing: https://doi.org/10.1509/jppm.23.1.14.30396
2025-12-03 10:22:46,582 - INFO - Accessing: https://doi.org/10.1287/mnsc.49.10.1287.17315
2025-12-03 10:22:48,694 - INFO - Accessing: https://doi.org/10.5751/ES-00643-090113
2025-12-03 10:22:51,470 - INFO - Accessing: https://doi.org/10.1111/j.0272-4332.2004.00471.x
2025-12-03 10:22:53,658 - INFO - Accessing: https://doi.org/10.1023/B:EARE.0000036775.79214.a4
2025-12-03 10:22:56,214 - INFO - Extracted 31007 characters from web
2025-12-03 10:22:56,214 - INFO - Web content extracted for farzinNonpointSourcePollution2004: 8000 chars
2025-12-03 10:22:56,215 - INFO - Processed 80/273 entries
2025-12-03 10:22:56,215 - INFO - Accessing: https://doi.org/10.1080/10807030390248483
2025-12-03 10:22:58,533 - INFO - Accessing: https://doi.org/10.5465/amr.2003.8925227
2025-12-03 10:23:00,902 - INFO - Accessing: https://doi.org/10.1023/A:1025056530035
2025-12-03 10:23:03,431 - INFO - Extracted 22871 characters from web
2025-12-03 10:23:03,431 - INFO - Web content extracted for fisherGlobalWarmingEndogenous2003: 8000 chars
2025-12-03 10:23:03,433 - INFO - Accessing: https://doi.org/10.1017/S0266462305050440
2025-12-03 10:23:10,978 - INFO - Extracted 50836 characters from web
2025-12-03 10:23:10,978 - INFO - Web content extracted for fleurenceCosteffectivenessPressurerelievingDevices2005: 8000 chars
2025-12-03 10:23:10,979 - INFO - Accessing: https://doi.org/10.1080/14664530490464806
2025-12-03 10:23:13,112 - INFO - Accessing: https://doi.org/10.1108/00251740310468090
2025-12-03 10:23:15,323 - INFO - Accessing: https://doi.org/10.1007/s00778-003-0115-z
2025-12-03 10:23:17,887 - INFO - Extracted 67061 characters from web
2025-12-03 10:23:17,887 - INFO - Web content extracted for galFrameworkModelingEvaluating2005: 8000 chars
2025-12-03 10:23:17,888 - INFO - Accessing: https://doi.org/10.1098/rstb.2004.1580
2025-12-03 10:23:20,096 - INFO - Accessing: https://doi.org/10.1080/1352726042000286499
2025-12-03 10:23:22,301 - INFO - Accessing: https://doi.org/10.1586/14737167.3.3.227
2025-12-03 10:23:24,499 - INFO - Accessing: https://doi.org/10.1080/0020754021000024166
2025-12-03 10:23:26,689 - INFO - Accessing: https://doi.org/10.1586/14737167.4.2.189
2025-12-03 10:23:28,904 - INFO - Accessing: https://doi.org/10.1108/02635570510575180
2025-12-03 10:23:31,100 - INFO - Accessing: https://doi.org/10.1016/j.ejor.2003.10.039
2025-12-03 10:23:33,901 - INFO - Accessing: https://doi.org/10.1504/IJGEI.2003.003201
2025-12-03 10:23:36,177 - INFO - Accessing: https://doi.org/10.1287/mnsc.49.7.907.16381
2025-12-03 10:23:38,356 - INFO - Accessing: https://doi.org/10.1177/0170840603024006005
2025-12-03 10:23:40,552 - INFO - Processed 100/273 entries
2025-12-03 10:23:40,552 - INFO - Accessing: https://doi.org/10.1109/TSE.2005.59
2025-12-03 10:23:43,020 - INFO - Accessing: https://doi.org/10.1007/s10754-005-3984-4
2025-12-03 10:23:45,661 - INFO - Extracted 44117 characters from web
2025-12-03 10:23:45,661 - INFO - Web content extracted for grepperudMedicalErrorsGetting2005: 8000 chars
2025-12-03 10:23:45,662 - INFO - Accessing: https://doi.org/10.1007/s10657-005-1019-8
2025-12-03 10:23:48,201 - INFO - Extracted 34091 characters from web
2025-12-03 10:23:48,201 - INFO - Web content extracted for grepperudMedicalErrorsMandatory2005: 8000 chars
2025-12-03 10:23:48,202 - INFO - Accessing: https://doi.org/10.1016/j.pursup.2005.10.005
2025-12-03 10:23:50,547 - INFO - Accessing: https://doi.org/10.1098/rstb.2005.1747
2025-12-03 10:23:52,736 - INFO - Accessing: https://doi.org/10.1287/mnsc.1040.0270
2025-12-03 10:23:54,910 - INFO - Accessing: https://doi.org/10.1111/j.1540-6261.2005.00786.x
2025-12-03 10:23:57,093 - INFO - Accessing: https://doi.org/10.1023/B:JOMS.0000044969.66510.d5
2025-12-03 10:23:59,631 - INFO - Extracted 60590 characters from web
2025-12-03 10:23:59,632 - INFO - Web content extracted for hatcherInformationTechnologyFuture2004: 8000 chars
2025-12-03 10:23:59,633 - INFO - Accessing: https://doi.org/10.1108/08858620510603873
2025-12-03 10:24:01,781 - INFO - Accessing: https://doi.org/10.1517/14656566.5.9.1867
2025-12-03 10:24:04,051 - INFO - Accessing: https://doi.org/10.1007/s10916-005-6129-x
2025-12-03 10:24:06,507 - INFO - Extracted 30119 characters from web
2025-12-03 10:24:06,507 - INFO - Web content extracted for heetebryWebBasedHealth2005: 8000 chars
2025-12-03 10:24:06,508 - INFO - Accessing: https://doi.org/10.1111/j.0023-5962.2004.00260.x
2025-12-03 10:24:08,669 - INFO - Accessing: https://doi.org/10.1145/963770.963772
2025-12-03 10:24:10,791 - INFO - Accessing: https://doi.org/10.1007/s10584-005-1052-1
2025-12-03 10:24:13,337 - INFO - Extracted 30626 characters from web
2025-12-03 10:24:13,337 - INFO - Web content extracted for hopeClimateChangeBenefits2005: 8000 chars
2025-12-03 10:24:13,338 - INFO - Accessing: https://doi.org/10.1080/09537280500205837
2025-12-03 10:24:15,445 - INFO - Processed 120/273 entries
2025-12-03 10:24:15,446 - INFO - Accessing: https://doi.org/10.1148/radiol.2352040727
2025-12-03 10:24:17,746 - INFO - Accessing: https://doi.org/10.1111/j.0002-9092.2004.00648.x
2025-12-03 10:24:19,862 - INFO - Accessing: https://doi.org/10.1007/BF02706253
2025-12-03 10:24:22,388 - INFO - Extracted 35265 characters from web
2025-12-03 10:24:22,388 - INFO - Web content extracted for jainEcommerceSupplyChains2005: 8000 chars
2025-12-03 10:24:22,389 - INFO - Accessing: https://doi.org/10.1108/00907320510631599
2025-12-03 10:24:24,508 - INFO - Accessing: https://doi.org/10.1111/1540-6210.00263
2025-12-03 10:24:26,699 - INFO - Accessing: https://doi.org/10.4018/irmj.2004010103
2025-12-03 10:24:28,848 - WARNING - Request failed for https://doi.org/10.4018/irmj.2004010103: 429 Client Error: Too Many Requests for url: https://services.igi-global.com/resolvedoi/resolve.aspx?doi=10.4018/irmj.2004010103
2025-12-03 10:24:28,849 - INFO - Accessing: https://doi.org/10.1287/deca.1040.0009
2025-12-03 10:24:30,975 - INFO - Accessing: https://doi.org/10.1111/j.1539-6924.2005.00594.x
2025-12-03 10:24:33,093 - INFO - Accessing: https://doi.org/10.1287/deca.1040.0023
2025-12-03 10:24:35,275 - INFO - Accessing: https://doi.org/10.1287/trsc.37.1.69.12820
2025-12-03 10:24:37,388 - INFO - Accessing: https://doi.org/10.1111/j.1937-5956.2005.tb00009.x
2025-12-03 10:24:39,505 - INFO - Accessing: https://doi.org/10.1016/j.envsci.2005.06.010
2025-12-03 10:24:42,362 - INFO - Accessing: https://doi.org/10.1111/j.0956-7976.2004.00742.x
2025-12-03 10:24:44,484 - INFO - Accessing: https://doi.org/10.1287/isre.14.2.127.16019
2025-12-03 10:24:46,667 - INFO - Accessing: https://doi.org/10.1023/B:CLIM.0000044615.75251.02
2025-12-03 10:24:49,228 - INFO - Extracted 69483 characters from web
2025-12-03 10:24:49,228 - INFO - Web content extracted for krieglerSensitivityAnalysisEmissions2004: 8000 chars
2025-12-03 10:24:49,229 - INFO - Accessing: https://doi.org/10.1287/mnsc.1030.0182
2025-12-03 10:24:51,376 - INFO - Processed 140/273 entries
2025-12-03 10:24:51,376 - INFO - Accessing: https://doi.org/10.1023/A:1025503525777
2025-12-03 10:24:53,899 - INFO - Extracted 32136 characters from web
2025-12-03 10:24:53,899 - INFO - Web content extracted for labrietNoTitleFound2003: 8000 chars
2025-12-03 10:24:53,901 - INFO - Accessing: https://doi.org/10.1080/10807030490438481
2025-12-03 10:24:56,022 - INFO - Accessing: https://doi.org/10.1023/A:1025054716419
2025-12-03 10:24:58,522 - INFO - Extracted 23085 characters from web
2025-12-03 10:24:58,522 - INFO - Web content extracted for langeNoTitleFound2003: 8000 chars
2025-12-03 10:24:58,524 - INFO - Accessing: https://doi.org/10.1111/j.1745-6606.2005.00005.x
2025-12-03 10:25:00,623 - INFO - Accessing: https://doi.org/10.1287/isre.14.3.221.16560
2025-12-03 10:25:02,733 - INFO - Accessing: https://doi.org/10.1097/01.MLR.0000083746.54410.CF
2025-12-03 10:25:04,866 - INFO - Accessing: https://doi.org/10.1108/09600030510590291
2025-12-03 10:25:07,021 - INFO - Accessing: https://doi.org/10.1086/379941
2025-12-03 10:25:09,303 - INFO - Accessing: https://doi.org/10.1142/S0218488503002016
2025-12-03 10:25:11,446 - INFO - Accessing: https://doi.org/10.1108/02635570510607003
2025-12-03 10:25:13,575 - INFO - Accessing: https://doi.org/10.1016/S0361-3682(02)00026-0
2025-12-03 10:25:16,387 - INFO - Accessing: https://doi.org/10.1016/j.cities.2005.07.008
2025-12-03 10:25:18,759 - INFO - Accessing: https://doi.org/10.1515/ercl.2005.1.4.442
2025-12-03 10:25:21,399 - INFO - Extracted 22699 characters from web
2025-12-03 10:25:21,399 - INFO - Web content extracted for lurgerFutureEuropeanContract2005: 8000 chars
2025-12-03 10:25:21,400 - INFO - Accessing: https://doi.org/10.1002/asi.10385
2025-12-03 10:25:23,563 - INFO - Accessing: https://doi.org/10.1080/09593980490909637
2025-12-03 10:25:25,763 - INFO - Processed 160/273 entries
2025-12-03 10:25:25,763 - INFO - Accessing: https://doi.org/10.1504/IJLSM.2004.005537
2025-12-03 10:25:28,107 - INFO - Accessing: https://doi.org/10.1016/S0308-521X(02)00066-5
2025-12-03 10:25:30,465 - INFO - Accessing: https://doi.org/10.2165/00019053-200523080-00006
2025-12-03 10:25:33,223 - INFO - Extracted 56819 characters from web
2025-12-03 10:25:33,223 - INFO - Web content extracted for martikainenEconomicEvaluationTemozolomide2005: 8000 chars
2025-12-03 10:25:33,224 - INFO - Accessing: https://doi.org/10.1007/s10198-003-0214-1
2025-12-03 10:25:35,780 - INFO - Extracted 44952 characters from web
2025-12-03 10:25:35,780 - INFO - Web content extracted for martikainenPotentialCosteffectivenessFamilybased2004: 8000 chars
2025-12-03 10:25:35,781 - INFO - Accessing: https://doi.org/10.1287/deca.1050.0045
2025-12-03 10:25:37,934 - INFO - Accessing: https://doi.org/10.1021/es0264246
2025-12-03 10:25:40,143 - INFO - Accessing: https://doi.org/10.1023/B:ANOR.0000004767.84402.b3
2025-12-03 10:25:42,702 - INFO - Extracted 24634 characters from web
2025-12-03 10:25:42,703 - INFO - Web content extracted for messinaUncertaintyOptionValue2003: 8000 chars
2025-12-03 10:25:42,704 - INFO - Accessing: https://doi.org/10.2165/00019053-200523010-00001
2025-12-03 10:25:45,241 - INFO - Extracted 42392 characters from web
2025-12-03 10:25:45,241 - INFO - Web content extracted for millerRolePharmacoeconomicAnalysis2005: 8000 chars
2025-12-03 10:25:45,242 - INFO - Accessing: https://doi.org/10.1287/mnsc.1030.0174
2025-12-03 10:25:47,401 - INFO - Accessing: https://doi.org/10.1509/jmkg.2005.69.4.201
2025-12-03 10:25:49,588 - INFO - Accessing: https://doi.org/10.1201/1078/43204.20.2.20030301/41472.10
2025-12-03 10:25:51,782 - INFO - Accessing: https://doi.org/10.1111/j.1539-6924.2005.00681.x
2025-12-03 10:25:53,963 - INFO - Accessing: https://doi.org/10.1258/135581903322403317
2025-12-03 10:25:56,150 - INFO - Processed 180/273 entries
2025-12-03 10:25:56,150 - INFO - Accessing: https://doi.org/10.1287/opre.1050.0211
2025-12-03 10:25:58,328 - INFO - Accessing: https://doi.org/10.1111/j.1468-0394.2004.00266.x
2025-12-03 10:26:00,450 - INFO - Accessing: https://doi.org/10.5558/tfc80384-3
2025-12-03 10:26:02,685 - INFO - Accessing: https://doi.org/10.1108/15265940510599865
2025-12-03 10:26:04,914 - INFO - Accessing: https://doi.org/10.2189/asqu.2005.50.1.100
2025-12-03 10:26:07,199 - INFO - Accessing: https://doi.org/10.2165/00019053-200523060-00001
2025-12-03 10:26:09,718 - INFO - Extracted 55315 characters from web
2025-12-03 10:26:09,718 - INFO - Web content extracted for ohaganIncorporationUncertaintyHealth2005: 8000 chars
2025-12-03 10:26:09,719 - INFO - Accessing: https://doi.org/10.1016/j.ress.2004.03.014
2025-12-03 10:26:12,427 - INFO - Accessing: https://doi.org/10.1504/IJRAM.2005.006609
2025-12-03 10:26:14,721 - INFO - Accessing: https://doi.org/10.1016/j.cviu.2004.12.004
2025-12-03 10:26:18,097 - INFO - Accessing: https://doi.org/10.1111/j.1751-5823.2004.tb00231.x
2025-12-03 10:26:20,285 - INFO - Accessing: https://doi.org/10.4337/9781781958544.00025
2025-12-03 10:26:22,507 - WARNING - Some characters could not be decoded, and were replaced with REPLACEMENT CHARACTER.
2025-12-03 10:26:22,507 - INFO - Accessing: https://doi.org/10.1007/s10584-005-0434-8
2025-12-03 10:26:28,726 - INFO - Extracted 157446 characters from web
2025-12-03 10:26:28,726 - INFO - Web content extracted for oppenheimerArticle2UNFCCC2005: 8000 chars
2025-12-03 10:26:28,727 - INFO - Accessing: https://doi.org/10.1007/s10040-004-0424-3
2025-12-03 10:26:32,271 - INFO - Extracted 128683 characters from web
2025-12-03 10:26:32,271 - INFO - Web content extracted for orrApproachesOptimalAquifer2005: 8000 chars
2025-12-03 10:26:32,272 - INFO - Accessing: https://doi.org/10.1002/sim.1623
2025-12-03 10:26:34,380 - INFO - Accessing: https://doi.org/10.1111/j.0272-4332.2005.00577.x
2025-12-03 10:26:36,571 - INFO - Accessing: https://doi.org/10.2190/VDAP-K5BX-EJX1-D8QY
2025-12-03 10:26:38,715 - INFO - Processed 200/273 entries
2025-12-03 10:26:38,715 - INFO - Accessing: https://doi.org/10.1142/S0219622005001489
2025-12-03 10:26:40,899 - INFO - Accessing: https://doi.org/10.2307/41166327
2025-12-03 10:26:43,098 - INFO - Accessing: https://doi.org/10.1207/s15427579jpfm0404_5
2025-12-03 10:26:45,301 - INFO - Accessing: https://doi.org/10.1080/15228053.2003.10856014
2025-12-03 10:26:47,439 - INFO - Accessing: https://doi.org/10.3310/hta8360
2025-12-03 10:26:49,564 - INFO - Accessing: https://doi.org/10.1111/j.1083-6101.2005.tb00271.x
2025-12-03 10:26:51,696 - INFO - Accessing: https://doi.org/10.1080/07421222.2004.11045795
2025-12-03 10:26:54,877 - INFO - Accessing: https://doi.org/10.1016/j.ijmedinf.2005.05.004
2025-12-03 10:26:57,781 - INFO - Accessing: https://doi.org/10.1080/09638230410001729834
2025-12-03 10:26:59,940 - INFO - Accessing: https://doi.org/10.1080/0953728042000238746
2025-12-03 10:27:02,123 - INFO - Accessing: https://doi.org/10.1056/NEJMoa030634
2025-12-03 10:27:04,352 - INFO - Accessing: https://doi.org/10.1146/annurev.soc.29.010202.100037
2025-12-03 10:27:06,514 - INFO - Accessing: https://doi.org/10.4018/jdet.2005040103
2025-12-03 10:27:08,663 - WARNING - Request failed for https://doi.org/10.4018/jdet.2005040103: 429 Client Error: Too Many Requests for url: https://services.igi-global.com/resolvedoi/resolve.aspx?doi=10.4018/jdet.2005040103
2025-12-03 10:27:08,663 - INFO - Accessing: https://doi.org/10.1377/hlthaff.24.1.55
2025-12-03 10:27:10,866 - INFO - Accessing: https://doi.org/10.1191/0960327104ht482oa
2025-12-03 10:27:13,060 - INFO - Accessing: https://doi.org/10.1145/857076.857079
2025-12-03 10:27:15,272 - INFO - Accessing: https://doi.org/10.1287/mnsc.49.6.751.16026
2025-12-03 10:27:17,424 - INFO - Processed 220/273 entries
2025-12-03 10:27:17,424 - INFO - Accessing: https://doi.org/10.1080/10835547.2004.12090138
2025-12-03 10:27:19,609 - INFO - Accessing: https://doi.org/10.1046/j.1467-2979.2003.00110.x
2025-12-03 10:27:21,730 - INFO - Accessing: https://doi.org/10.1287/mnsc.1030.0186
2025-12-03 10:27:23,854 - INFO - Accessing: https://doi.org/10.1093/cep/byi048
2025-12-03 10:27:26,031 - INFO - Accessing: https://doi.org/10.1002/9780470752937.ch14
2025-12-03 10:27:28,150 - INFO - Accessing: https://doi.org/10.1111/j.1524-4733.2005.00033.x
2025-12-03 10:27:30,952 - INFO - Accessing: https://doi.org/10.1509/jppm.23.2.153.51406
2025-12-03 10:27:33,084 - INFO - Accessing: https://doi.org/10.1080/00207540410001704050
2025-12-03 10:27:35,267 - INFO - Accessing: https://doi.org/10.1016/j.envsci.2005.03.012
2025-12-03 10:27:37,560 - INFO - Accessing: https://doi.org/10.4337/9781845425593.00014
2025-12-03 10:27:40,694 - WARNING - Some characters could not be decoded, and were replaced with REPLACEMENT CHARACTER.
2025-12-03 10:27:40,694 - INFO - Accessing: https://doi.org/10.1586/14737167.3.3.237
2025-12-03 10:27:42,900 - INFO - Accessing: https://doi.org/10.1007/s10198-003-0205-2
2025-12-03 10:27:45,640 - INFO - Extracted 72614 characters from web
2025-12-03 10:27:45,640 - INFO - Web content extracted for siebertWhenShouldDecisionanalytic2003: 8000 chars
2025-12-03 10:27:45,641 - INFO - Accessing: https://doi.org/10.1007/s10843-006-7858-8
2025-12-03 10:27:48,174 - INFO - Extracted 47563 characters from web
2025-12-03 10:27:48,174 - INFO - Web content extracted for sinkovicsEmpowermentSMEWebsites2005: 8000 chars
2025-12-03 10:27:48,175 - INFO - Accessing: https://doi.org/10.3166/jds.14.279-301
2025-12-03 10:27:50,334 - INFO - Processed 240/273 entries
2025-12-03 10:27:50,334 - INFO - Accessing: https://doi.org/10.1108/03055720510634216
2025-12-03 10:27:52,557 - INFO - Accessing: https://doi.org/10.7326/0003-4819-138-10-200305200-00007
2025-12-03 10:27:54,759 - INFO - Accessing: https://doi.org/10.1509/jppm.23.2.183.51405
2025-12-03 10:27:56,949 - INFO - Accessing: https://doi.org/10.1016/S0167-4870(03)00055-2
2025-12-03 10:27:59,322 - INFO - Accessing: https://doi.org/10.1287/isre.14.1.47.14767
2025-12-03 10:28:01,509 - INFO - Accessing: https://doi.org/10.1016/j.jclinepi.2004.03.015
2025-12-03 10:28:03,861 - INFO - Accessing: https://doi.org/10.1016/S1359-6446(05)03606-8
2025-12-03 10:28:06,192 - INFO - Accessing: https://doi.org/10.3310/hta8270
2025-12-03 10:28:08,385 - INFO - Accessing: https://doi.org/10.1177/0899764003254900
2025-12-03 10:28:10,574 - INFO - Accessing: https://doi.org/10.1023/A:1021753906949
2025-12-03 10:28:13,477 - INFO - Extracted 62719 characters from web
2025-12-03 10:28:13,477 - INFO - Web content extracted for tolNoTitleFound2003: 8000 chars
2025-12-03 10:28:13,478 - INFO - Accessing: https://doi.org/10.1287/msom.1040.0063
2025-12-03 10:28:15,629 - INFO - Accessing: https://doi.org/10.1186/1471-2458-5-123
2025-12-03 10:28:18,165 - INFO - Extracted 200114 characters from web
2025-12-03 10:28:18,166 - INFO - Web content extracted for tuomistoEconomicWayReducing2005: 8000 chars
2025-12-03 10:28:18,167 - INFO - Accessing: https://doi.org/10.1016/j.icesjms.2005.02.005
2025-12-03 10:28:20,490 - INFO - Accessing: https://doi.org/10.1002/hec.947
2025-12-03 10:28:22,666 - INFO - Processed 260/273 entries
2025-12-03 10:28:22,666 - INFO - Accessing: https://doi.org/10.1046/j.1524-4733.2003.00234.x
2025-12-03 10:28:25,023 - INFO - Accessing: https://doi.org/10.1007/0-387-23081-5_24
2025-12-03 10:28:27,738 - INFO - Extracted 118002 characters from web
2025-12-03 10:28:27,738 - INFO - Web content extracted for weistrofferMultipleCriteriaDecision2005: 8000 chars
2025-12-03 10:28:27,739 - INFO - Accessing: https://doi.org/10.1080/1366987032000105298
2025-12-03 10:28:29,905 - INFO - Accessing: https://doi.org/10.3109/713610246
2025-12-03 10:28:32,116 - INFO - Accessing: https://doi.org/10.1111/j.0272-4332.2004.00464.x
2025-12-03 10:28:34,314 - INFO - Accessing: https://doi.org/10.1177/0272989X04263157
2025-12-03 10:28:36,517 - INFO - Accessing: https://doi.org/10.1509/jmkg.69.2.42.60756
2025-12-03 10:28:38,722 - INFO - Accessing: https://doi.org/10.1287/isre.1050.0045
2025-12-03 10:28:40,901 - INFO - Accessing: https://doi.org/10.1016/j.agsy.2004.02.009
2025-12-03 10:28:43,634 - INFO - Processing papers_2007.bib: 394 entries
2025-12-03 10:28:43,634 - INFO - Accessing: https://doi.org/10.1111/j.1467-985X.2005.00377.x
2025-12-03 10:28:45,458 - INFO - Accessing: https://doi.org/10.3233/HSM-2007-26401
2025-12-03 10:28:47,642 - INFO - Accessing: https://doi.org/10.18848/1832-3669/CGP/v02i03/55616
2025-12-03 10:28:50,241 - INFO - Accessing: https://doi.org/10.1016/j.ssci.2006.02.002
2025-12-03 10:28:52,535 - INFO - Accessing: https://doi.org/10.1017/S026626710621112X
2025-12-03 10:28:55,600 - INFO - Extracted 4965 characters from web
2025-12-03 10:28:55,601 - INFO - Web content extracted for alexanderStagHuntEvolution2006: 4965 chars
2025-12-03 10:28:55,601 - INFO - Accessing: https://doi.org/10.1142/S0218488506004114
2025-12-03 10:28:57,744 - INFO - Accessing: https://doi.org/10.1007/1-4020-4028-8_22
2025-12-03 10:29:00,696 - INFO - Extracted 35170 characters from web
2025-12-03 10:29:00,696 - INFO - Web content extracted for altaloApplicationsOceanForecast2006: 8000 chars
2025-12-03 10:29:00,697 - INFO - Accessing: https://doi.org/10.1177/1350508406061674
2025-12-03 10:29:02,868 - INFO - Accessing: https://doi.org/10.1287/orsc.1070.0306
2025-12-03 10:29:04,975 - INFO - Accessing: https://doi.org/10.1016/j.ecolmodel.2007.05.020
2025-12-03 10:29:07,402 - INFO - Accessing: https://doi.org/10.1108/03090560710773408
2025-12-03 10:29:09,618 - INFO - Accessing: https://doi.org/10.1002/sim.2672
2025-12-03 10:29:11,804 - INFO - Accessing: https://doi.org/10.1002/bdm.559
2025-12-03 10:29:13,990 - INFO - Accessing: https://doi.org/10.1287/mnsc.1050.0468
2025-12-03 10:29:16,166 - INFO - Accessing: https://doi.org/10.1002/bdm.554
2025-12-03 10:29:18,280 - INFO - Processed 20/394 entries
2025-12-03 10:29:18,280 - INFO - Accessing: https://doi.org/10.1108/14637150710752308
2025-12-03 10:29:20,412 - INFO - Accessing: https://doi.org/10.1016/j.jretai.2007.03.001
2025-12-03 10:29:22,703 - INFO - Accessing: https://doi.org/10.1007/s00254-006-0488-6
2025-12-03 10:29:25,366 - INFO - Extracted 44709 characters from web
2025-12-03 10:29:25,366 - INFO - Web content extracted for backModelEstimatingValue2007: 8000 chars
2025-12-03 10:29:25,367 - INFO - Accessing: https://doi.org/10.1579/0044-7447(2007)36[486:VOIAIR]2.0.CO;2
2025-12-03 10:29:27,517 - INFO - Accessing: https://doi.org/10.1007/1-4020-5405-X_14
2025-12-03 10:29:31,920 - INFO - Extracted 36558 characters from web
2025-12-03 10:29:31,920 - INFO - Web content extracted for bartonHowMuchEnough2007: 8000 chars
2025-12-03 10:29:31,921 - INFO - Accessing: https://doi.org/10.1002/sim.2317
2025-12-03 10:29:34,081 - INFO - Accessing: https://doi.org/10.1080/00380237.2006.10571290
2025-12-03 10:29:36,242 - INFO - Accessing: https://doi.org/10.1111/j.1467-7717.2007.00338.x
2025-12-03 10:29:38,419 - INFO - Accessing: https://doi.org/10.1016/j.geb.2005.09.004
2025-12-03 10:29:40,693 - INFO - Accessing: https://doi.org/10.1016/j.euroecorev.2006.09.002
2025-12-03 10:29:43,055 - INFO - Accessing: https://doi.org/10.1016/j.agsy.2005.03.007
2025-12-03 10:29:45,345 - INFO - Accessing: https://doi.org/10.1190/1.2360610
2025-12-03 10:29:48,703 - INFO - Accessing: https://doi.org/10.1108/09600030710758446
2025-12-03 10:29:50,863 - INFO - Processed 40/394 entries
2025-12-03 10:29:50,863 - INFO - Accessing: https://doi.org/10.1016/j.scitotenv.2006.02.032
2025-12-03 10:29:53,153 - INFO - Accessing: https://doi.org/10.1016/j.ecolecon.2006.08.006
2025-12-03 10:29:55,524 - INFO - Accessing: https://doi.org/10.2165/00019053-200725100-00003
2025-12-03 10:29:58,166 - INFO - Extracted 69934 characters from web
2025-12-03 10:29:58,166 - INFO - Web content extracted for bojkeComparisonCostEffectiveness2007: 8000 chars
2025-12-03 10:29:58,167 - INFO - Accessing: https://doi.org/10.1016/j.jfineco.2005.06.004
2025-12-03 10:30:00,476 - INFO - Accessing: https://doi.org/10.1016/j.accinf.2007.07.002
2025-12-03 10:30:02,882 - INFO - Accessing: https://doi.org/10.1504/IJNVO.2007.012079
2025-12-03 10:30:05,206 - INFO - Accessing: https://doi.org/10.1093/rheumatology/kem221
2025-12-03 10:30:07,391 - INFO - Accessing: https://doi.org/10.1002/hec.1217
2025-12-03 10:30:09,527 - INFO - Accessing: https://doi.org/10.1016/j.amjmed.2006.08.032
2025-12-03 10:30:11,850 - INFO - Accessing: https://doi.org/10.1016/j.agsy.2006.01.003
2025-12-03 10:30:14,210 - INFO - Accessing: https://doi.org/10.1017/S1930297500002382
2025-12-03 10:30:17,096 - INFO - Extracted 193483 characters from web
2025-12-03 10:30:17,096 - INFO - Web content extracted for brownMakingDecisionResearch2006: 8000 chars
2025-12-03 10:30:17,097 - INFO - Accessing: https://doi.org/10.1287/deca.1060.0069
2025-12-03 10:30:19,193 - INFO - Accessing: https://doi.org/10.1016/j.geoderma.2007.08.015
2025-12-03 10:30:21,536 - INFO - Processed 60/394 entries
2025-12-03 10:30:21,536 - INFO - Accessing: https://doi.org/10.3310/hta10320
2025-12-03 10:30:23,871 - INFO - Accessing: https://doi.org/10.1177/014107680710001013
2025-12-03 10:30:26,072 - INFO - Accessing: https://doi.org/10.1057/palgrave.jit.2000109
2025-12-03 10:30:28,386 - INFO - Accessing: https://doi.org/10.1080/09511920500324381
2025-12-03 10:30:30,587 - INFO - Accessing: https://doi.org/10.1108/02635570610641031
2025-12-03 10:30:32,800 - INFO - Accessing: https://doi.org/10.1016/S0927-0507(06)13009-1
2025-12-03 10:30:35,160 - INFO - Accessing: https://doi.org/10.1016/j.eneco.2006.03.002
2025-12-03 10:30:37,580 - INFO - Accessing: https://doi.org/10.1509/jmkr.44.1.42
2025-12-03 10:30:40,322 - INFO - Extracted 43556 characters from web
2025-12-03 10:30:40,323 - INFO - Web content extracted for christenCompetitivePricingInformation2007: 8000 chars
2025-12-03 10:30:40,324 - INFO - Accessing: https://doi.org/10.1111/j.1475-5661.2007.00277.x
2025-12-03 10:30:42,483 - INFO - Accessing: https://doi.org/10.1111/j.1539-6924.2006.00724.x
2025-12-03 10:30:44,671 - INFO - Accessing: https://doi.org/10.1098/rstb.2007.2098
2025-12-03 10:30:47,025 - INFO - Accessing: https://doi.org/10.1136/bmj.39325.681806.AD
2025-12-03 10:30:49,291 - INFO - Accessing: https://doi.org/10.1146/annurev.publhealth.28.083006.131942
2025-12-03 10:30:51,503 - INFO - Accessing: https://doi.org/10.5750/jgbe.v1i1.508
2025-12-03 10:30:53,823 - INFO - Extracted 7551 characters from web
2025-12-03 10:30:53,823 - INFO - Web content extracted for colemanJustHowSerious2007: 7551 chars
2025-12-03 10:30:53,825 - INFO - Processed 80/394 entries
2025-12-03 10:30:53,825 - INFO - Accessing: https://doi.org/10.1007/0-387-26118-4_5
2025-12-03 10:30:56,469 - INFO - Extracted 5423 characters from web
2025-12-03 10:30:56,470 - INFO - Web content extracted for coxDoseresponseModelingRisk2006: 5423 chars
2025-12-03 10:30:56,471 - INFO - Accessing: https://doi.org/10.1111/j.1539-6924.2006.00857.x
2025-12-03 10:30:58,658 - INFO - Accessing: https://doi.org/10.1017/CBO9780511611308.018
2025-12-03 10:31:02,277 - INFO - Extracted 50236 characters from web
2025-12-03 10:31:02,277 - INFO - Web content extracted for coxjr17HealthRisk2007: 8000 chars
2025-12-03 10:31:02,279 - INFO - Accessing: https://doi.org/10.1287/inte.1060.0275
2025-12-03 10:31:04,402 - INFO - Accessing: https://doi.org/10.1111/j.1539-6924.2006.00723.x
2025-12-03 10:31:06,579 - INFO - Accessing: https://doi.org/10.1007/0-387-26118-4_2
2025-12-03 10:31:09,192 - INFO - Extracted 5315 characters from web
2025-12-03 10:31:09,192 - INFO - Web content extracted for coxRiskAnalysisGoals2006: 5315 chars
2025-12-03 10:31:09,193 - INFO - Accessing: https://doi.org/10.1111/j.1741-6248.2006.00056.x
2025-12-03 10:31:11,365 - INFO - Accessing: https://doi.org/10.1287/mnsc.1050.0436
2025-12-03 10:31:13,546 - INFO - Accessing: https://doi.org/10.1080/10584600601128382
2025-12-03 10:31:15,680 - INFO - Accessing: https://doi.org/10.1007/s10799-007-0010-1
2025-12-03 10:31:18,148 - INFO - Extracted 543206 characters from web
2025-12-03 10:31:18,149 - INFO - Web content extracted for curtinMakingMOSToutRFID2007: 8000 chars
2025-12-03 10:31:18,150 - INFO - Accessing: https://doi.org/10.1287/msom.1060.0128
2025-12-03 10:31:20,268 - INFO - Accessing: https://doi.org/10.1504/IJENM.2006.011700
2025-12-03 10:31:22,546 - INFO - Accessing: https://doi.org/10.1108/01443570610646184
2025-12-03 10:31:24,758 - INFO - Accessing: https://doi.org/10.4018/jiit.2006040103
2025-12-03 10:31:26,901 - WARNING - Request failed for https://doi.org/10.4018/jiit.2006040103: 429 Client Error: Too Many Requests for url: https://services.igi-global.com/resolvedoi/resolve.aspx?doi=10.4018/jiit.2006040103
2025-12-03 10:31:26,901 - INFO - Accessing: https://doi.org/10.1111/j.1540-6520.2006.00109.x
2025-12-03 10:31:29,021 - INFO - Accessing: https://doi.org/10.1016/j.gloenvcha.2006.11.005
2025-12-03 10:31:31,938 - INFO - Accessing: https://doi.org/10.1016/j.dss.2005.09.004
2025-12-03 10:31:34,229 - INFO - Accessing: https://doi.org/10.1287/isre.1060.0080
2025-12-03 10:31:36,399 - INFO - Processed 100/394 entries
2025-12-03 10:31:36,399 - INFO - Accessing: https://doi.org/10.1057/palgrave.jors.2602051
2025-12-03 10:31:38,505 - INFO - Accessing: https://doi.org/10.1111/j.1539-6924.2006.00742.x
2025-12-03 10:31:40,674 - INFO - Accessing: https://doi.org/10.1108/17465680710725290
2025-12-03 10:31:42,871 - INFO - Accessing: https://doi.org/10.1016/j.envsoft.2005.07.020
2025-12-03 10:31:45,220 - INFO - Accessing: https://doi.org/10.1016/j.enpol.2007.08.036
2025-12-03 10:31:47,506 - INFO - Accessing: https://doi.org/10.1080/00207540601020528
2025-12-03 10:31:49,643 - INFO - Accessing: https://doi.org/10.1177/097226290601000404
2025-12-03 10:31:51,841 - INFO - Accessing: https://doi.org/10.1108/14637150610678113
2025-12-03 10:31:54,473 - INFO - Accessing: https://doi.org/10.1613/jair.2075
2025-12-03 10:31:57,836 - INFO - Extracted 5645 characters from web
2025-12-03 10:31:57,836 - INFO - Web content extracted for faltingsPreferencebasedSearchUsing2006: 5645 chars
2025-12-03 10:31:57,838 - INFO - Accessing: https://doi.org/10.1108/13598540710776935
2025-12-03 10:32:00,065 - INFO - Accessing: https://doi.org/10.1111/j.1369-7625.2006.00420.x
2025-12-03 10:32:02,248 - INFO - Accessing: https://doi.org/10.1177/0272989X06290493
2025-12-03 10:32:04,445 - INFO - Accessing: https://doi.org/10.1177/000312240707200208
2025-12-03 10:32:06,632 - INFO - Accessing: https://doi.org/10.1016/j.ress.2005.11.052
2025-12-03 10:32:09,053 - INFO - Accessing: https://doi.org/10.1002/hec.1225
2025-12-03 10:32:11,228 - INFO - Processed 120/394 entries
2025-12-03 10:32:11,228 - INFO - Accessing: https://doi.org/10.1108/01443570710714556
2025-12-03 10:32:13,430 - INFO - Accessing: https://doi.org/10.1007/s10997-007-9013-x
2025-12-03 10:32:16,104 - INFO - Extracted 55802 characters from web
2025-12-03 10:32:16,104 - INFO - Web content extracted for frantzSociallyPrivatelyOptimal2007: 8000 chars
2025-12-03 10:32:16,105 - INFO - Accessing: https://doi.org/10.1086/655170
2025-12-03 10:32:18,271 - INFO - Accessing: https://doi.org/10.1057/palgrave.crr.1550048
2025-12-03 10:32:20,932 - INFO - Extracted 76701 characters from web
2025-12-03 10:32:20,932 - INFO - Web content extracted for gabbionetaExploringDriversCorporate2007: 8000 chars
2025-12-03 10:32:20,933 - INFO - Accessing: https://doi.org/10.1002/chp.140
2025-12-03 10:32:23,104 - INFO - Accessing: https://doi.org/10.1016/j.advwatres.2006.04.004
2025-12-03 10:32:25,397 - INFO - Accessing: https://doi.org/10.1016/j.ijforecast.2006.03.005
2025-12-03 10:32:27,748 - INFO - Accessing: https://doi.org/10.1377/hlthaff.26.3.684
2025-12-03 10:32:29,986 - INFO - Accessing: https://doi.org/10.1287/mnsc.1060.0600
2025-12-03 10:32:32,104 - INFO - Accessing: https://doi.org/10.1080/00909880701263029
2025-12-03 10:32:34,212 - INFO - Accessing: https://doi.org/10.1017/S0266462307070365
2025-12-03 10:32:37,273 - INFO - Extracted 57574 characters from web
2025-12-03 10:32:37,274 - INFO - Web content extracted for girlingModelingPaybackResearch2007: 8000 chars
2025-12-03 10:32:37,275 - INFO - Accessing: https://doi.org/10.1177/1740774506075872
2025-12-03 10:32:39,454 - INFO - Processed 140/394 entries
2025-12-03 10:32:39,454 - INFO - Accessing: https://doi.org/10.1016/j.ress.2006.09.010
2025-12-03 10:32:41,835 - INFO - Accessing: https://doi.org/10.1016/j.dss.2006.05.007
2025-12-03 10:32:44,195 - INFO - Accessing: https://doi.org/10.1145/1138403.1138448
2025-12-03 10:32:46,442 - INFO - Accessing: https://doi.org/10.1108/02621710710777255
2025-12-03 10:32:48,707 - INFO - Accessing: https://doi.org/10.1002/hrm.20116
2025-12-03 10:32:50,937 - INFO - Accessing: https://doi.org/10.1016/j.ecolecon.2005.07.020
2025-12-03 10:32:53,299 - INFO - Accessing: https://doi.org/10.1017/S0266462307070304
2025-12-03 10:32:57,011 - INFO - Extracted 58627 characters from web
2025-12-03 10:32:57,012 - INFO - Web content extracted for griebschComparingClinicalEconomic2007: 8000 chars
2025-12-03 10:32:57,013 - INFO - Accessing: https://doi.org/10.1111/j.1524-4733.2006.00090.x
2025-12-03 10:33:00,290 - INFO - Accessing: https://doi.org/10.1017/S0266267106221126
2025-12-03 10:33:03,546 - INFO - Extracted 3715 characters from web
2025-12-03 10:33:03,547 - INFO - Web content extracted for grune-yanoffCognitiveEconomicsInterdisciplinary2006: 3715 chars
2025-12-03 10:33:03,548 - INFO - Accessing: https://doi.org/10.1504/IJSOI.2006.010186
2025-12-03 10:33:05,762 - INFO - Accessing: https://doi.org/10.1108/17410380610707384
2025-12-03 10:33:08,026 - INFO - Processed 160/394 entries
2025-12-03 10:33:08,026 - INFO - Accessing: https://doi.org/10.1109/TSMCC.2007.900671
2025-12-03 10:33:10,974 - INFO - Accessing: https://doi.org/10.1016/j.jhealeco.2005.12.003
2025-12-03 10:33:13,331 - INFO - Accessing: https://doi.org/10.1287/deca.1070.0090
2025-12-03 10:33:15,574 - INFO - Accessing: https://doi.org/10.1142/S0218213006003016
2025-12-03 10:33:17,786 - INFO - Accessing: https://doi.org/10.1190/1.2335161
2025-12-03 10:33:20,989 - INFO - Accessing: https://doi.org/10.1007/BF03396742
2025-12-03 10:33:23,567 - INFO - Extracted 53580 characters from web
2025-12-03 10:33:23,567 - INFO - Web content extracted for hufnerSECsMDaDoes2007: 8000 chars
2025-12-03 10:33:23,568 - INFO - Accessing: https://doi.org/10.1016/j.csi.2007.03.001
2025-12-03 10:33:25,913 - INFO - Accessing: https://doi.org/10.1017/S0266462307070651
2025-12-03 10:33:28,692 - INFO - Extracted 169150 characters from web
2025-12-03 10:33:28,692 - INFO - Web content extracted for huttonCoverageEvidenceDevelopment2007: 8000 chars
2025-12-03 10:33:28,693 - INFO - Accessing: https://doi.org/10.2165/00019053-200624050-00005
2025-12-03 10:33:31,934 - INFO - Extracted 43838 characters from web
2025-12-03 10:33:31,934 - INFO - Web content extracted for iglesiasComprehensiveDecisionanalyticModel2006: 8000 chars
2025-12-03 10:33:31,936 - INFO - Accessing: https://doi.org/10.1177/1094428105285144
2025-12-03 10:33:33,995 - INFO - Accessing: https://doi.org/10.1111/j.1467-9280.2006.01778.x
2025-12-03 10:33:36,189 - INFO - Processed 180/394 entries
2025-12-03 10:33:36,189 - INFO - Accessing: https://doi.org/10.1016/j.artmed.2006.01.003
2025-12-03 10:33:38,481 - INFO - Accessing: https://doi.org/10.1177/008124630603600201
2025-12-03 10:33:40,678 - INFO - Accessing: https://doi.org/10.1108/09574090610717536
2025-12-03 10:33:42,900 - INFO - Accessing: https://doi.org/10.1108/09574090610663455
2025-12-03 10:33:45,111 - INFO - Accessing: https://doi.org/10.2753/MIS0742-1222240103
2025-12-03 10:33:47,314 - INFO - Accessing: https://doi.org/10.1108/09600030710752505
2025-12-03 10:33:49,449 - INFO - Accessing: https://doi.org/10.1016/j.elerap.2006.06.006
2025-12-03 10:33:51,867 - INFO - Accessing: https://doi.org/10.3166/jds.15.453-473
2025-12-03 10:33:54,057 - INFO - Accessing: https://doi.org/10.1197/jamia.M2327
2025-12-03 10:33:56,241 - INFO - Accessing: https://doi.org/10.1109/TSMCA.2007.897708
2025-12-03 10:33:58,884 - INFO - Accessing: https://doi.org/10.1007/s10584-005-9019-9
2025-12-03 10:34:01,429 - INFO - Extracted 59415 characters from web
2025-12-03 10:34:01,429 - INFO - Web content extracted for klopperSeasonalClimateForecasts2006: 8000 chars
2025-12-03 10:34:01,430 - INFO - Accessing: https://doi.org/10.1016/j.aos.2006.09.005
2025-12-03 10:34:03,754 - INFO - Processed 200/394 entries
2025-12-03 10:34:03,754 - INFO - Accessing: https://doi.org/10.1109/TSMCC.2007.900669
2025-12-03 10:34:06,262 - INFO - Accessing: https://doi.org/10.1016/j.eswa.2006.06.015
2025-12-03 10:34:08,589 - INFO - Accessing: https://doi.org/10.1109/TSMCB.2007.896018
2025-12-03 10:34:11,103 - INFO - Accessing: https://doi.org/10.1016/j.destud.2007.06.001
2025-12-03 10:34:13,386 - INFO - Accessing: https://doi.org/10.1177/0272989X06288684
2025-12-03 10:34:15,586 - INFO - Accessing: https://doi.org/10.1016/j.mar.2006.12.002
2025-12-03 10:34:17,929 - INFO - Accessing: https://doi.org/10.1065/lca2005.04.201
2025-12-03 10:34:20,661 - INFO - Extracted 17875 characters from web
2025-12-03 10:34:20,661 - INFO - Web content extracted for lenzenUncertaintyImpactExternality2006: 8000 chars
2025-12-03 10:34:20,662 - INFO - Accessing: https://doi.org/10.1108/14779960680000279
2025-12-03 10:34:22,870 - INFO - Accessing: https://doi.org/10.1007/s00267-005-0328-6
2025-12-03 10:34:25,510 - INFO - Extracted 68463 characters from web
2025-12-03 10:34:25,510 - INFO - Web content extracted for lesageEvaluatingHolisticEnvironmental2007: 8000 chars
2025-12-03 10:34:25,512 - INFO - Accessing: https://doi.org/10.1061/(ASCE)1527-6988(2007)8:3(78)
2025-12-03 10:34:27,697 - INFO - Accessing: https://doi.org/10.1007/978-1-84628-607-0_3
2025-12-03 10:34:30,263 - INFO - Extracted 33745 characters from web
2025-12-03 10:34:30,263 - INFO - Web content extracted for leungToolSetExploring2007: 8000 chars
2025-12-03 10:34:30,264 - INFO - Accessing: https://doi.org/10.1080/10570310500506631
2025-12-03 10:34:32,442 - INFO - Processed 220/394 entries
2025-12-03 10:34:32,442 - INFO - Accessing: https://doi.org/10.1016/j.dss.2005.01.009
2025-12-03 10:34:34,798 - INFO - Accessing: https://doi.org/10.1108/17410390710823671
2025-12-03 10:34:36,996 - INFO - Accessing: https://doi.org/10.1016/j.ijhcs.2006.04.001
2025-12-03 10:34:39,266 - INFO - Accessing: https://doi.org/10.3138/carto.42.2.165
2025-12-03 10:34:41,398 - INFO - Accessing: https://doi.org/10.1016/j.jenvman.2005.12.018
2025-12-03 10:34:43,810 - INFO - Accessing: https://doi.org/10.1108/02635570610666476
2025-12-03 10:34:45,951 - INFO - Accessing: https://doi.org/10.1108/09593840710758068
2025-12-03 10:34:48,077 - INFO - Accessing: https://doi.org/10.15353/joci.v2i2.2080
2025-12-03 10:34:50,835 - INFO - Extracted 837 characters from web
2025-12-03 10:34:50,835 - INFO - Web content extracted for lochnerCostMaturityModel2006: 837 chars
2025-12-03 10:34:50,835 - INFO - Accessing: https://doi.org/10.1080/09511920500174356
2025-12-03 10:34:53,020 - INFO - Accessing: https://doi.org/10.1002/meet.1450440252
2025-12-03 10:34:55,349 - INFO - Accessing: https://doi.org/10.1007/s10916-005-7990-y
2025-12-03 10:34:57,967 - INFO - Extracted 39239 characters from web
2025-12-03 10:34:57,967 - INFO - Web content extracted for lorenceComparativeAnalysisMedical2006: 8000 chars
2025-12-03 10:34:57,968 - INFO - Accessing: https://doi.org/10.1108/09534810710760072
2025-12-03 10:35:00,158 - INFO - Accessing: https://doi.org/10.1016/S1751-3243(06)01002-9
2025-12-03 10:35:02,505 - INFO - Accessing: https://doi.org/10.1287/opre.1060.0338
2025-12-03 10:35:04,679 - INFO - Accessing: https://doi.org/10.1016/j.giq.2007.04.003
2025-12-03 10:35:07,070 - INFO - Processed 240/394 entries
2025-12-03 10:35:07,070 - INFO - Accessing: https://doi.org/10.1007/978-3-540-68996-6_15
2025-12-03 10:35:09,830 - INFO - Extracted 23395 characters from web
2025-12-03 10:35:09,830 - INFO - Web content extracted for madsenApplicationsHUGINDiagnosis2007: 8000 chars
2025-12-03 10:35:09,831 - INFO - Accessing: https://doi.org/10.2308/acch.2006.20.4.399
2025-12-03 10:35:12,016 - INFO - Accessing: https://doi.org/10.36076/ppj.2007/10/329
2025-12-03 10:35:15,648 - INFO - Accessing: https://doi.org/10.1038/sj.bjc.6603804
2025-12-03 10:35:17,984 - INFO - Extracted 221465 characters from web
2025-12-03 10:35:17,984 - INFO - Web content extracted for manselCosteffectivenessAnalysisAnastrozole2007: 8000 chars
2025-12-03 10:35:17,986 - INFO - Accessing: https://doi.org/10.1108/00220410710827754
2025-12-03 10:35:20,144 - INFO - Accessing: https://doi.org/10.1016/j.foreco.2007.02.039
2025-12-03 10:35:22,576 - INFO - Accessing: https://doi.org/10.1017/S0266267106231122
2025-12-03 10:35:26,457 - INFO - Extracted 2496 characters from web
2025-12-03 10:35:26,457 - INFO - Web content extracted for mcclimansJustWorkRussell2006: 2496 chars
2025-12-03 10:35:26,458 - INFO - Accessing: https://doi.org/10.1108/14684520710832333
2025-12-03 10:35:28,620 - INFO - Accessing: https://doi.org/10.1108/00251740710745124
2025-12-03 10:35:30,876 - INFO - Accessing: https://doi.org/10.1017/S0266462307051537
2025-12-03 10:35:34,502 - INFO - Extracted 17353 characters from web
2025-12-03 10:35:34,502 - INFO - Web content extracted for mcisaacPrimaryDataCollection2007: 8000 chars
2025-12-03 10:35:34,504 - INFO - Accessing: https://doi.org/10.1108/02635570610653524
2025-12-03 10:35:36,623 - INFO - Accessing: https://doi.org/10.1289/ehp.9331
2025-12-03 10:35:39,710 - WARNING - Request failed for https://doi.org/10.1289/ehp.9331: HTTPSConnectionPool(host='ehp.niehs.nih.gov', port=443): Max retries exceeded with url: /doi/10.1289/ehp.9331 (Caused by NameResolutionError("<urllib3.connection.HTTPSConnection object at 0x112f57ed0>: Failed to resolve 'ehp.niehs.nih.gov' ([Errno 8] nodename nor servname provided, or not known)"))
2025-12-03 10:35:39,711 - INFO - Accessing: https://doi.org/10.1016/j.respol.2007.04.005
2025-12-03 10:35:40,123 - INFO - Accessing: https://doi.org/10.1215/00182702-2005-029
2025-12-03 10:35:42,487 - INFO - Processed 260/394 entries
2025-12-03 10:35:42,488 - INFO - Accessing: https://doi.org/10.1287/isre.1070.0131
2025-12-03 10:35:44,695 - INFO - Accessing: https://doi.org/10.1016/j.jclinepi.2007.03.008
2025-12-03 10:35:47,078 - INFO - Accessing: https://doi.org/10.1504/IJTTC.2007.014541
2025-12-03 10:35:49,453 - INFO - Accessing: https://doi.org/10.1177/1744987107078897
2025-12-03 10:35:55,215 - INFO - Accessing: https://doi.org/10.1108/00220410710743261
2025-12-03 10:35:57,472 - INFO - Accessing: https://doi.org/10.5465/amr.2006.21318921
2025-12-03 10:35:59,790 - INFO - Accessing: https://doi.org/10.1061/(ASCE)0742-597X(2007)23:2(52)
2025-12-03 10:36:01,963 - INFO - Accessing: https://doi.org/10.1108/17410390710830727
2025-12-03 10:36:04,157 - INFO - Accessing: https://doi.org/10.2753/MIS0742-1222220410
2025-12-03 10:36:06,374 - INFO - Accessing: https://doi.org/10.1007/s10799-006-0278-6
2025-12-03 10:36:09,098 - INFO - Extracted 73694 characters from web
2025-12-03 10:36:09,098 - INFO - Web content extracted for pardoKnowledgeSharingCrossboundary2006: 8000 chars
2025-12-03 10:36:09,100 - INFO - Accessing: https://doi.org/10.1016/j.conengprac.2006.08.008
2025-12-03 10:36:11,328 - INFO - Accessing: https://doi.org/10.1093/icesjms/fsm051
2025-12-03 10:36:13,502 - INFO - Processed 280/394 entries
2025-12-03 10:36:13,503 - INFO - Accessing: https://doi.org/10.1287/isre.1060.0094
2025-12-03 10:36:15,631 - INFO - Accessing: https://doi.org/10.1108/14601060710745233
2025-12-03 10:36:17,816 - INFO - Accessing: https://doi.org/10.1007/s10666-005-9014-6
2025-12-03 10:36:20,420 - INFO - Extracted 47726 characters from web
2025-12-03 10:36:20,420 - INFO - Web content extracted for petersonUncertaintyEconomicAnalysis2006: 8000 chars
2025-12-03 10:36:20,422 - INFO - Accessing: https://doi.org/10.1080/14697680701455410
2025-12-03 10:36:22,594 - INFO - Accessing: https://doi.org/10.2165/00019053-200624040-00006
2025-12-03 10:36:25,198 - INFO - Extracted 42738 characters from web
2025-12-03 10:36:25,198 - INFO - Web content extracted for philipsGoodPracticeGuidelines2006: 8000 chars
2025-12-03 10:36:25,200 - INFO - Accessing: https://doi.org/10.1093/reep/rem002
2025-12-03 10:36:27,288 - INFO - Accessing: https://doi.org/10.1177/0272989X07307270
2025-12-03 10:36:29,435 - INFO - Accessing: https://doi.org/10.1108/13552550710736929
2025-12-03 10:36:31,676 - INFO - Accessing: https://doi.org/10.1002/asi.20280
2025-12-03 10:36:33,903 - INFO - Accessing: https://doi.org/10.1016/j.chb.2006.03.013
2025-12-03 10:36:36,744 - INFO - Accessing: https://doi.org/10.1108/10662240710758948
2025-12-03 10:36:38,984 - INFO - Accessing: https://doi.org/10.3310/hta11050
2025-12-03 10:36:41,135 - INFO - Accessing: https://doi.org/10.1029/2005WR004153
2025-12-03 10:36:43,423 - INFO - Accessing: https://doi.org/10.1175/WAF958.1
2025-12-03 10:36:45,612 - WARNING - Some characters could not be decoded, and were replaced with REPLACEMENT CHARACTER.
2025-12-03 10:36:45,614 - INFO - Accessing: https://doi.org/10.1504/IJENVH.2007.014637
2025-12-03 10:36:47,879 - INFO - Processed 300/394 entries
2025-12-03 10:36:47,879 - INFO - Accessing: https://doi.org/10.1191/0960327106ht582oa
2025-12-03 10:36:50,022 - INFO - Accessing: https://doi.org/10.1007/s11166-006-8290-0
2025-12-03 10:36:52,894 - INFO - Extracted 46891 characters from web
2025-12-03 10:36:52,894 - INFO - Web content extracted for riddelTheoreticallyconsistentEmpiricalModel2006: 8000 chars
2025-12-03 10:36:52,896 - INFO - Accessing: https://doi.org/10.3233/THC-2007-15301
2025-12-03 10:36:55,055 - INFO - Accessing: https://doi.org/10.1614/WT-05-190.1
2025-12-03 10:36:59,762 - INFO - Extracted 43313 characters from web
2025-12-03 10:36:59,763 - INFO - Web content extracted for robinsonEconomicsEffectivenessAlternative2007: 8000 chars
2025-12-03 10:36:59,764 - INFO - Accessing: https://doi.org/10.1504/IJLT.2006.011337
2025-12-03 10:37:01,929 - INFO - Accessing: https://doi.org/10.1177/0165551506070709
2025-12-03 10:37:04,065 - INFO - Accessing: https://doi.org/10.1016/j.respol.2007.05.003
2025-12-03 10:37:06,930 - INFO - Accessing: https://doi.org/10.1108/09600030710776464
2025-12-03 10:37:09,134 - INFO - Accessing: https://doi.org/10.1287/mnsc.1050.0454
2025-12-03 10:37:11,385 - INFO - Accessing: https://doi.org/10.1017/S0266267106241129
2025-12-03 10:37:15,128 - INFO - Extracted 3039 characters from web
2025-12-03 10:37:15,128 - INFO - Web content extracted for schmidt-petriClassicalUtilitarianismHume2006: 3039 chars
2025-12-03 10:37:15,129 - INFO - Processed 320/394 entries
2025-12-03 10:37:15,129 - INFO - Accessing: https://doi.org/10.1108/08876040710726275
2025-12-03 10:37:17,228 - INFO - Accessing: https://doi.org/10.1108/17410400610653219
2025-12-03 10:37:19,406 - INFO - Accessing: https://doi.org/10.5771/9783845271064-161
2025-12-03 10:37:24,907 - INFO - Extracted 1015 characters from web
2025-12-03 10:37:24,907 - INFO - Web content extracted for siountiourenkoProblemsProvidingInformation2007: 1015 chars
2025-12-03 10:37:24,907 - INFO - Accessing: https://doi.org/10.2165/00019053-200725080-00003
2025-12-03 10:37:27,650 - INFO - Extracted 89898 characters from web
2025-12-03 10:37:27,650 - INFO - Web content extracted for skrepnekContrastConvergenceBayesian2007: 8000 chars
2025-12-03 10:37:27,652 - INFO - Accessing: https://doi.org/10.1097/OLQ.0b013e3181161d47
2025-12-03 10:37:29,821 - INFO - Accessing: https://doi.org/10.17705/1jais.00094
2025-12-03 10:37:33,215 - INFO - Extracted 2568 characters from web
2025-12-03 10:37:33,216 - INFO - Web content extracted for sonConsumerAdoptionNetenabled2006: 2568 chars
2025-12-03 10:37:33,216 - INFO - Accessing: https://doi.org/10.4018/jiit.2006040102
2025-12-03 10:37:35,463 - WARNING - Request failed for https://doi.org/10.4018/jiit.2006040102: 429 Client Error: Too Many Requests for url: https://services.igi-global.com/resolvedoi/resolve.aspx?doi=10.4018/jiit.2006040102
2025-12-03 10:37:35,466 - INFO - Accessing: https://doi.org/10.3310/hta10140
2025-12-03 10:37:37,658 - INFO - Accessing: https://doi.org/10.1111/j.1083-6101.2006.00030.x
2025-12-03 10:37:39,906 - INFO - Accessing: https://doi.org/10.1108/09600030710848914
2025-12-03 10:37:42,152 - INFO - Accessing: https://doi.org/10.1108/08288660610710746
2025-12-03 10:37:44,438 - INFO - Accessing: https://doi.org/10.1080/01449290600571610
2025-12-03 10:37:46,716 - INFO - Accessing: https://doi.org/10.1007/978-3-540-46266-8_14
2025-12-03 10:37:49,427 - INFO - Extracted 43666 characters from web
2025-12-03 10:37:49,428 - INFO - Web content extracted for strydomRoleCommunicationGovernance2007: 8000 chars
2025-12-03 10:37:49,429 - INFO - Processed 340/394 entries
2025-12-03 10:37:49,429 - INFO - Accessing: https://doi.org/10.1177/0272989X06290495
2025-12-03 10:37:51,621 - INFO - Accessing: https://doi.org/10.1007/s00766-006-0030-0
2025-12-03 10:37:54,256 - INFO - Extracted 45990 characters from web
2025-12-03 10:37:54,256 - INFO - Web content extracted for sutcliffePCREMethodPersonal2006: 8000 chars
2025-12-03 10:37:54,258 - INFO - Accessing: https://doi.org/10.1002/sim.2704
2025-12-03 10:37:56,413 - INFO - Accessing: https://doi.org/10.1108/10610420610685884
2025-12-03 10:37:58,665 - INFO - Accessing: https://doi.org/10.1186/1476-069X-6-24
2025-12-03 10:38:01,407 - INFO - Extracted 275033 characters from web
2025-12-03 10:38:01,407 - INFO - Web content extracted for tainioParameterModelUncertainty2007: 8000 chars
2025-12-03 10:38:01,408 - INFO - Accessing: https://doi.org/10.1016/j.ijpe.2005.12.006
2025-12-03 10:38:04,116 - INFO - Accessing: https://doi.org/10.1111/j.1539-6924.2006.00842.x
2025-12-03 10:38:06,285 - INFO - Accessing: https://doi.org/10.1093/ojls/gqm021
2025-12-03 10:38:08,424 - INFO - Accessing: https://doi.org/10.1108/09574090710835110
2025-12-03 10:38:10,691 - INFO - Accessing: https://doi.org/10.1038/sj.jes.7500604
2025-12-03 10:38:13,488 - INFO - Extracted 68155 characters from web
2025-12-03 10:38:13,489 - INFO - Web content extracted for tielemansToolsRegulatoryAssessment2007: 8000 chars
2025-12-03 10:38:13,490 - INFO - Accessing: https://doi.org/10.1111/j.1540-5414.2006.00131.x
2025-12-03 10:38:15,649 - INFO - Accessing: https://doi.org/10.1287/mnsc.1060.0515
2025-12-03 10:38:17,822 - INFO - Accessing: https://doi.org/10.1016/j.physa.2005.08.028
2025-12-03 10:38:20,131 - INFO - Accessing: https://doi.org/10.1016/B978-012369378-5/50015-6
2025-12-03 10:38:22,437 - INFO - Accessing: https://doi.org/10.1377/hlthaff.25.5.1218
2025-12-03 10:38:24,695 - INFO - Accessing: https://doi.org/10.1016/j.ecolmodel.2006.11.033
2025-12-03 10:38:27,070 - INFO - Processed 360/394 entries
2025-12-03 10:38:27,071 - INFO - Accessing: https://doi.org/10.2298/EKA0670043U
2025-12-03 10:38:33,609 - INFO - Extracted 2134 characters from web
2025-12-03 10:38:33,610 - INFO - Web content extracted for uzelacMarketingKnowledgeUsefulness2006: 2134 chars
2025-12-03 10:38:33,610 - INFO - Accessing: https://doi.org/10.1108/01443570610672248
2025-12-03 10:38:35,753 - INFO - Accessing: https://doi.org/10.1016/j.inffus.2004.09.001
2025-12-03 10:38:38,062 - INFO - Accessing: https://doi.org/10.1509/jmkr.44.4.579
2025-12-03 10:38:40,246 - INFO - Accessing: https://doi.org/10.1108/09600030710734848
2025-12-03 10:38:42,375 - INFO - Accessing: https://doi.org/10.1207/s14241250ijmm0803_2
2025-12-03 10:38:44,594 - INFO - Accessing: https://doi.org/10.4337/9781847208866.00013
2025-12-03 10:38:46,715 - WARNING - Some characters could not be decoded, and were replaced with REPLACEMENT CHARACTER.
2025-12-03 10:38:46,716 - INFO - Accessing: https://doi.org/10.1145/1278253.1278257
2025-12-03 10:38:48,861 - INFO - Accessing: https://doi.org/10.2165/00019053-200624110-00002
2025-12-03 10:38:51,394 - INFO - Extracted 41045 characters from web
2025-12-03 10:38:51,395 - INFO - Web content extracted for weinsteinRecentDevelopmentsDecisionanalytic2006: 8000 chars
2025-12-03 10:38:51,396 - INFO - Accessing: https://doi.org/10.1093/clp/59.1.447
2025-12-03 10:38:53,555 - INFO - Processed 380/394 entries
2025-12-03 10:38:53,556 - INFO - Accessing: https://doi.org/10.1007/1-4020-4693-6_1
2025-12-03 10:38:55,739 - INFO - Accessing: https://doi.org/10.1586/14737167.6.3.337
2025-12-03 10:38:57,954 - INFO - Accessing: https://doi.org/10.1108/17410390710717129
2025-12-03 10:39:00,161 - INFO - Accessing: https://doi.org/10.1504/IJRAM.2007.011407
2025-12-03 10:39:02,440 - INFO - Accessing: https://doi.org/10.1002/asi.20339
2025-12-03 10:39:04,618 - INFO - Accessing: https://doi.org/10.1016/j.ecolind.2005.11.005
2025-12-03 10:39:07,388 - INFO - Accessing: https://doi.org/10.1016/j.jbi.2005.05.011
2025-12-03 10:39:09,773 - INFO - Accessing: https://doi.org/10.1504/IJVCM.2007.015097
2025-12-03 10:39:12,048 - INFO - Accessing: https://doi.org/10.1016/j.telpol.2005.09.002
2025-12-03 10:39:14,382 - INFO - Accessing: https://doi.org/10.1007/s11761-007-0001-4
2025-12-03 10:39:18,882 - INFO - Extracted 35308 characters from web
2025-12-03 10:39:18,883 - INFO - Web content extracted for zhangAccountabilityMonitoringReasoning2007: 8000 chars
2025-12-03 10:39:18,884 - INFO - Accessing: https://doi.org/10.1287/mnsc.1050.0487
2025-12-03 10:39:21,068 - INFO - Accessing: https://doi.org/10.1017/S0266267106251125
2025-12-03 10:39:24,358 - INFO - Extracted 4872 characters from web
2025-12-03 10:39:24,358 - INFO - Web content extracted for zieglerDistributionalJusticeTheory2006: 4872 chars
2025-12-03 10:39:24,801 - INFO - Processing papers_2009.bib: 492 entries
2025-12-03 10:39:24,801 - INFO - Accessing: https://doi.org/10.1258/jhsrp.2008.008020
2025-12-03 10:39:26,518 - INFO - Accessing: https://doi.org/10.1108/14502190810873849
2025-12-03 10:39:28,689 - INFO - Accessing: https://doi.org/10.1016/j.ijar.2008.08.001
2025-12-03 10:39:30,980 - INFO - Accessing: https://doi.org/10.1111/j.1467-7679.2008.00405.x
2025-12-03 10:39:33,164 - INFO - Accessing: https://doi.org/10.2495/ECO090161
2025-12-03 10:39:38,295 - INFO - Extracted 2350 characters from web
2025-12-03 10:39:38,295 - INFO - Web content extracted for apsBalticSeaRegional2009: 2350 chars
2025-12-03 10:39:38,295 - INFO - Accessing: https://doi.org/10.1093/jopart/mum012
2025-12-03 10:39:40,491 - INFO - Accessing: https://doi.org/10.1016/j.envsci.2007.07.006
2025-12-03 10:39:42,855 - INFO - Accessing: https://doi.org/10.1016/j.ijrmms.2009.03.003
2025-12-03 10:39:45,193 - INFO - Accessing: https://doi.org/10.1016/j.eneco.2007.10.001
2025-12-03 10:39:47,565 - INFO - Accessing: https://doi.org/10.2165/00019053-200927010-00004
2025-12-03 10:39:50,276 - INFO - Extracted 65269 characters from web
2025-12-03 10:39:50,277 - INFO - Web content extracted for bansbackStatinTherapyRheumatoid2009: 8000 chars
2025-12-03 10:39:50,278 - INFO - Accessing: https://doi.org/10.1002/pmj.20138
2025-12-03 10:39:52,440 - INFO - Processed 20/492 entries
2025-12-03 10:39:52,440 - INFO - Accessing: https://doi.org/10.1016/j.healthpol.2008.03.005
2025-12-03 10:39:54,721 - INFO - Accessing: https://doi.org/10.1016/j.ecolecon.2008.02.012
2025-12-03 10:39:56,996 - INFO - Accessing: https://doi.org/10.1524/stnd.2008.1000
2025-12-03 10:39:59,366 - INFO - Extracted 13872 characters from web
2025-12-03 10:39:59,366 - INFO - Web content extracted for bauerleBayesianApproachIncorporate2009: 8000 chars
2025-12-03 10:39:59,367 - INFO - Accessing: https://doi.org/10.1016/j.ijpe.2007.03.024
2025-12-03 10:40:01,657 - INFO - Accessing: https://doi.org/10.1016/j.yrtph.2007.10.017
2025-12-03 10:40:03,971 - INFO - Accessing: https://doi.org/10.1109/TSE.2009.25
2025-12-03 10:40:06,950 - INFO - Accessing: https://doi.org/10.1016/j.joep.2008.03.003
2025-12-03 10:40:09,306 - INFO - Accessing: https://doi.org/10.1287/opre.1080.0640
2025-12-03 10:40:11,414 - INFO - Accessing: https://doi.org/10.2118/102340-PA
2025-12-03 10:40:13,534 - INFO - Accessing: https://doi.org/10.3310/hta13520
2025-12-03 10:40:15,654 - INFO - Accessing: https://doi.org/10.1108/09590550810873929
2025-12-03 10:40:17,819 - INFO - Accessing: https://doi.org/10.1093/toxsci/kfp036
2025-12-03 10:40:19,956 - INFO - Accessing: https://doi.org/10.1111/j.1524-4733.2008.00502.x
2025-12-03 10:40:22,220 - INFO - Processed 40/492 entries
2025-12-03 10:40:22,220 - INFO - Accessing: https://doi.org/10.1177/0272989X07309638
2025-12-03 10:40:24,373 - INFO - Accessing: https://doi.org/10.1111/j.1553-2712.2008.00229.x
2025-12-03 10:40:26,499 - INFO - Accessing: https://doi.org/10.1016/j.healthpol.2008.01.004
2025-12-03 10:40:28,837 - INFO - Accessing: https://doi.org/10.2495/978-1-84564-207-5/12
2025-12-03 10:40:31,682 - INFO - Extracted 1875 characters from web
2025-12-03 10:40:31,682 - INFO - Web content extracted for borsukStochasticPopulationDynamic2009: 1875 chars
2025-12-03 10:40:31,682 - INFO - Accessing: https://doi.org/10.1016/j.jenvman.2008.07.016
2025-12-03 10:40:33,968 - INFO - Accessing: https://doi.org/10.1306/06040808070
2025-12-03 10:40:36,205 - INFO - Accessing: https://doi.org/10.1016/j.automatica.2007.05.026
2025-12-03 10:40:38,584 - INFO - Accessing: https://doi.org/10.1186/1476-069X-7-61
2025-12-03 10:40:41,169 - INFO - Extracted 459378 characters from web
2025-12-03 10:40:41,170 - INFO - Web content extracted for briggsFrameworkIntegratedEnvironmental2008: 8000 chars
2025-12-03 10:40:41,172 - INFO - Accessing: https://doi.org/10.1007/s11336-009-9118-z
2025-12-03 10:40:44,672 - INFO - Extracted 35093 characters from web
2025-12-03 10:40:44,673 - INFO - Web content extracted for broomellWhyAreExperts2009: 8000 chars
2025-12-03 10:40:44,674 - INFO - Accessing: https://doi.org/10.1177/1757177409106227
2025-12-03 10:40:46,734 - INFO - Accessing: https://doi.org/10.1108/02651330810904099
2025-12-03 10:40:48,895 - INFO - Accessing: https://doi.org/10.1142/S1464333209003245
2025-12-03 10:40:51,059 - INFO - Accessing: https://doi.org/10.1002/mcda.442
2025-12-03 10:40:53,164 - INFO - Accessing: https://doi.org/10.1111/j.1756-2171.2008.00060.x
2025-12-03 10:40:55,293 - INFO - Processed 60/492 entries
2025-12-03 10:40:55,294 - INFO - Accessing: https://doi.org/10.1016/j.dss.2008.09.004
2025-12-03 10:40:57,607 - INFO - Accessing: https://doi.org/10.1016/j.datak.2008.08.007
2025-12-03 10:40:59,954 - INFO - Accessing: https://doi.org/10.1108/09685220910963983
2025-12-03 10:41:02,126 - INFO - Accessing: https://doi.org/10.1016/j.jenvman.2007.08.033
2025-12-03 10:41:04,416 - INFO - Accessing: https://doi.org/10.1016/j.jhealeco.2007.04.005
2025-12-03 10:41:06,762 - INFO - Accessing: https://doi.org/10.1017/S0266462309990225
2025-12-03 10:41:09,462 - INFO - Extracted 172711 characters from web
2025-12-03 10:41:09,462 - INFO - Web content extracted for chalkidouComparativeEffectivenessResearch2009: 8000 chars
2025-12-03 10:41:09,464 - INFO - Accessing: https://doi.org/10.1377/hlthaff.27.6.1642
2025-12-03 10:41:11,689 - INFO - Accessing: https://doi.org/10.1332/174426408X366667
2025-12-03 10:41:13,855 - WARNING - Some characters could not be decoded, and were replaced with REPLACEMENT CHARACTER.
2025-12-03 10:41:13,856 - INFO - Accessing: https://doi.org/10.5626/JCSE.2008.2.2.200
2025-12-03 10:41:33,178 - WARNING - Request failed for https://doi.org/10.5626/JCSE.2008.2.2.200: HTTPConnectionPool(host='koreascience.or.kr', port=80): Read timed out. (read timeout=15)
2025-12-03 10:41:33,180 - INFO - Accessing: https://doi.org/10.1590/S0074-02762009000200025
2025-12-03 10:41:34,545 - INFO - Extracted 66238 characters from web
2025-12-03 10:41:34,545 - INFO - Web content extracted for cheneOptionsClinicalTrials2009: 8000 chars
2025-12-03 10:41:34,546 - INFO - Accessing: https://doi.org/10.1504/IJMED.2009.022603
2025-12-03 10:41:36,865 - INFO - Accessing: https://doi.org/10.1108/14626000910956029
2025-12-03 10:41:39,101 - INFO - Processed 80/492 entries
2025-12-03 10:41:39,101 - INFO - Accessing: https://doi.org/10.1016/j.econmod.2008.10.005
2025-12-03 10:41:41,478 - INFO - Accessing: https://doi.org/10.1002/asi.21038
2025-12-03 10:41:43,679 - INFO - Accessing: https://doi.org/10.1017/S0144686X08007083
2025-12-03 10:41:46,696 - INFO - Extracted 71161 characters from web
2025-12-03 10:41:46,696 - INFO - Web content extracted for clarkIndividualPensionrelatedRisk2008: 8000 chars
2025-12-03 10:41:46,697 - INFO - Accessing: https://doi.org/10.2165/00019053-200826090-00008
2025-12-03 10:41:49,272 - INFO - Extracted 49456 characters from web
2025-12-03 10:41:49,273 - INFO - Web content extracted for claxtonExploringUncertaintyCosteffectiveness2008: 8000 chars
2025-12-03 10:41:49,274 - INFO - Accessing: https://doi.org/10.1016/j.dss.2009.05.003
2025-12-03 10:41:51,599 - INFO - Accessing: https://doi.org/10.1016/j.toxlet.2008.06.002
2025-12-03 10:41:53,935 - INFO - Accessing: https://doi.org/10.1108/02641610910938631
2025-12-03 10:41:56,137 - INFO - Accessing: https://doi.org/10.1071/WR07147
2025-12-03 10:42:02,672 - INFO - Extracted 964 characters from web
2025-12-03 10:42:02,672 - INFO - Web content extracted for conroyApplicationDecisionTheory2008: 964 chars
2025-12-03 10:42:02,673 - INFO - Accessing: https://doi.org/10.1007/978-0-387-89014-2_2
2025-12-03 10:42:05,492 - INFO - Extracted 11202 characters from web
2025-12-03 10:42:05,493 - INFO - Web content extracted for coxIntroductionEngineeringRisk2009: 8000 chars
2025-12-03 10:42:05,494 - INFO - Accessing: https://doi.org/10.1016/j.envint.2007.10.010
2025-12-03 10:42:07,768 - INFO - Accessing: https://doi.org/10.1287/inte.1080.0397
2025-12-03 10:42:09,879 - INFO - Accessing: https://doi.org/10.1007/978-0-387-89014-2_1
2025-12-03 10:42:12,625 - INFO - Extracted 10728 characters from web
2025-12-03 10:42:12,626 - INFO - Web content extracted for coxQuantitativeRiskAssessment2009: 8000 chars
2025-12-03 10:42:12,628 - INFO - Accessing: https://doi.org/10.1332/030557308783431616
2025-12-03 10:42:14,841 - WARNING - Some characters could not be decoded, and were replaced with REPLACEMENT CHARACTER.
2025-12-03 10:42:14,842 - INFO - Accessing: https://doi.org/10.1016/S1098-3015(10)74924-X
2025-12-03 10:42:17,280 - INFO - Processed 100/492 entries
2025-12-03 10:42:17,280 - INFO - Accessing: https://doi.org/10.1016/j.esd.2009.10.006
2025-12-03 10:42:19,637 - INFO - Accessing: https://doi.org/10.1108/17410390910949706
2025-12-03 10:42:21,789 - INFO - Accessing: https://doi.org/10.1504/IJIQ.2008.022959
2025-12-03 10:42:24,092 - INFO - Accessing: https://doi.org/10.1897/09-138.1
2025-12-03 10:42:30,030 - INFO - Extracted 27037 characters from web
2025-12-03 10:42:30,030 - INFO - Web content extracted for daughtonChemicalsPracticeHealthcare2009: 8000 chars
2025-12-03 10:42:30,032 - INFO - Accessing: https://doi.org/10.1029/2008WR007324
2025-12-03 10:42:32,200 - INFO - Accessing: https://doi.org/10.2753/MIS0742-1222250203
2025-12-03 10:42:34,309 - INFO - Accessing: https://doi.org/10.1287/mnsc.1070.0789
2025-12-03 10:42:36,497 - INFO - Accessing: https://doi.org/10.1108/01443570910971397
2025-12-03 10:42:38,696 - INFO - Accessing: https://doi.org/10.1017/S026646230999002X
2025-12-03 10:42:42,570 - INFO - Extracted 53411 characters from web
2025-12-03 10:42:42,570 - INFO - Web content extracted for dhallaPerspectivesNationalInstitute2009: 8000 chars
2025-12-03 10:42:42,571 - INFO - Accessing: https://doi.org/10.1016/j.envsoft.2008.10.009
2025-12-03 10:42:44,856 - INFO - Accessing: https://doi.org/10.1007/978-3-540-88085-1_6
2025-12-03 10:42:47,631 - INFO - Extracted 15772 characters from web
2025-12-03 10:42:47,631 - INFO - Web content extracted for dompereContradictionsParadoxesFuzzy2009: 8000 chars
2025-12-03 10:42:47,632 - INFO - Accessing: https://doi.org/10.1007/978-3-540-88087-5_6
2025-12-03 10:42:50,259 - INFO - Extracted 13249 characters from web
2025-12-03 10:42:50,259 - INFO - Web content extracted for dompereFuzzyDecisionchoiceRationality2009: 8000 chars
2025-12-03 10:42:50,260 - INFO - Accessing: https://doi.org/10.1007/978-3-540-88083-7_4
2025-12-03 10:42:52,906 - INFO - Extracted 15323 characters from web
2025-12-03 10:42:52,906 - INFO - Web content extracted for dompereIdeologyDecisionchoiceRationalities2009: 8000 chars
2025-12-03 10:42:52,907 - INFO - Processed 120/492 entries
2025-12-03 10:42:52,907 - INFO - Accessing: https://doi.org/10.1007/s11109-009-9092-2
2025-12-03 10:42:55,547 - INFO - Extracted 134375 characters from web
2025-12-03 10:42:55,548 - INFO - Web content extracted for druckmanUnmetPotentialInterdisciplinary2009: 8000 chars
2025-12-03 10:42:55,549 - INFO - Accessing: https://doi.org/10.1111/j.1539-6924.2008.01078.x
2025-12-03 10:42:57,632 - INFO - Accessing: https://doi.org/10.1016/j.pec.2008.09.025
2025-12-03 10:42:59,980 - INFO - Accessing: https://doi.org/10.1016/j.eswa.2008.08.058
2025-12-03 10:43:02,346 - INFO - Accessing: https://doi.org/10.1504/IJMED.2008.017434
2025-12-03 10:43:04,643 - INFO - Accessing: https://doi.org/10.1093/jleo/ewm046
2025-12-03 10:43:06,845 - INFO - Accessing: https://doi.org/10.1287/deca.1090.0146
2025-12-03 10:43:09,027 - INFO - Accessing: https://doi.org/10.1109/TGRS.2008.2000817
2025-12-03 10:43:11,769 - INFO - Processed 140/492 entries
2025-12-03 10:43:11,770 - INFO - Accessing: https://doi.org/10.1108/14635770910948231
2025-12-03 10:43:14,010 - INFO - Accessing: https://doi.org/10.1109/TSMCB.2008.2007629
2025-12-03 10:43:16,646 - INFO - Accessing: https://doi.org/10.1093/erae/jbp041
2025-12-03 10:43:18,752 - INFO - Accessing: https://doi.org/10.2967/jnumed.107.047787
2025-12-03 10:43:23,561 - INFO - Extracted 1723170 characters from web
2025-12-03 10:43:23,562 - INFO - Web content extracted for fletcherRecommendationsUse18FFDG2008: 8000 chars
2025-12-03 10:43:23,563 - INFO - Accessing: https://doi.org/10.1016/j.yrtph.2008.01.013
2025-12-03 10:43:25,700 - INFO - Accessing: https://doi.org/10.1109/JSYST.2008.926688
2025-12-03 10:43:28,329 - INFO - Accessing: https://doi.org/10.1016/j.homp.2008.11.004
2025-12-03 10:43:31,041 - INFO - Accessing: https://doi.org/10.1016/j.envsoft.2009.05.009
2025-12-03 10:43:33,323 - INFO - Accessing: https://doi.org/10.1148/radiol.2533090507
2025-12-03 10:43:35,563 - INFO - Accessing: https://doi.org/10.1108/14637150810888019
2025-12-03 10:43:37,756 - INFO - Accessing: https://doi.org/10.1108/16605370810901562
2025-12-03 10:43:39,908 - INFO - Accessing: https://doi.org/10.28945/447
2025-12-03 10:43:42,828 - INFO - Accessing: https://doi.org/10.1016/j.jacr.2009.01.012
2025-12-03 10:43:45,183 - INFO - Accessing: https://doi.org/10.1007/978-1-4020-9210-7_28
2025-12-03 10:43:47,817 - INFO - Extracted 36323 characters from web
2025-12-03 10:43:47,817 - INFO - Web content extracted for goodmanFutureFisheriesScience2009: 8000 chars
2025-12-03 10:43:47,818 - INFO - Processed 160/492 entries
2025-12-03 10:43:47,818 - INFO - Accessing: https://doi.org/10.1111/j.1365-2753.2008.01077.x
2025-12-03 10:43:49,919 - INFO - Accessing: https://doi.org/10.1111/j.1540-6210.2008.00957.x
2025-12-03 10:43:52,037 - INFO - Accessing: https://doi.org/10.1258/jhsrp.2008.008017
2025-12-03 10:43:54,262 - INFO - Accessing: https://doi.org/10.1586/erp.09.38
2025-12-03 10:43:56,440 - INFO - Accessing: https://doi.org/10.1586/14737167.8.2.165
2025-12-03 10:43:58,633 - INFO - Accessing: https://doi.org/10.1287/opre.1080.0628
2025-12-03 10:44:00,806 - INFO - Accessing: https://doi.org/10.1016/j.cpa.2007.01.003
2025-12-03 10:44:03,234 - INFO - Accessing: https://doi.org/10.1016/j.ejor.2008.03.026
2025-12-03 10:44:05,587 - INFO - Accessing: https://doi.org/10.1108/17410390910932830
2025-12-03 10:44:07,922 - INFO - Accessing: https://doi.org/10.4018/jea.2009092901
2025-12-03 10:44:10,132 - WARNING - Request failed for https://doi.org/10.4018/jea.2009092901: 429 Client Error: Too Many Requests for url: https://services.igi-global.com/resolvedoi/resolve.aspx?doi=10.4018/jea.2009092901
2025-12-03 10:44:10,133 - INFO - Accessing: https://doi.org/10.1016/j.jpubeco.2008.09.004
2025-12-03 10:44:12,474 - INFO - Accessing: https://doi.org/10.1139/F08-153
2025-12-03 10:44:14,942 - INFO - Accessing: https://doi.org/10.1577/1548-8446-33.7.340
2025-12-03 10:44:17,071 - INFO - Accessing: https://doi.org/10.1111/j.1540-5982.2009.01512.x
2025-12-03 10:44:19,261 - INFO - Processed 180/492 entries
2025-12-03 10:44:19,261 - INFO - Accessing: https://doi.org/10.1108/14626000910977161
2025-12-03 10:44:21,458 - INFO - Accessing: https://doi.org/10.1177/0272989X08315247
2025-12-03 10:44:23,661 - INFO - Accessing: https://doi.org/10.1017/S0266462308080616
2025-12-03 10:44:26,896 - INFO - Extracted 54163 characters from web
2025-12-03 10:44:26,896 - INFO - Web content extracted for hartzContributionEconomicEvaluation2008: 8000 chars
2025-12-03 10:44:26,897 - INFO - Accessing: https://doi.org/10.1002/piq.20036
2025-12-03 10:44:28,940 - INFO - Accessing: https://doi.org/10.1111/j.1461-0248.2009.01323.x
2025-12-03 10:44:31,047 - INFO - Accessing: https://doi.org/10.1038/clpt.2008.124
2025-12-03 10:44:33,637 - INFO - Accessing: https://doi.org/10.1093/joclec/nhn024
2025-12-03 10:44:35,764 - INFO - Accessing: https://doi.org/10.1016/j.ecoenv.2009.08.009
2025-12-03 10:44:38,065 - INFO - Accessing: https://doi.org/10.1002/asi.21006
2025-12-03 10:44:40,239 - INFO - Accessing: https://doi.org/10.1016/j.bushor.2009.01.006
2025-12-03 10:44:42,528 - INFO - Accessing: https://doi.org/10.1016/j.ress.2007.03.010
2025-12-03 10:44:44,869 - INFO - Accessing: https://doi.org/10.1086/mre.24.3.42629656
2025-12-03 10:44:47,060 - INFO - Accessing: https://doi.org/10.1007/978-1-4020-9210-7_27
2025-12-03 10:44:49,747 - INFO - Extracted 47693 characters from web
2025-12-03 10:44:49,747 - INFO - Web content extracted for holtFeedbackControlPacific2009: 8000 chars
2025-12-03 10:44:49,748 - INFO - Accessing: https://doi.org/10.1097/MLR.0b013e31819e1ee9
2025-12-03 10:44:51,960 - INFO - Accessing: https://doi.org/10.1016/j.ecolecon.2009.04.011
2025-12-03 10:44:54,272 - INFO - Processed 200/492 entries
2025-12-03 10:44:54,272 - INFO - Accessing: https://doi.org/10.1016/j.eswa.2007.06.036
2025-12-03 10:44:56,554 - INFO - Accessing: https://doi.org/10.1057/ejis.2009.7
2025-12-03 10:44:58,671 - INFO - Accessing: https://doi.org/10.1108/09600030810875391
2025-12-03 10:45:01,035 - INFO - Accessing: https://doi.org/10.1108/17410380910975078
2025-12-03 10:45:03,247 - INFO - Accessing: https://doi.org/10.1016/j.omega.2007.07.002
2025-12-03 10:45:05,589 - INFO - Accessing: https://doi.org/10.1080/10576100802508086
2025-12-03 10:45:07,721 - INFO - Accessing: https://doi.org/10.1109/MPRV.2009.20
2025-12-03 10:45:10,143 - INFO - Accessing: https://doi.org/10.1504/IJBIR.2009.027177
2025-12-03 10:45:12,581 - INFO - Accessing: https://doi.org/10.1146/annurev.resource.050708.144207
2025-12-03 10:45:14,777 - INFO - Accessing: https://doi.org/10.1111/j.1467-985X.2008.00573.x
2025-12-03 10:45:17,185 - INFO - Accessing: https://doi.org/10.1108/17410380910997227
2025-12-03 10:45:19,398 - INFO - Accessing: https://doi.org/10.1185/030079908X260998
2025-12-03 10:45:21,506 - INFO - Accessing: https://doi.org/10.1159/000111984
2025-12-03 10:45:23,628 - INFO - Accessing: https://doi.org/10.1016/j.yrtph.2009.01.011
2025-12-03 10:45:25,982 - INFO - Accessing: https://doi.org/10.1504/IJSOI.2009.021746
2025-12-03 10:45:28,267 - INFO - Accessing: https://doi.org/10.5626/JCSE.2008.2.1.001
2025-12-03 10:45:45,670 - WARNING - Request failed for https://doi.org/10.5626/JCSE.2008.2.1.001: HTTPConnectionPool(host='koreascience.or.kr', port=80): Read timed out. (read timeout=15)
2025-12-03 10:45:45,671 - INFO - Accessing: https://doi.org/10.1108/09574090910954882
2025-12-03 10:45:45,835 - INFO - Accessing: https://doi.org/10.1016/j.energy.2009.04.032
2025-12-03 10:45:48,194 - INFO - Processed 220/492 entries
2025-12-03 10:45:48,194 - INFO - Accessing: https://doi.org/10.1002/sdr.406
2025-12-03 10:45:50,391 - INFO - Accessing: https://doi.org/10.1177/0272989X08327491
2025-12-03 10:45:52,601 - INFO - Accessing: https://doi.org/10.1002/nav.20372
2025-12-03 10:45:54,787 - INFO - Accessing: https://doi.org/10.1080/00137910903108286
2025-12-03 10:45:56,993 - INFO - Accessing: https://doi.org/10.1111/j.1548-1360.2008.00018.x
2025-12-03 10:45:59,151 - INFO - Accessing: https://doi.org/10.1108/14637150910975507
2025-12-03 10:46:02,272 - INFO - Accessing: https://doi.org/10.1504/IJRAM.2008.022130
2025-12-03 10:46:04,551 - INFO - Accessing: https://doi.org/10.1080/19393550802290337
2025-12-03 10:46:06,737 - INFO - Accessing: https://doi.org/10.1016/j.healthpol.2009.02.011
2025-12-03 10:46:09,091 - INFO - Processed 240/492 entries
2025-12-03 10:46:09,092 - INFO - Accessing: https://doi.org/10.1613/jair.2737
2025-12-03 10:46:12,146 - INFO - Extracted 8993 characters from web
2025-12-03 10:46:12,146 - INFO - Web content extracted for krauseOptimalValueInformation2009: 8000 chars
2025-12-03 10:46:12,147 - INFO - Accessing: https://doi.org/10.1016/j.eswa.2008.12.018
2025-12-03 10:46:14,491 - INFO - Accessing: https://doi.org/10.1108/09564230910952799
2025-12-03 10:46:16,636 - INFO - Accessing: https://doi.org/10.2753/MIS0742-1222250209
2025-12-03 10:46:18,828 - INFO - Accessing: https://doi.org/10.3727/109830508787157326
2025-12-03 10:46:22,043 - INFO - Extracted 4593 characters from web
2025-12-03 10:46:22,043 - INFO - Web content extracted for lawTravelWebsiteUses2008: 4593 chars
2025-12-03 10:46:22,044 - INFO - Accessing: https://doi.org/10.1016/j.jmateco.2009.03.012
2025-12-03 10:46:24,476 - INFO - Accessing: https://doi.org/10.1007/s10584-009-9600-8
2025-12-03 10:46:27,295 - INFO - Extracted 66634 characters from web
2025-12-03 10:46:27,295 - INFO - Web content extracted for letsonValuePerfectENSO2009: 8000 chars
2025-12-03 10:46:27,296 - INFO - Accessing: https://doi.org/10.1016/j.ijar.2008.04.003
2025-12-03 10:46:29,618 - INFO - Accessing: https://doi.org/10.1504/IJKL.2009.031199
2025-12-03 10:46:33,344 - INFO - Accessing: https://doi.org/10.1016/j.ejor.2008.09.030
2025-12-03 10:46:35,617 - INFO - Accessing: https://doi.org/10.1016/j.jacr.2009.01.018
2025-12-03 10:46:37,915 - INFO - Accessing: https://doi.org/10.1007/978-1-4020-9026-4_1
2025-12-03 10:46:40,554 - INFO - Extracted 28593 characters from web
2025-12-03 10:46:40,555 - INFO - Web content extracted for linkovCognitiveAspectsBusiness2009: 8000 chars
2025-12-03 10:46:40,556 - INFO - Processed 260/492 entries
2025-12-03 10:46:40,556 - INFO - Accessing: https://doi.org/10.1108/13555850810844841
2025-12-03 10:46:42,749 - INFO - Accessing: https://doi.org/10.2174/1874401X00902010059
2025-12-03 10:46:45,510 - INFO - Extracted 7026 characters from web
2025-12-03 10:46:45,510 - INFO - Web content extracted for ljonesOperatingModelIntegrated2009: 7026 chars
2025-12-03 10:46:45,511 - INFO - Accessing: https://doi.org/10.1586/erp.09.62
2025-12-03 10:46:47,647 - INFO - Accessing: https://doi.org/10.1080/19390450802509773
2025-12-03 10:46:50,032 - INFO - Accessing: https://doi.org/10.1185/030079908X273372
2025-12-03 10:46:52,309 - INFO - Accessing: https://doi.org/10.7326/0003-4819-151-3-200908040-00126
2025-12-03 10:46:54,503 - INFO - Accessing: https://doi.org/10.1098/rsif.2007.1079
2025-12-03 10:46:56,738 - INFO - Accessing: https://doi.org/10.1016/j.eswa.2009.01.082
2025-12-03 10:46:59,578 - INFO - Accessing: https://doi.org/10.1016/j.dss.2009.02.004
2025-12-03 10:47:01,971 - INFO - Accessing: https://doi.org/10.1108/01409170911006885
2025-12-03 10:47:04,115 - INFO - Accessing: https://doi.org/10.1504/IJNVO.2008.018827
2025-12-03 10:47:06,402 - INFO - Accessing: https://doi.org/10.1504/IJENM.2008.016594
2025-12-03 10:47:08,671 - INFO - Accessing: https://doi.org/10.1093/icesjms/fsp206
2025-12-03 10:47:10,859 - INFO - Accessing: https://doi.org/10.1111/j.1539-6924.2008.01081.x
2025-12-03 10:47:13,047 - INFO - Processed 280/492 entries
2025-12-03 10:47:13,047 - INFO - Accessing: https://doi.org/10.1109/TMM.2009.2012926
2025-12-03 10:47:15,667 - INFO - Accessing: https://doi.org/10.1055/s-0029-1239559
2025-12-03 10:47:19,144 - INFO - Extracted 97982 characters from web
2025-12-03 10:47:19,145 - INFO - Web content extracted for matthaeiMedicalAntihyperglycaemicTreatment2009: 8000 chars
2025-12-03 10:47:19,147 - INFO - Accessing: https://doi.org/10.1017/S0266462309990316
2025-12-03 10:47:22,461 - INFO - Extracted 39116 characters from web
2025-12-03 10:47:22,462 - INFO - Web content extracted for mccarronHandlingUncertaintyEconomic2009: 8000 chars
2025-12-03 10:47:22,463 - INFO - Accessing: https://doi.org/10.1509/jmkg.72.2.63
2025-12-03 10:47:24,608 - INFO - Accessing: https://doi.org/10.1111/j.1524-4733.2009.00605.x
2025-12-03 10:47:27,348 - INFO - Accessing: https://doi.org/10.2522/ptj.20080131
2025-12-03 10:47:29,583 - INFO - Accessing: https://doi.org/10.1057/palgrave.jors.2602616
2025-12-03 10:47:31,783 - INFO - Accessing: https://doi.org/10.1109/TSMCC.2008.919175
2025-12-03 10:47:34,676 - INFO - Accessing: https://doi.org/10.1111/j.1365-2575.2007.00260.x
2025-12-03 10:47:36,854 - INFO - Accessing: https://doi.org/10.1111/j.1745-6584.2009.00604.x
2025-12-03 10:47:39,188 - INFO - Accessing: https://doi.org/10.1504/IJISCM.2008.019288
2025-12-03 10:47:41,524 - INFO - Accessing: https://doi.org/10.1002/14651858.MR000023.pub3
2025-12-03 10:47:44,027 - INFO - Processed 300/492 entries
2025-12-03 10:47:44,028 - INFO - Accessing: https://doi.org/10.1016/j.aei.2008.12.001
2025-12-03 10:47:46,325 - INFO - Accessing: https://doi.org/10.1080/09613210801996203
2025-12-03 10:47:48,553 - INFO - Accessing: https://doi.org/10.1111/j.1539-6924.2009.01289.x
2025-12-03 10:47:50,734 - INFO - Accessing: https://doi.org/10.1108/14714170910973484
2025-12-03 10:47:52,885 - INFO - Accessing: https://doi.org/10.1016/j.dss.2007.12.010
2025-12-03 10:47:55,252 - INFO - Accessing: https://doi.org/10.2118/105015-PA
2025-12-03 10:47:57,426 - INFO - Accessing: https://doi.org/10.1016/j.jss.2009.07.005
2025-12-03 10:47:59,779 - INFO - Accessing: https://doi.org/10.2174/187569209790112355
2025-12-03 10:48:02,206 - INFO - Accessing: https://doi.org/10.1089/tmj.2008.0017
2025-12-03 10:48:04,336 - INFO - Accessing: https://doi.org/10.3141/2076-03
2025-12-03 10:48:06,523 - INFO - Accessing: https://doi.org/10.1108/02635570911002298
2025-12-03 10:48:08,654 - INFO - Accessing: https://doi.org/10.1017/S0022381609090343
2025-12-03 10:48:10,872 - INFO - Accessing: https://doi.org/10.1136/bmj.b5203
2025-12-03 10:48:13,013 - INFO - Accessing: https://doi.org/10.1377/hlthaff.27.6.1544
2025-12-03 10:48:15,391 - INFO - Processed 320/492 entries
2025-12-03 10:48:15,391 - INFO - Accessing: https://doi.org/10.1108/02635570810844061
2025-12-03 10:48:17,527 - INFO - Accessing: https://doi.org/10.1007/s00170-008-1715-y
2025-12-03 10:48:20,292 - INFO - Extracted 122955 characters from web
2025-12-03 10:48:20,293 - INFO - Web content extracted for peidroQuantitativeModelsSupply2009: 8000 chars
2025-12-03 10:48:20,294 - INFO - Accessing: https://doi.org/10.1108/17410390810866637
2025-12-03 10:48:22,450 - INFO - Accessing: https://doi.org/10.1098/rstb.2009.0097
2025-12-03 10:48:24,738 - INFO - Accessing: https://doi.org/10.1080/10807030802494592
2025-12-03 10:48:26,892 - INFO - Accessing: https://doi.org/10.1057/jors.2008.109
2025-12-03 10:48:29,079 - INFO - Accessing: https://doi.org/10.1146/annurev.resource.050708.144110
2025-12-03 10:48:31,301 - INFO - Accessing: https://doi.org/10.1108/17410380810869941
2025-12-03 10:48:33,520 - INFO - Accessing: https://doi.org/10.1057/palgrave.jors.2602381
2025-12-03 10:48:35,701 - INFO - Processed 340/492 entries
2025-12-03 10:48:35,701 - INFO - Accessing: https://doi.org/10.1016/j.progress.2008.01.001
2025-12-03 10:48:38,633 - INFO - Accessing: https://doi.org/10.1504/IJBET.2009.021907
2025-12-03 10:48:40,998 - INFO - Accessing: https://doi.org/10.1016/j.jenvman.2008.07.002
2025-12-03 10:48:43,385 - INFO - Accessing: https://doi.org/10.1016/j.healthpol.2007.07.007
2025-12-03 10:48:45,669 - INFO - Accessing: https://doi.org/10.1038/jes.2008.13
2025-12-03 10:48:48,373 - INFO - Extracted 67779 characters from web
2025-12-03 10:48:48,374 - INFO - Web content extracted for ragasSeparationUncertaintyInterindividual2009: 8000 chars
2025-12-03 10:48:48,376 - INFO - Accessing: https://doi.org/10.1504/IJLSM.2008.019182
2025-12-03 10:48:50,604 - INFO - Accessing: https://doi.org/10.1097/MLR.0b013e318160b479
2025-12-03 10:48:52,786 - INFO - Accessing: https://doi.org/10.1016/j.ecolecon.2009.07.008
2025-12-03 10:48:55,156 - INFO - Accessing: https://doi.org/10.1111/j.1442-2050.2008.00916.x
2025-12-03 10:48:57,344 - INFO - Accessing: https://doi.org/10.1561/0700000023
2025-12-03 10:48:59,792 - INFO - Extracted 1855 characters from web
2025-12-03 10:48:59,792 - INFO - Web content extracted for reesMicroeconomicsInsurance2008: 1855 chars
2025-12-03 10:48:59,792 - INFO - Accessing: https://doi.org/10.1016/j.omega.2005.07.011
2025-12-03 10:49:02,199 - INFO - Accessing: https://doi.org/10.2753/MIS0742-1222250105
2025-12-03 10:49:04,389 - INFO - Accessing: https://doi.org/10.1111/j.1460-2466.2007.00371.x
2025-12-03 10:49:06,583 - INFO - Processed 360/492 entries
2025-12-03 10:49:06,584 - INFO - Accessing: https://doi.org/10.1038/nrg2606
2025-12-03 10:49:09,007 - INFO - Extracted 71011 characters from web
2025-12-03 10:49:09,007 - INFO - Web content extracted for rogowskiChallengesTranslatingGenetic2009: 8000 chars
2025-12-03 10:49:09,009 - INFO - Accessing: https://doi.org/10.1002/pmj.20036
2025-12-03 10:49:11,278 - INFO - Accessing: https://doi.org/10.3233/MGS-2009-0137
2025-12-03 10:49:13,525 - INFO - Accessing: https://doi.org/10.4018/978-1-59904-603-7.ch001
2025-12-03 10:49:18,685 - WARNING - Request failed for https://doi.org/10.4018/978-1-59904-603-7.ch001: 429 Client Error: Too Many Requests for url: http://services.igi-global.com/resolvedoi/resolve.aspx?doi=10.4018/978-1-59904-603-7.ch001
2025-12-03 10:49:18,685 - INFO - Accessing: https://doi.org/10.1287/mnsc.1080.0952
2025-12-03 10:49:20,819 - INFO - Accessing: https://doi.org/10.1177/0165551508094936
2025-12-03 10:49:22,932 - INFO - Accessing: https://doi.org/10.1057/palgrave.jit.2000122
2025-12-03 10:49:25,062 - INFO - Accessing: https://doi.org/10.1108/09600030810882807
2025-12-03 10:49:27,309 - INFO - Accessing: https://doi.org/10.3934/jimo.2008.4.489
2025-12-03 10:49:30,581 - INFO - Extracted 6267 characters from web
2025-12-03 10:49:30,582 - INFO - Web content extracted for santosInoperabilityInputoutputModel2008: 6267 chars
2025-12-03 10:49:30,582 - INFO - Accessing: https://doi.org/10.1080/09535310801890672
2025-12-03 10:49:32,766 - INFO - Accessing: https://doi.org/10.1108/02635570810868353
2025-12-03 10:49:34,958 - INFO - Processed 380/492 entries
2025-12-03 10:49:34,958 - INFO - Accessing: https://doi.org/10.1016/j.cor.2007.01.017
2025-12-03 10:49:37,380 - INFO - Accessing: https://doi.org/10.1080/19397030802433860
2025-12-03 10:49:39,565 - INFO - Accessing: https://doi.org/10.1080/19397030802673374
2025-12-03 10:49:41,690 - INFO - Accessing: https://doi.org/10.1108/17410380910975087
2025-12-03 10:49:43,829 - INFO - Accessing: https://doi.org/10.1098/rstb.2008.0152
2025-12-03 10:49:45,955 - INFO - Accessing: https://doi.org/10.1108/13598540810871271
2025-12-03 10:49:48,150 - INFO - Accessing: https://doi.org/10.1002/bse.580
2025-12-03 10:49:50,273 - INFO - Accessing: https://doi.org/10.1109/TEM.2009.2023107
2025-12-03 10:49:53,139 - INFO - Accessing: https://doi.org/10.1177/0739456X07311074
2025-12-03 10:49:55,263 - INFO - Accessing: https://doi.org/10.3233/IRG-2008-18(4)02
2025-12-03 10:49:57,392 - INFO - Accessing: https://doi.org/10.1177/0003603X0905400306
2025-12-03 10:49:59,585 - INFO - Accessing: https://doi.org/10.1016/j.eswa.2007.09.032
2025-12-03 10:50:11,733 - WARNING - Request failed for https://doi.org/10.1016/j.eswa.2007.09.032: 504 Server Error: Gateway Time-out for url: https://linkinghub.elsevier.com/retrieve/pii/S0957417407004460
2025-12-03 10:50:11,734 - INFO - Accessing: https://doi.org/10.1108/01409170911006902
2025-12-03 10:50:13,976 - INFO - Accessing: https://doi.org/10.1016/j.tics.2009.05.001
2025-12-03 10:50:16,347 - INFO - Processed 400/492 entries
2025-12-03 10:50:16,347 - INFO - Accessing: https://doi.org/10.1504/IJENM.2008.018780
2025-12-03 10:50:18,578 - INFO - Accessing: https://doi.org/10.14429/djlit.28.2.161
2025-12-03 10:50:39,681 - WARNING - Request failed for https://doi.org/10.14429/djlit.28.2.161: HTTPConnectionPool(host='publications.drdo.gov.in', port=80): Read timed out. (read timeout=15)
2025-12-03 10:50:39,682 - INFO - Accessing: https://doi.org/10.1108/09600030810857201
2025-12-03 10:50:39,888 - INFO - Accessing: https://doi.org/10.1306/06040808063
2025-12-03 10:50:42,170 - INFO - Accessing: https://doi.org/10.1111/j.1539-6924.2008.01134.x
2025-12-03 10:50:44,298 - INFO - Accessing: https://doi.org/10.1007/s10611-008-9160-2
2025-12-03 10:50:46,978 - INFO - Extracted 46417 characters from web
2025-12-03 10:50:46,979 - INFO - Web content extracted for smeulersVUResearchPortal2009: 8000 chars
2025-12-03 10:50:46,980 - INFO - Accessing: https://doi.org/10.1007/978-0-387-79934-6_14
2025-12-03 10:50:49,577 - INFO - Extracted 42149 characters from web
2025-12-03 10:50:49,578 - INFO - Web content extracted for smithPsychologicalFoundationsSupply2009: 8000 chars
2025-12-03 10:50:49,579 - INFO - Accessing: https://doi.org/10.1016/j.ejor.2007.01.034
2025-12-03 10:50:51,841 - INFO - Accessing: https://doi.org/10.1037/a0015145
2025-12-03 10:50:53,980 - INFO - Accessing: https://doi.org/10.1016/j.ejca.2008.01.015
2025-12-03 10:50:56,365 - INFO - Accessing: https://doi.org/10.1108/02635570910948641
2025-12-03 10:50:58,523 - INFO - Accessing: https://doi.org/10.1108/08858620910931749
2025-12-03 10:51:00,720 - INFO - Accessing: https://doi.org/10.3139/9783446418806.006
2025-12-03 10:51:02,968 - INFO - Accessing: https://doi.org/10.1586/17434440.5.3.329
2025-12-03 10:51:05,186 - INFO - Accessing: https://doi.org/10.1177/0272989X09336077
2025-12-03 10:51:07,366 - INFO - Accessing: https://doi.org/10.1504/IJATM.2008.020211
2025-12-03 10:51:09,650 - INFO - Processed 420/492 entries
2025-12-03 10:51:09,650 - INFO - Accessing: https://doi.org/10.1016/j.dss.2008.06.006
2025-12-03 10:51:12,067 - INFO - Accessing: https://doi.org/10.1108/00220410810844141
2025-12-03 10:51:14,286 - INFO - Accessing: https://doi.org/10.1504/IJTM.2008.016788
2025-12-03 10:51:16,599 - INFO - Accessing: https://doi.org/10.1007/978-3-642-03281-3_8
2025-12-03 10:51:19,416 - INFO - Extracted 83351 characters from web
2025-12-03 10:51:19,417 - INFO - Web content extracted for szczechMulticriteriaAttractivenessEvaluation2009: 8000 chars
2025-12-03 10:51:19,418 - INFO - Accessing: https://doi.org/10.1016/j.jacr.2009.01.011
2025-12-03 10:51:21,696 - INFO - Accessing: https://doi.org/10.1016/j.omega.2005.10.005
2025-12-03 10:51:24,083 - INFO - Accessing: https://doi.org/10.1097/01.NNR.0000313504.37970.f9
2025-12-03 10:51:26,302 - INFO - Accessing: https://doi.org/10.1002/sdr.419
2025-12-03 10:51:28,476 - INFO - Accessing: https://doi.org/10.1016/j.compind.2007.06.014
2025-12-03 10:51:30,871 - INFO - Accessing: https://doi.org/10.1109/TEM.2009.2033046
2025-12-03 10:51:33,585 - INFO - Accessing: https://doi.org/10.1016/j.obhdp.2008.01.005
2025-12-03 10:51:35,912 - INFO - Accessing: https://doi.org/10.1108/13598540810905679
2025-12-03 10:51:38,147 - INFO - Accessing: https://doi.org/10.1080/17545730802474039
2025-12-03 10:51:40,366 - INFO - Processed 440/492 entries
2025-12-03 10:51:40,366 - INFO - Accessing: https://doi.org/10.1016/j.cirp.2009.09.010
2025-12-03 10:51:42,732 - INFO - Accessing: https://doi.org/10.1016/j.jom.2007.08.004
2025-12-03 10:51:44,929 - INFO - Accessing: https://doi.org/10.1017/S0266462308080604
2025-12-03 10:51:48,949 - INFO - Extracted 35432 characters from web
2025-12-03 10:51:48,949 - INFO - Web content extracted for vallejo-torresIntegratingHealthEconomics2008: 8000 chars
2025-12-03 10:51:48,951 - INFO - Accessing: https://doi.org/10.1148/radiol.2523082219
2025-12-03 10:51:51,151 - INFO - Accessing: https://doi.org/10.1108/01443570911005974
2025-12-03 10:51:53,354 - INFO - Accessing: https://doi.org/10.1306/06040808067
2025-12-03 10:51:55,522 - INFO - Accessing: https://doi.org/10.1007/s00267-008-9084-8
2025-12-03 10:51:58,122 - INFO - Extracted 73936 characters from web
2025-12-03 10:51:58,122 - INFO - Web content extracted for vanwykImpactScientificInformation2008: 8000 chars
2025-12-03 10:51:58,123 - INFO - Accessing: https://doi.org/10.1108/01435120810869165
2025-12-03 10:52:00,308 - INFO - Accessing: https://doi.org/10.1016/j.neuron.2009.04.007
2025-12-03 10:52:02,685 - INFO - Accessing: https://doi.org/10.1016/j.tifs.2008.06.003
2025-12-03 10:52:05,023 - INFO - Accessing: https://doi.org/10.1108/17465660910973952
2025-12-03 10:52:07,232 - INFO - Accessing: https://doi.org/10.1007/978-1-84800-342-2_3
2025-12-03 10:52:09,900 - INFO - Extracted 78880 characters from web
2025-12-03 10:52:09,901 - INFO - Web content extracted for villaPromoteAggregationSMEs2009: 8000 chars
2025-12-03 10:52:09,902 - INFO - Accessing: https://doi.org/10.1111/j.1539-6924.2008.01137.x
2025-12-03 10:52:11,978 - INFO - Accessing: https://doi.org/10.1111/j.1524-4733.2007.00241.x
2025-12-03 10:52:14,317 - INFO - Processed 460/492 entries
2025-12-03 10:52:14,317 - INFO - Accessing: https://doi.org/10.1016/j.knosys.2009.07.008
2025-12-03 10:52:16,674 - INFO - Accessing: https://doi.org/10.1016/B978-008045405-4.00087-2
2025-12-03 10:52:19,021 - INFO - Accessing: https://doi.org/10.22459/ACW.07.2008
2025-12-03 10:52:24,016 - INFO - Extracted 11862 characters from web
2025-12-03 10:52:24,016 - INFO - Web content extracted for watersInformationWarfareAttack2008: 8000 chars
2025-12-03 10:52:24,017 - INFO - Accessing: https://doi.org/10.1017/S0266462309090047
2025-12-03 10:52:27,201 - INFO - Extracted 57898 characters from web
2025-12-03 10:52:27,202 - INFO - Web content extracted for weatherlyEconomicAnalysisContinuous2009: 8000 chars
2025-12-03 10:52:27,203 - INFO - Accessing: https://doi.org/10.1016/j.apenergy.2009.01.019
2025-12-03 10:52:29,402 - INFO - Accessing: https://doi.org/10.4337/9781848446038.00021
2025-12-03 10:52:31,548 - WARNING - Some characters could not be decoded, and were replaced with REPLACEMENT CHARACTER.
2025-12-03 10:52:31,549 - INFO - Accessing: https://doi.org/10.1509/jmkr.45.4.425
2025-12-03 10:52:33,678 - INFO - Accessing: https://doi.org/10.2196/jmir.1187
2025-12-03 10:52:36,957 - INFO - Extracted 168675 characters from web
2025-12-03 10:52:36,957 - INFO - Web content extracted for weitzmanAcceptabilityPersonallyControlled2009: 8000 chars
2025-12-03 10:52:36,959 - INFO - Accessing: https://doi.org/10.1111/j.1467-985X.2008.00558.x
2025-12-03 10:52:39,062 - INFO - Accessing: https://doi.org/10.1108/09596110910975990
2025-12-03 10:52:41,285 - INFO - Accessing: https://doi.org/10.1108/10662240810849612
2025-12-03 10:52:43,417 - INFO - Accessing: https://doi.org/10.1108/09574090810895960
2025-12-03 10:52:45,545 - INFO - Accessing: https://doi.org/10.4337/9781848449350.00018
2025-12-03 10:52:47,732 - WARNING - Some characters could not be decoded, and were replaced with REPLACEMENT CHARACTER.
2025-12-03 10:52:47,733 - INFO - Accessing: https://doi.org/10.4337/9781848447226.00011
2025-12-03 10:52:49,867 - WARNING - Some characters could not be decoded, and were replaced with REPLACEMENT CHARACTER.
2025-12-03 10:52:49,867 - INFO - Accessing: https://doi.org/10.1504/IJITM.2008.015889
2025-12-03 10:52:52,335 - INFO - Processed 480/492 entries
2025-12-03 10:52:52,335 - INFO - Accessing: https://doi.org/10.1016/j.technovation.2007.05.011
2025-12-03 10:52:54,890 - INFO - Accessing: https://doi.org/10.1108/02635570910930091
2025-12-03 10:52:57,104 - INFO - Accessing: https://doi.org/10.1016/j.jacr.2009.01.022
2025-12-03 10:52:59,469 - INFO - Accessing: https://doi.org/10.1080/00207540701210037
2025-12-03 10:53:01,689 - INFO - Accessing: https://doi.org/10.1016/j.vaccine.2009.06.039
2025-12-03 10:53:04,181 - INFO - Accessing: https://doi.org/10.1080/08839510802379600
2025-12-03 10:53:06,385 - INFO - Accessing: https://doi.org/10.1016/j.ecolmodel.2009.05.023
2025-12-03 10:53:08,743 - INFO - Accessing: https://doi.org/10.1016/S0380-1330(08)71612-5
2025-12-03 10:53:11,122 - INFO - Accessing: https://doi.org/10.1016/j.ejor.2008.01.008
2025-12-03 10:53:13,407 - INFO - Accessing: https://doi.org/10.1016/j.ijinfomgt.2007.09.007
2025-12-03 10:53:16,246 - INFO - Processing papers_2010.bib: 274 entries
2025-12-03 10:53:16,247 - INFO - Accessing: https://doi.org/10.1002/9781444320398.ch16
2025-12-03 10:53:17,878 - INFO - Accessing: https://doi.org/10.1016/j.ejor.2009.12.003
2025-12-03 10:53:20,227 - INFO - Accessing: https://doi.org/10.1257/jel.48.1.58
2025-12-03 10:53:22,392 - INFO - Accessing: https://doi.org/10.1504/IJSS.2010.038673
2025-12-03 10:53:24,680 - INFO - Accessing: https://doi.org/10.1111/j.1467-9221.2010.00783.x
2025-12-03 10:53:26,870 - INFO - Accessing: https://doi.org/10.1016/j.jprocont.2010.06.011
2025-12-03 10:53:29,235 - INFO - Accessing: https://doi.org/10.1016/j.jss.2010.06.012
2025-12-03 10:53:31,541 - INFO - Accessing: https://doi.org/10.1080/07377361003617368
2025-12-03 10:53:33,756 - INFO - Accessing: https://doi.org/10.1016/j.jacceco.2010.10.001
2025-12-03 10:53:36,122 - INFO - Accessing: https://doi.org/10.1017/S0963180109990454
2025-12-03 10:53:39,012 - INFO - Extracted 27877 characters from web
2025-12-03 10:53:39,012 - INFO - Web content extracted for arnasonNeuroimagingUncertaintyProblem2010: 8000 chars
2025-12-03 10:53:39,014 - INFO - Accessing: https://doi.org/10.1504/IJLSM.2010.029722
2025-12-03 10:53:41,235 - INFO - Accessing: https://doi.org/10.1016/j.techfore.2010.02.005
2025-12-03 10:53:43,588 - INFO - Accessing: https://doi.org/10.1097/GIM.0b013e3181cdeb9a
2025-12-03 10:53:45,916 - INFO - Accessing: https://doi.org/10.1002/eet.528
2025-12-03 10:53:48,104 - INFO - Accessing: https://doi.org/10.1016/j.ijpe.2009.11.025
2025-12-03 10:53:50,461 - INFO - Accessing: https://doi.org/10.1007/s11166-010-9092-y
2025-12-03 10:53:53,158 - INFO - Extracted 88448 characters from web
2025-12-03 10:53:53,159 - INFO - Web content extracted for barigozziEmotionalDecisionmakersAnomalous2010: 8000 chars
2025-12-03 10:53:53,160 - INFO - Accessing: https://doi.org/10.1007/s11368-009-0158-x
2025-12-03 10:53:55,889 - INFO - Extracted 52166 characters from web
2025-12-03 10:53:55,889 - INFO - Web content extracted for bartonEconomicBenefitsLargescale2010: 8000 chars
2025-12-03 10:53:55,891 - INFO - Processed 20/274 entries
2025-12-03 10:53:55,891 - INFO - Accessing: https://doi.org/10.2217/pgs.10.145
2025-12-03 10:53:58,033 - INFO - Accessing: https://doi.org/10.1108/00021461011042675
2025-12-03 10:54:00,256 - INFO - Accessing: https://doi.org/10.1108/00021461011042666
2025-12-03 10:54:02,460 - INFO - Accessing: https://doi.org/10.1007/s11004-009-9256-y
2025-12-03 10:54:04,964 - INFO - Extracted 31010 characters from web
2025-12-03 10:54:04,964 - INFO - Web content extracted for bhattacharjyaValueInformationSpatial2010: 8000 chars
2025-12-03 10:54:04,966 - INFO - Accessing: https://doi.org/10.1016/j.dss.2010.04.003
2025-12-03 10:54:07,245 - INFO - Accessing: https://doi.org/10.1080/02699930903132496
2025-12-03 10:54:09,425 - INFO - Accessing: https://doi.org/10.1111/j.1524-4733.2010.00709.x
2025-12-03 10:54:11,714 - INFO - Accessing: https://doi.org/10.1002/ddr.20421
2025-12-03 10:54:13,855 - INFO - Accessing: https://doi.org/10.1377/hlthaff.2010.0274
2025-12-03 10:54:16,116 - INFO - Accessing: https://doi.org/10.1504/IJEM.2010.032045
2025-12-03 10:54:18,638 - INFO - Accessing: https://doi.org/10.2165/11531410-000000000-00000
2025-12-03 10:54:21,255 - INFO - Extracted 33491 characters from web
2025-12-03 10:54:21,256 - INFO - Web content extracted for briggsAccessEvidenceDevelopment2010: 8000 chars
2025-12-03 10:54:21,257 - INFO - Processed 40/274 entries
2025-12-03 10:54:21,257 - INFO - Accessing: https://doi.org/10.1111/j.2040-0209.2010.00340_2.x
2025-12-03 10:54:23,437 - INFO - Accessing: https://doi.org/10.1016/j.neuron.2010.06.031
2025-12-03 10:54:25,867 - INFO - Accessing: https://doi.org/10.1080/02672570903566268
2025-12-03 10:54:28,010 - INFO - Accessing: https://doi.org/10.1260/2040-2295.1.2.255
2025-12-03 10:54:30,290 - INFO - Accessing: https://doi.org/10.1021/es102117k
2025-12-03 10:54:32,442 - INFO - Accessing: https://doi.org/10.1016/j.ijpe.2009.08.016
2025-12-03 10:54:34,723 - INFO - Accessing: https://doi.org/10.1007/s12208-010-0046-5
2025-12-03 10:54:37,260 - INFO - Extracted 106894 characters from web
2025-12-03 10:54:37,261 - INFO - Web content extracted for carvalhoConceptualModelAssessing2010: 8000 chars
2025-12-03 10:54:37,262 - INFO - Accessing: https://doi.org/10.1016/j.eswa.2009.08.010
2025-12-03 10:54:39,574 - INFO - Accessing: https://doi.org/10.1111/j.1524-4733.2010.00738.x
2025-12-03 10:54:41,867 - INFO - Accessing: https://doi.org/10.1016/j.drudis.2010.05.007
2025-12-03 10:54:44,283 - INFO - Accessing: https://doi.org/10.1016/S1098-3015(11)72426-3
2025-12-03 10:54:46,658 - INFO - Accessing: https://doi.org/10.1108/03684921011043260
2025-12-03 10:54:48,800 - INFO - Accessing: https://doi.org/10.1108/09600031011052831
2025-12-03 10:54:50,937 - INFO - Accessing: https://doi.org/10.1504/IJSTM.2010.032884
2025-12-03 10:54:53,244 - INFO - Accessing: https://doi.org/10.1111/j.2041-6156.2009.00005.x
2025-12-03 10:54:58,710 - INFO - Processed 60/274 entries
2025-12-03 10:54:58,710 - INFO - Accessing: https://doi.org/10.1016/j.knosys.2010.01.009
2025-12-03 10:55:01,023 - INFO - Accessing: https://doi.org/10.1002/bjs.6959
2025-12-03 10:55:03,249 - INFO - Accessing: https://doi.org/10.1177/0272989X09347014
2025-12-03 10:55:05,392 - INFO - Accessing: https://doi.org/10.1016/j.foodcont.2009.05.008
2025-12-03 10:55:07,746 - INFO - Accessing: https://doi.org/10.1016/j.cirpj.2010.07.003
2025-12-03 10:55:10,118 - INFO - Accessing: https://doi.org/10.1016/S1098-3015(11)72428-7
2025-12-03 10:55:12,462 - INFO - Accessing: https://doi.org/10.1057/jors.2010.12
2025-12-03 10:55:14,653 - INFO - Accessing: https://doi.org/10.1016/j.giq.2010.07.001
2025-12-03 10:55:17,111 - INFO - Accessing: https://doi.org/10.1108/09574091011089817
2025-12-03 10:55:19,310 - INFO - Accessing: https://doi.org/10.1002/mar.20323
2025-12-03 10:55:21,501 - INFO - Accessing: https://doi.org/10.1146/annurev.economics.050708.143254
2025-12-03 10:55:23,756 - INFO - Accessing: https://doi.org/10.1111/j.1461-0248.2010.01440.x
2025-12-03 10:55:25,944 - INFO - Accessing: https://doi.org/10.1377/hlthaff.2009.0888
2025-12-03 10:55:28,217 - INFO - Accessing: https://doi.org/10.1111/j.1524-4733.2009.00683.x
2025-12-03 10:55:30,617 - INFO - Processed 80/274 entries
2025-12-03 10:55:30,618 - INFO - Accessing: https://doi.org/10.1111/j.1540-5850.2010.00966.x
2025-12-03 10:55:32,825 - INFO - Accessing: https://doi.org/10.1108/09574091011089835
2025-12-03 10:55:35,037 - INFO - Accessing: https://doi.org/10.1139/F09-163
2025-12-03 10:55:37,377 - INFO - Accessing: https://doi.org/10.1108/09564231011025100
2025-12-03 10:55:39,568 - INFO - Accessing: https://doi.org/10.1108/18347641011068992
2025-12-03 10:55:41,764 - INFO - Accessing: https://doi.org/10.1586/erp.10.59
2025-12-03 10:55:43,987 - INFO - Accessing: https://doi.org/10.1016/j.jacc.2010.03.007
2025-12-03 10:55:46,351 - INFO - Accessing: https://doi.org/10.1016/j.ejor.2009.03.019
2025-12-03 10:55:48,716 - INFO - Accessing: https://doi.org/10.1504/IJEB.2010.037132
2025-12-03 10:55:51,002 - INFO - Accessing: https://doi.org/10.2165/11538640-000000000-00000
2025-12-03 10:55:53,707 - INFO - Extracted 59310 characters from web
2025-12-03 10:55:53,708 - INFO - Web content extracted for garrisonRegulatoryBenefitriskAssessment2010: 8000 chars
2025-12-03 10:55:53,709 - INFO - Accessing: https://doi.org/10.1007/s10584-009-9681-4
2025-12-03 10:55:56,282 - INFO - Extracted 34227 characters from web
2025-12-03 10:55:56,282 - INFO - Web content extracted for gayObjectiveProbabilitiesFuture2010: 8000 chars
2025-12-03 10:55:56,283 - INFO - Accessing: https://doi.org/10.1016/j.dss.2009.11.001
2025-12-03 10:55:58,680 - INFO - Accessing: https://doi.org/10.1111/j.1524-4733.2010.00726.x
2025-12-03 10:56:01,030 - INFO - Processed 100/274 entries
2025-12-03 10:56:01,030 - INFO - Accessing: https://doi.org/10.1016/j.ejor.2009.12.020
2025-12-03 10:56:03,324 - INFO - Accessing: https://doi.org/10.1177/0272989X09342277
2025-12-03 10:56:05,512 - INFO - Accessing: https://doi.org/10.1586/erp.10.24
2025-12-03 10:56:07,707 - INFO - Accessing: https://doi.org/10.1016/j.ctrv.2010.02.018
2025-12-03 10:56:10,077 - INFO - Accessing: https://doi.org/10.1016/j.prevetmed.2009.11.021
2025-12-03 10:56:12,473 - INFO - Accessing: https://doi.org/10.1080/00207540903175079
2025-12-03 10:56:14,650 - INFO - Accessing: https://doi.org/10.1016/j.ecolecon.2010.08.009
2025-12-03 10:56:17,019 - INFO - Accessing: https://doi.org/10.1080/02646811.2010.11435238
2025-12-03 10:56:19,213 - INFO - Accessing: https://doi.org/10.1016/j.petrol.2010.10.013
2025-12-03 10:56:21,579 - INFO - Accessing: https://doi.org/10.1145/1851175.1851179
2025-12-03 10:56:23,715 - INFO - Accessing: https://doi.org/10.3310/hta14090
2025-12-03 10:56:25,832 - INFO - Accessing: https://doi.org/10.1016/j.econmod.2009.11.009
2025-12-03 10:56:28,129 - INFO - Accessing: https://doi.org/10.1108/14635771011060585
2025-12-03 10:56:30,357 - INFO - Accessing: https://doi.org/10.1287/opre.1100.0789
2025-12-03 10:56:32,491 - INFO - Accessing: https://doi.org/10.1057/ejis.2010.16
2025-12-03 10:56:34,610 - INFO - Accessing: https://doi.org/10.1111/j.1468-0394.2010.00538.x
2025-12-03 10:56:36,796 - INFO - Processed 120/274 entries
2025-12-03 10:56:36,796 - INFO - Accessing: https://doi.org/10.2174/187569210792246335
2025-12-03 10:56:39,174 - INFO - Accessing: https://doi.org/10.1055/s-0030-1262859
2025-12-03 10:56:42,430 - INFO - Extracted 31012 characters from web
2025-12-03 10:56:42,431 - INFO - Web content extracted for icksMethodenGesundheitsokonomischenEvaluation2010: 8000 chars
2025-12-03 10:56:42,432 - INFO - Accessing: https://doi.org/10.1016/j.jenvman.2009.09.037
2025-12-03 10:56:44,791 - INFO - Accessing: https://doi.org/10.1007/s10796-009-9162-3
2025-12-03 10:56:47,383 - INFO - Extracted 36011 characters from web
2025-12-03 10:56:47,383 - INFO - Web content extracted for ipeInformationIntermediariesEmergency2010: 8000 chars
2025-12-03 10:56:47,385 - INFO - Accessing: https://doi.org/10.1057/jors.2010.10
2025-12-03 10:56:49,550 - INFO - Accessing: https://doi.org/10.1080/00207540903564900
2025-12-03 10:56:51,721 - INFO - Accessing: https://doi.org/10.1007/s00170-009-2333-z
2025-12-03 10:56:54,326 - INFO - Extracted 58319 characters from web
2025-12-03 10:56:54,327 - INFO - Web content extracted for janseReverseLogisticsDiagnostic2010: 8000 chars
2025-12-03 10:56:54,329 - INFO - Accessing: https://doi.org/10.1007/s10198-009-0148-3
2025-12-03 10:56:56,850 - INFO - Extracted 56166 characters from web
2025-12-03 10:56:56,851 - INFO - Web content extracted for jurgensenCosteffectivenessImmunosuppressiveRegimens2010: 8000 chars
2025-12-03 10:56:56,852 - INFO - Accessing: https://doi.org/10.1093/forestscience/56.6.558
2025-12-03 10:56:59,037 - INFO - Accessing: https://doi.org/10.1109/TSMCA.2010.2055154
2025-12-03 10:57:01,643 - INFO - Accessing: https://doi.org/10.1016/j.robot.2010.02.003
2025-12-03 10:57:04,008 - INFO - Accessing: https://doi.org/10.1016/j.energy.2010.02.051
2025-12-03 10:57:06,383 - INFO - Accessing: https://doi.org/10.1029/2009WR008584
2025-12-03 10:57:08,734 - INFO - Accessing: https://doi.org/10.1504/IJTA.2010.036848
2025-12-03 10:57:11,031 - INFO - Accessing: https://doi.org/10.1016/j.ijpe.2010.04.009
2025-12-03 10:57:13,407 - INFO - Accessing: https://doi.org/10.1186/1746-5354-6-1-47
2025-12-03 10:57:16,135 - INFO - Extracted 13018 characters from web
2025-12-03 10:57:16,135 - INFO - Web content extracted for keraBionetworkingDNABiosocial2010: 8000 chars
2025-12-03 10:57:16,136 - INFO - Accessing: https://doi.org/10.1016/j.techfore.2009.12.008
2025-12-03 10:57:18,486 - INFO - Processed 140/274 entries
2025-12-03 10:57:18,486 - INFO - Accessing: https://doi.org/10.1175/2010WCAS1034.1
2025-12-03 10:57:20,728 - WARNING - Some characters could not be decoded, and were replaced with REPLACEMENT CHARACTER.
2025-12-03 10:57:20,728 - INFO - Accessing: https://doi.org/10.1016/j.foodcont.2010.06.001
2025-12-03 10:57:23,074 - INFO - Accessing: https://doi.org/10.1016/j.foodcont.2010.02.012
2025-12-03 10:57:25,430 - INFO - Accessing: https://doi.org/10.1115/1.4002163
2025-12-03 10:57:27,672 - INFO - Accessing: https://doi.org/10.1080/01446191003762256
2025-12-03 10:57:29,897 - INFO - Accessing: https://doi.org/10.1080/10937404.2010.483176
2025-12-03 10:57:32,121 - INFO - Accessing: https://doi.org/10.1080/08911760903439636
2025-12-03 10:57:34,324 - INFO - Accessing: https://doi.org/10.1016/j.eswa.2010.03.061
2025-12-03 10:57:36,708 - INFO - Accessing: https://doi.org/10.1007/978-3-642-04247-8_1
2025-12-03 10:57:39,598 - INFO - Extracted 17762 characters from web
2025-12-03 10:57:39,599 - INFO - Web content extracted for langProductionInventoryManagement2010: 8000 chars
2025-12-03 10:57:39,600 - INFO - Accessing: https://doi.org/10.1016/j.compind.2009.10.004
2025-12-03 10:57:41,933 - INFO - Accessing: https://doi.org/10.1016/j.ijpe.2010.02.006
2025-12-03 10:57:44,322 - INFO - Accessing: https://doi.org/10.1287/mnsc.1090.1101
2025-12-03 10:57:46,513 - INFO - Accessing: https://doi.org/10.1080/14783363.2010.530773
2025-12-03 10:57:48,725 - INFO - Accessing: https://doi.org/10.1016/j.petrol.2010.03.030
2025-12-03 10:57:51,079 - INFO - Accessing: https://doi.org/10.1161/CIRCULATIONAHA.109.900704
2025-12-03 10:57:53,281 - INFO - Accessing: https://doi.org/10.1139/X10-057
2025-12-03 10:57:55,551 - INFO - Accessing: https://doi.org/10.1016/j.dss.2010.02.005
2025-12-03 10:57:57,908 - INFO - Processed 160/274 entries
2025-12-03 10:57:57,908 - INFO - Accessing: https://doi.org/10.1016/S1098-3015(10)72039-8
2025-12-03 10:58:00,195 - INFO - Accessing: https://doi.org/10.1890/09-0647.1
2025-12-03 10:58:02,550 - INFO - Accessing: https://doi.org/10.1007/s10897-010-9321-1
2025-12-03 10:58:04,730 - INFO - Accessing: https://doi.org/10.1525/jer.2010.5.3.31
2025-12-03 10:58:06,948 - INFO - Accessing: https://doi.org/10.2165/11539400-000000000-00000
2025-12-03 10:58:09,718 - INFO - Extracted 37468 characters from web
2025-12-03 10:58:09,719 - INFO - Web content extracted for meltzerEconomicsComparativeEffectiveness2010: 8000 chars
2025-12-03 10:58:09,720 - INFO - Accessing: https://doi.org/10.1287/deca.1100.0171
2025-12-03 10:58:11,791 - INFO - Accessing: https://doi.org/10.5194/nhess-10-1697-2010
2025-12-03 10:58:13,988 - INFO - Extracted 10076 characters from web
2025-12-03 10:58:13,988 - INFO - Web content extracted for merzReviewArticleAssessment2010: 8000 chars
2025-12-03 10:58:13,990 - INFO - Accessing: https://doi.org/10.19030/rbis.v14i4.357
2025-12-03 10:58:16,855 - INFO - Extracted 5681 characters from web
2025-12-03 10:58:16,855 - INFO - Web content extracted for mollahosseiniSupplierKnowledgeManagement2010: 5681 chars
2025-12-03 10:58:16,856 - INFO - Accessing: https://doi.org/10.1007/s11269-009-9475-5
2025-12-03 10:58:19,456 - INFO - Extracted 34302 characters from web
2025-12-03 10:58:19,456 - INFO - Web content extracted for mondalRiskbasedEvaluationMeeting2010: 8000 chars
2025-12-03 10:58:19,457 - INFO - Accessing: https://doi.org/10.1038/clpt.2010.231
2025-12-03 10:58:21,894 - INFO - Accessing: https://doi.org/10.1504/IJIDSS.2010.037089
2025-12-03 10:58:24,267 - INFO - Accessing: https://doi.org/10.1108/10662241011050759
2025-12-03 10:58:26,444 - INFO - Accessing: https://doi.org/10.1258/jhsrp.2009.009032
2025-12-03 10:58:28,659 - INFO - Accessing: https://doi.org/10.1111/j.1524-4733.2010.00762.x
2025-12-03 10:58:31,387 - INFO - Processed 180/274 entries
2025-12-03 10:58:31,387 - INFO - Accessing: https://doi.org/10.1080/00207540903565014
2025-12-03 10:58:33,557 - INFO - Accessing: https://doi.org/10.1108/14637151011035570
2025-12-03 10:58:35,765 - INFO - Accessing: https://doi.org/10.1016/j.cie.2010.04.011
2025-12-03 10:58:38,070 - INFO - Accessing: https://doi.org/10.3763/ehaz.2010.0039
2025-12-03 10:58:40,354 - INFO - Accessing: https://doi.org/10.1007/s10584-009-9687-y
2025-12-03 10:58:43,085 - INFO - Extracted 68565 characters from web
2025-12-03 10:58:43,086 - INFO - Web content extracted for pattAdaptationIntegratedAssessment2010: 8000 chars
2025-12-03 10:58:43,087 - INFO - Accessing: https://doi.org/10.2217/pgs.10.45
2025-12-03 10:58:45,245 - INFO - Accessing: https://doi.org/10.1016/j.mar.2010.07.001
2025-12-03 10:58:47,605 - INFO - Accessing: https://doi.org/10.1016/j.biosystems.2010.09.005
2025-12-03 10:58:49,976 - INFO - Accessing: https://doi.org/10.1016/j.jacc.2010.04.012
2025-12-03 10:58:52,254 - INFO - Accessing: https://doi.org/10.1016/j.indmarman.2010.04.002
2025-12-03 10:58:54,588 - INFO - Accessing: https://doi.org/10.1108/13598541011039992
2025-12-03 10:58:56,719 - INFO - Accessing: https://doi.org/10.5194/nhess-11-643-2011
2025-12-03 10:58:59,007 - INFO - Extracted 9396 characters from web
2025-12-03 10:58:59,008 - INFO - Web content extracted for quirogagomezEconomicValueDrought2010: 8000 chars
2025-12-03 10:58:59,009 - INFO - Processed 200/274 entries
2025-12-03 10:58:59,009 - INFO - Accessing: https://doi.org/10.1007/978-3-540-71915-1_31
2025-12-03 10:59:01,740 - INFO - Extracted 28637 characters from web
2025-12-03 10:59:01,740 - INFO - Web content extracted for raoDecisionAnalysis2010: 8000 chars
2025-12-03 10:59:01,741 - INFO - Accessing: https://doi.org/10.1007/978-3-540-71915-1_33
2025-12-03 10:59:04,203 - INFO - Extracted 28231 characters from web
2025-12-03 10:59:04,204 - INFO - Web content extracted for raoValueInformationAnalysis2010: 8000 chars
2025-12-03 10:59:04,205 - INFO - Accessing: https://doi.org/10.1093/clp/63.1.315
2025-12-03 10:59:06,411 - INFO - Accessing: https://doi.org/10.1017/S0266462310000115
2025-12-03 10:59:09,419 - INFO - Extracted 49696 characters from web
2025-12-03 10:59:09,420 - INFO - Web content extracted for riceEconomicEvaluationEnhanced2010: 8000 chars
2025-12-03 10:59:09,421 - INFO - Accessing: https://doi.org/10.1016/j.enpol.2009.03.029
2025-12-03 10:59:11,708 - INFO - Accessing: https://doi.org/10.1002/hyp.7766
2025-12-03 10:59:13,896 - INFO - Accessing: https://doi.org/10.1108/15265941011071520
2025-12-03 10:59:16,117 - INFO - Accessing: https://doi.org/10.1057/jors.2008.143
2025-12-03 10:59:18,310 - INFO - Accessing: https://doi.org/10.1016/j.ejor.2010.02.017
2025-12-03 10:59:20,610 - INFO - Accessing: https://doi.org/10.1016/j.ijpe.2010.07.039
2025-12-03 10:59:22,979 - INFO - Accessing: https://doi.org/10.1017/S174413311000006X
2025-12-03 10:59:26,995 - INFO - Extracted 88913 characters from web
2025-12-03 10:59:26,995 - INFO - Web content extracted for schlesingerChoiceCutsParsing2010: 8000 chars
2025-12-03 10:59:26,996 - INFO - Accessing: https://doi.org/10.2753/MIS0742-1222260410
2025-12-03 10:59:29,036 - INFO - Accessing: https://doi.org/10.1115/1.3462918
2025-12-03 10:59:31,226 - INFO - Processed 220/274 entries
2025-12-03 10:59:31,226 - INFO - Accessing: https://doi.org/10.1111/j.1467-2979.2010.00363.x
2025-12-03 10:59:33,411 - INFO - Accessing: https://doi.org/10.1086/605094
2025-12-03 10:59:35,803 - INFO - Accessing: https://doi.org/10.3310/hta14070
2025-12-03 10:59:37,999 - INFO - Accessing: https://doi.org/10.1586/erp.10.51
2025-12-03 10:59:40,219 - INFO - Accessing: https://doi.org/10.1108/11766091011094527
2025-12-03 10:59:42,425 - INFO - Accessing: https://doi.org/10.1504/IJBPSCM.2010.036201
2025-12-03 10:59:44,739 - INFO - Accessing: https://doi.org/10.1111/j.1745-6584.2009.00642.x
2025-12-03 10:59:46,948 - INFO - Accessing: https://doi.org/10.4088/JCP.09m05228blu
2025-12-03 10:59:50,163 - INFO - Extracted 12146 characters from web
2025-12-03 10:59:50,163 - INFO - Web content extracted for soetemanCosteffectivenessPsychotherapyCluster2010: 8000 chars
2025-12-03 10:59:50,165 - INFO - Accessing: https://doi.org/10.1192/bjp.bp.109.070482
2025-12-03 10:59:53,139 - INFO - Extracted 207732 characters from web
2025-12-03 10:59:53,141 - INFO - Web content extracted for soetemanCosteffectivenessPsychotherapyCluster2010a: 8000 chars
2025-12-03 10:59:53,144 - INFO - Accessing: https://doi.org/10.1016/j.ijar.2010.01.015
2025-12-03 10:59:55,996 - INFO - Accessing: https://doi.org/10.1111/j.1524-4733.2010.00720.x
2025-12-03 10:59:58,362 - INFO - Accessing: https://doi.org/10.1504/IJGW.2010.033716
2025-12-03 11:00:00,634 - INFO - Accessing: https://doi.org/10.1108/14637151011093026
2025-12-03 11:00:02,962 - INFO - Processed 240/274 entries
2025-12-03 11:00:02,962 - INFO - Accessing: https://doi.org/10.1108/02635571011087446
2025-12-03 11:00:05,201 - INFO - Accessing: https://doi.org/10.1504/IJBIS.2010.029479
2025-12-03 11:00:07,457 - INFO - Accessing: https://doi.org/10.1061/(ASCE)0887-3801(2010)24:1(81)
2025-12-03 11:00:09,661 - INFO - Accessing: https://doi.org/10.1016/j.csl.2009.07.003
2025-12-03 11:00:12,033 - INFO - Accessing: https://doi.org/10.1016/j.dss.2010.03.007
2025-12-03 11:00:14,407 - INFO - Accessing: https://doi.org/10.1017/S0266462309990882
2025-12-03 11:00:17,669 - INFO - Extracted 40006 characters from web
2025-12-03 11:00:17,670 - INFO - Web content extracted for truemanCoverageEvidenceDevelopment2010: 8000 chars
2025-12-03 11:00:17,671 - INFO - Accessing: https://doi.org/10.15807/jorsj.53.20
2025-12-03 11:00:24,370 - INFO - Extracted 1938 characters from web
2025-12-03 11:00:24,371 - INFO - Web content extracted for tsaiRiskAssessmentDesignbidbuild2010: 1938 chars
2025-12-03 11:00:24,372 - INFO - Accessing: https://doi.org/10.1186/1471-2431-10-75
2025-12-03 11:00:27,170 - INFO - Extracted 280581 characters from web
2025-12-03 11:00:27,171 - INFO - Web content extracted for vanheeschLongTermCosts2010: 8000 chars
2025-12-03 11:00:27,172 - INFO - Accessing: https://doi.org/10.1108/00220411011087850
2025-12-03 11:00:29,317 - INFO - Accessing: https://doi.org/10.1021/ie902009k
2025-12-03 11:00:31,524 - INFO - Accessing: https://doi.org/10.2217/pgs.10.74
2025-12-03 11:00:33,713 - INFO - Accessing: https://doi.org/10.1016/j.ijpe.2010.01.010
2025-12-03 11:00:36,122 - INFO - Accessing: https://doi.org/10.1080/13669871003629887
2025-12-03 11:00:38,331 - INFO - Processed 260/274 entries
2025-12-03 11:00:38,331 - INFO - Accessing: https://doi.org/10.1007/s11238-009-9136-4
2025-12-03 11:00:41,015 - INFO - Extracted 39989 characters from web
2025-12-03 11:00:41,015 - INFO - Web content extracted for weberSimpleMethodsEvaluating2010: 8000 chars
2025-12-03 11:00:41,017 - INFO - Accessing: https://doi.org/10.2308/jis.2010.24.2.107
2025-12-03 11:00:43,357 - INFO - Accessing: https://doi.org/10.1002/bjs.6872
2025-12-03 11:00:45,569 - INFO - Accessing: https://doi.org/10.1016/j.ijpe.2010.07.008
2025-12-03 11:00:47,947 - INFO - Accessing: https://doi.org/10.1016/j.dss.2010.07.006
2025-12-03 11:00:50,305 - INFO - Accessing: https://doi.org/10.1108/02635571011030060
2025-12-03 11:00:52,518 - INFO - Accessing: https://doi.org/10.1007/s10799-010-0072-3
2025-12-03 11:00:55,125 - INFO - Extracted 124566 characters from web
2025-12-03 11:00:55,125 - INFO - Web content extracted for xuITInfrastructureCapabilities2010: 8000 chars
2025-12-03 11:00:55,127 - INFO - Accessing: https://doi.org/10.1108/09600031011072000
2025-12-03 11:00:57,302 - INFO - Accessing: https://doi.org/10.1016/j.eswa.2009.09.048
2025-12-03 11:00:59,713 - INFO - Accessing: https://doi.org/10.1109/TSMCB.2009.2021272
2025-12-03 11:01:02,616 - INFO - Accessing: https://doi.org/10.1115/1.3330432
2025-12-03 11:01:04,732 - INFO - Accessing: https://doi.org/10.1108/02635571011055126
2025-12-03 11:01:07,647 - INFO - Processing papers_2011_12.bib: 652 entries
2025-12-03 11:01:07,647 - INFO - Accessing: https://doi.org/10.1016/j.jbi.2011.10.011
2025-12-03 11:01:09,317 - INFO - Accessing: https://doi.org/10.1007/978-94-007-1697-1_3
2025-12-03 11:01:12,002 - INFO - Extracted 51361 characters from web
2025-12-03 11:01:12,002 - INFO - Web content extracted for adomssentSustainabilityCommunicationIntegrative2011: 8000 chars
2025-12-03 11:01:12,003 - INFO - Accessing: https://doi.org/10.5040/9798400617683.ch-009
2025-12-03 11:01:14,371 - INFO - Extracted 6363 characters from web
2025-12-03 11:01:14,372 - INFO - Web content extracted for affeltBestPracticesAligning2011: 6363 chars
2025-12-03 11:01:14,373 - INFO - Accessing: https://doi.org/10.1362/146934711X13210328715948
2025-12-03 11:01:17,765 - INFO - Extracted 4154 characters from web
2025-12-03 11:01:17,766 - INFO - Web content extracted for agnihotriPerspectivesCompetitiveIntelligence2011: 4154 chars
2025-12-03 11:01:17,766 - INFO - Accessing: https://doi.org/10.1504/IJMTM.2011.039144
2025-12-03 11:01:20,331 - INFO - Accessing: https://doi.org/10.1108/02656711211190891
2025-12-03 11:01:22,564 - INFO - Accessing: https://doi.org/10.1007/s12599-011-0148-6
2025-12-03 11:01:25,300 - INFO - Extracted 57231 characters from web
2025-12-03 11:01:25,300 - INFO - Web content extracted for aierCriticalSuccessFactors2011a: 8000 chars
2025-12-03 11:01:25,302 - INFO - Accessing: https://doi.org/10.1111/j.1574-0862.2011.00545.x
2025-12-03 11:01:27,491 - INFO - Accessing: https://doi.org/10.1007/978-3-642-19257-9_23
2025-12-03 11:01:30,261 - INFO - Extracted 93207 characters from web
2025-12-03 11:01:30,261 - INFO - Web content extracted for akkermansThreeCrowdBenefits2011: 8000 chars
2025-12-03 11:01:30,262 - INFO - Accessing: https://doi.org/10.1108/09556221211232829
2025-12-03 11:01:34,967 - INFO - Accessing: https://doi.org/10.1016/j.indmarman.2010.09.006
2025-12-03 11:01:37,402 - INFO - Accessing: https://doi.org/10.18553/jmcp.2011.17.s9-a.1
2025-12-03 11:01:39,748 - INFO - Accessing: https://doi.org/10.1080/15470148.2012.651782
2025-12-03 11:01:42,015 - INFO - Accessing: https://doi.org/10.1007/s11238-011-9259-2
2025-12-03 11:01:45,247 - INFO - Extracted 34291 characters from web
2025-12-03 11:01:45,247 - INFO - Web content extracted for andersonAmbiguityAversionMultiarmed2012: 8000 chars
2025-12-03 11:01:45,248 - INFO - Accessing: https://doi.org/10.1257/mic.4.1.209
2025-12-03 11:01:47,429 - INFO - Processed 20/652 entries
2025-12-03 11:01:47,430 - INFO - Accessing: https://doi.org/10.1111/j.1467-9299.2011.01938.x
2025-12-03 11:01:49,636 - INFO - Accessing: https://doi.org/10.1504/IJBIS.2012.048338
2025-12-03 11:01:51,904 - INFO - Accessing: https://doi.org/10.1016/j.insmatheco.2011.09.001
2025-12-03 11:01:54,476 - INFO - Accessing: https://doi.org/10.1016/j.jsps.2011.12.006
2025-12-03 11:01:56,952 - INFO - Accessing: https://doi.org/10.1186/1745-6215-13-119
2025-12-03 11:01:59,603 - INFO - Extracted 265201 characters from web
2025-12-03 11:01:59,604 - INFO - Web content extracted for ashbyPilotRandomisedControlled2012: 8000 chars
2025-12-03 11:01:59,605 - INFO - Accessing: https://doi.org/10.1108/13555851211218057
2025-12-03 11:02:01,767 - INFO - Accessing: https://doi.org/10.1504/IJLSM.2011.037419
2025-12-03 11:02:04,069 - INFO - Accessing: https://doi.org/10.1016/j.omega.2011.06.008
2025-12-03 11:02:06,456 - INFO - Accessing: https://doi.org/10.1504/IJIE.2012.052558
2025-12-03 11:02:08,762 - INFO - Accessing: https://doi.org/10.1525/cmr.2011.53.3.21
2025-12-03 11:02:10,998 - INFO - Accessing: https://doi.org/10.1016/j.energy.2010.09.058
2025-12-03 11:02:13,371 - INFO - Accessing: https://doi.org/10.1002/9781118258422
2025-12-03 11:02:15,746 - INFO - Accessing: https://doi.org/10.1007/s10666-011-9278-y
2025-12-03 11:02:18,344 - INFO - Extracted 56119 characters from web
2025-12-03 11:02:18,344 - INFO - Web content extracted for bakerValueBetterInformation2012: 8000 chars
2025-12-03 11:02:18,346 - INFO - Accessing: https://doi.org/10.1108/00400911211244678
2025-12-03 11:02:20,713 - INFO - Accessing: https://doi.org/10.1016/j.cageo.2012.07.005
2025-12-03 11:02:23,160 - INFO - Processed 40/652 entries
2025-12-03 11:02:23,160 - INFO - Accessing: https://doi.org/10.1108/13598541111155820
2025-12-03 11:02:25,323 - INFO - Accessing: https://doi.org/10.1016/j.aos.2012.02.004
2025-12-03 11:02:27,679 - INFO - Accessing: https://doi.org/10.1609/aimag.v33i3.2430
2025-12-03 11:02:29,892 - INFO - Accessing: https://doi.org/10.1080/00036846.2011.583227
2025-12-03 11:02:32,123 - INFO - Accessing: https://doi.org/10.1002/ieam.1327
2025-12-03 11:02:34,371 - INFO - Accessing: https://doi.org/10.2139/ssrn.1829891
2025-12-03 11:02:36,755 - INFO - Accessing: https://doi.org/10.1016/j.jhealeco.2011.03.004
2025-12-03 11:02:39,240 - INFO - Accessing: https://doi.org/10.2165/11597730-000000000-00000
2025-12-03 11:02:41,946 - INFO - Extracted 49269 characters from web
2025-12-03 11:02:41,948 - INFO - Web content extracted for basuPrivateManufacturersThresholds2012: 8000 chars
2025-12-03 11:02:41,949 - INFO - Accessing: https://doi.org/10.3917/rfsp.611.0079
2025-12-03 11:02:45,042 - INFO - Accessing: https://doi.org/10.1332/174426412X620128
2025-12-03 11:02:47,297 - WARNING - Some characters could not be decoded, and were replaced with REPLACEMENT CHARACTER.
2025-12-03 11:02:47,298 - INFO - Accessing: https://doi.org/10.1161/CIR.0b013e3182340239
2025-12-03 11:02:49,504 - INFO - Accessing: https://doi.org/10.1177/0272989X10373401
2025-12-03 11:02:51,731 - INFO - Accessing: https://doi.org/10.1016/j.giq.2011.05.003
2025-12-03 11:02:54,083 - INFO - Accessing: https://doi.org/10.1016/j.ejor.2012.04.029
2025-12-03 11:02:56,403 - INFO - Accessing: https://doi.org/10.1016/j.dss.2012.09.007
2025-12-03 11:02:58,787 - INFO - Accessing: https://doi.org/10.1007/s10916-012-9852-0
2025-12-03 11:03:01,440 - INFO - Extracted 44132 characters from web
2025-12-03 11:03:01,441 - INFO - Web content extracted for ben-assuliUsingElectronicMedical2012: 8000 chars
2025-12-03 11:03:01,442 - INFO - Accessing: https://doi.org/10.1016/j.ijproman.2012.01.002
2025-12-03 11:03:03,699 - INFO - Accessing: https://doi.org/10.1016/j.jval.2012.04.007
2025-12-03 11:03:06,114 - INFO - Accessing: https://doi.org/10.1111/j.1365-2753.2011.01651.x
2025-12-03 11:03:08,334 - INFO - Processed 60/652 entries
2025-12-03 11:03:08,335 - INFO - Accessing: https://doi.org/10.1016/j.rie.2011.01.003
2025-12-03 11:03:10,712 - INFO - Accessing: https://doi.org/10.4067/S0718-27242011000300005
2025-12-03 11:03:12,898 - INFO - Accessing: https://doi.org/10.4067/S0718-27242012000400003
2025-12-03 11:03:15,088 - INFO - Accessing: https://doi.org/10.4018/ijsda.2012100102
2025-12-03 11:03:17,349 - WARNING - Request failed for https://doi.org/10.4018/ijsda.2012100102: 429 Client Error: Too Many Requests for url: https://services.igi-global.com/resolvedoi/resolve.aspx?doi=10.4018/ijsda.2012100102
2025-12-03 11:03:17,351 - INFO - Accessing: https://doi.org/10.1016/j.forsciint.2012.09.003
2025-12-03 11:03:19,754 - INFO - Accessing: https://doi.org/10.1016/j.omega.2010.07.003
2025-12-03 11:03:22,147 - INFO - Accessing: https://doi.org/10.1603/IPM11008
2025-12-03 11:03:24,292 - INFO - Accessing: https://doi.org/10.1016/j.obhdp.2011.09.003
2025-12-03 11:03:26,712 - INFO - Accessing: https://doi.org/10.1080/00220388.2010.492861
2025-12-03 11:03:29,094 - INFO - Accessing: https://doi.org/10.1134/S1064230711010072
2025-12-03 11:03:31,883 - INFO - Extracted 26035 characters from web
2025-12-03 11:03:31,884 - INFO - Web content extracted for bolotnikovaMethodEvaluatingOntologies2011: 8000 chars
2025-12-03 11:03:31,885 - INFO - Accessing: https://doi.org/10.1016/j.ejor.2012.02.032
2025-12-03 11:03:34,237 - INFO - Accessing: https://doi.org/10.1016/j.scitotenv.2011.07.023
2025-12-03 11:03:36,532 - INFO - Processed 80/652 entries
2025-12-03 11:03:36,532 - INFO - Accessing: https://doi.org/10.1609/aimag.v33i1.2367
2025-12-03 11:03:38,681 - INFO - Accessing: https://doi.org/10.1111/j.1539-6924.2010.01492.x
2025-12-03 11:03:40,895 - INFO - Accessing: https://doi.org/10.1504/IJAM.2011.038295
2025-12-03 11:03:43,140 - INFO - Accessing: https://doi.org/10.3310/hta15350
2025-12-03 11:03:45,281 - INFO - Accessing: https://doi.org/10.1016/j.tibtech.2011.10.003
2025-12-03 11:03:47,633 - INFO - Accessing: https://doi.org/10.1108/00220411111105452
2025-12-03 11:03:49,843 - INFO - Accessing: https://doi.org/10.1016/j.jval.2010.12.002
2025-12-03 11:03:52,182 - INFO - Accessing: https://doi.org/10.1186/1472-6939-12-11
2025-12-03 11:03:54,765 - INFO - Extracted 344766 characters from web
2025-12-03 11:03:54,766 - INFO - Web content extracted for bunnikPersonalGenomeTesting2011: 8000 chars
2025-12-03 11:03:54,767 - INFO - Accessing: https://doi.org/10.3310/hta16340
2025-12-03 11:03:56,845 - INFO - Accessing: https://doi.org/10.1007/978-1-4419-9943-6_14
2025-12-03 11:03:59,568 - INFO - Extracted 50084 characters from web
2025-12-03 11:03:59,569 - INFO - Web content extracted for burkPortfolioDecisionAnalysis2011: 8000 chars
2025-12-03 11:03:59,570 - INFO - Accessing: https://doi.org/10.1002/pst.523
2025-12-03 11:04:01,684 - INFO - Accessing: https://doi.org/10.1016/j.eswa.2011.08.061
2025-12-03 11:04:05,337 - INFO - Accessing: https://doi.org/10.1016/j.eswa.2011.01.103
2025-12-03 11:04:07,714 - INFO - Accessing: https://doi.org/10.1007/s11166-011-9117-1
2025-12-03 11:04:10,355 - INFO - Extracted 93103 characters from web
2025-12-03 11:04:10,356 - INFO - Web content extracted for cabantousImpreciseKnowledgeBetter2011: 8000 chars
2025-12-03 11:04:10,357 - INFO - Accessing: https://doi.org/10.1016/B978-0-12-381431-9.00008-5
2025-12-03 11:04:12,792 - INFO - Processed 100/652 entries
2025-12-03 11:04:12,792 - INFO - Accessing: https://doi.org/10.1021/es201037u
2025-12-03 11:04:15,126 - INFO - Accessing: https://doi.org/10.1111/j.1365-2486.2011.02549.x
2025-12-03 11:04:17,429 - INFO - Accessing: https://doi.org/10.1080/08920753.2011.639865
2025-12-03 11:04:19,671 - INFO - Accessing: https://doi.org/10.1080/0965254X.2010.529160
2025-12-03 11:04:21,911 - INFO - Accessing: https://doi.org/10.1007/s10458-010-9157-y
2025-12-03 11:04:24,535 - INFO - Extracted 58141 characters from web
2025-12-03 11:04:24,535 - INFO - Web content extracted for chalkiadakisSequentiallyOptimalRepeated2012: 8000 chars
2025-12-03 11:04:24,537 - INFO - Accessing: https://doi.org/10.1257/jep.25.2.27
2025-12-03 11:04:26,713 - INFO - Accessing: https://doi.org/10.1177/0278364911410755
2025-12-03 11:04:28,865 - INFO - Accessing: https://doi.org/10.3310/hta16380
2025-12-03 11:04:30,994 - INFO - Accessing: https://doi.org/10.1007/978-3-642-19160-2_5
2025-12-03 11:04:33,965 - INFO - Extracted 90503 characters from web
2025-12-03 11:04:33,966 - INFO - Web content extracted for chenForaging2011: 8000 chars
2025-12-03 11:04:33,967 - INFO - Accessing: https://doi.org/10.1016/j.ijinfomgt.2010.09.004
2025-12-03 11:04:36,295 - INFO - Accessing: https://doi.org/10.1016/j.trb.2012.03.004
2025-12-03 11:04:38,664 - INFO - Accessing: https://doi.org/10.2753/MIS0742-1222290305
2025-12-03 11:04:40,853 - INFO - Accessing: https://doi.org/10.1287/mnsc.1110.1425
2025-12-03 11:04:43,083 - INFO - Accessing: https://doi.org/10.1016/j.im.2011.09.004
2025-12-03 11:04:45,441 - INFO - Accessing: https://doi.org/10.1016/j.ijar.2012.04.005
2025-12-03 11:04:47,810 - INFO - Processed 120/652 entries
2025-12-03 11:04:47,810 - INFO - Accessing: https://doi.org/10.1016/j.jbusvent.2011.01.002
2025-12-03 11:04:50,123 - INFO - Accessing: https://doi.org/10.1016/j.ijinfomgt.2011.02.005
2025-12-03 11:04:52,476 - INFO - Accessing: https://doi.org/10.1089/pop.2011.1482
2025-12-03 11:04:54,701 - INFO - Accessing: https://doi.org/10.1108/20466091211287119
2025-12-03 11:04:56,889 - INFO - Accessing: https://doi.org/10.1016/j.eneco.2012.08.032
2025-12-03 11:04:59,265 - INFO - Accessing: https://doi.org/10.1086/665662
2025-12-03 11:05:01,474 - INFO - Accessing: https://doi.org/10.1186/1471-2407-12-598
2025-12-03 11:05:04,339 - INFO - Extracted 274189 characters from web
2025-12-03 11:05:04,339 - INFO - Web content extracted for collinsonSTARTrialProtocol2012: 8000 chars
2025-12-03 11:05:04,340 - INFO - Accessing: https://doi.org/10.3310/hta15260
2025-12-03 11:05:06,493 - INFO - Accessing: https://doi.org/10.1016/j.biocon.2010.10.028
2025-12-03 11:05:08,826 - INFO - Accessing: https://doi.org/10.1108/09600031211219672
2025-12-03 11:05:11,079 - INFO - Accessing: https://doi.org/10.1002/9781119940012.ch18
2025-12-03 11:05:13,289 - INFO - Accessing: https://doi.org/10.1016/j.biocon.2010.10.019
2025-12-03 11:05:15,657 - INFO - Accessing: https://doi.org/10.1016/j.jenvman.2012.09.002
2025-12-03 11:05:18,022 - INFO - Accessing: https://doi.org/10.1108/09600031111118521
2025-12-03 11:05:20,282 - INFO - Accessing: https://doi.org/10.1016/j.pmcj.2011.10.004
2025-12-03 11:05:22,642 - INFO - Processed 140/652 entries
2025-12-03 11:05:22,642 - INFO - Accessing: https://doi.org/10.1289/ehp.1104870
2025-12-03 11:05:25,025 - WARNING - Request failed for https://doi.org/10.1289/ehp.1104870: HTTPSConnectionPool(host='ehp.niehs.nih.gov', port=443): Max retries exceeded with url: /doi/10.1289/ehp.1104870 (Caused by NameResolutionError("<urllib3.connection.HTTPSConnection object at 0x117a9e5d0>: Failed to resolve 'ehp.niehs.nih.gov' ([Errno 8] nodename nor servname provided, or not known)"))
2025-12-03 11:05:25,025 - INFO - Accessing: https://doi.org/10.1111/j.1539-6924.2012.01881.x
2025-12-03 11:05:25,159 - INFO - Accessing: https://doi.org/10.1108/02635571111115128
2025-12-03 11:05:27,406 - INFO - Accessing: https://doi.org/10.1007/s11027-011-9289-7
2025-12-03 11:05:30,005 - INFO - Extracted 60812 characters from web
2025-12-03 11:05:30,006 - INFO - Web content extracted for dagostinoSewingClimateresilientSeeds2011a: 8000 chars
2025-12-03 11:05:30,007 - INFO - Accessing: https://doi.org/10.1016/j.ijpe.2010.09.006
2025-12-03 11:05:32,320 - INFO - Accessing: https://doi.org/10.1108/13598541111139044
2025-12-03 11:05:34,573 - INFO - Accessing: https://doi.org/10.1080/00207540903460216
2025-12-03 11:05:36,819 - INFO - Accessing: https://doi.org/10.1080/00071005.2012.715626
2025-12-03 11:05:39,055 - INFO - Accessing: https://doi.org/10.1186/2193-2697-1-4
2025-12-03 11:05:41,824 - INFO - Extracted 250957 characters from web
2025-12-03 11:05:41,825 - INFO - Web content extracted for davisonFactorsAffectingValue2012: 8000 chars
2025-12-03 11:05:41,826 - INFO - Accessing: https://doi.org/10.1145/1929916.1929921
2025-12-03 11:05:43,908 - INFO - Accessing: https://doi.org/10.1155/2012/847396
2025-12-03 11:05:46,116 - INFO - Accessing: https://doi.org/10.1016/j.eswa.2011.11.073
2025-12-03 11:05:48,523 - INFO - Accessing: https://doi.org/10.1080/13658816.2011.639303
2025-12-03 11:05:50,770 - INFO - Accessing: https://doi.org/10.1108/09727981111175948
2025-12-03 11:05:54,330 - INFO - Accessing: https://doi.org/10.2217/cer.12.7
2025-12-03 11:05:56,568 - INFO - Accessing: https://doi.org/10.1177/0951629811429006
2025-12-03 11:05:58,709 - INFO - Accessing: https://doi.org/10.1016/j.resconrec.2010.12.002
2025-12-03 11:06:01,072 - INFO - Processed 160/652 entries
2025-12-03 11:06:01,073 - INFO - Accessing: https://doi.org/10.2307/41703461
2025-12-03 11:06:03,423 - INFO - Accessing: https://doi.org/10.1108/10610421111157946
2025-12-03 11:06:05,668 - INFO - Accessing: https://doi.org/10.1016/j.cie.2011.06.021
2025-12-03 11:06:08,136 - INFO - Accessing: https://doi.org/10.1002/wcc.157
2025-12-03 11:06:10,375 - INFO - Accessing: https://doi.org/10.1007/s10584-010-9896-4
2025-12-03 11:06:13,984 - INFO - Extracted 57272 characters from web
2025-12-03 11:06:13,984 - INFO - Web content extracted for drieschovaRoleUncertaintiesDesign2011: 8000 chars
2025-12-03 11:06:13,985 - INFO - Accessing: https://doi.org/10.1016/j.eswa.2011.11.065
2025-12-03 11:06:16,291 - INFO - Accessing: https://doi.org/10.1108/13287261211221128
2025-12-03 11:06:18,561 - INFO - Accessing: https://doi.org/10.1016/j.coldregions.2012.03.003
2025-12-03 11:06:20,932 - INFO - Accessing: https://doi.org/10.1016/j.cie.2011.11.004
2025-12-03 11:06:23,217 - INFO - Accessing: https://doi.org/10.1177/1059601112450607
2025-12-03 11:06:25,437 - INFO - Accessing: https://doi.org/10.1111/j.1461-0248.2012.01800.x
2025-12-03 11:06:27,635 - INFO - Accessing: https://doi.org/10.1590/S1726-46342011000300020
2025-12-03 11:06:31,490 - INFO - Accessing: https://doi.org/10.2165/11593050-000000000-00000
2025-12-03 11:06:34,277 - INFO - Extracted 48986 characters from web
2025-12-03 11:06:34,277 - INFO - Web content extracted for ethgenPopulationCohortBased2012: 8000 chars
2025-12-03 11:06:34,279 - INFO - Accessing: https://doi.org/10.1111/j.1467-6419.2010.00641.x
2025-12-03 11:06:36,434 - INFO - Accessing: https://doi.org/10.1504/IJLSM.2011.043117
2025-12-03 11:06:38,736 - INFO - Accessing: https://doi.org/10.1504/IJOR.2012.049481
2025-12-03 11:06:40,976 - INFO - Processed 180/652 entries
2025-12-03 11:06:40,976 - INFO - Accessing: https://doi.org/10.2202/2152-2812.1033
2025-12-03 11:06:44,100 - INFO - Extracted 44210 characters from web
2025-12-03 11:06:44,101 - INFO - Web content extracted for farrowPrinciplesStandardsBenefitcost2011: 8000 chars
2025-12-03 11:06:44,102 - INFO - Accessing: https://doi.org/10.1097/MLR.0b013e318269e06d
2025-12-03 11:06:46,193 - INFO - Accessing: https://doi.org/10.17705/1CAIS.02918
2025-12-03 11:06:49,464 - INFO - Extracted 2433 characters from web
2025-12-03 11:06:49,464 - INFO - Web content extracted for feldmanInformationSystemsDisability2011: 2433 chars
2025-12-03 11:06:49,465 - INFO - Accessing: https://doi.org/10.1080/10807039.2011.588142
2025-12-03 11:06:51,612 - INFO - Accessing: https://doi.org/10.3310/hta15330
2025-12-03 11:06:53,762 - INFO - Accessing: https://doi.org/10.1177/0961000612448592
2025-12-03 11:06:55,934 - INFO - Accessing: https://doi.org/10.1139/f82-157
2025-12-03 11:06:58,291 - INFO - Accessing: https://doi.org/10.1016/j.aos.2011.07.003
2025-12-03 11:07:01,097 - INFO - Accessing: https://doi.org/10.1016/j.gloenvcha.2010.11.001
2025-12-03 11:07:03,417 - INFO - Accessing: https://doi.org/10.1016/j.tifs.2011.05.005
2025-12-03 11:07:05,718 - INFO - Accessing: https://doi.org/10.1016/j.proeng.2012.01.094
2025-12-03 11:07:08,072 - INFO - Accessing: https://doi.org/10.1007/s10916-010-9473-4
2025-12-03 11:07:10,809 - INFO - Extracted 407408 characters from web
2025-12-03 11:07:10,810 - INFO - Web content extracted for gagnonSystematicReviewFactors2012: 8000 chars
2025-12-03 11:07:10,812 - INFO - Processed 200/652 entries
2025-12-03 11:07:10,812 - INFO - Accessing: https://doi.org/10.1287/mnsc.1110.1480
2025-12-03 11:07:12,892 - INFO - Accessing: https://doi.org/10.1086/668836
2025-12-03 11:07:15,079 - INFO - Accessing: https://doi.org/10.3368/le.88.3.536
2025-12-03 11:07:19,803 - INFO - Extracted 33634 characters from web
2025-12-03 11:07:19,804 - INFO - Web content extracted for garrickTransactionCostsInstitutional2012: 8000 chars
2025-12-03 11:07:19,805 - INFO - Accessing: https://doi.org/10.1108/09590551211201874
2025-12-03 11:07:21,952 - INFO - Accessing: https://doi.org/10.1016/j.acra.2011.04.007
2025-12-03 11:07:24,311 - INFO - Accessing: https://doi.org/10.1108/08858621211251433
2025-12-03 11:07:26,538 - INFO - Accessing: https://doi.org/10.1145/2107536.2107539
2025-12-03 11:07:28,712 - INFO - Accessing: https://doi.org/10.1108/13287261111183960
2025-12-03 11:07:30,883 - INFO - Accessing: https://doi.org/10.1016/S1873-9946(12)60504-2
2025-12-03 11:07:33,113 - INFO - Accessing: https://doi.org/10.1375/jhtm.18.1.61
2025-12-03 11:07:35,500 - INFO - Accessing: https://doi.org/10.1017/S1566752912000031
2025-12-03 11:07:38,171 - INFO - Extracted 246924 characters from web
2025-12-03 11:07:38,172 - INFO - Web content extracted for gilottaDisclosureSecuritiesMarkets2012: 8000 chars
2025-12-03 11:07:38,173 - INFO - Accessing: https://doi.org/10.1002/hec.1807
2025-12-03 11:07:40,270 - INFO - Accessing: https://doi.org/10.1038/gim.2012.16
2025-12-03 11:07:42,637 - INFO - Accessing: https://doi.org/10.1007/s10584-010-9961-z
2025-12-03 11:07:45,203 - INFO - Extracted 85635 characters from web
2025-12-03 11:07:45,204 - INFO - Web content extracted for goesEconomicsLackThereof2011: 8000 chars
2025-12-03 11:07:45,205 - INFO - Processed 220/652 entries
2025-12-03 11:07:45,205 - INFO - Accessing: https://doi.org/10.1177/0272989X11418372
2025-12-03 11:07:47,321 - INFO - Accessing: https://doi.org/10.1007/s11605-012-1911-9
2025-12-03 11:07:49,622 - INFO - Accessing: https://doi.org/10.1111/j.1365-2664.2010.01911.x
2025-12-03 11:07:51,924 - INFO - Accessing: https://doi.org/10.2139/ssrn.2120040
2025-12-03 11:07:54,166 - INFO - Accessing: https://doi.org/10.1016/j.jenvman.2012.03.001
2025-12-03 11:07:56,541 - INFO - Accessing: https://doi.org/10.1108/17506181211265040
2025-12-03 11:07:58,924 - INFO - Accessing: https://doi.org/10.1634/theoncologist.2011-0029
2025-12-03 11:08:01,136 - INFO - Accessing: https://doi.org/10.2165/11594950-000000000-00000
2025-12-03 11:08:03,704 - INFO - Extracted 46227 characters from web
2025-12-03 11:08:03,704 - INFO - Web content extracted for gurusamyIntraoperativeVsPreoperative2012: 8000 chars
2025-12-03 11:08:03,706 - INFO - Accessing: https://doi.org/10.5751/ES-04907-170336
2025-12-03 11:08:06,470 - WARNING - Some characters could not be decoded, and were replaced with REPLACEMENT CHARACTER.
2025-12-03 11:08:06,472 - INFO - Accessing: https://doi.org/10.1016/j.envsci.2012.03.002
2025-12-03 11:08:08,787 - INFO - Accessing: https://doi.org/10.1177/0272989X12443010
2025-12-03 11:08:10,941 - INFO - Accessing: https://doi.org/10.2165/11588340-000000000-00000
2025-12-03 11:08:13,533 - INFO - Extracted 77622 characters from web
2025-12-03 11:08:13,533 - INFO - Web content extracted for hallUpdatedCostEffectivenessAnalysis2011: 8000 chars
2025-12-03 11:08:13,534 - INFO - Accessing: https://doi.org/10.1108/09590551211230250
2025-12-03 11:08:15,662 - INFO - Accessing: https://doi.org/10.1108/17410391111122844
2025-12-03 11:08:18,996 - INFO - Accessing: https://doi.org/10.1016/j.ress.2012.02.008
2025-12-03 11:08:21,332 - INFO - Processed 240/652 entries
2025-12-03 11:08:21,332 - INFO - Accessing: https://doi.org/10.1017/S0014479710000876
2025-12-03 11:08:24,737 - INFO - Extracted 166410 characters from web
2025-12-03 11:08:24,737 - INFO - Web content extracted for hansenReviewSeasonalClimate2011: 8000 chars
2025-12-03 11:08:24,739 - INFO - Accessing: https://doi.org/10.1038/clpt.2012.50
2025-12-03 11:08:26,818 - INFO - Accessing: https://doi.org/10.1108/14715201211246760
2025-12-03 11:08:29,059 - INFO - Accessing: https://doi.org/10.1108/14635771211258043
2025-12-03 11:08:31,282 - INFO - Accessing: https://doi.org/10.1007/s10666-011-9271-5
2025-12-03 11:08:33,844 - INFO - Extracted 11983 characters from web
2025-12-03 11:08:33,844 - INFO - Web content extracted for haurieModelingUncertaintyEconomics2012: 8000 chars
2025-12-03 11:08:33,845 - INFO - Accessing: https://doi.org/10.1002/hec.1741
2025-12-03 11:08:36,008 - INFO - Accessing: https://doi.org/10.1108/09600031211202454
2025-12-03 11:08:38,305 - INFO - Accessing: https://doi.org/10.1108/09600031211225954
2025-12-03 11:08:40,538 - INFO - Accessing: https://doi.org/10.1111/j.1752-8062.2011.00282.x
2025-12-03 11:08:42,900 - INFO - Accessing: https://doi.org/10.1093/jpepsy/jsr100
2025-12-03 11:08:45,124 - INFO - Accessing: https://doi.org/10.1007/978-1-4419-1030-1_10
2025-12-03 11:08:47,815 - INFO - Extracted 38200 characters from web
2025-12-03 11:08:47,815 - INFO - Web content extracted for hendricksonDecisionAnalysisDecision2011: 8000 chars
2025-12-03 11:08:47,816 - INFO - Accessing: https://doi.org/10.1287/msom.1110.0350
2025-12-03 11:08:49,991 - INFO - Accessing: https://doi.org/10.1108/S1474-8231(2011)0000011008
2025-12-03 11:08:52,247 - INFO - Accessing: https://doi.org/10.1111/j.1744-1714.2011.01120.x
2025-12-03 11:08:54,445 - INFO - Accessing: https://doi.org/10.1201/b12285-16
2025-12-03 11:08:56,769 - WARNING - Request failed for https://doi.org/10.1201/b12285-16: HTTPConnectionPool(host='www.crcnetbase.com', port=80): Max retries exceeded with url: /doi/10.1201/b12285-16 (Caused by NameResolutionError("<urllib3.connection.HTTPConnection object at 0x113626140>: Failed to resolve 'www.crcnetbase.com' ([Errno 8] nodename nor servname provided, or not known)"))
2025-12-03 11:08:56,769 - INFO - Accessing: https://doi.org/10.1016/j.jacc.2011.12.057
2025-12-03 11:08:57,205 - INFO - Accessing: https://doi.org/10.1016/j.elerap.2010.12.003
2025-12-03 11:08:59,557 - INFO - Processed 260/652 entries
2025-12-03 11:08:59,557 - INFO - Accessing: https://doi.org/10.1108/10662241211235671
2025-12-03 11:09:01,819 - INFO - Accessing: https://doi.org/10.1080/09720510.2011.10701551
2025-12-03 11:09:04,081 - INFO - Accessing: https://doi.org/10.1016/j.elerap.2010.12.002
2025-12-03 11:09:06,439 - INFO - Accessing: https://doi.org/10.4304/jsw.7.2.440-449
2025-12-03 11:09:09,716 - INFO - Accessing: https://doi.org/10.1504/IJHTM.2011.040483
2025-12-03 11:09:12,082 - INFO - Accessing: https://doi.org/10.1108/13598541211269210
2025-12-03 11:09:14,333 - INFO - Accessing: https://doi.org/10.1108/09600031111185248
2025-12-03 11:09:16,553 - INFO - Accessing: https://doi.org/10.1108/09600031211281448
2025-12-03 11:09:18,803 - INFO - Accessing: https://doi.org/10.1016/j.indmarman.2012.10.004
2025-12-03 11:09:21,181 - INFO - Accessing: https://doi.org/10.1108/17465261111131794
2025-12-03 11:09:23,401 - INFO - Accessing: https://doi.org/10.2165/11593380-000000000-00000
2025-12-03 11:09:26,122 - INFO - Extracted 93147 characters from web
2025-12-03 11:09:26,123 - INFO - Web content extracted for ijzermanEarlyAssessmentMedical2011a: 8000 chars
2025-12-03 11:09:26,124 - INFO - Accessing: https://doi.org/10.1111/1756-2171.12004
2025-12-03 11:09:28,273 - INFO - Accessing: https://doi.org/10.2118/133018-PA
2025-12-03 11:09:30,502 - INFO - Accessing: https://doi.org/10.1108/14637151111166213
2025-12-03 11:09:32,743 - INFO - Accessing: https://doi.org/10.1177/0272989X11406986
2025-12-03 11:09:34,962 - INFO - Processed 280/652 entries
2025-12-03 11:09:34,963 - INFO - Accessing: https://doi.org/10.1016/j.infoandorg.2011.03.003
2025-12-03 11:09:37,337 - INFO - Accessing: https://doi.org/10.1016/j.ijinfomgt.2012.04.006
2025-12-03 11:09:39,719 - INFO - Accessing: https://doi.org/10.1016/j.eneco.2011.04.002
2025-12-03 11:09:42,099 - INFO - Accessing: https://doi.org/10.1097/NHL.0b013e31825c1a42
2025-12-03 11:09:44,290 - INFO - Accessing: https://doi.org/10.1093/jopart/mur040
2025-12-03 11:09:46,530 - INFO - Accessing: https://doi.org/10.1016/j.nut.2011.11.016
2025-12-03 11:09:48,873 - INFO - Accessing: https://doi.org/10.5751/ES-04827-170309
2025-12-03 11:09:51,601 - WARNING - Some characters could not be decoded, and were replaced with REPLACEMENT CHARACTER.
2025-12-03 11:09:51,603 - INFO - Accessing: https://doi.org/10.1016/j.biombioe.2011.02.046
2025-12-03 11:09:53,972 - INFO - Accessing: https://doi.org/10.1108/00907321111186640
2025-12-03 11:09:56,221 - INFO - Accessing: https://doi.org/10.1586/erp.12.57
2025-12-03 11:09:58,481 - INFO - Accessing: https://doi.org/10.1111/j.1467-985X.2011.01011.x
2025-12-03 11:10:00,700 - INFO - Accessing: https://doi.org/10.4401/ag-5350
2025-12-03 11:10:02,959 - WARNING - Request failed for https://doi.org/10.4401/ag-5350: HTTPSConnectionPool(host='www.annalsofgeophysics.eu', port=443): Max retries exceeded with url: /index.php/annals/article/view/5350 (Caused by SSLError(SSLCertVerificationError(1, '[SSL: CERTIFICATE_VERIFY_FAILED] certificate verify failed: unable to get local issuer certificate (_ssl.c:1020)')))
2025-12-03 11:10:02,960 - INFO - Accessing: https://doi.org/10.1007/BF03261872
2025-12-03 11:10:03,720 - INFO - Extracted 83484 characters from web
2025-12-03 11:10:03,720 - INFO - Web content extracted for kadambiInclusionCompliancePersistence2012: 8000 chars
2025-12-03 11:10:03,722 - INFO - Processed 300/652 entries
2025-12-03 11:10:03,722 - INFO - Accessing: https://doi.org/10.1002/wcc.98
2025-12-03 11:10:05,879 - INFO - Accessing: https://doi.org/10.1016/j.engfracmech.2012.09.013
2025-12-03 11:10:08,257 - INFO - Accessing: https://doi.org/10.1016/j.jmsy.2012.07.013
2025-12-03 11:10:10,534 - INFO - Accessing: https://doi.org/10.1080/15275922.2012.676605
2025-12-03 11:10:12,774 - INFO - Accessing: https://doi.org/10.2308/isys-10091
2025-12-03 11:10:15,006 - INFO - Accessing: https://doi.org/10.1016/j.eswa.2010.11.081
2025-12-03 11:10:17,354 - INFO - Accessing: https://doi.org/10.1504/IJISM.2012.052775
2025-12-03 11:10:19,604 - INFO - Accessing: https://doi.org/10.1287/deca.1120.0238
2025-12-03 11:10:21,816 - INFO - Accessing: https://doi.org/10.1016/j.biocon.2010.11.022
2025-12-03 11:10:24,179 - INFO - Accessing: https://doi.org/10.1109/TSMCC.2010.2093599
2025-12-03 11:10:26,799 - INFO - Accessing: https://doi.org/10.4018/jisscm.2012100101
2025-12-03 11:10:29,021 - WARNING - Request failed for https://doi.org/10.4018/jisscm.2012100101: 429 Client Error: Too Many Requests for url: https://services.igi-global.com/resolvedoi/resolve.aspx?doi=10.4018/jisscm.2012100101
2025-12-03 11:10:29,023 - INFO - Accessing: https://doi.org/10.1287/deca.1120.0250
2025-12-03 11:10:31,227 - INFO - Processed 320/652 entries
2025-12-03 11:10:31,227 - INFO - Accessing: https://doi.org/10.1080/0951192X.2010.531288
2025-12-03 11:10:33,471 - INFO - Accessing: https://doi.org/10.1080/00207543.2010.497173
2025-12-03 11:10:35,713 - INFO - Accessing: https://doi.org/10.1146/annurev.resource.012809.103957
2025-12-03 11:10:37,982 - INFO - Accessing: https://doi.org/10.1016/j.eswa.2011.01.142
2025-12-03 11:10:40,400 - INFO - Accessing: https://doi.org/10.2139/ssrn.2043377
2025-12-03 11:10:42,737 - INFO - Accessing: https://doi.org/10.1111/j.1467-8519.2010.01856.x
2025-12-03 11:10:44,939 - INFO - Accessing: https://doi.org/10.5822/978-1-61091-039-2_14
2025-12-03 11:10:47,797 - INFO - Extracted 57711 characters from web
2025-12-03 11:10:47,799 - INFO - Web content extracted for kimMergingEconomicsEcology2011: 8000 chars
2025-12-03 11:10:47,800 - INFO - Accessing: https://doi.org/10.1177/1745790412459878
2025-12-03 11:10:50,068 - INFO - Accessing: https://doi.org/10.1016/j.jom.2010.11.001
2025-12-03 11:10:52,289 - INFO - Accessing: https://doi.org/10.22230/jem.2011v12n1a89
2025-12-03 11:10:56,072 - INFO - Extracted 7878 characters from web
2025-12-03 11:10:56,072 - INFO - Web content extracted for kittelVulnerabilitybasedStrategyIncorporating2011: 7878 chars
2025-12-03 11:10:56,075 - INFO - Accessing: https://doi.org/10.1108/14635771111180716
2025-12-03 11:10:58,321 - INFO - Accessing: https://doi.org/10.1142/S0219622012500101
2025-12-03 11:11:00,551 - INFO - Accessing: https://doi.org/10.2217/cer.12.16
2025-12-03 11:11:02,768 - INFO - Accessing: https://doi.org/10.1017/S0266462310001297
2025-12-03 11:11:05,648 - INFO - Extracted 141636 characters from web
2025-12-03 11:11:05,649 - INFO - Web content extracted for klempWhatPrinciplesShould2011: 8000 chars
2025-12-03 11:11:05,650 - INFO - Accessing: https://doi.org/10.2307/41703502
2025-12-03 11:11:07,716 - INFO - Accessing: https://doi.org/10.1016/j.atmosres.2010.08.013
2025-12-03 11:11:10,638 - INFO - Accessing: https://doi.org/10.1029/2010WR009194
2025-12-03 11:11:12,791 - INFO - Processed 340/652 entries
2025-12-03 11:11:12,792 - INFO - Accessing: https://doi.org/10.1016/j.reseneeco.2010.03.001
2025-12-03 11:11:15,227 - INFO - Accessing: https://doi.org/10.1504/IJIMA.2011.038237
2025-12-03 11:11:17,581 - INFO - Accessing: https://doi.org/10.1093/restud/rdq033
2025-12-03 11:11:19,818 - INFO - Accessing: https://doi.org/10.1177/0272989X12448929
2025-12-03 11:11:22,053 - INFO - Accessing: https://doi.org/10.1108/09600031111154143
2025-12-03 11:11:24,297 - INFO - Accessing: https://doi.org/10.1177/1056492611427179
2025-12-03 11:11:26,453 - INFO - Accessing: https://doi.org/10.1016/j.orl.2011.10.013
2025-12-03 11:11:28,820 - INFO - Accessing: https://doi.org/10.1139/a2012-006
2025-12-03 11:11:31,075 - INFO - Accessing: https://doi.org/10.14214/sf.101
2025-12-03 11:11:34,646 - INFO - Extracted 537 characters from web
2025-12-03 11:11:34,647 - INFO - Web content extracted for laamanenLargescaleForestOwners2011: 537 chars
2025-12-03 11:11:34,649 - INFO - Accessing: https://doi.org/10.7326/0003-4819-155-2-201107190-00002
2025-12-03 11:11:36,883 - INFO - Accessing: https://doi.org/10.1186/1479-5876-9-207
2025-12-03 11:11:39,647 - INFO - Extracted 305518 characters from web
2025-12-03 11:11:39,647 - INFO - Web content extracted for lalPublicHealthValorization2011: 8000 chars
2025-12-03 11:11:39,649 - INFO - Accessing: https://doi.org/10.1016/j.cie.2011.04.012
2025-12-03 11:11:41,996 - INFO - Accessing: https://doi.org/10.3354/cr00949
2025-12-03 11:11:44,374 - WARNING - Request failed for https://doi.org/10.3354/cr00949: 401 Client Error: Unauthorized for url: https://www.int-res.com/abstracts/cr/v47/p57-75
2025-12-03 11:11:44,375 - INFO - Accessing: https://doi.org/10.1080/17517575.2012.673236
2025-12-03 11:11:46,567 - INFO - Accessing: https://doi.org/10.1016/j.tree.2011.08.001
2025-12-03 11:11:48,869 - INFO - Accessing: https://doi.org/10.1177/0149206310369938
2025-12-03 11:11:51,110 - INFO - Accessing: https://doi.org/10.1080/13675567.2011.642857
2025-12-03 11:11:53,251 - INFO - Processed 360/652 entries
2025-12-03 11:11:53,251 - INFO - Accessing: https://doi.org/10.2165/11584200-000000000-00000
2025-12-03 11:11:55,870 - INFO - Extracted 73561 characters from web
2025-12-03 11:11:55,871 - INFO - Web content extracted for latimerValueInformationOsteoarthritis2011: 8000 chars
2025-12-03 11:11:55,872 - INFO - Accessing: https://doi.org/10.1108/02635571111144973
2025-12-03 11:11:58,025 - INFO - Accessing: https://doi.org/10.17705/1CAIS.02912
2025-12-03 11:12:01,143 - INFO - Extracted 2112 characters from web
2025-12-03 11:12:01,143 - INFO - Web content extracted for leeCommoditizationITEvidence2011: 2112 chars
2025-12-03 11:12:01,144 - INFO - Accessing: https://doi.org/10.4018/jgim.2012040103
2025-12-03 11:12:03,319 - WARNING - Request failed for https://doi.org/10.4018/jgim.2012040103: 429 Client Error: Too Many Requests for url: https://services.igi-global.com/resolvedoi/resolve.aspx?doi=10.4018/jgim.2012040103
2025-12-03 11:12:03,322 - INFO - Accessing: https://doi.org/10.1080/10548408.2011.611739
2025-12-03 11:12:05,496 - INFO - Accessing: https://doi.org/10.1186/1471-2458-11-534
2025-12-03 11:12:08,025 - INFO - Extracted 258872 characters from web
2025-12-03 11:12:08,026 - INFO - Web content extracted for leelahavarongHIVVaccineViable2011: 8000 chars
2025-12-03 11:12:08,028 - INFO - Accessing: https://doi.org/10.1016/j.dss.2011.02.009
2025-12-03 11:12:10,289 - INFO - Accessing: https://doi.org/10.1016/j.ejor.2010.10.015
2025-12-03 11:12:12,681 - INFO - Accessing: https://doi.org/10.2118/162668-PA
2025-12-03 11:12:14,910 - INFO - Accessing: https://doi.org/10.2174/187569211795508475
2025-12-03 11:12:17,226 - INFO - Accessing: https://doi.org/10.1109/TEM.2012.2228205
2025-12-03 11:12:20,303 - INFO - Accessing: https://doi.org/10.1016/j.engappai.2011.02.010
2025-12-03 11:12:22,642 - INFO - Accessing: https://doi.org/10.1007/s13177-011-0029-x
2025-12-03 11:12:25,216 - INFO - Extracted 31106 characters from web
2025-12-03 11:12:25,216 - INFO - Web content extracted for leviakangasBuildingValueITS2011: 8000 chars
2025-12-03 11:12:25,218 - INFO - Accessing: https://doi.org/10.1017/S0266462311000018
2025-12-03 11:12:28,702 - INFO - Extracted 58816 characters from web
2025-12-03 11:12:28,702 - INFO - Web content extracted for levinCoverageEvidenceDevelopment2011: 8000 chars
2025-12-03 11:12:28,704 - INFO - Accessing: https://doi.org/10.1177/1529100612451018
2025-12-03 11:12:30,857 - INFO - Accessing: https://doi.org/10.1016/j.ejor.2011.05.025
2025-12-03 11:12:33,243 - INFO - Accessing: https://doi.org/10.1108/01409171111128715
2025-12-03 11:12:35,678 - INFO - Processed 380/652 entries
2025-12-03 11:12:35,678 - INFO - Accessing: https://doi.org/10.1016/j.eswa.2011.05.047
2025-12-03 11:12:38,065 - INFO - Accessing: https://doi.org/10.31046/tl.v4i1.178
2025-12-03 11:12:41,506 - INFO - Extracted 9455 characters from web
2025-12-03 11:12:41,506 - INFO - Web content extracted for lincolnIntentionCompositionHow2011: 8000 chars
2025-12-03 11:12:41,510 - INFO - Accessing: https://doi.org/10.1108/10662241111139327
2025-12-03 11:12:43,729 - INFO - Accessing: https://doi.org/10.1108/09600031111118549
2025-12-03 11:12:45,983 - INFO - Accessing: https://doi.org/10.1038/nnano.2011.163
2025-12-03 11:12:48,936 - INFO - Extracted 37776 characters from web
2025-12-03 11:12:48,937 - INFO - Web content extracted for linkovDecisiondirectedApproachPrioritizing2011: 8000 chars
2025-12-03 11:12:48,938 - INFO - Accessing: https://doi.org/10.1016/j.ipm.2010.09.001
2025-12-03 11:12:51,406 - INFO - Accessing: https://doi.org/10.1007/s10666-011-9282-2
2025-12-03 11:12:54,168 - INFO - Extracted 61054 characters from web
2025-12-03 11:12:54,169 - INFO - Web content extracted for lorenzAnticipatingClimateThreshold2012: 8000 chars
2025-12-03 11:12:54,170 - INFO - Accessing: https://doi.org/10.1002/asi.21545
2025-12-03 11:12:56,327 - INFO - Accessing: https://doi.org/10.2217/cer.12.41
2025-12-03 11:12:58,566 - INFO - Accessing: https://doi.org/10.1016/j.advwatres.2011.10.007
2025-12-03 11:13:00,960 - INFO - Accessing: https://doi.org/10.1108/02621711211219068
2025-12-03 11:13:03,200 - INFO - Accessing: https://doi.org/10.1007/s00345-011-0660-9
2025-12-03 11:13:05,736 - INFO - Extracted 143382 characters from web
2025-12-03 11:13:05,737 - INFO - Web content extracted for maclennanUrologicalCancerCare2011: 8000 chars
2025-12-03 11:13:05,738 - INFO - Processed 400/652 entries
2025-12-03 11:13:05,738 - INFO - Accessing: https://doi.org/10.1007/s11066-011-9057-6
2025-12-03 11:13:09,356 - INFO - Extracted 132942 characters from web
2025-12-03 11:13:09,357 - INFO - Web content extracted for madureiraValueDigitalInformation2011: 8000 chars
2025-12-03 11:13:09,358 - INFO - Accessing: https://doi.org/10.4018/jitbag.2012010103
2025-12-03 11:13:11,471 - WARNING - Request failed for https://doi.org/10.4018/jitbag.2012010103: 429 Client Error: Too Many Requests for url: http://services.igi-global.com/resolvedoi/resolve.aspx?doi=10.4018/jitbag.2012010103
2025-12-03 11:13:11,472 - INFO - Accessing: https://doi.org/10.1016/j.fct.2011.06.005
2025-12-03 11:13:13,904 - INFO - Accessing: https://doi.org/10.1016/j.jval.2011.06.004
2025-12-03 11:13:16,298 - INFO - Accessing: https://doi.org/10.1016/j.foreco.2012.08.024
2025-12-03 11:13:18,693 - INFO - Accessing: https://doi.org/10.1504/IJDSRM.2011.046152
2025-12-03 11:13:21,059 - INFO - Accessing: https://doi.org/10.1111/j.1523-1739.2011.01806.x
2025-12-03 11:13:23,281 - INFO - Accessing: https://doi.org/10.1306/01031110110
2025-12-03 11:13:25,537 - INFO - Accessing: https://doi.org/10.1016/j.ecolmodel.2011.10.028
2025-12-03 11:13:27,874 - INFO - Accessing: https://doi.org/10.1021/es3021777
2025-12-03 11:13:30,083 - INFO - Accessing: https://doi.org/10.3310/hta16110
2025-12-03 11:13:32,259 - INFO - Accessing: https://doi.org/10.1108/08876041211266503
2025-12-03 11:13:39,969 - INFO - Accessing: https://doi.org/10.3233/IKS-2012-0194
2025-12-03 11:13:42,131 - INFO - Accessing: https://doi.org/10.2165/11591510-000000000-00000
2025-12-03 11:13:45,027 - INFO - Extracted 96297 characters from web
2025-12-03 11:13:45,027 - INFO - Web content extracted for mccullaghValueofInformationAnalysisReduce2012: 8000 chars
2025-12-03 11:13:45,028 - INFO - Accessing: https://doi.org/10.1111/j.1539-6924.2012.01822.x
2025-12-03 11:13:47,305 - INFO - Accessing: https://doi.org/10.1016/j.biocon.2011.01.005
2025-12-03 11:13:49,711 - INFO - Processed 420/652 entries
2025-12-03 11:13:49,711 - INFO - Accessing: https://doi.org/10.1007/s10584-011-0377-1
2025-12-03 11:13:52,355 - INFO - Extracted 71266 characters from web
2025-12-03 11:13:52,355 - INFO - Web content extracted for mcinerneyWhatAreRobust2012: 8000 chars
2025-12-03 11:13:52,356 - INFO - Accessing: https://doi.org/10.1504/IJPS.2011.044546
2025-12-03 11:13:54,573 - INFO - Accessing: https://doi.org/10.1177/0272989X11399921
2025-12-03 11:13:56,837 - INFO - Accessing: https://doi.org/10.1201/b13146-6
2025-12-03 11:13:58,972 - WARNING - Request failed for https://doi.org/10.1201/b13146-6: HTTPConnectionPool(host='www.crcnetbase.com', port=80): Max retries exceeded with url: /doi/10.1201/b13146-6 (Caused by NameResolutionError("<urllib3.connection.HTTPConnection object at 0x112f679b0>: Failed to resolve 'www.crcnetbase.com' ([Errno 8] nodename nor servname provided, or not known)"))
2025-12-03 11:13:58,972 - INFO - Accessing: https://doi.org/10.2458/v2i1.12365
2025-12-03 11:14:01,305 - INFO - Extracted 4779 characters from web
2025-12-03 11:14:01,306 - INFO - Web content extracted for menkeThinkingBoxSimple2011: 4779 chars
2025-12-03 11:14:01,307 - INFO - Accessing: https://doi.org/10.1016/j.jsis.2012.04.002
2025-12-03 11:14:03,652 - INFO - Accessing: https://doi.org/10.1080/0305215X.2010.512086
2025-12-03 11:14:05,924 - INFO - Accessing: https://doi.org/10.1016/j.apenergy.2011.12.099
2025-12-03 11:14:08,324 - INFO - Accessing: https://doi.org/10.1016/j.sbspro.2012.04.070
2025-12-03 11:14:10,709 - INFO - Accessing: https://doi.org/10.1504/IJOR.2012.046227
2025-12-03 11:14:13,022 - INFO - Accessing: https://doi.org/10.1016/j.ijproman.2009.12.003
2025-12-03 11:14:15,414 - INFO - Accessing: https://doi.org/10.1021/es3003266
2025-12-03 11:14:17,649 - INFO - Accessing: https://doi.org/10.1111/j.1523-1739.2012.01907.x
2025-12-03 11:14:19,862 - INFO - Accessing: https://doi.org/10.1111/j.1472-4642.2011.00809.x
2025-12-03 11:14:22,089 - INFO - Processed 440/652 entries
2025-12-03 11:14:22,090 - INFO - Accessing: https://doi.org/10.1111/j.1556-4029.2011.01930.x
2025-12-03 11:14:24,296 - INFO - Accessing: https://doi.org/10.1108/13620431211283814
2025-12-03 11:14:26,561 - INFO - Accessing: https://doi.org/10.1108/10610421111134969
2025-12-03 11:14:28,813 - INFO - Accessing: https://doi.org/10.1080/1475939X.2012.720413
2025-12-03 11:14:31,030 - INFO - Accessing: https://doi.org/10.1016/j.jval.2011.12.008
2025-12-03 11:14:33,471 - INFO - Accessing: https://doi.org/10.7326/0003-4819-155-11-201112060-00007
2025-12-03 11:14:35,703 - INFO - Accessing: https://doi.org/10.30638/eemj.2012.278
2025-12-03 11:14:38,490 - INFO - Accessing: https://doi.org/10.1007/978-3-642-24905-1
2025-12-03 11:14:41,703 - INFO - Extracted 11304 characters from web
2025-12-03 11:14:41,703 - INFO - Web content extracted for nguyenComputingStatisticsInterval2012: 8000 chars
2025-12-03 11:14:41,704 - INFO - Accessing: https://doi.org/10.1525/bio.2012.62.5.11
2025-12-03 11:14:43,833 - INFO - Accessing: https://doi.org/10.1086/657444
2025-12-03 11:14:46,193 - INFO - Accessing: https://doi.org/10.1287/orsc.1100.0602
2025-12-03 11:14:48,346 - INFO - Processed 460/652 entries
2025-12-03 11:14:48,346 - INFO - Accessing: https://doi.org/10.36615/jcsa.v31i1.2073
2025-12-03 11:15:06,157 - WARNING - Request failed for https://doi.org/10.36615/jcsa.v31i1.2073: HTTPSConnectionPool(host='journals.uj.ac.za', port=443): Read timed out. (read timeout=15)
2025-12-03 11:15:06,159 - INFO - Accessing: https://doi.org/10.1016/j.omega.2011.01.010
2025-12-03 11:15:06,562 - INFO - Accessing: https://doi.org/10.1016/j.socec.2011.10.009
2025-12-03 11:15:08,960 - INFO - Accessing: https://doi.org/10.1016/j.acra.2012.01.011
2025-12-03 11:15:11,287 - INFO - Accessing: https://doi.org/10.1287/mnsc.1110.1334
2025-12-03 11:15:13,440 - INFO - Accessing: https://doi.org/10.1504/IJLSM.2012.050159
2025-12-03 11:15:15,765 - INFO - Accessing: https://doi.org/10.1108/03074351111115322
2025-12-03 11:15:17,965 - INFO - Accessing: https://doi.org/10.1108/14635771111180725
2025-12-03 11:15:20,200 - INFO - Accessing: https://doi.org/10.3310/hta15270
2025-12-03 11:15:22,439 - INFO - Accessing: https://doi.org/10.1002/wcc.128
2025-12-03 11:15:24,622 - INFO - Accessing: https://doi.org/10.1016/j.jval.2011.02.461
2025-12-03 11:15:26,932 - INFO - Accessing: https://doi.org/10.1016/j.ijhydene.2012.04.051
2025-12-03 11:15:29,274 - INFO - Accessing: https://doi.org/10.1080/07370024.2011.559410
2025-12-03 11:15:31,463 - INFO - Accessing: https://doi.org/10.3310/hta15440
2025-12-03 11:15:33,610 - INFO - Accessing: https://doi.org/10.1371/journal.pone.0030333
2025-12-03 11:15:37,006 - INFO - Extracted 98102 characters from web
2025-12-03 11:15:37,006 - INFO - Web content extracted for perezvelascoSystematicReviewEconomic2012: 8000 chars
2025-12-03 11:15:37,008 - INFO - Accessing: https://doi.org/10.1007/s10916-009-9352-z
2025-12-03 11:15:39,678 - INFO - Extracted 55389 characters from web
2025-12-03 11:15:39,678 - INFO - Web content extracted for petersonAssessingDifferencesPhysicians2011: 8000 chars
2025-12-03 11:15:39,680 - INFO - Accessing: https://doi.org/10.1111/j.1467-8683.2011.00860.x
2025-12-03 11:15:41,783 - INFO - Accessing: https://doi.org/10.7453/gahmj.2012.1.4.002
2025-12-03 11:15:44,025 - INFO - Accessing: https://doi.org/10.1016/j.fct.2011.06.004
2025-12-03 11:15:46,429 - INFO - Accessing: https://doi.org/10.1016/j.ijggc.2012.02.010
2025-12-03 11:15:48,731 - INFO - Processed 480/652 entries
2025-12-03 11:15:48,731 - INFO - Accessing: https://doi.org/10.1016/j.dss.2012.08.017
2025-12-03 11:15:51,042 - INFO - Accessing: https://doi.org/10.1108/02635571211278947
2025-12-03 11:15:53,323 - INFO - Accessing: https://doi.org/10.1086/667828
2025-12-03 11:15:55,470 - INFO - Accessing: https://doi.org/10.2165/11631830-000000000-00000
2025-12-03 11:15:58,135 - INFO - Extracted 59376 characters from web
2025-12-03 11:15:58,137 - INFO - Web content extracted for pouryamoutEconomicEvaluationTreatment2012: 8000 chars
2025-12-03 11:15:58,138 - INFO - Accessing: https://doi.org/10.2106/JBJS.L.00094
2025-12-03 11:16:00,281 - INFO - Accessing: https://doi.org/10.1080/17517575.2011.625571
2025-12-03 11:16:02,466 - INFO - Accessing: https://doi.org/10.5424/sjar/20110904-063-11
2025-12-03 11:16:04,859 - WARNING - Request failed for https://doi.org/10.5424/sjar/20110904-063-11: HTTPSConnectionPool(host='sjar.revistas.csic.es', port=443): Max retries exceeded with url: /index.php/sjar/article/view/2429 (Caused by SSLError(SSLCertVerificationError(1, '[SSL: CERTIFICATE_VERIFY_FAILED] certificate verify failed: unable to get local issuer certificate (_ssl.c:1020)')))
2025-12-03 11:16:04,860 - INFO - Accessing: https://doi.org/10.1007/978-1-4419-6108-2_9
2025-12-03 11:16:05,632 - INFO - Extracted 97757 characters from web
2025-12-03 11:16:05,632 - INFO - Web content extracted for rahrovaniBusinessValueInformation2012: 8000 chars
2025-12-03 11:16:05,633 - INFO - Accessing: https://doi.org/10.1504/IJOR.2011.040328
2025-12-03 11:16:07,839 - INFO - Accessing: https://doi.org/10.1016/j.envsoft.2010.08.006
2025-12-03 11:16:10,254 - INFO - Accessing: https://doi.org/10.1377/hlthaff.2010.0637
2025-12-03 11:16:12,701 - INFO - Accessing: https://doi.org/10.2753/PSS0885-3134310203
2025-12-03 11:16:14,846 - INFO - Accessing: https://doi.org/10.1177/1356389011410523
2025-12-03 11:16:17,070 - INFO - Accessing: https://doi.org/10.1108/14626001111127070
2025-12-03 11:16:19,241 - INFO - Accessing: https://doi.org/10.1186/1471-2407-11-475
2025-12-03 11:16:21,924 - INFO - Extracted 159810 characters from web
2025-12-03 11:16:21,924 - INFO - Web content extracted for retelCosteffectivenessAnalysisPreventive2011: 8000 chars
2025-12-03 11:16:21,926 - INFO - Accessing: https://doi.org/10.1186/1756-0500-5-442
2025-12-03 11:16:24,554 - INFO - Extracted 197928 characters from web
2025-12-03 11:16:24,554 - INFO - Web content extracted for retelScenarioDraftingAnticipate2012: 8000 chars
2025-12-03 11:16:24,556 - INFO - Processed 500/652 entries
2025-12-03 11:16:24,556 - INFO - Accessing: https://doi.org/10.1016/j.taap.2010.10.023
2025-12-03 11:16:26,855 - INFO - Accessing: https://doi.org/10.2203/dose-response.11-023.Sammis
2025-12-03 11:16:29,124 - INFO - Accessing: https://doi.org/10.2165/11598920-000000000-00000
2025-12-03 11:16:31,720 - INFO - Extracted 63260 characters from web
2025-12-03 11:16:31,721 - INFO - Web content extracted for richardsUsingEconomicsCertification2012: 8000 chars
2025-12-03 11:16:31,722 - INFO - Accessing: https://doi.org/10.1080/13675567.2012.745840
2025-12-03 11:16:33,823 - INFO - Accessing: https://doi.org/10.1136/bmj.d2202
2025-12-03 11:16:37,044 - INFO - Accessing: https://doi.org/10.1016/j.marpol.2012.02.027
2025-12-03 11:16:39,422 - INFO - Accessing: https://doi.org/10.1016/j.futures.2010.10.014
2025-12-03 11:16:41,802 - INFO - Accessing: https://doi.org/10.1007/s10257-010-0127-3
2025-12-03 11:16:44,485 - INFO - Extracted 116607 characters from web
2025-12-03 11:16:44,486 - INFO - Web content extracted for rosenkranzVarietyEngineeringMethod2011: 8000 chars
2025-12-03 11:16:44,487 - INFO - Accessing: https://doi.org/10.1586/erp.12.73
2025-12-03 11:16:46,672 - INFO - Accessing: https://doi.org/10.1287/deca.1120.0245
2025-12-03 11:16:48,916 - INFO - Accessing: https://doi.org/10.3996/082011-JFWM-045
2025-12-03 11:16:51,346 - INFO - Accessing: https://doi.org/10.1016/j.biocon.2010.12.020
2025-12-03 11:16:53,727 - INFO - Accessing: https://doi.org/10.1016/j.acra.2011.02.004
2025-12-03 11:16:56,109 - INFO - Accessing: https://doi.org/10.1016/j.jclinepi.2012.01.022
2025-12-03 11:16:58,534 - INFO - Processed 520/652 entries
2025-12-03 11:16:58,534 - INFO - Accessing: https://doi.org/10.1111/j.2041-210X.2011.00097.x
2025-12-03 11:17:00,783 - INFO - Accessing: https://doi.org/10.1007/978-1-4419-9943-6_1
2025-12-03 11:17:03,739 - INFO - Extracted 81816 characters from web
2025-12-03 11:17:03,739 - INFO - Web content extracted for saloInvitationPortfolioDecision2011: 8000 chars
2025-12-03 11:17:03,740 - INFO - Accessing: https://doi.org/10.3926/jiem.326
2025-12-03 11:17:06,649 - INFO - Extracted 2343 characters from web
2025-12-03 11:17:06,650 - INFO - Web content extracted for santa-eulaliaIntegratedMethodologicalFrameworks2011: 2343 chars
2025-12-03 11:17:06,651 - INFO - Accessing: https://doi.org/10.18553/jmcp.2012.18.6.457
2025-12-03 11:17:08,963 - INFO - Accessing: https://doi.org/10.3310/hta16360
2025-12-03 11:17:11,186 - INFO - Accessing: https://doi.org/10.1061/(ASCE)HE.1943-5584.0000513
2025-12-03 11:17:13,433 - INFO - Accessing: https://doi.org/10.1016/j.biocon.2012.06.014
2025-12-03 11:17:15,835 - INFO - Accessing: https://doi.org/10.1287/inte.1110.0571
2025-12-03 11:17:18,045 - INFO - Accessing: https://doi.org/10.1080/09599916.2011.638144
2025-12-03 11:17:20,281 - INFO - Accessing: https://doi.org/10.1016/j.envsci.2012.04.010
2025-12-03 11:17:22,719 - INFO - Accessing: https://doi.org/10.1016/j.jval.2011.08.116
2025-12-03 11:17:25,107 - INFO - Accessing: https://doi.org/10.1108/03055721211227200
2025-12-03 11:17:27,383 - INFO - Accessing: https://doi.org/10.1016/j.cpa.2011.12.006
2025-12-03 11:17:29,749 - INFO - Processed 540/652 entries
2025-12-03 11:17:29,750 - INFO - Accessing: https://doi.org/10.1155/2012/610405
2025-12-03 11:17:31,900 - INFO - Accessing: https://doi.org/10.1016/j.chb.2012.03.004
2025-12-03 11:17:34,267 - INFO - Accessing: https://doi.org/10.1016/j.jval.2011.08.115
2025-12-03 11:17:36,597 - INFO - Accessing: https://doi.org/10.1108/NEJE-14-02-2011-B001
2025-12-03 11:17:38,813 - INFO - Accessing: https://doi.org/10.69864/ijbsam.6-3.75
2025-12-03 11:17:41,994 - INFO - Accessing: https://doi.org/10.1109/JSYST.2012.2195109
2025-12-03 11:17:44,516 - INFO - Accessing: https://doi.org/10.1017/S1466046612000397
2025-12-03 11:17:46,633 - INFO - Accessing: https://doi.org/10.1093/intqhc/mzr045
2025-12-03 11:17:48,864 - INFO - Accessing: https://doi.org/10.3310/hta16070
2025-12-03 11:17:50,966 - INFO - Accessing: https://doi.org/10.1002/sim.4288
2025-12-03 11:17:53,094 - INFO - Accessing: https://doi.org/10.1016/j.jval.2010.10.020
2025-12-03 11:17:55,506 - INFO - Accessing: https://doi.org/10.1258/jhsrp.2011.010133
2025-12-03 11:17:57,809 - INFO - Accessing: https://doi.org/10.1093/annonc/mdq339
2025-12-03 11:18:00,125 - INFO - Accessing: https://doi.org/10.1016/j.cageo.2011.09.011
2025-12-03 11:18:02,435 - INFO - Processed 560/652 entries
2025-12-03 11:18:02,435 - INFO - Accessing: https://doi.org/10.1146/annurev-publhealth-031811-124610
2025-12-03 11:18:04,614 - INFO - Accessing: https://doi.org/10.1021/es202225x
2025-12-03 11:18:06,760 - INFO - Accessing: https://doi.org/10.3310/hta15400
2025-12-03 11:18:08,833 - INFO - Accessing: https://doi.org/10.1111/j.1468-0416.2012.00172.x
2025-12-03 11:18:10,953 - INFO - Accessing: https://doi.org/10.1016/j.tecto.2012.06.047
2025-12-03 11:18:13,247 - INFO - Accessing: https://doi.org/10.1561/1400000027
2025-12-03 11:18:15,687 - INFO - Extracted 5171 characters from web
2025-12-03 11:18:15,688 - INFO - Web content extracted for stockenStrategicAccountingDisclosure2012: 5171 chars
2025-12-03 11:18:15,689 - INFO - Accessing: https://doi.org/10.1111/j.1467-9876.2011.01014.x
2025-12-03 11:18:17,819 - INFO - Accessing: https://doi.org/10.1080/1389224X.2012.691782
2025-12-03 11:18:19,969 - INFO - Accessing: https://doi.org/10.2165/11589220-000000000-00000
2025-12-03 11:18:22,514 - INFO - Extracted 25234 characters from web
2025-12-03 11:18:22,514 - INFO - Web content extracted for sullivanAppropriateElicitationExpert2011: 8000 chars
2025-12-03 11:18:22,515 - INFO - Accessing: https://doi.org/10.1016/j.dss.2011.11.015
2025-12-03 11:18:24,867 - INFO - Accessing: https://doi.org/10.1002/asmb.842
2025-12-03 11:18:27,075 - INFO - Accessing: https://doi.org/10.1016/j.annemergmed.2011.04.033
2025-12-03 11:18:29,431 - INFO - Accessing: https://doi.org/10.1016/j.jval.2011.08.117
2025-12-03 11:18:32,722 - INFO - Accessing: https://doi.org/10.1097/MLR.0b013e3182422a3b
2025-12-03 11:18:34,955 - INFO - Accessing: https://doi.org/10.1016/j.indmarman.2012.01.001
2025-12-03 11:18:37,313 - INFO - Processed 580/652 entries
2025-12-03 11:18:37,313 - INFO - Accessing: https://doi.org/10.1007/s10661-010-1731-x
2025-12-03 11:18:40,045 - INFO - Extracted 57702 characters from web
2025-12-03 11:18:40,045 - INFO - Web content extracted for thompsonAdvancingEffectsAnalysis2011: 8000 chars
2025-12-03 11:18:40,046 - INFO - Accessing: https://doi.org/10.1016/j.jenvman.2011.03.015
2025-12-03 11:18:42,368 - INFO - Accessing: https://doi.org/10.1093/annhyg/mer094
2025-12-03 11:18:44,564 - INFO - Accessing: https://doi.org/10.1016/j.fct.2011.11.044
2025-12-03 11:18:46,911 - INFO - Accessing: https://doi.org/10.1016/j.fct.2011.06.010
2025-12-03 11:18:49,294 - INFO - Accessing: https://doi.org/10.1108/09574091111127534
2025-12-03 11:18:51,710 - INFO - Accessing: https://doi.org/10.2165/11632400-000000000-00000
2025-12-03 11:18:54,384 - INFO - Extracted 104657 characters from web
2025-12-03 11:18:54,385 - INFO - Web content extracted for topinkovaEvidencebasedStrategiesOptimization2012: 8000 chars
2025-12-03 11:18:54,386 - INFO - Accessing: https://doi.org/10.1093/rheumatology/ker243
2025-12-03 11:18:56,545 - INFO - Accessing: https://doi.org/10.1007/978-1-4419-6151-8_14
2025-12-03 11:18:59,606 - INFO - Extracted 210384 characters from web
2025-12-03 11:18:59,606 - INFO - Web content extracted for triantisEngineeringApplicationsData2011: 8000 chars
2025-12-03 11:18:59,607 - INFO - Accessing: https://doi.org/10.1287/isre.1090.0260
2025-12-03 11:19:01,741 - INFO - Accessing: https://doi.org/10.1080/17517575.2011.622414
2025-12-03 11:19:03,955 - INFO - Accessing: https://doi.org/10.1016/j.sbspro.2011.10.546
2025-12-03 11:19:06,316 - INFO - Accessing: https://doi.org/10.1016/j.jclinepi.2011.03.011
2025-12-03 11:19:08,672 - INFO - Accessing: https://doi.org/10.3996/022011-JFWM-012
2025-12-03 11:19:11,175 - INFO - Processed 600/652 entries
2025-12-03 11:19:11,176 - INFO - Accessing: https://doi.org/10.1002/ieam.180
2025-12-03 11:19:13,370 - INFO - Accessing: https://doi.org/10.4236/jssm.2011.42018
2025-12-03 11:19:18,306 - INFO - Extracted 18095 characters from web
2025-12-03 11:19:18,307 - INFO - Web content extracted for uwizeyemunguInformationTechnologyAdoption2011: 8000 chars
2025-12-03 11:19:18,308 - INFO - Accessing: https://doi.org/10.1108/09685221111188601
2025-12-03 11:19:20,517 - INFO - Accessing: https://doi.org/10.1177/0272989X10388041
2025-12-03 11:19:22,708 - INFO - Accessing: https://doi.org/10.1016/j.techfore.2012.02.004
2025-12-03 11:19:25,081 - INFO - Accessing: https://doi.org/10.1504/IJEME.2012.052405
2025-12-03 11:19:27,314 - INFO - Accessing: https://doi.org/10.1504/IJLSM.2012.048369
2025-12-03 11:19:29,599 - INFO - Accessing: https://doi.org/10.1093/comjnl/bxq018
2025-12-03 11:19:31,791 - INFO - Accessing: https://doi.org/10.1111/j.1539-6924.2012.01828.x
2025-12-03 11:19:33,912 - INFO - Accessing: https://doi.org/10.1145/1897816.1897838
2025-12-03 11:19:36,123 - INFO - Accessing: https://doi.org/10.1016/j.neubiorev.2012.05.008
2025-12-03 11:19:38,552 - INFO - Accessing: https://doi.org/10.1287/msom.1120.0387
2025-12-03 11:19:40,664 - INFO - Accessing: https://doi.org/10.1002/nav.20469
2025-12-03 11:19:42,844 - INFO - Accessing: https://doi.org/10.1108/13287261111136016
2025-12-03 11:19:45,085 - INFO - Accessing: https://doi.org/10.1016/j.jngse.2011.04.002
2025-12-03 11:19:47,462 - INFO - Processed 620/652 entries
2025-12-03 11:19:47,462 - INFO - Accessing: https://doi.org/10.1093/rheumatology/ker242
2025-12-03 11:19:49,650 - INFO - Accessing: https://doi.org/10.1016/j.ecolmodel.2011.07.003
2025-12-03 11:19:51,982 - INFO - Accessing: https://doi.org/10.1057/jors.2011.110
2025-12-03 11:19:54,234 - INFO - Accessing: https://doi.org/10.1111/j.1753-4887.2011.00412.x
2025-12-03 11:19:56,416 - INFO - Accessing: https://doi.org/10.1016/j.cct.2012.08.006
2025-12-03 11:19:58,789 - INFO - Accessing: https://doi.org/10.1016/j.jval.2012.03.1389
2025-12-03 11:20:01,077 - INFO - Accessing: https://doi.org/10.1186/1748-5908-7-61
2025-12-03 11:20:04,076 - INFO - Extracted 298692 characters from web
2025-12-03 11:20:04,076 - INFO - Web content extracted for woolfDevelopingClinicalPractice2012: 8000 chars
2025-12-03 11:20:04,077 - INFO - Accessing: https://doi.org/10.1108/00251741211194859
2025-12-03 11:20:06,246 - INFO - Accessing: https://doi.org/10.1108/09685221211235599
2025-12-03 11:20:08,448 - INFO - Accessing: https://doi.org/10.1586/erp.11.60
2025-12-03 11:20:10,666 - INFO - Accessing: https://doi.org/10.1155/2012/784364
2025-12-03 11:20:12,900 - INFO - Accessing: https://doi.org/10.1016/j.jhazmat.2012.02.027
2025-12-03 11:20:15,268 - INFO - Accessing: https://doi.org/10.1080/17538947.2011.587547
2025-12-03 11:20:17,473 - INFO - Accessing: https://doi.org/10.1142/S0217595912500261
2025-12-03 11:20:19,668 - INFO - Processed 640/652 entries
2025-12-03 11:20:19,668 - INFO - Accessing: https://doi.org/10.1108/10610421211264955
2025-12-03 11:20:21,889 - INFO - Accessing: https://doi.org/10.1504/IJDSRM.2011.046150
2025-12-03 11:20:24,175 - INFO - Accessing: https://doi.org/10.1016/j.jcin.2012.07.016
2025-12-03 11:20:26,518 - INFO - Accessing: https://doi.org/10.3390/en4101624
2025-12-03 11:20:28,716 - INFO - Accessing: https://doi.org/10.1145/2151163.2151168
2025-12-03 11:20:31,063 - INFO - Accessing: https://doi.org/10.1108/10662241111176353
2025-12-03 11:20:33,367 - INFO - Accessing: https://doi.org/10.1108/02635571111115146
2025-12-03 11:20:35,587 - INFO - Accessing: https://doi.org/10.1108/10662241211251006
2025-12-03 11:20:37,811 - INFO - Accessing: https://doi.org/10.1146/annurev-resource-083110-115954
2025-12-03 11:20:40,030 - INFO - Accessing: https://doi.org/10.1504/IJLSM.2012.048935
2025-12-03 11:20:42,299 - INFO - Accessing: https://doi.org/10.1080/17539153.2012.659909
2025-12-03 11:20:44,515 - INFO - Accessing: https://doi.org/10.1517/17530059.2011.567263
2025-12-03 11:20:47,634 - INFO - Processing papers_2013_14.bib: 578 entries
2025-12-03 11:20:47,635 - INFO - Accessing: https://doi.org/10.1086/671754
2025-12-03 11:20:48,943 - INFO - Accessing: https://doi.org/10.1111/ddi.12054
2025-12-03 11:20:51,141 - INFO - Accessing: https://doi.org/10.1111/1756-2171.12047
2025-12-03 11:20:53,328 - INFO - Accessing: https://doi.org/10.1108/JAMR-02-2013-0013
2025-12-03 11:20:55,480 - INFO - Accessing: https://doi.org/10.1057/9781137313171_7
2025-12-03 11:20:58,117 - INFO - Extracted 12238 characters from web
2025-12-03 11:20:58,118 - INFO - Web content extracted for ahlstrom-vijEpistemicPaternalismDefended2013: 8000 chars
2025-12-03 11:20:58,120 - INFO - Accessing: https://doi.org/10.1108/IJOPM-10-2012-0402
2025-12-03 11:21:00,325 - INFO - Accessing: https://doi.org/10.2166/wp.2013.148
2025-12-03 11:21:02,466 - INFO - Accessing: https://doi.org/10.2166/hydro.2012.066
2025-12-03 11:21:04,651 - INFO - Accessing: https://doi.org/10.1016/j.techsoc.2013.03.001
2025-12-03 11:21:07,478 - INFO - Accessing: https://doi.org/10.1108/JD-10-2012-0133
2025-12-03 11:21:09,622 - INFO - Accessing: https://doi.org/10.1186/s13617-014-0012-8
2025-12-03 11:21:12,352 - INFO - Extracted 227229 characters from web
2025-12-03 11:21:12,353 - INFO - Web content extracted for aspinallSantoriniUnrest20112014: 8000 chars
2025-12-03 11:21:12,355 - INFO - Accessing: https://doi.org/10.1111/1471-0528.12460
2025-12-03 11:21:14,446 - INFO - Accessing: https://doi.org/10.1016/j.cie.2013.06.006
2025-12-03 11:21:16,750 - INFO - Accessing: https://doi.org/10.1177/0272989X12470755
2025-12-03 11:21:18,875 - INFO - Processed 20/578 entries
2025-12-03 11:21:18,875 - INFO - Accessing: https://doi.org/10.9790/1684-627786
2025-12-03 11:21:22,384 - INFO - Accessing: https://doi.org/10.1108/SCM-12-2013-0441
2025-12-03 11:21:24,519 - INFO - Accessing: https://doi.org/10.1007/s10897-012-9511-0
2025-12-03 11:21:26,714 - INFO - Accessing: https://doi.org/10.1097/MLR.0b013e318290e48c
2025-12-03 11:21:28,926 - INFO - Accessing: https://doi.org/10.1108/IJPHM-04-2013-0021
2025-12-03 11:21:31,066 - INFO - Accessing: https://doi.org/10.1016/j.enbuild.2013.02.008
2025-12-03 11:21:33,358 - INFO - Accessing: https://doi.org/10.1021/es500717t
2025-12-03 11:21:35,567 - INFO - Accessing: https://doi.org/10.1007/978-1-4614-4478-7_2
2025-12-03 11:21:38,278 - INFO - Extracted 12682 characters from web
2025-12-03 11:21:38,278 - INFO - Web content extracted for belkinSISPEffectiveness2013: 8000 chars
2025-12-03 11:21:38,280 - INFO - Accessing: https://doi.org/10.1108/IJPDLM-03-2012-0092
2025-12-03 11:21:40,420 - INFO - Accessing: https://doi.org/10.1016/j.im.2013.07.010
2025-12-03 11:21:42,917 - INFO - Accessing: https://doi.org/10.7205/MILMED-D-13-00255
2025-12-03 11:21:45,131 - INFO - Accessing: https://doi.org/10.1287/deca.2014.0298
2025-12-03 11:21:47,242 - INFO - Accessing: https://doi.org/10.1111/1756-2171.12029
2025-12-03 11:21:49,430 - INFO - Accessing: https://doi.org/10.5751/ES-06117-180468
2025-12-03 11:21:52,195 - WARNING - Some characters could not be decoded, and were replaced with REPLACEMENT CHARACTER.
2025-12-03 11:21:52,196 - INFO - Processed 40/578 entries
2025-12-03 11:21:52,196 - INFO - Accessing: https://doi.org/10.1287/deca.2013.0274
2025-12-03 11:21:54,381 - INFO - Accessing: https://doi.org/10.1007/s10584-013-0859-4
2025-12-03 11:21:56,909 - INFO - Extracted 51362 characters from web
2025-12-03 11:21:56,910 - INFO - Web content extracted for bistlineElectricSectorInvestments2013: 8000 chars
2025-12-03 11:21:56,911 - INFO - Accessing: https://doi.org/10.1016/j.enpol.2014.08.017
2025-12-03 11:21:59,160 - INFO - Accessing: https://doi.org/10.1108/13598541311318782
2025-12-03 11:22:01,300 - INFO - Accessing: https://doi.org/10.1016/j.vaccine.2014.08.085
2025-12-03 11:22:03,683 - INFO - Accessing: https://doi.org/10.1016/j.compenvurbsys.2012.05.004
2025-12-03 11:22:05,969 - INFO - Accessing: https://doi.org/10.1108/09564231311323926
2025-12-03 11:22:08,173 - INFO - Accessing: https://doi.org/10.1007/978-3-642-31304-2_2
2025-12-03 11:22:11,528 - INFO - Extracted 213313 characters from web
2025-12-03 11:22:11,529 - INFO - Web content extracted for brandenburgTerminologyRelatedLiterature2013: 8000 chars
2025-12-03 11:22:11,530 - INFO - Accessing: https://doi.org/10.1016/j.actaastro.2012.10.036
2025-12-03 11:22:13,771 - INFO - Accessing: https://doi.org/10.3310/hta18550
2025-12-03 11:22:15,968 - INFO - Accessing: https://doi.org/10.1111/manc.12042
2025-12-03 11:22:18,162 - INFO - Accessing: https://doi.org/10.1109/TEM.2014.2326986
2025-12-03 11:22:21,055 - INFO - Accessing: https://doi.org/10.1016/j.jebo.2013.01.010
2025-12-03 11:22:23,343 - INFO - Accessing: https://doi.org/10.2217/pgs.13.183
2025-12-03 11:22:26,829 - INFO - Accessing: https://doi.org/10.1016/j.biocon.2013.04.003
2025-12-03 11:22:29,206 - INFO - Accessing: https://doi.org/10.2217/CER.14.32
2025-12-03 11:22:31,424 - INFO - Accessing: https://doi.org/10.1016/j.ejor.2012.10.041
2025-12-03 11:22:33,755 - INFO - Processed 60/578 entries
2025-12-03 11:22:33,756 - INFO - Accessing: https://doi.org/10.1177/0272989X13484388
2025-12-03 11:22:35,961 - INFO - Accessing: https://doi.org/10.1007/s40273-014-0183-5
2025-12-03 11:22:38,572 - INFO - Extracted 45898 characters from web
2025-12-03 11:22:38,572 - INFO - Web content extracted for caroDecisionanalyticModelsCurrent2014: 8000 chars
2025-12-03 11:22:38,574 - INFO - Accessing: https://doi.org/10.1504/IJSSS.2014.066644
2025-12-03 11:22:40,941 - INFO - Accessing: https://doi.org/10.2147/TCRM.S67011
2025-12-03 11:22:44,246 - INFO - Extracted 40364 characters from web
2025-12-03 11:22:44,246 - INFO - Web content extracted for changBayesianImperfectInformation2014: 8000 chars
2025-12-03 11:22:44,247 - INFO - Accessing: https://doi.org/10.1145/2556271
2025-12-03 11:22:46,407 - INFO - Accessing: https://doi.org/10.1016/j.jbankfin.2013.02.011
2025-12-03 11:22:48,830 - INFO - Accessing: https://doi.org/10.1080/15230406.2013.809231
2025-12-03 11:22:51,040 - INFO - Accessing: https://doi.org/10.1080/09544828.2012.698256
2025-12-03 11:22:53,245 - INFO - Accessing: https://doi.org/10.1146/annurev-nutr-071812-161133
2025-12-03 11:22:55,463 - INFO - Accessing: https://doi.org/10.1007/s10669-013-9446-5
2025-12-03 11:22:58,033 - INFO - Extracted 51357 characters from web
2025-12-03 11:22:58,034 - INFO - Web content extracted for collierSustainableRoofingTechnology2013: 8000 chars
2025-12-03 11:22:58,035 - INFO - Accessing: https://doi.org/10.1037/a0030852
2025-12-03 11:23:00,253 - INFO - Accessing: https://doi.org/10.1016/j.jag.2012.11.002
2025-12-03 11:23:02,600 - INFO - Accessing: https://doi.org/10.1002/jwmg.590
2025-12-03 11:23:04,928 - INFO - Accessing: https://doi.org/10.1016/j.ecolind.2012.10.005
2025-12-03 11:23:07,303 - INFO - Accessing: https://doi.org/10.1371/journal.pone.0065056
2025-12-03 11:23:10,546 - INFO - Extracted 180747 characters from web
2025-12-03 11:23:10,547 - INFO - Web content extracted for convertinoPortfolioDecisionAnalysis2013: 8000 chars
2025-12-03 11:23:10,548 - INFO - Processed 80/578 entries
2025-12-03 11:23:10,548 - INFO - Accessing: https://doi.org/10.1111/cobi.12050
2025-12-03 11:23:12,921 - INFO - Accessing: https://doi.org/10.1080/00014788.2013.794411
2025-12-03 11:23:15,145 - INFO - Accessing: https://doi.org/10.1016/j.livsci.2013.07.016
2025-12-03 11:23:17,526 - INFO - Accessing: https://doi.org/10.1086/668835
2025-12-03 11:23:19,648 - INFO - Accessing: https://doi.org/10.1504/IJLSM.2013.051336
2025-12-03 11:23:22,543 - INFO - Accessing: https://doi.org/10.1287/orsc.1120.0784
2025-12-03 11:23:24,681 - INFO - Accessing: https://doi.org/10.1287/mnsc.1120.1698
2025-12-03 11:23:26,800 - INFO - Accessing: https://doi.org/10.1186/s12918-014-0140-0
2025-12-03 11:23:29,606 - INFO - Extracted 186528 characters from web
2025-12-03 11:23:29,606 - INFO - Web content extracted for cuiMultilevelModelingValue2014: 8000 chars
2025-12-03 11:23:29,607 - INFO - Accessing: https://doi.org/10.1371/journal.pone.0107255
2025-12-03 11:23:32,480 - INFO - Extracted 66609 characters from web
2025-12-03 11:23:32,481 - INFO - Web content extracted for curlCosteffectivenessTreatmentStrategies2014: 8000 chars
2025-12-03 11:23:32,482 - INFO - Accessing: https://doi.org/10.1079/PAVSNNR20138001
2025-12-03 11:23:34,641 - INFO - Accessing: https://doi.org/10.1108/01443571311307226
2025-12-03 11:23:37,050 - INFO - Accessing: https://doi.org/10.1155/2013/703830
2025-12-03 11:23:39,302 - INFO - Accessing: https://doi.org/10.1016/j.tranpol.2014.03.002
2025-12-03 11:23:42,285 - INFO - Processed 100/578 entries
2025-12-03 11:23:42,286 - INFO - Accessing: https://doi.org/10.1017/jbr.2013.113
2025-12-03 11:23:45,782 - INFO - Extracted 105064 characters from web
2025-12-03 11:23:45,782 - INFO - Web content extracted for deringerFindingMoneyPublic2013: 8000 chars
2025-12-03 11:23:45,784 - INFO - Accessing: https://doi.org/10.1177/0272989X13485157
2025-12-03 11:23:47,892 - INFO - Accessing: https://doi.org/10.1504/IJAMS.2014.067196
2025-12-03 11:23:50,124 - INFO - Accessing: https://doi.org/10.1016/j.cjar.2013.01.002
2025-12-03 11:23:52,552 - INFO - Accessing: https://doi.org/10.1186/2194-6434-1-15
2025-12-03 11:23:55,706 - INFO - Extracted 251968 characters from web
2025-12-03 11:23:55,707 - INFO - Web content extracted for dinkuBridgingCriticalGaps2014: 8000 chars
2025-12-03 11:23:55,708 - INFO - Accessing: https://doi.org/10.2427/8917
2025-12-03 11:23:59,439 - INFO - Extracted 4499 characters from web
2025-12-03 11:23:59,439 - INFO - Web content extracted for ditannaMethodologicalIssuesEconomic2013: 4499 chars
2025-12-03 11:23:59,440 - INFO - Accessing: https://doi.org/10.2217/pgs.13.142
2025-12-03 11:24:01,626 - INFO - Accessing: https://doi.org/10.1007/978-3-642-31122-2
2025-12-03 11:24:06,537 - INFO - Extracted 5963 characters from web
2025-12-03 11:24:06,537 - INFO - Web content extracted for dompereFuzzinessFoundationsExact2013: 5963 chars
2025-12-03 11:24:06,538 - INFO - Accessing: https://doi.org/10.1007/978-3-642-31119-2
2025-12-03 11:24:09,320 - INFO - Extracted 7353 characters from web
2025-12-03 11:24:09,322 - INFO - Web content extracted for dompereTheoryKnowledgeSquare2013: 7353 chars
2025-12-03 11:24:09,323 - INFO - Accessing: https://doi.org/10.1371/journal.pone.0095053
2025-12-03 11:24:12,513 - INFO - Extracted 229509 characters from web
2025-12-03 11:24:12,513 - INFO - Web content extracted for driscollTrajectoryDispersalResearch2014: 8000 chars
2025-12-03 11:24:12,514 - INFO - Accessing: https://doi.org/10.1016/j.ijpe.2012.11.004
2025-12-03 11:24:14,853 - INFO - Accessing: https://doi.org/10.1108/IJHMA-07-2013-0045
2025-12-03 11:24:17,260 - INFO - Accessing: https://doi.org/10.1016/j.ijinfomgt.2013.01.009
2025-12-03 11:24:19,644 - INFO - Accessing: https://doi.org/10.1108/JSIT-04-2013-0009
2025-12-03 11:24:21,907 - INFO - Processed 120/578 entries
2025-12-03 11:24:21,907 - INFO - Accessing: https://doi.org/10.1007/s11356-014-3173-4
2025-12-03 11:24:24,548 - INFO - Extracted 52427 characters from web
2025-12-03 11:24:24,549 - INFO - Web content extracted for engemanWeighingEmpiricalHypothetical2014: 8000 chars
2025-12-03 11:24:24,550 - INFO - Accessing: https://doi.org/10.1021/sc500110n
2025-12-03 11:24:26,653 - INFO - Accessing: https://doi.org/10.1177/1745691612460685
2025-12-03 11:24:28,775 - INFO - Accessing: https://doi.org/10.3141/2359-02
2025-12-03 11:24:31,008 - INFO - Accessing: https://doi.org/10.1016/j.comnet.2013.04.005
2025-12-03 11:24:33,351 - INFO - Accessing: https://doi.org/10.1007/s00170-012-4610-5
2025-12-03 11:24:36,118 - INFO - Extracted 45683 characters from web
2025-12-03 11:24:36,118 - INFO - Web content extracted for fazlollahtabarDesignNeurofuzzyregressionExpert2013: 8000 chars
2025-12-03 11:24:36,120 - INFO - Accessing: https://doi.org/10.1007/s00170-012-4283-0
2025-12-03 11:24:38,863 - INFO - Extracted 48123 characters from web
2025-12-03 11:24:38,863 - INFO - Web content extracted for fazlollahtabarProducersBehaviorAnalysis2013: 8000 chars
2025-12-03 11:24:38,865 - INFO - Accessing: https://doi.org/10.1097/JSA.0b013e31829f608c
2025-12-03 11:24:41,071 - INFO - Accessing: https://doi.org/10.1016/j.forpol.2012.11.001
2025-12-03 11:24:43,449 - INFO - Accessing: https://doi.org/10.1177/0266242612465690
2025-12-03 11:24:45,663 - INFO - Accessing: https://doi.org/10.1080/14445921.2014.11104390
2025-12-03 11:24:47,902 - INFO - Accessing: https://doi.org/10.1007/s10198-014-0566-8
2025-12-03 11:24:50,495 - INFO - Extracted 68376 characters from web
2025-12-03 11:24:50,495 - INFO - Web content extracted for fischerAnalysingCoverageDecisionmaking2014: 8000 chars
2025-12-03 11:24:50,496 - INFO - Accessing: https://doi.org/10.4324/9780203140710-30
2025-12-03 11:24:53,425 - INFO - Extracted 1921 characters from web
2025-12-03 11:24:53,426 - INFO - Web content extracted for fischhoffCountingCasualties2013: 1921 chars
2025-12-03 11:24:53,426 - INFO - Accessing: https://doi.org/10.4324/9780203140710-7
2025-12-03 11:24:56,081 - INFO - Extracted 7150 characters from web
2025-12-03 11:24:56,081 - INFO - Web content extracted for fischhoffRiskPerceptionCommunication2013: 7150 chars
2025-12-03 11:24:56,082 - INFO - Accessing: https://doi.org/10.1016/j.chb.2013.02.001
2025-12-03 11:24:58,465 - INFO - Processed 140/578 entries
2025-12-03 11:24:58,465 - INFO - Accessing: https://doi.org/10.1002/pst.1626
2025-12-03 11:25:00,742 - INFO - Accessing: https://doi.org/10.1377/hlthaff.2012.1176
2025-12-03 11:25:03,033 - INFO - Accessing: https://doi.org/10.1177/0272989X13486979
2025-12-03 11:25:05,239 - INFO - Accessing: https://doi.org/10.1080/10919392.2013.748604
2025-12-03 11:25:07,450 - INFO - Accessing: https://doi.org/10.1108/IJMPB-08-2012-0049
2025-12-03 11:25:09,682 - INFO - Accessing: https://doi.org/10.1016/j.neubiorev.2014.03.016
2025-12-03 11:25:11,980 - INFO - Accessing: https://doi.org/10.1175/WCAS-D-12-00022.1
2025-12-03 11:25:14,142 - WARNING - Some characters could not be decoded, and were replaced with REPLACEMENT CHARACTER.
2025-12-03 11:25:14,143 - INFO - Accessing: https://doi.org/10.4304/jsw.8.2.367-374
2025-12-03 11:25:16,871 - INFO - Accessing: https://doi.org/10.2217/pme.12.99
2025-12-03 11:25:19,052 - INFO - Accessing: https://doi.org/10.1016/j.atmosenv.2013.09.020
2025-12-03 11:25:21,491 - INFO - Accessing: https://doi.org/10.1016/j.ijcard.2012.03.151
2025-12-03 11:25:23,841 - INFO - Accessing: https://doi.org/10.1080/00207543.2012.754552
2025-12-03 11:25:26,047 - INFO - Accessing: https://doi.org/10.1515/9781400845354-012
2025-12-03 11:25:28,781 - INFO - Extracted 10431 characters from web
2025-12-03 11:25:28,781 - INFO - Web content extracted for gibbonsDecisionsOrganizations2013: 8000 chars
2025-12-03 11:25:28,782 - INFO - Accessing: https://doi.org/10.1016/j.enpol.2013.09.049
2025-12-03 11:25:31,134 - INFO - Accessing: https://doi.org/10.1002/wrcr.20287
2025-12-03 11:25:33,353 - INFO - Processed 160/578 entries
2025-12-03 11:25:33,353 - INFO - Accessing: https://doi.org/10.1002/2013WR014700
2025-12-03 11:25:35,545 - INFO - Accessing: https://doi.org/10.1016/j.oraloncology.2013.05.001
2025-12-03 11:25:37,918 - INFO - Accessing: https://doi.org/10.1080/00207543.2012.751511
2025-12-03 11:25:40,126 - INFO - Accessing: https://doi.org/10.1007/s10669-013-9471-4
2025-12-03 11:25:42,736 - INFO - Extracted 42306 characters from web
2025-12-03 11:25:42,737 - INFO - Web content extracted for gradowskaEstimatingExpectedValue2014: 8000 chars
2025-12-03 11:25:42,738 - INFO - Accessing: https://doi.org/10.1111/cobi.12165
2025-12-03 11:25:44,892 - INFO - Accessing: https://doi.org/10.1016/j.prevetmed.2013.02.008
2025-12-03 11:25:47,269 - INFO - Accessing: https://doi.org/10.1007/s40273-012-0015-4
2025-12-03 11:25:49,841 - INFO - Extracted 66635 characters from web
2025-12-03 11:25:49,842 - INFO - Web content extracted for gruttersAcknowledgingPatientHeterogeneity2013: 8000 chars
2025-12-03 11:25:49,844 - INFO - Accessing: https://doi.org/10.1016/j.im.2013.02.001
2025-12-03 11:25:52,189 - INFO - Accessing: https://doi.org/10.1111/ele.12189
2025-12-03 11:25:54,330 - INFO - Accessing: https://doi.org/10.1016/j.mineng.2014.01.020
2025-12-03 11:25:56,614 - INFO - Accessing: https://doi.org/10.1108/MD-11-2012-0818
2025-12-03 11:25:58,841 - INFO - Accessing: https://doi.org/10.1007/s00267-013-0041-9
2025-12-03 11:26:01,517 - INFO - Extracted 90058 characters from web
2025-12-03 11:26:01,518 - INFO - Web content extracted for haapasaariInvolvingStakeholdersBuilding2013: 8000 chars
2025-12-03 11:26:01,519 - INFO - Accessing: https://doi.org/10.1016/j.gloenvcha.2012.12.006
2025-12-03 11:26:03,873 - INFO - Accessing: https://doi.org/10.1002/wsb.459
2025-12-03 11:26:06,060 - INFO - Accessing: https://doi.org/10.1017/S0266462313000251
2025-12-03 11:26:09,699 - INFO - Extracted 195313 characters from web
2025-12-03 11:26:09,700 - INFO - Web content extracted for hamidiNewAnticoagulantsThromboprophylaxis2013: 8000 chars
2025-12-03 11:26:09,701 - INFO - Accessing: https://doi.org/10.1111/j.1539-6924.2012.01833.x
2025-12-03 11:26:11,784 - INFO - Accessing: https://doi.org/10.1287/deca.1120.0260
2025-12-03 11:26:13,969 - INFO - Processed 180/578 entries
2025-12-03 11:26:13,969 - INFO - Accessing: https://doi.org/10.1080/19401493.2013.767377
2025-12-03 11:26:16,208 - INFO - Accessing: https://doi.org/10.1007/s40273-013-0115-9
2025-12-03 11:26:18,858 - INFO - Extracted 79287 characters from web
2025-12-03 11:26:18,858 - INFO - Web content extracted for hannoufCostEffectiveness21gene2014: 8000 chars
2025-12-03 11:26:18,860 - INFO - Accessing: https://doi.org/10.1016/j.foreco.2012.12.032
2025-12-03 11:26:21,144 - INFO - Accessing: https://doi.org/10.1111/jopp.12008
2025-12-03 11:26:23,289 - INFO - Accessing: https://doi.org/10.1586/14737167.2013.815401
2025-12-03 11:26:25,496 - INFO - Accessing: https://doi.org/10.1111/j.1468-2354.2012.00732.x
2025-12-03 11:26:27,711 - INFO - Accessing: https://doi.org/10.1186/1745-6215-14-70
2025-12-03 11:26:30,328 - INFO - Extracted 204663 characters from web
2025-12-03 11:26:30,329 - INFO - Web content extracted for harmanMOMENTManagementOtitis2013: 8000 chars
2025-12-03 11:26:30,331 - INFO - Accessing: https://doi.org/10.1161/STROKEAHA.111.000402
2025-12-03 11:26:32,458 - INFO - Accessing: https://doi.org/10.1021/es302749u
2025-12-03 11:26:34,672 - INFO - Accessing: https://doi.org/10.1136/bmjqs-2013-001827
2025-12-03 11:26:36,962 - INFO - Accessing: https://doi.org/10.3109/0142159X.2013.769677
2025-12-03 11:26:39,201 - INFO - Accessing: https://doi.org/10.1177/1356389013516052
2025-12-03 11:26:41,445 - INFO - Accessing: https://doi.org/10.2489/jswc.68.1.5A
2025-12-03 11:26:43,744 - INFO - Processed 200/578 entries
2025-12-03 11:26:43,744 - INFO - Accessing: https://doi.org/10.1371/journal.pmed.1001645
2025-12-03 11:26:46,934 - INFO - Extracted 170648 characters from web
2025-12-03 11:26:46,935 - INFO - Web content extracted for hislopMethodsSpecifyingTarget2014: 8000 chars
2025-12-03 11:26:46,936 - INFO - Accessing: https://doi.org/10.1016/j.marpol.2013.02.006
2025-12-03 11:26:49,654 - INFO - Accessing: https://doi.org/10.1007/s00779-012-0631-1
2025-12-03 11:26:52,373 - INFO - Extracted 43903 characters from web
2025-12-03 11:26:52,374 - INFO - Web content extracted for hoffmannIncorporatingBehavioralTrust2014: 8000 chars
2025-12-03 11:26:52,375 - INFO - Accessing: https://doi.org/10.1016/j.jval.2012.09.005
2025-12-03 11:26:54,706 - INFO - Accessing: https://doi.org/10.1007/s11166-014-9186-z
2025-12-03 11:26:57,542 - INFO - Extracted 99760 characters from web
2025-12-03 11:26:57,543 - INFO - Web content extracted for hoyTakeupGeneticTests2014: 8000 chars
2025-12-03 11:26:57,544 - INFO - Accessing: https://doi.org/10.3109/17435390.2012.750695
2025-12-03 11:26:59,745 - INFO - Accessing: https://doi.org/10.1016/j.elerap.2012.12.003
2025-12-03 11:27:02,117 - INFO - Accessing: https://doi.org/10.1016/j.jval.2013.02.002
2025-12-03 11:27:04,421 - INFO - Accessing: https://doi.org/10.1016/j.jpubeco.2012.08.007
2025-12-03 11:27:06,798 - INFO - Accessing: https://doi.org/10.1016/S0140-6736(13)62227-8
2025-12-03 11:27:09,162 - INFO - Accessing: https://doi.org/10.1007/s40273-013-0064-3
2025-12-03 11:27:11,721 - INFO - Extracted 37042 characters from web
2025-12-03 11:27:11,721 - INFO - Web content extracted for ishakOverviewParametricSurvival2013: 8000 chars
2025-12-03 11:27:11,723 - INFO - Accessing: https://doi.org/10.1108/02621711311326383
2025-12-03 11:27:13,889 - INFO - Accessing: https://doi.org/10.1061/(ASCE)WR.1943-5452.0000282
2025-12-03 11:27:16,063 - INFO - Accessing: https://doi.org/10.1007/s00267-013-0084-y
2025-12-03 11:27:18,715 - INFO - Extracted 76167 characters from web
2025-12-03 11:27:18,716 - INFO - Web content extracted for jacobsonImprovingTechnicalInformation2013: 8000 chars
2025-12-03 11:27:18,717 - INFO - Processed 220/578 entries
2025-12-03 11:27:18,717 - INFO - Accessing: https://doi.org/10.5194/isprsarchives-XL-1-W3-215-2013
2025-12-03 11:27:20,977 - INFO - Extracted 4524 characters from web
2025-12-03 11:27:20,978 - INFO - Web content extracted for jafariUseUbiquitousTechnologies2013: 4524 chars
2025-12-03 11:27:20,978 - INFO - Accessing: https://doi.org/10.1108/20425961311315719
2025-12-03 11:27:23,111 - INFO - Accessing: https://doi.org/10.1002/jat.2869
2025-12-03 11:27:25,354 - INFO - Accessing: https://doi.org/10.1186/2191-1991-3-20
2025-12-03 11:27:28,706 - INFO - Extracted 204998 characters from web
2025-12-03 11:27:28,706 - INFO - Web content extracted for jeongReviewEconomicEvidence2013: 8000 chars
2025-12-03 11:27:28,708 - INFO - Accessing: https://doi.org/10.1145/2458517.2458521
2025-12-03 11:27:30,821 - INFO - Accessing: https://doi.org/10.1371/journal.pone.0062614
2025-12-03 11:27:33,728 - INFO - Extracted 108412 characters from web
2025-12-03 11:27:33,729 - INFO - Web content extracted for john-baptisteSystematicReviewMethodological2013: 8000 chars
2025-12-03 11:27:33,730 - INFO - Accessing: https://doi.org/10.1108/RSR-07-2013-0040
2025-12-03 11:27:35,910 - INFO - Accessing: https://doi.org/10.1016/j.ecolmodel.2013.10.031
2025-12-03 11:27:38,892 - INFO - Accessing: https://doi.org/10.1002/jwmg.682
2025-12-03 11:27:41,053 - INFO - Accessing: https://doi.org/10.1108/IJPDLM-07-2012-0204
2025-12-03 11:27:43,222 - INFO - Accessing: https://doi.org/10.1108/IMR-03-2012-0056
2025-12-03 11:27:45,392 - INFO - Accessing: https://doi.org/10.7326/M14-0227
2025-12-03 11:27:47,575 - INFO - Accessing: https://doi.org/10.1080/03075079.2011.643862
2025-12-03 11:27:49,820 - INFO - Accessing: https://doi.org/10.1061/(ASCE)WR.1943-5452.0000310
2025-12-03 11:27:52,030 - INFO - Accessing: https://doi.org/10.1061/(ASCE)WR.1943-5452.0000236
2025-12-03 11:27:54,238 - INFO - Accessing: https://doi.org/10.1177/0275074012444719
2025-12-03 11:27:56,490 - INFO - Processed 240/578 entries
2025-12-03 11:27:56,491 - INFO - Accessing: https://doi.org/10.2139/ssrn.2232998
2025-12-03 11:27:59,004 - INFO - Accessing: https://doi.org/10.1007/s10669-013-9439-4
2025-12-03 11:28:01,736 - INFO - Extracted 214808 characters from web
2025-12-03 11:28:01,737 - INFO - Web content extracted for keislerValueInformationAnalysis2014: 8000 chars
2025-12-03 11:28:01,738 - INFO - Accessing: https://doi.org/10.1007/s10669-014-9493-6
2025-12-03 11:28:04,226 - INFO - Extracted 51419 characters from web
2025-12-03 11:28:04,226 - INFO - Web content extracted for keislerValueInformationFacilitating2014b: 8000 chars
2025-12-03 11:28:04,227 - INFO - Accessing: https://doi.org/10.1016/j.envsoft.2013.05.005
2025-12-03 11:28:07,050 - INFO - Accessing: https://doi.org/10.1108/IJPDLM-09-2012-0287
2025-12-03 11:28:09,297 - INFO - Accessing: https://doi.org/10.1108/SCM-12-2013-0460
2025-12-03 11:28:11,540 - INFO - Accessing: https://doi.org/10.1017/S0266462313000433
2025-12-03 11:28:14,445 - INFO - Extracted 158961 characters from web
2025-12-03 11:28:14,445 - INFO - Web content extracted for kentAreValueInformation2013: 8000 chars
2025-12-03 11:28:14,446 - INFO - Accessing: https://doi.org/10.5194/hess-17-1797-2013
2025-12-03 11:28:16,667 - INFO - Extracted 12887 characters from web
2025-12-03 11:28:16,667 - INFO - Web content extracted for khaderDecisionTreeModel2013a: 8000 chars
2025-12-03 11:28:16,668 - INFO - Accessing: https://doi.org/10.1016/j.eswa.2013.07.039
2025-12-03 11:28:19,009 - INFO - Accessing: https://doi.org/10.1057/ejis.2012.4
2025-12-03 11:28:21,216 - INFO - Accessing: https://doi.org/10.1136/amiajnl-2013-001865
2025-12-03 11:28:23,465 - INFO - Accessing: https://doi.org/10.1586/erp.13.14
2025-12-03 11:28:25,712 - INFO - Accessing: https://doi.org/10.1016/j.socnet.2013.07.003
2025-12-03 11:28:28,006 - INFO - Accessing: https://doi.org/10.1108/IJPDLM-03-2012-0078
2025-12-03 11:28:30,218 - INFO - Accessing: https://doi.org/10.1609/aimag.v35i2.2526
2025-12-03 11:28:32,410 - INFO - Accessing: https://doi.org/10.1289/ehp.1307260
2025-12-03 11:28:34,857 - WARNING - Request failed for https://doi.org/10.1289/ehp.1307260: HTTPSConnectionPool(host='ehp.niehs.nih.gov', port=443): Max retries exceeded with url: /doi/10.1289/ehp.1307260 (Caused by NameResolutionError("<urllib3.connection.HTTPSConnection object at 0x1141e4690>: Failed to resolve 'ehp.niehs.nih.gov' ([Errno 8] nodename nor servname provided, or not known)"))
2025-12-03 11:28:34,857 - INFO - Accessing: https://doi.org/10.1186/1471-2458-14-1011
2025-12-03 11:28:35,650 - INFO - Extracted 266609 characters from web
2025-12-03 11:28:35,650 - INFO - Web content extracted for krugerCosteffectivenessTheorybasedOnline2014b: 8000 chars
2025-12-03 11:28:35,651 - INFO - Accessing: https://doi.org/10.3389/fevo.2014.00060
2025-12-03 11:28:38,442 - INFO - Extracted 107325 characters from web
2025-12-03 11:28:38,442 - INFO - Web content extracted for lahoz-monfortPlanningImplementationExplaining2014: 8000 chars
2025-12-03 11:28:38,444 - INFO - Accessing: https://doi.org/10.1016/j.tre.2013.03.004
2025-12-03 11:28:40,760 - INFO - Accessing: https://doi.org/10.2217/pme.13.72
2025-12-03 11:28:42,945 - INFO - Processed 260/578 entries
2025-12-03 11:28:42,945 - INFO - Accessing: https://doi.org/10.1016/j.eswa.2012.12.071
2025-12-03 11:28:45,304 - INFO - Accessing: https://doi.org/10.1007/s10669-014-9500-y
2025-12-03 11:28:47,833 - INFO - Extracted 33213 characters from web
2025-12-03 11:28:47,833 - INFO - Web content extracted for lannoyExpertiseSafetyReliability2014: 8000 chars
2025-12-03 11:28:47,834 - INFO - Accessing: https://doi.org/10.1177/0272989X12472398
2025-12-03 11:28:50,022 - INFO - Accessing: https://doi.org/10.1177/0961000614531158
2025-12-03 11:28:52,216 - INFO - Accessing: https://doi.org/10.1111/cobi.12409
2025-12-03 11:28:54,400 - INFO - Accessing: https://doi.org/10.1111/jsbm.12053
2025-12-03 11:28:57,013 - INFO - Accessing: https://doi.org/10.1021/es303634f
2025-12-03 11:28:59,221 - INFO - Accessing: https://doi.org/10.1016/j.geb.2013.05.005
2025-12-03 11:29:01,570 - INFO - Accessing: https://doi.org/10.1016/j.envsoft.2013.05.001
2025-12-03 11:29:03,849 - INFO - Accessing: https://doi.org/10.1016/j.fct.2011.06.052
2025-12-03 11:29:06,204 - INFO - Accessing: https://doi.org/10.1515/jbca-2014-9006
2025-12-03 11:29:08,906 - INFO - Extracted 84945 characters from web
2025-12-03 11:29:08,907 - INFO - Web content extracted for lempertEmbeddingBenefitcostConcepts2014: 8000 chars
2025-12-03 11:29:08,909 - INFO - Accessing: https://doi.org/10.1007/s10584-012-0574-6
2025-12-03 11:29:11,481 - INFO - Extracted 66991 characters from web
2025-12-03 11:29:11,481 - INFO - Web content extracted for lempertScenariosThatIlluminate2013: 8000 chars
2025-12-03 11:29:11,482 - INFO - Accessing: https://doi.org/10.1016/j.hrmr.2012.07.002
2025-12-03 11:29:13,824 - INFO - Accessing: https://doi.org/10.1007/s11024-013-9235-9
2025-12-03 11:29:16,468 - INFO - Extracted 50924 characters from web
2025-12-03 11:29:16,468 - INFO - Web content extracted for leporiSociopoliticalConstructionEuropean2013: 8000 chars
2025-12-03 11:29:16,469 - INFO - Accessing: https://doi.org/10.1007/s40273-013-0058-1
2025-12-03 11:29:19,098 - INFO - Extracted 68001 characters from web
2025-12-03 11:29:19,098 - INFO - Web content extracted for leunisDevelopmentValidationDecisionanalytic2013: 8000 chars
2025-12-03 11:29:19,099 - INFO - Accessing: https://doi.org/10.1080/00207543.2013.848481
2025-12-03 11:29:21,291 - INFO - Accessing: https://doi.org/10.1002/2013WR015230
2025-12-03 11:29:23,481 - INFO - Accessing: https://doi.org/10.1016/j.apm.2012.04.020
2025-12-03 11:29:25,851 - INFO - Processed 280/578 entries
2025-12-03 11:29:25,852 - INFO - Accessing: https://doi.org/10.2753/MIS0742-1222300102
2025-12-03 11:29:28,039 - INFO - Accessing: https://doi.org/10.1007/s10257-013-0226-z
2025-12-03 11:29:30,699 - INFO - Extracted 84410 characters from web
2025-12-03 11:29:30,699 - INFO - Web content extracted for linImpactSocializationMechanisms2014: 8000 chars
2025-12-03 11:29:30,701 - INFO - Accessing: https://doi.org/10.2991/itmr.2013.3.1.3
2025-12-03 11:29:33,181 - INFO - Extracted 6954 characters from web
2025-12-03 11:29:33,182 - INFO - Web content extracted for linKeyFactorsAffecting2013: 6954 chars
2025-12-03 11:29:33,183 - INFO - Accessing: https://doi.org/10.1007/s10669-013-9434-9
2025-12-03 11:29:35,607 - INFO - Extracted 42513 characters from web
2025-12-03 11:29:35,608 - INFO - Web content extracted for linkovIntroductionInauguralIssue2013: 8000 chars
2025-12-03 11:29:35,609 - INFO - Accessing: https://doi.org/10.1016/j.nantod.2012.10.002
2025-12-03 11:29:37,972 - INFO - Accessing: https://doi.org/10.1007/s10669-014-9488-3
2025-12-03 11:29:40,450 - INFO - Extracted 22959 characters from web
2025-12-03 11:29:40,450 - INFO - Web content extracted for linkovRiskbasedStandardsIntegrating2014b: 8000 chars
2025-12-03 11:29:40,452 - INFO - Accessing: https://doi.org/10.1145/2512962
2025-12-03 11:29:42,650 - INFO - Accessing: https://doi.org/10.1080/10496505.2014.880655
2025-12-03 11:29:44,856 - INFO - Accessing: https://doi.org/10.1016/j.dss.2013.12.003
2025-12-03 11:29:47,222 - INFO - Accessing: https://doi.org/10.1016/j.tmp.2012.09.004
2025-12-03 11:29:49,578 - INFO - Accessing: https://doi.org/10.1002/9781118472361.ch10
2025-12-03 11:29:51,795 - INFO - Accessing: https://doi.org/10.1007/978-3-642-39875-9_8
2025-12-03 11:29:54,522 - INFO - Extracted 74785 characters from web
2025-12-03 11:29:54,522 - INFO - Web content extracted for loniniGeneralizationInterferenceHuman2013: 8000 chars
2025-12-03 11:29:54,524 - INFO - Accessing: https://doi.org/10.3310/hta17580
2025-12-03 11:29:56,825 - INFO - Accessing: https://doi.org/10.1016/j.autcon.2013.05.008
2025-12-03 11:29:59,188 - INFO - Processed 300/578 entries
2025-12-03 11:29:59,188 - INFO - Accessing: https://doi.org/10.25300/MISQ/2013/37.2.03
2025-12-03 11:30:01,541 - INFO - Accessing: https://doi.org/10.1155/2013/197370
2025-12-03 11:30:03,799 - INFO - Accessing: https://doi.org/10.1504/IJATM.2013.052777
2025-12-03 11:30:06,146 - INFO - Accessing: https://doi.org/10.1108/17538291311316045
2025-12-03 11:30:08,383 - INFO - Accessing: https://doi.org/10.1177/0272989X13514774
2025-12-03 11:30:10,525 - INFO - Accessing: https://doi.org/10.1016/j.cirpj.2014.07.002
2025-12-03 11:30:12,908 - INFO - Accessing: https://doi.org/10.5755/j01.em.18.2.2968
2025-12-03 11:30:19,702 - INFO - Extracted 7459 characters from web
2025-12-03 11:30:19,703 - INFO - Web content extracted for malekiReviewSupplyChain2013: 7459 chars
2025-12-03 11:30:19,704 - INFO - Accessing: https://doi.org/10.1147/JRD.2013.2241359
2025-12-03 11:30:22,260 - INFO - Accessing: https://doi.org/10.1139/cjfas-2012-0316
2025-12-03 11:30:24,599 - INFO - Accessing: https://doi.org/10.1139/cjfas-2012-0315
2025-12-03 11:30:26,844 - INFO - Accessing: https://doi.org/10.1080/13698575.2013.796344
2025-12-03 11:30:29,061 - INFO - Accessing: https://doi.org/10.1016/j.ejor.2013.04.057
2025-12-03 11:30:31,473 - INFO - Accessing: https://doi.org/10.1371/journal.pone.0091683
2025-12-03 11:30:34,541 - INFO - Extracted 72683 characters from web
2025-12-03 11:30:34,541 - INFO - Web content extracted for martinEstimatingUpperBounds2014: 8000 chars
2025-12-03 11:30:34,543 - INFO - Accessing: https://doi.org/10.1353/pla.2013.0000
2025-12-03 11:30:37,457 - INFO - Extracted 854 characters from web
2025-12-03 11:30:37,457 - INFO - Web content extracted for matthewsValuingInformationInformation2013: 854 chars
2025-12-03 11:30:37,458 - INFO - Accessing: https://doi.org/10.1007/s00442-014-2973-z
2025-12-03 11:30:40,081 - INFO - Extracted 23090 characters from web
2025-12-03 11:30:40,081 - INFO - Web content extracted for matthiopoulosImportanceDevelopingModeling2014: 8000 chars
2025-12-03 11:30:40,082 - INFO - Processed 320/578 entries
2025-12-03 11:30:40,083 - INFO - Accessing: https://doi.org/10.1111/nyas.12507
2025-12-03 11:30:42,204 - INFO - Accessing: https://doi.org/10.1007/s00267-012-9981-8
2025-12-03 11:30:44,755 - INFO - Extracted 42440 characters from web
2025-12-03 11:30:44,755 - INFO - Web content extracted for mcgowanStructuredApproachIncidental2013: 8000 chars
2025-12-03 11:30:44,757 - INFO - Accessing: https://doi.org/10.1016/j.lisr.2013.05.004
2025-12-03 11:30:47,021 - INFO - Accessing: https://doi.org/10.1007/s00267-013-0055-3
2025-12-03 11:30:49,738 - INFO - Extracted 102796 characters from web
2025-12-03 11:30:49,739 - INFO - Web content extracted for mcmanamayApplicationELOHAFramework2013: 8000 chars
2025-12-03 11:30:49,740 - INFO - Accessing: https://doi.org/10.1016/j.yrtph.2013.03.012
2025-12-03 11:30:52,065 - INFO - Accessing: https://doi.org/10.1016/j.jretconser.2014.03.013
2025-12-03 11:30:54,438 - INFO - Accessing: https://doi.org/10.1108/02656711311315495
2025-12-03 11:30:56,819 - INFO - Accessing: https://doi.org/10.1177/0272989X12452341
2025-12-03 11:30:59,020 - INFO - Accessing: https://doi.org/10.1016/j.acclit.2013.06.002
2025-12-03 11:31:01,223 - INFO - Accessing: https://doi.org/10.1146/annurev-chembioeng-060713-040321
2025-12-03 11:31:03,403 - INFO - Accessing: https://doi.org/10.1111/cobi.12238
2025-12-03 11:31:05,524 - INFO - Accessing: https://doi.org/10.1016/j.jom.2013.07.011
2025-12-03 11:31:07,705 - INFO - Accessing: https://doi.org/10.1016/j.ausmj.2013.07.001
2025-12-03 11:31:09,907 - INFO - Accessing: https://doi.org/10.1016/j.scitotenv.2013.04.051
2025-12-03 11:31:12,354 - INFO - Accessing: https://doi.org/10.1371/journal.pone.0070911
2025-12-03 11:31:15,576 - INFO - Extracted 123583 characters from web
2025-12-03 11:31:15,576 - INFO - Web content extracted for mitchellDecisionAnalyticApproach2013: 8000 chars
2025-12-03 11:31:15,577 - INFO - Accessing: https://doi.org/10.1080/00207543.2012.698318
2025-12-03 11:31:17,699 - INFO - Accessing: https://doi.org/10.5296/bms.v4i1.3917
2025-12-03 11:31:21,308 - INFO - Extracted 424 characters from web
2025-12-03 11:31:21,308 - INFO - Web content extracted for mohamadkhaniPathologyITProjects2013: 424 chars
2025-12-03 11:31:21,308 - INFO - Accessing: https://doi.org/10.1186/1472-6963-14-253
2025-12-03 11:31:23,963 - INFO - Extracted 238690 characters from web
2025-12-03 11:31:23,963 - INFO - Web content extracted for mohiuddinEconomicEvaluationSurgical2014a: 8000 chars
2025-12-03 11:31:23,964 - INFO - Accessing: https://doi.org/10.1017/S0266462314000701
2025-12-03 11:31:27,156 - INFO - Extracted 59096 characters from web
2025-12-03 11:31:27,156 - INFO - Web content extracted for mohiuddinUseValueInformation2014: 8000 chars
2025-12-03 11:31:27,158 - INFO - Processed 340/578 entries
2025-12-03 11:31:27,158 - INFO - Accessing: https://doi.org/10.1007/s10198-012-0441-4
2025-12-03 11:31:29,817 - INFO - Extracted 52466 characters from web
2025-12-03 11:31:29,817 - INFO - Web content extracted for mohseninejadTargetedScreeningCoeliac2013: 8000 chars
2025-12-03 11:31:29,818 - INFO - Accessing: https://doi.org/10.1016/j.scitotenv.2013.12.100
2025-12-03 11:31:32,089 - INFO - Accessing: https://doi.org/10.1287/deca.1120.0261
2025-12-03 11:31:34,226 - INFO - Accessing: https://doi.org/10.1007/s10584-012-0487-4
2025-12-03 11:31:36,736 - INFO - Extracted 190094 characters from web
2025-12-03 11:31:36,736 - INFO - Web content extracted for moreno-cruzClimatePolicyUncertainty2013: 8000 chars
2025-12-03 11:31:36,738 - INFO - Accessing: https://doi.org/10.1016/j.trc.2013.02.015
2025-12-03 11:31:39,068 - INFO - Accessing: https://doi.org/10.5751/ES-06381-190274
2025-12-03 11:31:41,776 - WARNING - Some characters could not be decoded, and were replaced with REPLACEMENT CHARACTER.
2025-12-03 11:31:41,776 - INFO - Accessing: https://doi.org/10.1016/j.dss.2013.01.029
2025-12-03 11:31:44,057 - INFO - Accessing: https://doi.org/10.1111/gcb.12366
2025-12-03 11:31:46,190 - INFO - Accessing: https://doi.org/10.1002/mcda.1493
2025-12-03 11:31:48,304 - INFO - Accessing: https://doi.org/10.1108/APJML-09-2011-0065
2025-12-03 11:31:50,534 - INFO - Accessing: https://doi.org/10.1108/JAMR-05-2013-0039
2025-12-03 11:31:52,734 - INFO - Accessing: https://doi.org/10.1080/17517575.2011.647092
2025-12-03 11:31:54,945 - INFO - Accessing: https://doi.org/10.1007/s10270-012-0288-2
2025-12-03 11:31:58,113 - INFO - Extracted 113926 characters from web
2025-12-03 11:31:58,113 - INFO - Web content extracted for narmanEnterpriseArchitectureFramework2014: 8000 chars
2025-12-03 11:31:58,115 - INFO - Accessing: https://doi.org/10.1089/tmj.2012.0081
2025-12-03 11:32:00,291 - INFO - Accessing: https://doi.org/10.1016/j.yrtph.2013.05.007
2025-12-03 11:32:04,316 - INFO - Processed 360/578 entries
2025-12-03 11:32:04,317 - INFO - Accessing: https://doi.org/10.1190/geo2012-0474.1
2025-12-03 11:32:07,100 - INFO - Accessing: https://doi.org/10.1016/j.jval.2013.04.012
2025-12-03 11:32:09,523 - INFO - Accessing: https://doi.org/10.1136/bmjqs-2012-001616
2025-12-03 11:32:11,744 - INFO - Accessing: https://doi.org/10.1371/journal.pone.0092430
2025-12-03 11:32:15,004 - INFO - Extracted 94996 characters from web
2025-12-03 11:32:15,006 - INFO - Web content extracted for ngImpedimentsSuccessManagement2014: 8000 chars
2025-12-03 11:32:15,007 - INFO - Accessing: https://doi.org/10.1007/s10584-013-1033-8
2025-12-03 11:32:17,618 - INFO - Extracted 47413 characters from web
2025-12-03 11:32:17,618 - INFO - Web content extracted for nicolOptimalWaterDepth2014: 8000 chars
2025-12-03 11:32:17,619 - INFO - Accessing: https://doi.org/10.1007/s13571-013-0061-8
2025-12-03 11:32:20,309 - INFO - Extracted 34663 characters from web
2025-12-03 11:32:20,309 - INFO - Web content extracted for niloofarPerformanceEvaluationImputation2013: 8000 chars
2025-12-03 11:32:20,311 - INFO - Accessing: https://doi.org/10.1016/j.jval.2013.02.015
2025-12-03 11:32:22,652 - INFO - Accessing: https://doi.org/10.1287/mnsc.1120.1581
2025-12-03 11:32:24,841 - INFO - Accessing: https://doi.org/10.1257/aer.103.2.804
2025-12-03 11:32:27,049 - INFO - Accessing: https://doi.org/10.1287/mnsc.2014.1905
2025-12-03 11:32:29,347 - INFO - Accessing: https://doi.org/10.1016/j.ijinfomgt.2013.02.005
2025-12-03 11:32:31,636 - INFO - Accessing: https://doi.org/10.1108/JKM-03-2013-0113
2025-12-03 11:32:33,793 - INFO - Accessing: https://doi.org/10.1108/02635571311303523
2025-12-03 11:32:36,009 - INFO - Processed 380/578 entries
2025-12-03 11:32:36,009 - INFO - Accessing: https://doi.org/10.1016/j.jbusres.2012.02.036
2025-12-03 11:32:38,395 - INFO - Accessing: https://doi.org/10.1002/mcda.1483
2025-12-03 11:32:40,575 - INFO - Accessing: https://doi.org/10.1111/risa.12241
2025-12-03 11:32:42,761 - INFO - Accessing: https://doi.org/10.5595/idrim.2013.0051
2025-12-03 11:32:45,909 - INFO - Extracted 814 characters from web
2025-12-03 11:32:45,909 - INFO - Web content extracted for patonUnderstandingPreparednessNatural2013: 814 chars
2025-12-03 11:32:45,910 - INFO - Accessing: https://doi.org/10.1177/0272989X13497997
2025-12-03 11:32:48,112 - INFO - Accessing: https://doi.org/10.1186/1471-2458-13-18
2025-12-03 11:32:50,713 - INFO - Extracted 148432 characters from web
2025-12-03 11:32:50,713 - INFO - Web content extracted for pecheyImpactPlainPackaging2013: 8000 chars
2025-12-03 11:32:50,715 - INFO - Accessing: https://doi.org/10.1016/j.cor.2013.03.003
2025-12-03 11:32:53,040 - INFO - Accessing: https://doi.org/10.1136/bmjopen-2013-002905
2025-12-03 11:32:55,256 - INFO - Accessing: https://doi.org/10.1017/S026646231300007X
2025-12-03 11:32:59,026 - INFO - Extracted 32381 characters from web
2025-12-03 11:32:59,026 - INFO - Web content extracted for petersEvolutionCostutilityModel2013: 8000 chars
2025-12-03 11:32:59,028 - INFO - Accessing: https://doi.org/10.3141/2344-05
2025-12-03 11:33:01,270 - INFO - Accessing: https://doi.org/10.1007/s11222-011-9287-3
2025-12-03 11:33:03,884 - INFO - Extracted 33935 characters from web
2025-12-03 11:33:03,884 - INFO - Web content extracted for peyrardModelbasedAdaptiveSpatial2013: 8000 chars
2025-12-03 11:33:03,885 - INFO - Accessing: https://doi.org/10.1080/10919392.2013.837789
2025-12-03 11:33:06,072 - INFO - Accessing: https://doi.org/10.13182/NT13-48
2025-12-03 11:33:08,264 - INFO - Accessing: https://doi.org/10.1016/j.envsoft.2014.03.006
2025-12-03 11:33:10,648 - INFO - Accessing: https://doi.org/10.1177/1748006X13485663
2025-12-03 11:33:12,846 - INFO - Accessing: https://doi.org/10.1108/IJOPM-07-2010-0195
2025-12-03 11:33:15,101 - INFO - Processed 400/578 entries
2025-12-03 11:33:15,101 - INFO - Accessing: https://doi.org/10.1504/IJLSM.2013.052062
2025-12-03 11:33:17,316 - INFO - Accessing: https://doi.org/10.1139/cjfas-2012-0268
2025-12-03 11:33:19,613 - INFO - Accessing: https://doi.org/10.1111/1467-8500.12080
2025-12-03 11:33:21,794 - INFO - Accessing: https://doi.org/10.1007/s13280-013-0482-7
2025-12-03 11:33:24,302 - INFO - Extracted 191330 characters from web
2025-12-03 11:33:24,303 - INFO - Web content extracted for rahikainenIntegrativeManagementAdvice2014: 8000 chars
2025-12-03 11:33:24,305 - INFO - Accessing: https://doi.org/10.1504/IJLSM.2013.056752
2025-12-03 11:33:26,465 - INFO - Accessing: https://doi.org/10.1007/s40273-014-0172-8
2025-12-03 11:33:29,108 - INFO - Extracted 150163 characters from web
2025-12-03 11:33:29,109 - INFO - Web content extracted for raimondHTAAgenciesFacing2014: 8000 chars
2025-12-03 11:33:29,110 - INFO - Accessing: https://doi.org/10.1016/j.oceaneng.2013.05.001
2025-12-03 11:33:31,428 - INFO - Accessing: https://doi.org/10.1504/IJISE.2013.054286
2025-12-03 11:33:33,716 - INFO - Accessing: https://doi.org/10.1201/b15034-8
2025-12-03 11:33:35,888 - WARNING - Request failed for https://doi.org/10.1201/b15034-8: HTTPConnectionPool(host='www.crcnetbase.com', port=80): Max retries exceeded with url: /doi/10.1201/b15034-8 (Caused by NameResolutionError("<urllib3.connection.HTTPConnection object at 0x112ee7ce0>: Failed to resolve 'www.crcnetbase.com' ([Errno 8] nodename nor servname provided, or not known)"))
2025-12-03 11:33:35,889 - INFO - Accessing: https://doi.org/10.1097/JTO.0b013e31829f6c55
2025-12-03 11:33:36,277 - INFO - Accessing: https://doi.org/10.1016/j.ijrobp.2012.11.006
2025-12-03 11:33:38,661 - INFO - Accessing: https://doi.org/10.1016/j.omega.2012.03.001
2025-12-03 11:33:41,055 - INFO - Accessing: https://doi.org/10.1016/j.cct.2012.09.003
2025-12-03 11:33:43,372 - INFO - Accessing: https://doi.org/10.1007/978-3-642-31110-9_21
2025-12-03 11:33:46,129 - INFO - Extracted 35907 characters from web
2025-12-03 11:33:46,129 - INFO - Web content extracted for raoBuildingClimateResilience2013: 8000 chars
2025-12-03 11:33:46,131 - INFO - Accessing: https://doi.org/10.1111/hex.12004
2025-12-03 11:33:48,299 - INFO - Accessing: https://doi.org/10.1007/s10669-014-9491-8
2025-12-03 11:33:50,962 - INFO - Extracted 134456 characters from web
2025-12-03 11:33:50,962 - INFO - Web content extracted for rehrRoleScientificStudies2014: 8000 chars
2025-12-03 11:33:50,964 - INFO - Accessing: https://doi.org/10.1371/journal.pone.0068505
2025-12-03 11:33:53,900 - INFO - Extracted 79776 characters from web
2025-12-03 11:33:53,901 - INFO - Web content extracted for reinagelSpeedAccuracyVisual2013: 8000 chars
2025-12-03 11:33:53,902 - INFO - Accessing: https://doi.org/10.1289/ehp.1306744
2025-12-03 11:33:55,929 - WARNING - Request failed for https://doi.org/10.1289/ehp.1306744: HTTPSConnectionPool(host='ehp.niehs.nih.gov', port=443): Max retries exceeded with url: /doi/10.1289/ehp.1306744 (Caused by NameResolutionError("<urllib3.connection.HTTPSConnection object at 0x112f55810>: Failed to resolve 'ehp.niehs.nih.gov' ([Errno 8] nodename nor servname provided, or not known)"))
2025-12-03 11:33:55,929 - INFO - Accessing: https://doi.org/10.1016/j.jval.2013.04.013
2025-12-03 11:33:56,224 - INFO - Accessing: https://doi.org/10.1109/JPROC.2014.2307024
2025-12-03 11:33:59,067 - INFO - Processed 420/578 entries
2025-12-03 11:33:59,067 - INFO - Accessing: https://doi.org/10.1017/S0376892912000240
2025-12-03 11:34:01,818 - INFO - Extracted 265260 characters from web
2025-12-03 11:34:01,819 - INFO - Web content extracted for ristAdaptiveManagementWhere2013: 8000 chars
2025-12-03 11:34:01,820 - INFO - Accessing: https://doi.org/10.5751/ES-06183-180463
2025-12-03 11:34:04,355 - WARNING - Some characters could not be decoded, and were replaced with REPLACEMENT CHARACTER.
2025-12-03 11:34:04,356 - INFO - Accessing: https://doi.org/10.1007/s40258-013-0071-8
2025-12-03 11:34:07,165 - INFO - Extracted 79091 characters from web
2025-12-03 11:34:07,166 - INFO - Web content extracted for rochauSystematicAssessmentDecisionanalytic2014: 8000 chars
2025-12-03 11:34:07,167 - INFO - Accessing: https://doi.org/10.1007/978-3-319-02204-8_4
2025-12-03 11:34:09,705 - INFO - Extracted 88720 characters from web
2025-12-03 11:34:09,705 - INFO - Web content extracted for rocoMethodsImproveExpedite2013: 8000 chars
2025-12-03 11:34:09,707 - INFO - Accessing: https://doi.org/10.1002/hec.2830
2025-12-03 11:34:11,789 - INFO - Accessing: https://doi.org/10.1016/j.yrtph.2013.06.003
2025-12-03 11:34:14,103 - INFO - Accessing: https://doi.org/10.7326/M13-2348
2025-12-03 11:34:16,257 - INFO - Accessing: https://doi.org/10.1371/journal.pone.0075814
2025-12-03 11:34:19,210 - INFO - Extracted 88580 characters from web
2025-12-03 11:34:19,211 - INFO - Web content extracted for routHowDecideWhether2013: 8000 chars
2025-12-03 11:34:19,212 - INFO - Accessing: https://doi.org/10.1080/17448689.2013.839601
2025-12-03 11:34:21,410 - INFO - Accessing: https://doi.org/10.1002/jwmg.571
2025-12-03 11:34:23,564 - INFO - Accessing: https://doi.org/10.1111/gcb.12064
2025-12-03 11:34:25,681 - INFO - Accessing: https://doi.org/10.1002/ece3.1215
2025-12-03 11:34:27,867 - INFO - Processed 440/578 entries
2025-12-03 11:34:27,867 - INFO - Accessing: https://doi.org/10.1080/10584609.2012.737416
2025-12-03 11:34:30,002 - INFO - Accessing: https://doi.org/10.1186/1745-6215-15-201
2025-12-03 11:34:32,711 - INFO - Extracted 219395 characters from web
2025-12-03 11:34:32,712 - INFO - Web content extracted for sadatsafaviIncorporatingExternalEvidence2014: 8000 chars
2025-12-03 11:34:32,713 - INFO - Accessing: https://doi.org/10.1016/j.jval.2013.09.006
2025-12-03 11:34:35,494 - INFO - Accessing: https://doi.org/10.1016/j.jval.2012.09.009
2025-12-03 11:34:37,808 - INFO - Accessing: https://doi.org/10.1111/cobi.12187
2025-12-03 11:34:39,944 - INFO - Accessing: https://doi.org/10.1371/journal.pone.0082983
2025-12-03 11:34:42,973 - INFO - Extracted 128375 characters from web
2025-12-03 11:34:42,973 - INFO - Web content extracted for santoroEnvironmentalInstabilityMotor2013: 8000 chars
2025-12-03 11:34:42,974 - INFO - Accessing: https://doi.org/10.1504/EJIE.2013.055016
2025-12-03 11:34:45,243 - INFO - Accessing: https://doi.org/10.1287/deca.2013.0276
2025-12-03 11:34:47,436 - INFO - Accessing: https://doi.org/10.1007/s10640-012-9582-2
2025-12-03 11:34:49,992 - INFO - Extracted 40763 characters from web
2025-12-03 11:34:49,993 - INFO - Web content extracted for schmidtClimatePolicyUncertain2013: 8000 chars
2025-12-03 11:34:49,995 - INFO - Accessing: https://doi.org/10.1016/j.envsoft.2012.11.013
2025-12-03 11:34:52,320 - INFO - Accessing: https://doi.org/10.1016/j.euroneuro.2013.09.010
2025-12-03 11:34:54,706 - INFO - Accessing: https://doi.org/10.1111/nyas.12050
2025-12-03 11:34:56,897 - INFO - Accessing: https://doi.org/10.1177/0022034513500792
2025-12-03 11:34:59,033 - INFO - Accessing: https://doi.org/10.1177/1745691612474317
2025-12-03 11:35:01,177 - INFO - Accessing: https://doi.org/10.1890/13-0559.1
2025-12-03 11:35:03,382 - INFO - Accessing: https://doi.org/10.25300/MISQ/2013/37.2.11
2025-12-03 11:35:05,513 - INFO - Processed 460/578 entries
2025-12-03 11:35:05,513 - INFO - Accessing: https://doi.org/10.1016/j.engappai.2013.04.010
2025-12-03 11:35:07,821 - INFO - Accessing: https://doi.org/10.1371/journal.pbio.1001970
2025-12-03 11:35:10,922 - INFO - Extracted 133221 characters from web
2025-12-03 11:35:10,922 - INFO - Web content extracted for sheaAdaptiveManagementValue2014: 8000 chars
2025-12-03 11:35:10,924 - INFO - Accessing: https://doi.org/10.1016/j.jval.2013.03.162
2025-12-03 11:35:13,302 - INFO - Accessing: https://doi.org/10.1161/CIRCULATIONAHA.112.000920
2025-12-03 11:35:15,512 - INFO - Accessing: https://doi.org/10.1002/2013WR014988
2025-12-03 11:35:17,654 - INFO - Accessing: https://doi.org/10.1111/risa.12237
2025-12-03 11:35:19,847 - INFO - Accessing: https://doi.org/10.1111/1365-2664.12145
2025-12-03 11:35:23,641 - INFO - Accessing: https://doi.org/10.1186/s13054-014-0649-z
2025-12-03 11:35:26,401 - INFO - Extracted 244540 characters from web
2025-12-03 11:35:26,402 - INFO - Web content extracted for soaresIntravenousImmunoglobulinSevere2014: 8000 chars
2025-12-03 11:35:26,403 - INFO - Accessing: https://doi.org/10.1177/0272989X12451058
2025-12-03 11:35:28,592 - INFO - Accessing: https://doi.org/10.1108/17465661311311969
2025-12-03 11:35:30,822 - INFO - Accessing: https://doi.org/10.2217/pgs.14.24
2025-12-03 11:35:33,019 - INFO - Accessing: https://doi.org/10.2217/pgs.13.164
2025-12-03 11:35:35,200 - INFO - Accessing: https://doi.org/10.1007/s40273-013-0045-6
2025-12-03 11:35:37,954 - INFO - Extracted 105006 characters from web
2025-12-03 11:35:37,954 - INFO - Web content extracted for sorichReviewCostEffectiveness2013: 8000 chars
2025-12-03 11:35:37,955 - INFO - Accessing: https://doi.org/10.1080/17499518.2014.958174
2025-12-03 11:35:40,124 - INFO - Accessing: https://doi.org/10.1111/j.1540-5915.2012.00394.x
2025-12-03 11:35:42,326 - INFO - Accessing: https://doi.org/10.1016/j.cie.2013.05.022
2025-12-03 11:35:45,144 - INFO - Processed 480/578 entries
2025-12-03 11:35:45,144 - INFO - Accessing: https://doi.org/10.1201/b13749-3
2025-12-03 11:35:47,269 - WARNING - Request failed for https://doi.org/10.1201/b13749-3: HTTPConnectionPool(host='www.crcnetbase.com', port=80): Max retries exceeded with url: /doi/10.1201/b13749-3 (Caused by NameResolutionError("<urllib3.connection.HTTPConnection object at 0x1136248d0>: Failed to resolve 'www.crcnetbase.com' ([Errno 8] nodename nor servname provided, or not known)"))
2025-12-03 11:35:47,270 - INFO - Accessing: https://doi.org/10.1080/10807039.2014.844053
2025-12-03 11:35:47,479 - INFO - Accessing: https://doi.org/10.1108/17538291311316054
2025-12-03 11:35:49,688 - INFO - Accessing: https://doi.org/10.1108/14678041311316095
2025-12-03 11:35:51,895 - INFO - Accessing: https://doi.org/10.1586/14737167.2014.914435
2025-12-03 11:35:54,105 - INFO - Accessing: https://doi.org/10.1007/s40273-012-0008-3
2025-12-03 11:35:57,058 - INFO - Extracted 144853 characters from web
2025-12-03 11:35:57,058 - INFO - Web content extracted for steutenSystematicCriticalReview2013: 8000 chars
2025-12-03 11:35:57,059 - INFO - Accessing: https://doi.org/10.1080/00207721.2012.723056
2025-12-03 11:35:59,175 - INFO - Accessing: https://doi.org/10.1002/jrsm.1087
2025-12-03 11:36:01,362 - INFO - Accessing: https://doi.org/10.1080/09544828.2013.824560
2025-12-03 11:36:03,580 - INFO - Accessing: https://doi.org/10.1016/j.strusafe.2013.08.006
2025-12-03 11:36:05,959 - INFO - Accessing: https://doi.org/10.1137/120889563
2025-12-03 11:36:08,429 - INFO - Accessing: https://doi.org/10.1007/s12599-014-0324-6
2025-12-03 11:36:10,919 - INFO - Extracted 34446 characters from web
2025-12-03 11:36:10,919 - INFO - Web content extracted for suhlIntroductionSpecialFocus2014: 8000 chars
2025-12-03 11:36:10,921 - INFO - Accessing: https://doi.org/10.1080/00207721.2012.757381
2025-12-03 11:36:13,113 - INFO - Accessing: https://doi.org/10.1504/IJSOM.2014.065669
2025-12-03 11:36:15,472 - INFO - Accessing: https://doi.org/10.1016/j.ecolind.2013.03.030
2025-12-03 11:36:17,885 - INFO - Processed 500/578 entries
2025-12-03 11:36:17,885 - INFO - Accessing: https://doi.org/10.2753/MIS0742-1222300306
2025-12-03 11:36:20,072 - INFO - Accessing: https://doi.org/10.1016/j.advwatres.2012.04.007
2025-12-03 11:36:22,466 - INFO - Accessing: https://doi.org/10.1007/s11219-012-9188-5
2025-12-03 11:36:25,080 - INFO - Extracted 49050 characters from web
2025-12-03 11:36:25,080 - INFO - Web content extracted for thakurtaFrameworkPrioritizationQuality2013: 8000 chars
2025-12-03 11:36:25,081 - INFO - Accessing: https://doi.org/10.1504/IJBIS.2013.053213
2025-12-03 11:36:27,284 - INFO - Accessing: https://doi.org/10.2217/cer.13.15
2025-12-03 11:36:29,486 - INFO - Accessing: https://doi.org/10.1108/00070701311302249
2025-12-03 11:36:31,715 - INFO - Accessing: https://doi.org/10.1002/ieam.1365
2025-12-03 11:36:33,932 - INFO - Accessing: https://doi.org/10.1111/risa.12030
2025-12-03 11:36:36,138 - INFO - Accessing: https://doi.org/10.1007/s40273-013-0063-4
2025-12-03 11:36:38,995 - INFO - Extracted 105030 characters from web
2025-12-03 11:36:38,995 - INFO - Web content extracted for thompsonModellingCostEffectiveness2013: 8000 chars
2025-12-03 11:36:38,996 - INFO - Accessing: https://doi.org/10.1111/risa.12019
2025-12-03 11:36:41,143 - INFO - Accessing: https://doi.org/10.1007/978-1-4471-4923-1_2
2025-12-03 11:36:43,866 - INFO - Extracted 65225 characters from web
2025-12-03 11:36:43,868 - INFO - Web content extracted for thomsonDialogueSystemTheory2013: 8000 chars
2025-12-03 11:36:43,869 - INFO - Accessing: https://doi.org/10.1504/IJVCM.2013.057322
2025-12-03 11:36:46,069 - INFO - Accessing: https://doi.org/10.1111/j.1369-7625.2012.00807.x
2025-12-03 11:36:48,245 - INFO - Accessing: https://doi.org/10.1108/IJLM-09-2012-0099
2025-12-03 11:36:50,467 - INFO - Accessing: https://doi.org/10.1016/j.jedc.2013.01.001
2025-12-03 11:36:52,970 - INFO - Accessing: https://doi.org/10.1016/j.estger.2014.05.006
2025-12-03 11:36:56,561 - INFO - Extracted 37678 characters from web
2025-12-03 11:36:56,561 - INFO - Web content extracted for torresCollaborationInformationSharing2014: 8000 chars
2025-12-03 11:36:56,562 - INFO - Processed 520/578 entries
2025-12-03 11:36:56,562 - INFO - Accessing: https://doi.org/10.1007/s10669-013-9487-9
2025-12-03 11:36:59,144 - INFO - Extracted 55877 characters from web
2025-12-03 11:36:59,144 - INFO - Web content extracted for trainor-guittonGeophysicalPerspectiveValue2014: 8000 chars
2025-12-03 11:36:59,145 - INFO - Accessing: https://doi.org/10.1007/s00477-012-0619-4
2025-12-03 11:37:11,842 - INFO - Extracted 44639 characters from web
2025-12-03 11:37:11,842 - INFO - Web content extracted for trainor-guittonMethodologyQuantifyingValue2013: 8000 chars
2025-12-03 11:37:11,844 - INFO - Accessing: https://doi.org/10.1016/j.ijggc.2013.06.018
2025-12-03 11:37:14,247 - INFO - Accessing: https://doi.org/10.1504/IJMC.2013.055333
2025-12-03 11:37:16,524 - INFO - Accessing: https://doi.org/10.1200/JOP.2013.001108
2025-12-03 11:37:18,726 - INFO - Accessing: https://doi.org/10.3111/13696998.2014.907170
2025-12-03 11:37:20,961 - INFO - Accessing: https://doi.org/10.1111/cobi.12036
2025-12-03 11:37:23,152 - INFO - Accessing: https://doi.org/10.1108/BJM-11-2011-0102
2025-12-03 11:37:25,387 - INFO - Accessing: https://doi.org/10.1038/gim.2012.106
2025-12-03 11:37:27,817 - INFO - Accessing: https://doi.org/10.2217/pgs.13.74
2025-12-03 11:37:30,004 - INFO - Accessing: https://doi.org/10.1016/j.yrtph.2013.01.007
2025-12-03 11:37:32,382 - INFO - Accessing: https://doi.org/10.1144/M39.24
2025-12-03 11:37:35,603 - INFO - Accessing: https://doi.org/10.1007/s11606-014-2777-1
2025-12-03 11:37:38,295 - INFO - Extracted 51701 characters from web
2025-12-03 11:37:38,295 - INFO - Web content extracted for waldRoadMapPatientcentered2014: 8000 chars
2025-12-03 11:37:38,297 - INFO - Accessing: https://doi.org/10.1016/j.eswa.2013.01.062
2025-12-03 11:37:40,677 - INFO - Accessing: https://doi.org/10.1007/s00477-013-0727-9
2025-12-03 11:37:43,362 - INFO - Extracted 36751 characters from web
2025-12-03 11:37:43,362 - INFO - Web content extracted for wangBayesianApproachContaminant2013: 8000 chars
2025-12-03 11:37:43,363 - INFO - Processed 540/578 entries
2025-12-03 11:37:43,363 - INFO - Accessing: https://doi.org/10.1108/MD-02-2013-0064
2025-12-03 11:37:45,545 - INFO - Accessing: https://doi.org/10.1002/wcc.202
2025-12-03 11:37:47,755 - INFO - Accessing: https://doi.org/10.2307/j.ctv550cbm.28
2025-12-03 11:37:50,030 - INFO - Accessing: https://doi.org/10.1016/j.apenergy.2013.01.025
2025-12-03 11:37:52,504 - INFO - Accessing: https://doi.org/10.1016/j.apm.2012.04.003
2025-12-03 11:37:54,888 - INFO - Accessing: https://doi.org/10.1504/IJMCDM.2014.066871
2025-12-03 11:37:57,189 - INFO - Accessing: https://doi.org/10.1088/1748-9326/8/2/025004
2025-12-03 11:37:59,982 - INFO - Extracted 230071 characters from web
2025-12-03 11:37:59,983 - INFO - Web content extracted for williamsConfrontingDynamicsUncertainty2013a: 8000 chars
2025-12-03 11:37:59,984 - INFO - Accessing: https://doi.org/10.1016/j.concog.2013.03.009
2025-12-03 11:38:02,346 - INFO - Accessing: https://doi.org/10.1287/deca.2013.0283
2025-12-03 11:38:04,566 - INFO - Accessing: https://doi.org/10.1016/j.jval.2013.06.006
2025-12-03 11:38:06,897 - INFO - Accessing: https://doi.org/10.1016/j.jval.2012.12.008
2025-12-03 11:38:09,374 - INFO - Accessing: https://doi.org/10.1016/j.ijpe.2013.08.004
2025-12-03 11:38:11,811 - INFO - Accessing: https://doi.org/10.1287/serv.1120.0037
2025-12-03 11:38:13,996 - INFO - Accessing: https://doi.org/10.1111/jscm.12005
2025-12-03 11:38:16,176 - INFO - Accessing: https://doi.org/10.1109/TPWRS.2013.2265238
2025-12-03 11:38:18,793 - INFO - Accessing: https://doi.org/10.1057/sj.2011.31
2025-12-03 11:38:21,481 - INFO - Extracted 62686 characters from web
2025-12-03 11:38:21,482 - INFO - Web content extracted for workmanEmpiricalStudyBehavioral2013: 8000 chars
2025-12-03 11:38:21,483 - INFO - Processed 560/578 entries
2025-12-03 11:38:21,483 - INFO - Accessing: https://doi.org/10.1007/s10661-012-2769-8
2025-12-03 11:38:24,986 - INFO - Extracted 56133 characters from web
2025-12-03 11:38:24,986 - INFO - Web content extracted for wuAssessingValueInformation2013: 8000 chars
2025-12-03 11:38:24,987 - INFO - Accessing: https://doi.org/10.1371/journal.pone.0065274
2025-12-03 11:38:28,336 - INFO - Extracted 125420 characters from web
2025-12-03 11:38:28,336 - INFO - Web content extracted for xueAgencyModulatesLateral2013: 8000 chars
2025-12-03 11:38:28,337 - INFO - Accessing: https://doi.org/10.2991/978-94-91216-89-3_1
2025-12-03 11:38:30,942 - INFO - Extracted 45850 characters from web
2025-12-03 11:38:30,942 - INFO - Web content extracted for xuFoundation2013: 8000 chars
2025-12-03 11:38:30,944 - INFO - Accessing: https://doi.org/10.1007/s00170-013-5596-3
2025-12-03 11:38:33,556 - INFO - Extracted 31060 characters from web
2025-12-03 11:38:33,556 - INFO - Web content extracted for yehOptimalProrataWarranty2014: 8000 chars
2025-12-03 11:38:33,557 - INFO - Accessing: https://doi.org/10.1007/s10144-013-0421-2
2025-12-03 11:38:35,798 - INFO - Accessing: https://doi.org/10.1002/wics.1244
2025-12-03 11:38:37,980 - INFO - Accessing: https://doi.org/10.1007/s11027-012-9376-4
2025-12-03 11:38:40,551 - INFO - Extracted 53571 characters from web
2025-12-03 11:38:40,552 - INFO - Web content extracted for yuenClimateChangeVulnerability2013: 8000 chars
2025-12-03 11:38:40,553 - INFO - Accessing: https://doi.org/10.1007/s40273-014-0179-1
2025-12-03 11:38:43,128 - INFO - Extracted 49654 characters from web
2025-12-03 11:38:43,128 - INFO - Web content extracted for zafariNetworkVsPairwise2014: 8000 chars
2025-12-03 11:38:43,129 - INFO - Accessing: https://doi.org/10.1287/deca.2013.0267
2025-12-03 11:38:45,293 - INFO - Accessing: https://doi.org/10.1371/journal.pone.0082575
2025-12-03 11:38:48,357 - INFO - Extracted 157218 characters from web
2025-12-03 11:38:48,357 - INFO - Web content extracted for zelleCosteffectivenessAnalysisBreast2013: 8000 chars
2025-12-03 11:38:48,358 - INFO - Accessing: https://doi.org/10.1108/IJPDLM-10-2011-0171
2025-12-03 11:38:50,543 - INFO - Accessing: https://doi.org/10.1108/13598541311318773
2025-12-03 11:38:52,753 - INFO - Accessing: https://doi.org/10.1007/s10551-012-1474-4
2025-12-03 11:39:05,368 - INFO - Extracted 24043 characters from web
2025-12-03 11:39:05,369 - INFO - Web content extracted for zhouTechnologyRegulationPolicy2013: 8000 chars
2025-12-03 11:39:05,370 - INFO - Accessing: https://doi.org/10.1016/j.compag.2013.05.001
2025-12-03 11:39:08,368 - INFO - Accessing: https://doi.org/10.1016/j.ress.2013.03.001
2025-12-03 11:39:10,667 - INFO - Accessing: https://doi.org/10.1371/journal.pone.0110558
2025-12-03 11:39:13,314 - INFO - Extracted 99650 characters from web
2025-12-03 11:39:13,315 - INFO - Web content extracted for zwerlingModelingNovelDiagnostic2014: 8000 chars
2025-12-03 11:39:13,879 - INFO - Processing papers_2015.bib: 459 entries
2025-12-03 11:39:13,879 - INFO - Accessing: https://doi.org/10.1111/cobi.12544
2025-12-03 11:39:15,396 - INFO - Accessing: https://doi.org/10.1177/0951629814531672
2025-12-03 11:39:17,640 - INFO - Accessing: https://doi.org/10.1108/IntR-05-2014-0146
2025-12-03 11:39:19,847 - INFO - Accessing: https://doi.org/10.1108/JMH-03-2014-0076
2025-12-03 11:39:22,089 - INFO - Accessing: https://doi.org/10.1016/j.accinf.2015.04.002
2025-12-03 11:39:24,538 - INFO - Accessing: https://doi.org/10.1016/j.ijproman.2015.03.013
2025-12-03 11:39:26,899 - INFO - Accessing: https://doi.org/10.1108/BIJ-05-2012-0034
2025-12-03 11:39:29,067 - INFO - Accessing: https://doi.org/10.1080/14719037.2014.943272
2025-12-03 11:39:31,320 - INFO - Accessing: https://doi.org/10.1586/14737167.2015.1087317
2025-12-03 11:39:33,462 - INFO - Accessing: https://doi.org/10.1080/10580530.2015.983016
2025-12-03 11:39:35,680 - INFO - Accessing: https://doi.org/10.1108/S1069-096420150000023005
2025-12-03 11:39:37,790 - INFO - Accessing: https://doi.org/10.1016/j.jval.2015.03.128
2025-12-03 11:39:40,227 - INFO - Accessing: https://doi.org/10.1177/0962280211419832
2025-12-03 11:39:42,423 - INFO - Accessing: https://doi.org/10.1108/QRFM-04-2014-0011
2025-12-03 11:39:44,623 - INFO - Accessing: https://doi.org/10.1016/j.jom.2015.08.001
2025-12-03 11:39:46,820 - INFO - Accessing: https://doi.org/10.1007/s00267-014-0395-7
2025-12-03 11:39:49,465 - INFO - Extracted 130838 characters from web
2025-12-03 11:39:49,466 - INFO - Web content extracted for barnes-mautheWhatDeterminesSocial2015: 8000 chars
2025-12-03 11:39:49,467 - INFO - Processed 20/459 entries
2025-12-03 11:39:49,468 - INFO - Accessing: https://doi.org/10.1007/978-3-319-18069-4_8
2025-12-03 11:39:52,076 - INFO - Extracted 41404 characters from web
2025-12-03 11:39:52,076 - INFO - Web content extracted for barrettDiscussionConclusion2015: 8000 chars
2025-12-03 11:39:52,078 - INFO - Accessing: https://doi.org/10.3762/bjnano.6.162
2025-12-03 11:39:55,407 - INFO - Extracted 27288 characters from web
2025-12-03 11:39:55,408 - INFO - Web content extracted for batesHowDecisionAnalysis2015: 8000 chars
2025-12-03 11:39:55,409 - INFO - Accessing: https://doi.org/10.4102/jef.v8i2.107
2025-12-03 11:39:58,665 - INFO - Accessing: https://doi.org/10.1016/j.yrtph.2015.01.008
2025-12-03 11:40:01,179 - INFO - Accessing: https://doi.org/10.1016/j.yrtph.2015.04.004
2025-12-03 11:40:03,569 - INFO - Accessing: https://doi.org/10.1016/j.jbi.2015.03.004
2025-12-03 11:40:06,033 - INFO - Accessing: https://doi.org/10.1177/1460458213503646
2025-12-03 11:40:08,240 - INFO - Accessing: https://doi.org/10.1016/j.jval.2015.03.129
2025-12-03 11:40:10,733 - INFO - Accessing: https://doi.org/10.1061/AJRUA6.0000810
2025-12-03 11:40:12,892 - INFO - Accessing: https://doi.org/10.1145/2742548
2025-12-03 11:40:15,107 - INFO - Accessing: https://doi.org/10.1016/j.jval.2015.09.1777
2025-12-03 11:40:17,577 - INFO - Accessing: https://doi.org/10.1016/j.eneco.2015.07.008
2025-12-03 11:40:19,863 - INFO - Accessing: https://doi.org/10.1002/tea.21188
2025-12-03 11:40:22,060 - INFO - Accessing: https://doi.org/10.1080/10242694.2014.949548
2025-12-03 11:40:24,282 - INFO - Accessing: https://doi.org/10.1177/1477750915599715
2025-12-03 11:40:26,421 - INFO - Accessing: https://doi.org/10.1109/TCAD.2015.2396997
2025-12-03 11:40:29,063 - INFO - Accessing: https://doi.org/10.1080/03088839.2014.913816
2025-12-03 11:40:31,301 - INFO - Accessing: https://doi.org/10.1016/j.cct.2015.02.008
2025-12-03 11:40:33,676 - INFO - Accessing: https://doi.org/10.1080/10807039.2014.947867
2025-12-03 11:40:35,892 - INFO - Processed 40/459 entries
2025-12-03 11:40:35,892 - INFO - Accessing: https://doi.org/10.1111/ecc.12356
2025-12-03 11:40:38,087 - INFO - Accessing: https://doi.org/10.1145/2693847
2025-12-03 11:40:40,280 - INFO - Accessing: https://doi.org/10.1111/jofi.12270
2025-12-03 11:40:42,478 - INFO - Accessing: https://doi.org/10.1016/j.crm.2015.04.004
2025-12-03 11:40:45,003 - INFO - Accessing: https://doi.org/10.1007/s40273-014-0251-x
2025-12-03 11:40:47,604 - INFO - Extracted 248113 characters from web
2025-12-03 11:40:47,606 - INFO - Web content extracted for broekhuizenReviewClassificationApproaches2015a: 8000 chars
2025-12-03 11:40:47,607 - INFO - Accessing: https://doi.org/10.3310/hta19680
2025-12-03 11:40:50,006 - INFO - Accessing: https://doi.org/10.1371/journal.pone.0144047
2025-12-03 11:40:53,243 - INFO - Extracted 153764 characters from web
2025-12-03 11:40:53,243 - INFO - Web content extracted for bruggemanValueLearningNatural2015: 8000 chars
2025-12-03 11:40:53,245 - INFO - Accessing: https://doi.org/10.2217/rme.15.51
2025-12-03 11:40:55,395 - INFO - Accessing: https://doi.org/10.1080/0144929X.2014.921729
2025-12-03 11:40:57,613 - INFO - Accessing: https://doi.org/10.1080/13669877.2014.896398
2025-12-03 11:40:59,758 - INFO - Accessing: https://doi.org/10.1186/s13063-015-1092-4
2025-12-03 11:41:02,271 - INFO - Extracted 278039 characters from web
2025-12-03 11:41:02,272 - INFO - Web content extracted for cameronTheorybasedOnlineHealth2015: 8000 chars
2025-12-03 11:41:02,273 - INFO - Accessing: https://doi.org/10.1111/2041-210X.12423
2025-12-03 11:41:04,425 - INFO - Accessing: https://doi.org/10.1111/itor.12175
2025-12-03 11:41:06,637 - INFO - Accessing: https://doi.org/10.1007/s13349-015-0120-0
2025-12-03 11:41:09,311 - INFO - Extracted 41351 characters from web
2025-12-03 11:41:09,311 - INFO - Web content extracted for cappelloImpactPriorPerception2015: 8000 chars
2025-12-03 11:41:09,313 - INFO - Accessing: https://doi.org/10.1007/978-3-319-09909-5_4
2025-12-03 11:41:11,973 - INFO - Extracted 77123 characters from web
2025-12-03 11:41:11,974 - INFO - Web content extracted for carayannisCultureInformationInformation2015: 8000 chars
2025-12-03 11:41:11,975 - INFO - Accessing: https://doi.org/10.1111/jcal.12075
2025-12-03 11:41:14,122 - INFO - Accessing: https://doi.org/10.1108/JEIM-10-2013-0078
2025-12-03 11:41:16,286 - INFO - Accessing: https://doi.org/10.3390/w7073367
2025-12-03 11:41:18,425 - INFO - Processed 60/459 entries
2025-12-03 11:41:18,425 - INFO - Accessing: https://doi.org/10.1515/9780748697922-011
2025-12-03 11:41:21,018 - INFO - Extracted 7948 characters from web
2025-12-03 11:41:21,018 - INFO - Web content extracted for caudillLaboratoryLifeEconomics2015: 7948 chars
2025-12-03 11:41:21,019 - INFO - Accessing: https://doi.org/10.1007/s40171-014-0090-9
2025-12-03 11:41:23,688 - INFO - Extracted 94594 characters from web
2025-12-03 11:41:23,688 - INFO - Web content extracted for chakrabartyExcursionMultifrequencypredictionBased2015: 8000 chars
2025-12-03 11:41:23,689 - INFO - Accessing: https://doi.org/10.1109/TSMC.2015.2500822
2025-12-03 11:41:26,331 - INFO - Accessing: https://doi.org/10.3168/jds.2014-9247
2025-12-03 11:41:29,334 - INFO - Accessing: https://doi.org/10.1111/poms.12371
2025-12-03 11:41:31,543 - INFO - Accessing: https://doi.org/10.1016/j.resourpol.2014.10.012
2025-12-03 11:41:33,907 - INFO - Accessing: https://doi.org/10.3389/fnins.2015.00063
2025-12-03 11:41:36,784 - INFO - Extracted 203091 characters from web
2025-12-03 11:41:36,784 - INFO - Web content extracted for chenMultipleBrainNetworks2015: 8000 chars
2025-12-03 11:41:36,785 - INFO - Accessing: https://doi.org/10.1137/140971129
2025-12-03 11:41:39,006 - INFO - Accessing: https://doi.org/10.1609/aaai.v29i1.9694
2025-12-03 11:41:42,001 - INFO - Extracted 5247 characters from web
2025-12-03 11:41:42,001 - INFO - Web content extracted for chenSubmodularSurrogatesValue2015: 5247 chars
2025-12-03 11:41:42,002 - INFO - Accessing: https://doi.org/10.1016/j.im.2014.10.003
2025-12-03 11:41:44,390 - INFO - Accessing: https://doi.org/10.1186/s40490-015-0044-9
2025-12-03 11:41:46,944 - INFO - Extracted 203247 characters from web
2025-12-03 11:41:46,945 - INFO - Web content extracted for christensenUseUAVRemotely2015: 8000 chars
2025-12-03 11:41:46,946 - INFO - Processed 80/459 entries
2025-12-03 11:41:46,946 - INFO - Accessing: https://doi.org/10.3310/hta19140
2025-12-03 11:41:49,092 - INFO - Accessing: https://doi.org/10.1890/14-0996.1
2025-12-03 11:41:51,233 - INFO - Accessing: https://doi.org/10.1186/s12962-014-0028-2
2025-12-03 11:41:53,782 - INFO - Extracted 312356 characters from web
2025-12-03 11:41:53,782 - INFO - Web content extracted for colbournCosteffectivenessAffordabilityCommunity2015: 8000 chars
2025-12-03 11:41:53,783 - INFO - Accessing: https://doi.org/10.1016/j.jval.2015.04.007
2025-12-03 11:41:56,201 - INFO - Accessing: https://doi.org/10.1016/j.jval.2015.03.131
2025-12-03 11:41:58,671 - INFO - Accessing: https://doi.org/10.1016/j.dss.2015.09.006
2025-12-03 11:42:01,155 - INFO - Accessing: https://doi.org/10.1057/jit.2014.17
2025-12-03 11:42:03,358 - INFO - Accessing: https://doi.org/10.1007/s00477-014-0999-8
2025-12-03 11:42:06,050 - INFO - Extracted 91989 characters from web
2025-12-03 11:42:06,050 - INFO - Web content extracted for convertinoDesignOptimalEcosystem2015: 8000 chars
2025-12-03 11:42:06,052 - INFO - Accessing: https://doi.org/10.1186/s13063-014-0526-8
2025-12-03 11:42:08,621 - INFO - Extracted 150229 characters from web
2025-12-03 11:42:08,621 - INFO - Web content extracted for cookSpecifyingTargetDifference2015: 8000 chars
2025-12-03 11:42:08,622 - INFO - Accessing: https://doi.org/10.1108/JES-08-2015-0142
2025-12-03 11:42:10,823 - INFO - Accessing: https://doi.org/10.1016/j.cie.2015.01.024
2025-12-03 11:42:13,264 - INFO - Accessing: https://doi.org/10.1016/j.eswa.2014.09.028
2025-12-03 11:42:15,735 - INFO - Accessing: https://doi.org/10.1016/j.dss.2015.07.006
2025-12-03 11:42:18,107 - INFO - Accessing: https://doi.org/10.1111/risa.12511
2025-12-03 11:42:20,298 - INFO - Accessing: https://doi.org/10.5465/amj.2012.0777
2025-12-03 11:42:22,581 - INFO - Accessing: https://doi.org/10.1007/s40258-014-0123-8
2025-12-03 11:42:26,325 - INFO - Extracted 93323 characters from web
2025-12-03 11:42:26,325 - INFO - Web content extracted for craigReviewEconomicTools2015: 8000 chars
2025-12-03 11:42:26,327 - INFO - Processed 100/459 entries
2025-12-03 11:42:26,327 - INFO - Accessing: https://doi.org/10.1007/s10530-014-0726-x
2025-12-03 11:42:28,867 - INFO - Extracted 98839 characters from web
2025-12-03 11:42:28,867 - INFO - Web content extracted for darlingGeneticStudiesAquatic2015: 8000 chars
2025-12-03 11:42:28,869 - INFO - Accessing: https://doi.org/10.1016/j.marpolbul.2015.05.041
2025-12-03 11:42:31,235 - INFO - Accessing: https://doi.org/10.1186/s12874-015-0090-2
2025-12-03 11:42:33,670 - INFO - Extracted 268664 characters from web
2025-12-03 11:42:33,671 - INFO - Web content extracted for dehoopNeedBalanceMerits2015: 8000 chars
2025-12-03 11:42:33,672 - INFO - Accessing: https://doi.org/10.1016/j.ress.2015.03.027
2025-12-03 11:42:36,016 - INFO - Accessing: https://doi.org/10.1007/s40070-015-0050-4
2025-12-03 11:42:38,555 - INFO - Accessing: https://doi.org/10.1016/j.firesaf.2015.09.002
2025-12-03 11:42:41,091 - INFO - Accessing: https://doi.org/10.1111/poms.12345
2025-12-03 11:42:43,303 - INFO - Accessing: https://doi.org/10.1007/s10994-015-5500-5
2025-12-03 11:42:46,470 - INFO - Extracted 308164 characters from web
2025-12-03 11:42:46,472 - INFO - Web content extracted for dhurandharImprovingClassificationPerformance2015: 8000 chars
2025-12-03 11:42:46,473 - INFO - Accessing: https://doi.org/10.1016/j.eswa.2014.11.019
2025-12-03 11:42:48,771 - INFO - Accessing: https://doi.org/10.1111/exsy.12054
2025-12-03 11:42:50,972 - INFO - Accessing: https://doi.org/10.1016/j.apm.2015.03.012
2025-12-03 11:42:53,372 - INFO - Accessing: https://doi.org/10.1016/j.envint.2015.09.008
2025-12-03 11:42:55,711 - INFO - Accessing: https://doi.org/10.2217/cer.15.9
2025-12-03 11:42:57,860 - INFO - Accessing: https://doi.org/10.1371/journal.pone.0131255
2025-12-03 11:43:01,795 - INFO - Extracted 102951 characters from web
2025-12-03 11:43:01,795 - INFO - Web content extracted for eerenValueInformationAnalysis2015: 8000 chars
2025-12-03 11:43:01,797 - INFO - Processed 120/459 entries
2025-12-03 11:43:01,797 - INFO - Accessing: https://doi.org/10.1016/j.jad.2015.06.015
2025-12-03 11:43:04,206 - INFO - Accessing: https://doi.org/10.1016/j.chb.2014.12.016
2025-12-03 11:43:06,620 - INFO - Accessing: https://doi.org/10.1177/1420326X15598820
2025-12-03 11:43:08,820 - INFO - Accessing: https://doi.org/10.1007/978-3-319-11635-8_6
2025-12-03 11:43:11,489 - INFO - Extracted 87309 characters from web
2025-12-03 11:43:11,490 - INFO - Web content extracted for engelButtonsBoxesTicks2015: 8000 chars
2025-12-03 11:43:11,491 - INFO - Accessing: https://doi.org/10.1016/j.marpol.2015.05.003
2025-12-03 11:43:13,851 - INFO - Accessing: https://doi.org/10.1080/00207543.2014.922710
2025-12-03 11:43:16,074 - INFO - Accessing: https://doi.org/10.1007/978-3-319-14747-5_7
2025-12-03 11:43:18,774 - INFO - Extracted 56012 characters from web
2025-12-03 11:43:18,775 - INFO - Web content extracted for fazlollahtabarNeuroFuzzyRegressionExpertSystem2015: 8000 chars
2025-12-03 11:43:18,776 - INFO - Accessing: https://doi.org/10.1016/j.socec.2015.02.006
2025-12-03 11:43:21,142 - INFO - Accessing: https://doi.org/10.1080/17452007.2014.892470
2025-12-03 11:43:23,394 - INFO - Accessing: https://doi.org/10.1097/MLR.0000000000000244
2025-12-03 11:43:25,614 - INFO - Accessing: https://doi.org/10.1586/14737167.2015.1069185
2025-12-03 11:43:27,875 - INFO - Accessing: https://doi.org/10.1098/rsta.2015.0122
2025-12-03 11:43:30,085 - INFO - Accessing: https://doi.org/10.1111/ecoj.12129
2025-12-03 11:43:32,377 - INFO - Accessing: https://doi.org/10.1057/jit.2014.9
2025-12-03 11:43:34,583 - INFO - Accessing: https://doi.org/10.1016/j.engappai.2015.05.002
2025-12-03 11:43:37,030 - INFO - Accessing: https://doi.org/10.1586/14737167.2014.927313
2025-12-03 11:43:39,172 - INFO - Processed 140/459 entries
2025-12-03 11:43:39,172 - INFO - Accessing: https://doi.org/10.1049/iet-its.2014.0150
2025-12-03 11:43:41,331 - INFO - Accessing: https://doi.org/10.1017/S0266462315000501
2025-12-03 11:43:44,670 - INFO - Extracted 162533 characters from web
2025-12-03 11:43:44,671 - INFO - Web content extracted for girlingHeadroomApproachDevice2015: 8000 chars
2025-12-03 11:43:44,672 - INFO - Accessing: https://doi.org/10.1002/2015WR017044
2025-12-03 11:43:46,737 - INFO - Accessing: https://doi.org/10.1016/j.neucom.2015.01.076
2025-12-03 11:43:49,214 - INFO - Accessing: https://doi.org/10.1016/j.neucom.2014.10.077
2025-12-03 11:43:51,577 - INFO - Accessing: https://doi.org/10.1016/j.ejor.2014.09.045
2025-12-03 11:43:53,923 - INFO - Accessing: https://doi.org/10.1016/j.ejor.2014.07.012
2025-12-03 11:43:56,303 - INFO - Accessing: https://doi.org/10.1371/journal.pone.0144786
2025-12-03 11:43:59,450 - INFO - Extracted 119555 characters from web
2025-12-03 11:43:59,451 - INFO - Web content extracted for greenUsingBayesianPopulation2015: 8000 chars
2025-12-03 11:43:59,452 - INFO - Accessing: https://doi.org/10.1007/s10669-014-9531-4
2025-12-03 11:44:02,024 - INFO - Extracted 44031 characters from web
2025-12-03 11:44:02,025 - INFO - Web content extracted for griegerRelativeRankingApproach2015: 8000 chars
2025-12-03 11:44:02,027 - INFO - Accessing: https://doi.org/10.1016/j.ijpe.2014.12.021
2025-12-03 11:44:04,304 - INFO - Accessing: https://doi.org/10.1007/s10799-014-0208-y
2025-12-03 11:44:06,895 - INFO - Extracted 46023 characters from web
2025-12-03 11:44:06,896 - INFO - Web content extracted for guptaFuzzyANPBased2015: 8000 chars
2025-12-03 11:44:06,897 - INFO - Accessing: https://doi.org/10.3310/hta19670
2025-12-03 11:44:09,066 - INFO - Accessing: https://doi.org/10.1016/j.jval.2015.08.010
2025-12-03 11:44:11,435 - INFO - Accessing: https://doi.org/10.1016/j.matdes.2015.08.087
2025-12-03 11:44:13,764 - INFO - Accessing: https://doi.org/10.1007/s40273-015-0256-0
2025-12-03 11:44:16,600 - INFO - Extracted 44429 characters from web
2025-12-03 11:44:16,600 - INFO - Web content extracted for hajialiafzaliExploringStructuralUncertainty2015: 8000 chars
2025-12-03 11:44:16,602 - INFO - Accessing: https://doi.org/10.1108/JD-09-2014-0135
2025-12-03 11:44:18,813 - INFO - Accessing: https://doi.org/10.1177/0013164414559775
2025-12-03 11:44:21,037 - INFO - Processed 160/459 entries
2025-12-03 11:44:21,038 - INFO - Accessing: https://doi.org/10.1111/gec3.12213
2025-12-03 11:44:23,182 - INFO - Accessing: https://doi.org/10.1142/S0219877015500133
2025-12-03 11:44:25,403 - INFO - Accessing: https://doi.org/10.1016/j.dss.2015.02.009
2025-12-03 11:44:27,814 - INFO - Accessing: https://doi.org/10.1016/j.jenvman.2015.04.042
2025-12-03 11:44:30,122 - INFO - Accessing: https://doi.org/10.1016/j.jpdc.2014.08.004
2025-12-03 11:44:32,455 - INFO - Accessing: https://doi.org/10.1177/0272989X15597226
2025-12-03 11:44:34,661 - INFO - Accessing: https://doi.org/10.1098/rsta.2014.0429
2025-12-03 11:44:36,794 - INFO - Accessing: https://doi.org/10.1080/00207543.2015.1030467
2025-12-03 11:44:38,952 - INFO - Accessing: https://doi.org/10.1080/10864415.2015.1029359
2025-12-03 11:44:41,173 - INFO - Accessing: https://doi.org/10.1108/ITP-12-2013-0209
2025-12-03 11:44:43,324 - INFO - Accessing: https://doi.org/10.1016/j.jmsy.2015.02.004
2025-12-03 11:44:45,792 - INFO - Accessing: https://doi.org/10.1586/14737167.2015.1039519
2025-12-03 11:44:47,990 - INFO - Accessing: https://doi.org/10.1155/2015/489264
2025-12-03 11:44:50,191 - INFO - Accessing: https://doi.org/10.1007/s12517-014-1417-8
2025-12-03 11:44:52,787 - INFO - Extracted 58328 characters from web
2025-12-03 11:44:52,787 - INFO - Web content extracted for iqbalDevelopmentHierarchicalFuzzy2015: 8000 chars
2025-12-03 11:44:52,788 - INFO - Accessing: https://doi.org/10.1139/er-2014-0069
2025-12-03 11:44:54,964 - INFO - Accessing: https://doi.org/10.1061/(ASCE)TE.1943-5436.0000742
2025-12-03 11:44:57,150 - INFO - Accessing: https://doi.org/10.1177/0272989X13493143
2025-12-03 11:44:59,297 - INFO - Processed 180/459 entries
2025-12-03 11:44:59,297 - INFO - Accessing: https://doi.org/10.1002/nav.21609
2025-12-03 11:45:01,420 - INFO - Accessing: https://doi.org/10.1111/risa.12357
2025-12-03 11:45:03,542 - INFO - Accessing: https://doi.org/10.1007/s00204-015-1634-2
2025-12-03 11:45:06,349 - INFO - Extracted 107362 characters from web
2025-12-03 11:45:06,349 - INFO - Web content extracted for jaworskaBayesianIntegratedTesting2015: 8000 chars
2025-12-03 11:45:06,351 - INFO - Accessing: https://doi.org/10.1016/j.cie.2015.05.007
2025-12-03 11:45:08,714 - INFO - Accessing: https://doi.org/10.1002/wsb.518
2025-12-03 11:45:11,064 - INFO - Accessing: https://doi.org/10.1007/978-3-319-13659-2_2
2025-12-03 11:45:13,984 - INFO - Extracted 165085 characters from web
2025-12-03 11:45:13,985 - INFO - Web content extracted for kaklauskasIntelligentDecisionSupport2015: 8000 chars
2025-12-03 11:45:13,986 - INFO - Accessing: https://doi.org/10.1088/0031-9155/60/7/2735
2025-12-03 11:45:16,608 - INFO - Accessing: https://doi.org/10.1016/j.jmsy.2014.10.002
2025-12-03 11:45:19,015 - INFO - Accessing: https://doi.org/10.1016/j.jbi.2014.12.008
2025-12-03 11:45:23,031 - INFO - Accessing: https://doi.org/10.1016/j.erss.2015.07.008
2025-12-03 11:45:25,415 - INFO - Accessing: https://doi.org/10.1108/SCM-07-2014-0252
2025-12-03 11:45:27,652 - INFO - Accessing: https://doi.org/10.1061/(ASCE)IS.1943-555X.0000220
2025-12-03 11:45:29,969 - INFO - Accessing: https://doi.org/10.1080/00207543.2014.957871
2025-12-03 11:45:32,131 - INFO - Accessing: https://doi.org/10.1108/IMDS-08-2014-0245
2025-12-03 11:45:34,275 - INFO - Processed 200/459 entries
2025-12-03 11:45:34,275 - INFO - Accessing: https://doi.org/10.1016/j.jtrangeo.2014.12.005
2025-12-03 11:45:36,701 - INFO - Accessing: https://doi.org/10.2217/cer.15.18
2025-12-03 11:45:38,830 - INFO - Accessing: https://doi.org/10.1016/j.is.2013.12.003
2025-12-03 11:45:41,237 - INFO - Accessing: https://doi.org/10.1109/TEM.2015.2454437
2025-12-03 11:45:44,154 - INFO - Accessing: https://doi.org/10.1200/JCO.2014.59.7245
2025-12-03 11:45:46,306 - INFO - Accessing: https://doi.org/10.1016/j.sbspro.2015.03.193
2025-12-03 11:45:48,718 - INFO - Accessing: https://doi.org/10.1016/j.prevetmed.2014.11.019
2025-12-03 11:45:51,149 - INFO - Accessing: https://doi.org/10.1007/978-1-4899-7562-1_7
2025-12-03 11:45:53,983 - INFO - Extracted 61398 characters from web
2025-12-03 11:45:53,984 - INFO - Web content extracted for kurtulusCategoryCaptainshipPractices2015: 8000 chars
2025-12-03 11:45:53,985 - INFO - Accessing: https://doi.org/10.1016/j.evalprogplan.2015.01.009
2025-12-03 11:45:56,217 - INFO - Accessing: https://doi.org/10.1016/j.ijpe.2015.01.005
2025-12-03 11:45:58,519 - INFO - Accessing: https://doi.org/10.1016/j.jhe.2015.06.002
2025-12-03 11:46:00,858 - INFO - Accessing: https://doi.org/10.1016/j.geoderma.2015.03.014
2025-12-03 11:46:03,229 - INFO - Accessing: https://doi.org/10.14257/ijmue.2015.10.6.30
2025-12-03 11:46:05,967 - INFO - Accessing: https://doi.org/10.1016/j.eswa.2014.08.041
2025-12-03 11:46:08,324 - INFO - Processed 220/459 entries
2025-12-03 11:46:08,324 - INFO - Accessing: https://doi.org/10.1108/IMDS-03-2015-0095
2025-12-03 11:46:10,493 - INFO - Accessing: https://doi.org/10.1080/07421222.2015.1138372
2025-12-03 11:46:12,732 - INFO - Accessing: https://doi.org/10.1021/es501777g
2025-12-03 11:46:14,953 - INFO - Accessing: https://doi.org/10.17705/1jais.00390
2025-12-03 11:46:18,518 - INFO - Extracted 1908 characters from web
2025-12-03 11:46:18,519 - INFO - Web content extracted for leongICTenabledCommunityEmpowerment2015: 1908 chars
2025-12-03 11:46:18,520 - INFO - Accessing: https://doi.org/10.2514/1.I010363
2025-12-03 11:46:20,730 - INFO - Accessing: https://doi.org/10.1177/0272989X14563987
2025-12-03 11:46:22,866 - INFO - Accessing: https://doi.org/10.1108/BPMJ-05-2014-0039
2025-12-03 11:46:25,011 - INFO - Accessing: https://doi.org/10.1016/j.compind.2015.02.006
2025-12-03 11:46:27,445 - INFO - Accessing: https://doi.org/10.1016/j.ijinfomgt.2014.12.004
2025-12-03 11:46:29,872 - INFO - Accessing: https://doi.org/10.1108/NBRI-05-2014-0026
2025-12-03 11:46:32,116 - INFO - Accessing: https://doi.org/10.1371/journal.pcbi.1004187
2025-12-03 11:46:40,003 - INFO - Extracted 190766 characters from web
2025-12-03 11:46:40,004 - INFO - Web content extracted for lindstromBayesianEnsembleApproach2015: 8000 chars
2025-12-03 11:46:40,005 - INFO - Accessing: https://doi.org/10.1016/j.simpat.2014.10.008
2025-12-03 11:46:42,802 - INFO - Accessing: https://doi.org/10.1108/IMDS-08-2014-0233
2025-12-03 11:46:45,215 - INFO - Accessing: https://doi.org/10.1108/IJLM-11-2013-0132
2025-12-03 11:46:47,597 - INFO - Accessing: https://doi.org/10.1590/0034-7329201500202
2025-12-03 11:46:51,893 - INFO - Extracted 134852 characters from web
2025-12-03 11:46:51,894 - INFO - Web content extracted for lobatoDiscoursesCyberspaceSecuritization2015: 8000 chars
2025-12-03 11:46:51,895 - INFO - Accessing: https://doi.org/10.1371/journal.pone.0116866
2025-12-03 11:46:55,229 - INFO - Extracted 89497 characters from web
2025-12-03 11:46:55,229 - INFO - Web content extracted for loboEvaluatingClinicalImpact2015: 8000 chars
2025-12-03 11:46:55,231 - INFO - Accessing: https://doi.org/10.1371/journal.pone.0130256
2025-12-03 11:46:58,318 - INFO - Extracted 99303 characters from web
2025-12-03 11:46:58,318 - INFO - Web content extracted for losinaDefiningValueFuture2015: 8000 chars
2025-12-03 11:46:58,319 - INFO - Accessing: https://doi.org/10.3389/fenvs.2015.00016
2025-12-03 11:47:01,337 - INFO - Extracted 243498 characters from web
2025-12-03 11:47:01,337 - INFO - Web content extracted for luedelingFreshGroundwaterWajir2015a: 8000 chars
2025-12-03 11:47:01,339 - INFO - Processed 240/459 entries
2025-12-03 11:47:01,339 - INFO - Accessing: https://doi.org/10.1007/s40744-015-0020-0
2025-12-03 11:47:03,891 - INFO - Extracted 189057 characters from web
2025-12-03 11:47:03,891 - INFO - Web content extracted for madanConsensusDecisionModels2015: 8000 chars
2025-12-03 11:47:03,892 - INFO - Accessing: https://doi.org/10.1073/pnas.1421692112
2025-12-03 11:47:06,076 - INFO - Accessing: https://doi.org/10.1177/2055563615569921
2025-12-03 11:47:08,403 - INFO - Accessing: https://doi.org/10.1371/journal.pcbi.1004558
2025-12-03 11:47:12,031 - INFO - Extracted 212957 characters from web
2025-12-03 11:47:12,032 - INFO - Web content extracted for markovicModelingEvolutionBeliefs2015: 8000 chars
2025-12-03 11:47:12,033 - INFO - Accessing: https://doi.org/10.1016/j.biocon.2015.01.024
2025-12-03 11:47:14,508 - INFO - Accessing: https://doi.org/10.1016/j.jclepro.2015.04.014
2025-12-03 11:47:16,947 - INFO - Accessing: https://doi.org/10.1111/1365-2664.12373
2025-12-03 11:47:19,156 - INFO - Accessing: https://doi.org/10.1111/nyas.12952
2025-12-03 11:47:21,370 - INFO - Accessing: https://doi.org/10.1016/j.foodpol.2015.04.010
2025-12-03 11:47:23,783 - INFO - Accessing: https://doi.org/10.1016/j.jval.2015.05.003
2025-12-03 11:47:26,157 - INFO - Accessing: https://doi.org/10.1109/TCIAIG.2015.2491611
2025-12-03 11:47:28,763 - INFO - Accessing: https://doi.org/10.1016/j.biocon.2015.01.025
2025-12-03 11:47:31,113 - INFO - Accessing: https://doi.org/10.1016/j.tox.2015.01.010
2025-12-03 11:47:33,537 - INFO - Accessing: https://doi.org/10.1093/jopart/muu054
2025-12-03 11:47:35,742 - INFO - Accessing: https://doi.org/10.1002/9781118426456.ch20
2025-12-03 11:47:37,953 - INFO - Processed 260/459 entries
2025-12-03 11:47:37,953 - INFO - Accessing: https://doi.org/10.1016/j.earscirev.2015.08.006
2025-12-03 11:47:40,268 - INFO - Accessing: https://doi.org/10.1007/s10198-014-0610-8
2025-12-03 11:47:42,921 - INFO - Extracted 66550 characters from web
2025-12-03 11:47:42,921 - INFO - Web content extracted for mohiuddinModelbasedCosteffectivenessAnalysis2015: 8000 chars
2025-12-03 11:47:42,922 - INFO - Accessing: https://doi.org/10.1016/j.jval.2014.10.008
2025-12-03 11:47:45,176 - INFO - Accessing: https://doi.org/10.1108/LM-04-2015-0022
2025-12-03 11:47:47,348 - INFO - Accessing: https://doi.org/10.1016/j.coldregions.2014.12.009
2025-12-03 11:47:49,747 - INFO - Accessing: https://doi.org/10.1016/j.envsoft.2015.06.007
2025-12-03 11:47:52,061 - INFO - Accessing: https://doi.org/10.1080/14615517.2014.981049
2025-12-03 11:47:54,224 - INFO - Accessing: https://doi.org/10.1108/EMJB-02-2014-0010
2025-12-03 11:47:56,429 - INFO - Accessing: https://doi.org/10.1016/j.cie.2015.05.022
2025-12-03 11:47:58,880 - INFO - Accessing: https://doi.org/10.1007/s10198-014-0607-3
2025-12-03 11:48:01,412 - INFO - Extracted 55793 characters from web
2025-12-03 11:48:01,413 - INFO - Web content extracted for mullerImpactSmallStudy2015: 8000 chars
2025-12-03 11:48:01,414 - INFO - Accessing: https://doi.org/10.1108/SCM-03-2014-0088
2025-12-03 11:48:03,535 - INFO - Accessing: https://doi.org/10.1016/j.techfore.2014.09.009
2025-12-03 11:48:05,870 - INFO - Accessing: https://doi.org/10.3920/JCNS2014.x018
2025-12-03 11:48:08,448 - WARNING - Some characters could not be decoded, and were replaced with REPLACEMENT CHARACTER.
2025-12-03 11:48:08,449 - INFO - Processed 280/459 entries
2025-12-03 11:48:08,449 - INFO - Accessing: https://doi.org/10.1007/s12237-014-9822-5
2025-12-03 11:48:11,218 - INFO - Extracted 74075 characters from web
2025-12-03 11:48:11,218 - INFO - Web content extracted for necklesUseStructuredDecision2015: 8000 chars
2025-12-03 11:48:11,220 - INFO - Accessing: https://doi.org/10.4337/9780857937568.00021
2025-12-03 11:48:13,412 - WARNING - Some characters could not be decoded, and were replaced with REPLACEMENT CHARACTER.
2025-12-03 11:48:13,413 - INFO - Accessing: https://doi.org/10.1108/JMLC-02-2014-0008
2025-12-03 11:48:15,657 - INFO - Accessing: https://doi.org/10.1016/j.renene.2015.01.036
2025-12-03 11:48:17,995 - INFO - Accessing: https://doi.org/10.1504/IJBPSCM.2015.068126
2025-12-03 11:48:20,300 - INFO - Accessing: https://doi.org/10.23907/2015.060
2025-12-03 11:48:22,542 - INFO - Accessing: https://doi.org/10.1007/s40273-015-0309-4
2025-12-03 11:48:25,213 - INFO - Extracted 337356 characters from web
2025-12-03 11:48:25,214 - INFO - Web content extracted for omahonyDealingTimeHealth2015: 8000 chars
2025-12-03 11:48:25,215 - INFO - Accessing: https://doi.org/10.1080/10580530.2015.1044344
2025-12-03 11:48:27,390 - INFO - Accessing: https://doi.org/10.1108/IJCCSM-04-2013-0059
2025-12-03 11:48:29,540 - INFO - Accessing: https://doi.org/10.1080/09537287.2015.1011725
2025-12-03 11:48:31,733 - INFO - Accessing: https://doi.org/10.3310/hta19420
2025-12-03 11:48:33,880 - INFO - Accessing: https://doi.org/10.1016/j.im.2015.01.001
2025-12-03 11:48:36,260 - INFO - Accessing: https://doi.org/10.1016/j.aei.2015.04.007
2025-12-03 11:48:38,628 - INFO - Accessing: https://doi.org/10.7763/JOCET.2015.V3.213
2025-12-03 11:48:42,285 - INFO - Accessing: https://doi.org/10.1016/j.annals.2014.10.007
2025-12-03 11:48:44,572 - INFO - Accessing: https://doi.org/10.1306/070615045
2025-12-03 11:48:46,836 - INFO - Accessing: https://doi.org/10.1080/15284336.2015.1123942
2025-12-03 11:48:49,955 - INFO - Accessing: https://doi.org/10.1155/2015/789597
2025-12-03 11:48:52,236 - INFO - Accessing: https://doi.org/10.1016/j.envsoft.2014.12.020
2025-12-03 11:48:54,792 - INFO - Processed 300/459 entries
2025-12-03 11:48:54,792 - INFO - Accessing: https://doi.org/10.1517/14656566.2015.1039982
2025-12-03 11:48:57,000 - INFO - Accessing: https://doi.org/10.1002/9781118509722.ch14
2025-12-03 11:48:59,194 - INFO - Accessing: https://doi.org/10.1016/j.pneurobio.2015.09.001
2025-12-03 11:49:01,579 - INFO - Accessing: https://doi.org/10.1016/j.jval.2015.03.132
2025-12-03 11:49:03,971 - INFO - Accessing: https://doi.org/10.1016/j.ijindorg.2015.04.004
2025-12-03 11:49:06,326 - INFO - Accessing: https://doi.org/10.1201/b19094-410
2025-12-03 11:49:08,626 - WARNING - Request failed for https://doi.org/10.1201/b19094-410: HTTPConnectionPool(host='www.crcnetbase.com', port=80): Max retries exceeded with url: /doi/10.1201/b19094-410 (Caused by NameResolutionError("<urllib3.connection.HTTPConnection object at 0x113627240>: Failed to resolve 'www.crcnetbase.com' ([Errno 8] nodename nor servname provided, or not known)"))
2025-12-03 11:49:08,626 - INFO - Accessing: https://doi.org/10.1007/978-3-319-18509-5_3
2025-12-03 11:49:09,602 - INFO - Extracted 59044 characters from web
2025-12-03 11:49:09,602 - INFO - Web content extracted for pirnerApproachingDefinite2015: 8000 chars
2025-12-03 11:49:09,604 - INFO - Accessing: https://doi.org/10.1504/IJEB.2015.068305
2025-12-03 11:49:11,859 - INFO - Accessing: https://doi.org/10.1007/s10669-014-9518-1
2025-12-03 11:49:14,454 - INFO - Extracted 78425 characters from web
2025-12-03 11:49:14,455 - INFO - Web content extracted for powersDataDialoguesCritical2015: 8000 chars
2025-12-03 11:49:14,456 - INFO - Accessing: https://doi.org/10.1186/s12916-015-0398-0
2025-12-03 11:49:17,470 - INFO - Extracted 194441 characters from web
2025-12-03 11:49:17,470 - INFO - Web content extracted for puhanQuantitativeBenefitHarm2015: 8000 chars
2025-12-03 11:49:17,471 - INFO - Accessing: https://doi.org/10.1504/IJBIR.2015.072492
2025-12-03 11:49:19,660 - INFO - Accessing: https://doi.org/10.1190/INT-2014-0126.1
2025-12-03 11:49:22,904 - INFO - Accessing: https://doi.org/10.1080/15567249.2010.549902
2025-12-03 11:49:25,047 - INFO - Accessing: https://doi.org/10.3310/hta19110
2025-12-03 11:49:27,221 - INFO - Accessing: https://doi.org/10.1016/j.cie.2015.04.028
2025-12-03 11:49:29,618 - INFO - Accessing: https://doi.org/10.1016/j.jval.2014.12.014
2025-12-03 11:49:32,023 - INFO - Accessing: https://doi.org/10.1108/IJAIM-11-2013-0060
2025-12-03 11:49:34,255 - INFO - Accessing: https://doi.org/10.2166/wqrjc.2014.011
2025-12-03 11:49:36,409 - INFO - Accessing: https://doi.org/10.2166/ws.2015.077
2025-12-03 11:49:38,597 - INFO - Processed 320/459 entries
2025-12-03 11:49:38,598 - INFO - Accessing: https://doi.org/10.1016/j.envsci.2015.08.007
2025-12-03 11:49:40,986 - INFO - Accessing: https://doi.org/10.1016/j.envsoft.2015.06.003
2025-12-03 11:49:43,343 - INFO - Accessing: https://doi.org/10.1163/15691330-12341365
2025-12-03 11:49:45,617 - WARNING - Some characters could not be decoded, and were replaced with REPLACEMENT CHARACTER.
2025-12-03 11:49:45,618 - INFO - Accessing: https://doi.org/10.1177/1559325815611903
2025-12-03 11:49:47,852 - INFO - Accessing: https://doi.org/10.1016/j.ecolmodel.2015.05.013
2025-12-03 11:49:50,215 - INFO - Accessing: https://doi.org/10.1016/j.critrevonc.2014.12.017
2025-12-03 11:49:52,606 - INFO - Accessing: https://doi.org/10.1108/JBIM-06-2012-0106
2025-12-03 11:49:54,757 - INFO - Accessing: https://doi.org/10.1002/mar.20791
2025-12-03 11:49:56,883 - INFO - Accessing: https://doi.org/10.1007/s40273-014-0211-5
2025-12-03 11:49:59,578 - INFO - Extracted 88480 characters from web
2025-12-03 11:49:59,578 - INFO - Web content extracted for rogowskiConceptsPersonalizationPersonalized2015: 8000 chars
2025-12-03 11:49:59,579 - INFO - Accessing: https://doi.org/10.2749/101686614X14043795570895
2025-12-03 11:50:01,766 - INFO - Accessing: https://doi.org/10.1108/F-05-2013-0041
2025-12-03 11:50:03,990 - INFO - Accessing: https://doi.org/10.36104/amc.2015.461
2025-12-03 11:50:15,289 - INFO - Extracted 7884 characters from web
2025-12-03 11:50:15,290 - INFO - Web content extracted for rosselliCostoefectividadEstatinasPara2015: 7884 chars
2025-12-03 11:50:15,291 - INFO - Accessing: https://doi.org/10.1634/theoncologist.2015-0214
2025-12-03 11:50:17,505 - INFO - Accessing: https://doi.org/10.1108/VINE-07-2014-0048
2025-12-03 11:50:19,687 - INFO - Accessing: https://doi.org/10.25300/MISQ/2015/39.4.4
2025-12-03 11:50:22,002 - INFO - Processed 340/459 entries
2025-12-03 11:50:22,002 - INFO - Accessing: https://doi.org/10.5325/transportationj.54.3.0368
2025-12-03 11:50:24,657 - INFO - Accessing: https://doi.org/10.1177/2319510X15576274
2025-12-03 11:50:26,890 - INFO - Accessing: https://doi.org/10.1007/s10799-014-0203-3
2025-12-03 11:50:29,478 - INFO - Extracted 62018 characters from web
2025-12-03 11:50:29,478 - INFO - Web content extracted for sayogoChallengesRequirementsDeveloping2015: 8000 chars
2025-12-03 11:50:29,479 - INFO - Accessing: https://doi.org/10.1108/BPMJ-02-2014-0017
2025-12-03 11:50:31,664 - INFO - Accessing: https://doi.org/10.1016/j.infoandorg.2015.03.001
2025-12-03 11:50:34,468 - INFO - Accessing: https://doi.org/10.1016/j.ijggc.2015.03.023
2025-12-03 11:50:36,845 - INFO - Accessing: https://doi.org/10.1016/j.yrtph.2014.10.012
2025-12-03 11:50:39,218 - INFO - Accessing: https://doi.org/10.7717/peerj.730
2025-12-03 11:50:42,312 - INFO - Extracted 44965 characters from web
2025-12-03 11:50:42,313 - INFO - Web content extracted for schleieriiiQuantitativeApproachIntegrating2015: 8000 chars
2025-12-03 11:50:42,314 - INFO - Accessing: https://doi.org/10.2308/acch-51140
2025-12-03 11:50:44,422 - INFO - Accessing: https://doi.org/10.1016/j.isprsjprs.2014.06.016
2025-12-03 11:50:46,817 - INFO - Accessing: https://doi.org/10.14430/arctic4521
2025-12-03 11:50:50,668 - INFO - Extracted 7081 characters from web
2025-12-03 11:50:50,668 - INFO - Web content extracted for sethiConceptualModelsMarine2015: 7081 chars
2025-12-03 11:50:50,669 - INFO - Accessing: https://doi.org/10.2147/PGPM.S35063
2025-12-03 11:50:55,174 - INFO - Extracted 60720 characters from web
2025-12-03 11:50:55,174 - INFO - Web content extracted for shabaruddinEconomicEvaluationsPersonalized2015: 8000 chars
2025-12-03 11:50:55,175 - INFO - Processed 360/459 entries
2025-12-03 11:50:55,175 - INFO - Accessing: https://doi.org/10.1108/ICS-12-2013-0090
2025-12-03 11:50:57,399 - INFO - Accessing: https://doi.org/10.1016/j.jval.2015.03.133
2025-12-03 11:50:59,790 - INFO - Accessing: https://doi.org/10.1057/jma.2015.3
2025-12-03 11:51:02,465 - INFO - Extracted 45872 characters from web
2025-12-03 11:51:02,466 - INFO - Web content extracted for shankaranarayananDecisionanalysisApproachOptimize2015: 8000 chars
2025-12-03 11:51:02,467 - INFO - Accessing: https://doi.org/10.1108/BPMJ-10-2014-0105
2025-12-03 11:51:04,659 - INFO - Accessing: https://doi.org/10.1504/IJISE.2015.069544
2025-12-03 11:51:06,968 - INFO - Accessing: https://doi.org/10.1108/JEIM-10-2014-0104
2025-12-03 11:51:09,210 - INFO - Accessing: https://doi.org/10.1016/j.agsy.2014.09.002
2025-12-03 11:51:11,595 - INFO - Accessing: https://doi.org/10.1038/523152a
2025-12-03 11:51:14,240 - INFO - Extracted 23966 characters from web
2025-12-03 11:51:14,241 - INFO - Web content extracted for shepherdPolicyDevelopmentGoals2015b: 8000 chars
2025-12-03 11:51:14,242 - INFO - Accessing: https://doi.org/10.1111/ijcs.12165
2025-12-03 11:51:16,345 - INFO - Accessing: https://doi.org/10.1108/F-09-2013-0072
2025-12-03 11:51:18,499 - INFO - Accessing: https://doi.org/10.12968/bjon.2015.24.Sup9.S24
2025-12-03 11:51:20,758 - INFO - Accessing: https://doi.org/10.1007/s10530-014-0776-0
2025-12-03 11:51:23,674 - INFO - Extracted 105238 characters from web
2025-12-03 11:51:23,674 - INFO - Web content extracted for singhKeepingOneStep2015: 8000 chars
2025-12-03 11:51:23,675 - INFO - Accessing: https://doi.org/10.1097/AAP.0000000000000291
2025-12-03 11:51:25,915 - INFO - Accessing: https://doi.org/10.2196/jmir.4207
2025-12-03 11:51:29,229 - INFO - Extracted 163635 characters from web
2025-12-03 11:51:29,230 - INFO - Web content extracted for solomonECBTMyCompassAntidepressant2015a: 8000 chars
2025-12-03 11:51:29,231 - INFO - Accessing: https://doi.org/10.1177/0098858815622191
2025-12-03 11:51:34,223 - INFO - Extracted 348223 characters from web
2025-12-03 11:51:34,223 - INFO - Web content extracted for spector-bagdadyReconceptualizingConsentDirecttoconsumer2015: 8000 chars
2025-12-03 11:51:34,225 - INFO - Processed 380/459 entries
2025-12-03 11:51:34,225 - INFO - Accessing: https://doi.org/10.1016/j.prevetmed.2015.05.002
2025-12-03 11:51:36,916 - INFO - Accessing: https://doi.org/10.1016/j.trc.2015.03.013
2025-12-03 11:51:39,379 - INFO - Accessing: https://doi.org/10.1371/journal.pone.0114497
2025-12-03 11:51:42,703 - INFO - Extracted 95948 characters from web
2025-12-03 11:51:42,704 - INFO - Web content extracted for stewartUseBayesianNetworks2015: 8000 chars
2025-12-03 11:51:42,705 - INFO - Accessing: https://doi.org/10.1016/j.scico.2014.11.008
2025-12-03 11:51:44,976 - INFO - Accessing: https://doi.org/10.1002/hec.3041
2025-12-03 11:51:47,175 - INFO - Accessing: https://doi.org/10.1007/s10669-015-9541-x
2025-12-03 11:51:49,817 - INFO - Extracted 99530 characters from web
2025-12-03 11:51:49,818 - INFO - Web content extracted for subramanianReviewDecisionAnalytic2015a: 8000 chars
2025-12-03 11:51:49,819 - INFO - Accessing: https://doi.org/10.1016/j.jval.2015.06.007
2025-12-03 11:51:52,190 - INFO - Accessing: https://doi.org/10.1016/j.chb.2015.06.006
2025-12-03 11:51:54,539 - INFO - Accessing: https://doi.org/10.1371/journal.pntd.0003397
2025-12-03 11:51:57,681 - INFO - Extracted 121038 characters from web
2025-12-03 11:51:57,682 - INFO - Web content extracted for sutherlandLiteratureReviewEconomic2015: 8000 chars
2025-12-03 11:51:57,683 - INFO - Accessing: https://doi.org/10.25300/MISQ/2015/39.2.09
2025-12-03 11:51:59,783 - INFO - Accessing: https://doi.org/10.1080/17470218.2014.985234
2025-12-03 11:52:01,997 - INFO - Accessing: https://doi.org/10.1007/978-3-319-08840-2_2
2025-12-03 11:52:05,197 - INFO - Extracted 119952 characters from web
2025-12-03 11:52:05,198 - INFO - Web content extracted for taoRecentAdvancesIntelligent2015: 8000 chars
2025-12-03 11:52:05,199 - INFO - Accessing: https://doi.org/10.1016/j.ijdrr.2015.07.015
2025-12-03 11:52:07,485 - INFO - Accessing: https://doi.org/10.1177/0272989X15587005
2025-12-03 11:52:09,637 - INFO - Accessing: https://doi.org/10.1016/j.annemergmed.2014.12.028
2025-12-03 11:52:11,957 - INFO - Processed 400/459 entries
2025-12-03 11:52:11,957 - INFO - Accessing: https://doi.org/10.1016/j.ijpe.2015.05.020
2025-12-03 11:52:14,250 - INFO - Accessing: https://doi.org/10.1287/inte.2014.0769
2025-12-03 11:52:16,395 - INFO - Accessing: https://doi.org/10.5751/ES-07018-200130
2025-12-03 11:52:19,070 - WARNING - Some characters could not be decoded, and were replaced with REPLACEMENT CHARACTER.
2025-12-03 11:52:19,070 - INFO - Accessing: https://doi.org/10.1108/MRR-08-2013-0194
2025-12-03 11:52:21,312 - INFO - Accessing: https://doi.org/10.1177/0272989X14556676
2025-12-03 11:52:23,558 - INFO - Accessing: https://doi.org/10.1177/1367549415577396
2025-12-03 11:52:25,716 - INFO - Accessing: https://doi.org/10.4018/IJBAN.2015040102
2025-12-03 11:52:27,870 - WARNING - Request failed for https://doi.org/10.4018/IJBAN.2015040102: 429 Client Error: Too Many Requests for url: https://services.igi-global.com/resolvedoi/resolve.aspx?doi=10.4018/IJBAN.2015040102
2025-12-03 11:52:27,871 - INFO - Accessing: https://doi.org/10.1108/JEIM-01-2014-0003
2025-12-03 11:52:30,103 - INFO - Accessing: https://doi.org/10.1007/s40258-015-0152-y
2025-12-03 11:52:32,725 - INFO - Extracted 83349 characters from web
2025-12-03 11:52:32,726 - INFO - Web content extracted for tuffahaCosteffectivenessValueInformation2015: 8000 chars
2025-12-03 11:52:32,727 - INFO - Accessing: https://doi.org/10.1016/j.jss.2015.02.008
2025-12-03 11:52:35,071 - INFO - Accessing: https://doi.org/10.1071/978148630410308.45.58.2015.8
2025-12-03 11:52:37,302 - INFO - Accessing: https://doi.org/10.1016/j.ijpe.2014.09.008
2025-12-03 11:52:39,632 - INFO - Accessing: https://doi.org/10.3310/hta19180
2025-12-03 11:52:41,746 - INFO - Accessing: https://doi.org/10.1016/j.envsoft.2014.09.017
2025-12-03 11:52:44,123 - INFO - Accessing: https://doi.org/10.2903/sp.efsa.2015.EN-710
2025-12-03 11:52:46,669 - INFO - Processed 420/459 entries
2025-12-03 11:52:46,669 - INFO - Accessing: https://doi.org/10.1115/1.4030304
2025-12-03 11:52:48,885 - INFO - Accessing: https://doi.org/10.1109/TR.2015.2487578
2025-12-03 11:52:51,868 - INFO - Accessing: https://doi.org/10.1080/00207543.2015.1053578
2025-12-03 11:52:54,114 - INFO - Accessing: https://doi.org/10.25300/MISQ/2015/39.1.05
2025-12-03 11:52:56,322 - INFO - Accessing: https://doi.org/10.1137/140971117
2025-12-03 11:52:58,616 - INFO - Accessing: https://doi.org/10.1080/15459624.2015.1084421
2025-12-03 11:53:00,835 - INFO - Accessing: https://doi.org/10.1016/j.omega.2014.10.011
2025-12-03 11:53:03,228 - INFO - Accessing: https://doi.org/10.1007/s11053-014-9262-8
2025-12-03 11:53:06,028 - INFO - Extracted 348024 characters from web
2025-12-03 11:53:06,028 - INFO - Web content extracted for weijermarsNaturalResourceWealth2015: 8000 chars
2025-12-03 11:53:06,029 - INFO - Accessing: https://doi.org/10.1108/MD-07-2014-0466
2025-12-03 11:53:08,206 - INFO - Accessing: https://doi.org/10.1177/0272989X15570113
2025-12-03 11:53:10,414 - INFO - Accessing: https://doi.org/10.1057/hs.2014.28
2025-12-03 11:53:12,600 - INFO - Accessing: https://doi.org/10.1016/j.envsoft.2015.08.001
2025-12-03 11:53:16,897 - INFO - Accessing: https://doi.org/10.1007/s10531-014-0790-7
2025-12-03 11:53:19,553 - INFO - Extracted 71691 characters from web
2025-12-03 11:53:19,553 - INFO - Web content extracted for wiederholtOptimizingConservationStrategies2015: 8000 chars
2025-12-03 11:53:19,554 - INFO - Accessing: https://doi.org/10.1177/1075547015581927
2025-12-03 11:53:21,659 - INFO - Processed 440/459 entries
2025-12-03 11:53:21,659 - INFO - Accessing: https://doi.org/10.1002/ece3.1363
2025-12-03 11:53:23,784 - INFO - Accessing: https://doi.org/10.1007/s40273-014-0219-x
2025-12-03 11:53:26,532 - INFO - Extracted 337203 characters from web
2025-12-03 11:53:26,533 - INFO - Web content extracted for wilsonPracticalGuideValue2015c: 8000 chars
2025-12-03 11:53:26,535 - INFO - Accessing: https://doi.org/10.1016/j.ijpe.2015.03.005
2025-12-03 11:53:28,873 - INFO - Accessing: https://doi.org/10.1016/j.eswa.2015.03.033
2025-12-03 11:53:31,322 - INFO - Accessing: https://doi.org/10.1121/1.4935390
2025-12-03 11:53:33,562 - INFO - Accessing: https://doi.org/10.1504/IJISD.2015.068771
2025-12-03 11:53:35,792 - INFO - Accessing: https://doi.org/10.1108/JOCM-12-2013-0247
2025-12-03 11:53:38,076 - INFO - Accessing: https://doi.org/10.1016/j.cageo.2015.07.006
2025-12-03 11:53:40,461 - INFO - Accessing: https://doi.org/10.1108/JD-12-2014-0171
2025-12-03 11:53:42,628 - INFO - Accessing: https://doi.org/10.1080/10580530.2015.1018770
2025-12-03 11:53:44,841 - INFO - Accessing: https://doi.org/10.1080/17499518.2014.1001401
2025-12-03 11:53:47,000 - INFO - Accessing: https://doi.org/10.1016/j.compeleceng.2015.08.011
2025-12-03 11:53:49,338 - INFO - Accessing: https://doi.org/10.1016/j.jval.2015.03.130
2025-12-03 11:53:51,647 - INFO - Accessing: https://doi.org/10.1016/j.landurbplan.2015.08.018
2025-12-03 11:53:54,682 - INFO - Processing papers_2016.bib: 476 entries
2025-12-03 11:53:54,682 - INFO - Accessing: https://doi.org/10.17705/1jais.00423
2025-12-03 11:53:57,201 - INFO - Extracted 1788 characters from web
2025-12-03 11:53:57,202 - INFO - Web content extracted for abbasiBigDataResearch2016: 1788 chars
2025-12-03 11:53:57,202 - INFO - Accessing: https://doi.org/10.1109/JSYST.2016.2602562
2025-12-03 11:53:59,710 - INFO - Accessing: https://doi.org/10.15676/ijeei.2016.8.4.12
2025-12-03 11:54:05,009 - INFO - Accessing: https://doi.org/10.1287/mnsc.2015.2230
2025-12-03 11:54:07,128 - INFO - Accessing: https://doi.org/10.1007/978-3-319-30064-1_7
2025-12-03 11:54:10,751 - INFO - Extracted 117708 characters from web
2025-12-03 11:54:10,751 - INFO - Web content extracted for abnerPerformanceAssessmentLegal2016: 8000 chars
2025-12-03 11:54:10,753 - INFO - Accessing: https://doi.org/10.1111/ddi.12400
2025-12-03 11:54:12,834 - INFO - Accessing: https://doi.org/10.1177/1075547016636388
2025-12-03 11:54:14,979 - INFO - Accessing: https://doi.org/10.1371/journal.pone.0157657
2025-12-03 11:54:18,187 - INFO - Extracted 103581 characters from web
2025-12-03 11:54:18,187 - INFO - Web content extracted for akinCosteffectivenessIncreasingInfluenza2016: 8000 chars
2025-12-03 11:54:18,189 - INFO - Accessing: https://doi.org/10.1504/IJBIR.2016.077986
2025-12-03 11:54:20,438 - INFO - Accessing: https://doi.org/10.5539/ijbm.v12n1p201
2025-12-03 11:54:23,562 - INFO - Extracted 2298 characters from web
2025-12-03 11:54:23,563 - INFO - Web content extracted for al-momaniEffectPerceivedFactors2016: 2298 chars
2025-12-03 11:54:23,564 - INFO - Accessing: https://doi.org/10.1109/TMM.2016.2589160
2025-12-03 11:54:26,426 - INFO - Accessing: https://doi.org/10.1016/j.ijinfomgt.2015.10.005
2025-12-03 11:54:29,220 - INFO - Accessing: https://doi.org/10.1016/j.artint.2016.02.004
2025-12-03 11:54:31,603 - INFO - Accessing: https://doi.org/10.1504/IJLSM.2016.075663
2025-12-03 11:54:34,652 - INFO - Processed 20/476 entries
2025-12-03 11:54:34,652 - INFO - Accessing: https://doi.org/10.3103/S0147688216020076
2025-12-03 11:54:37,264 - INFO - Extracted 31431 characters from web
2025-12-03 11:54:37,264 - INFO - Web content extracted for aleinikovInformationInformationTechnologies2016: 8000 chars
2025-12-03 11:54:37,266 - INFO - Accessing: https://doi.org/10.3310/hta20650
2025-12-03 11:54:39,442 - INFO - Accessing: https://doi.org/10.1002/2015WR017378
2025-12-03 11:54:41,665 - INFO - Accessing: https://doi.org/10.1007/s10693-016-0253-2
2025-12-03 11:54:44,217 - INFO - Extracted 65702 characters from web
2025-12-03 11:54:44,217 - INFO - Web content extracted for allenEnhancingPrudentialStandards2016: 8000 chars
2025-12-03 11:54:44,219 - INFO - Accessing: https://doi.org/10.1007/978-3-319-33903-0_3
2025-12-03 11:54:46,913 - INFO - Extracted 48168 characters from web
2025-12-03 11:54:46,913 - INFO - Web content extracted for allisonnewcombFuzzyLogicUtility2016: 8000 chars
2025-12-03 11:54:46,915 - INFO - Accessing: https://doi.org/10.1053/j.ajkd.2015.09.016
2025-12-03 11:54:49,261 - INFO - Accessing: https://doi.org/10.1086/686029
2025-12-03 11:54:51,466 - INFO - Accessing: https://doi.org/10.1177/0272989X15614814
2025-12-03 11:54:53,685 - INFO - Accessing: https://doi.org/10.1177/0272989X15594369
2025-12-03 11:54:55,897 - INFO - Accessing: https://doi.org/10.1097/CCM.0000000000001971
2025-12-03 11:54:58,066 - INFO - Accessing: https://doi.org/10.1016/j.trb.2015.12.009
2025-12-03 11:55:00,429 - INFO - Accessing: https://doi.org/10.1073/pnas.1520795113
2025-12-03 11:55:02,600 - INFO - Accessing: https://doi.org/10.1093/imaman/dpw004
2025-12-03 11:55:04,802 - INFO - Accessing: https://doi.org/10.1109/JSYST.2016.2565818
2025-12-03 11:55:07,370 - INFO - Accessing: https://doi.org/10.1108/JMTM-01-2015-0005
2025-12-03 11:55:09,564 - INFO - Accessing: https://doi.org/10.1016/j.arcontrol.2016.04.019
2025-12-03 11:55:11,930 - INFO - Accessing: https://doi.org/10.1016/j.jval.2016.03.1818
2025-12-03 11:55:14,296 - INFO - Processed 40/476 entries
2025-12-03 11:55:14,296 - INFO - Accessing: https://doi.org/10.4018/IJSODIT.2016010101
2025-12-03 11:55:16,528 - WARNING - Request failed for https://doi.org/10.4018/IJSODIT.2016010101: 429 Client Error: Too Many Requests for url: https://services.igi-global.com/resolvedoi/resolve.aspx?doi=10.4018/IJSODIT.2016010101
2025-12-03 11:55:16,529 - INFO - Accessing: https://doi.org/10.1108/JMTM-11-2015-0093
2025-12-03 11:55:18,751 - INFO - Accessing: https://doi.org/10.1128/AEM.03630-15
2025-12-03 11:55:20,985 - INFO - Accessing: https://doi.org/10.1108/EJM-10-2014-0603
2025-12-03 11:55:23,151 - INFO - Accessing: https://doi.org/10.1080/23249676.2016.1178081
2025-12-03 11:55:25,391 - INFO - Accessing: https://doi.org/10.1038/nnano.2015.249
2025-12-03 11:55:28,058 - INFO - Extracted 40885 characters from web
2025-12-03 11:55:28,058 - INFO - Web content extracted for batesBalancingResearchFunding2016a: 8000 chars
2025-12-03 11:55:28,059 - INFO - Accessing: https://doi.org/10.1021/acs.est.5b03005
2025-12-03 11:55:30,245 - INFO - Accessing: https://doi.org/10.1007/978-3-319-30460-1_4
2025-12-03 11:55:33,049 - INFO - Extracted 15271 characters from web
2025-12-03 11:55:33,049 - INFO - Web content extracted for beisselEconomicAspects2016: 8000 chars
2025-12-03 11:55:33,050 - INFO - Accessing: https://doi.org/10.1007/978-3-319-30460-1_6
2025-12-03 11:55:35,933 - INFO - Extracted 15403 characters from web
2025-12-03 11:55:35,933 - INFO - Web content extracted for beisselLifecycleCybersecurityInvestments2016: 8000 chars
2025-12-03 11:55:35,934 - INFO - Accessing: https://doi.org/10.1007/978-3-319-25964-2_9
2025-12-03 11:55:38,676 - INFO - Extracted 78843 characters from web
2025-12-03 11:55:38,677 - INFO - Web content extracted for bellandiPossibilisticAssessmentProcessrelated2016: 8000 chars
2025-12-03 11:55:38,678 - INFO - Accessing: https://doi.org/10.1177/0272989X16636847
2025-12-03 11:55:40,867 - INFO - Accessing: https://doi.org/10.12688/f1000research.9470.1
2025-12-03 11:55:43,929 - INFO - Extracted 278940 characters from web
2025-12-03 11:55:43,929 - INFO - Web content extracted for bennettScienceSustainableUse2016: 8000 chars
2025-12-03 11:55:43,931 - INFO - Accessing: https://doi.org/10.1016/j.jsis.2015.12.001
2025-12-03 11:55:47,230 - INFO - Accessing: https://doi.org/10.1016/j.eswa.2016.04.024
2025-12-03 11:55:49,530 - INFO - Accessing: https://doi.org/10.3310/hta20500
2025-12-03 11:55:51,716 - INFO - Accessing: https://doi.org/10.1007/s40273-015-0346-z
2025-12-03 11:55:54,208 - INFO - Extracted 142847 characters from web
2025-12-03 11:55:54,208 - INFO - Web content extracted for bindelsUseValueInformation2016: 8000 chars
2025-12-03 11:55:54,210 - INFO - Processed 60/476 entries
2025-12-03 11:55:54,210 - INFO - Accessing: https://doi.org/10.1111/ijau.12063
2025-12-03 11:55:56,392 - INFO - Accessing: https://doi.org/10.1080/23311975.2016.1220663
2025-12-03 11:55:58,583 - INFO - Accessing: https://doi.org/10.1111/risa.12555
2025-12-03 11:56:00,773 - INFO - Accessing: https://doi.org/10.1016/j.ejor.2015.06.032
2025-12-03 11:56:03,122 - INFO - Accessing: https://doi.org/10.1016/j.ejor.2016.03.057
2025-12-03 11:56:05,500 - INFO - Accessing: https://doi.org/10.3917/sim.161.0007
2025-12-03 11:56:07,873 - INFO - Accessing: https://doi.org/10.1016/j.orp.2016.07.001
2025-12-03 11:56:10,788 - INFO - Accessing: https://doi.org/10.1146/annurev-resource-100815-095243
2025-12-03 11:56:13,071 - INFO - Accessing: https://doi.org/10.1007/s12599-016-0435-3
2025-12-03 11:56:16,093 - INFO - Extracted 101931 characters from web
2025-12-03 11:56:16,093 - INFO - Web content extracted for buhlExAnteValuation2016: 8000 chars
2025-12-03 11:56:16,094 - INFO - Accessing: https://doi.org/10.1017/S0266462316000064
2025-12-03 11:56:19,751 - INFO - Extracted 61812 characters from web
2025-12-03 11:56:19,751 - INFO - Web content extracted for buismanEarlyBirdCatches2016: 8000 chars
2025-12-03 11:56:19,752 - INFO - Accessing: https://doi.org/10.1002/ecs2.1582
2025-12-03 11:56:22,026 - INFO - Accessing: https://doi.org/10.1108/IJOPM-08-2014-0406
2025-12-03 11:56:24,276 - INFO - Accessing: https://doi.org/10.1016/j.biocon.2016.04.026
2025-12-03 11:56:26,628 - INFO - Accessing: https://doi.org/10.1016/j.biocon.2016.05.003
2025-12-03 11:56:28,897 - INFO - Processed 80/476 entries
2025-12-03 11:56:28,897 - INFO - Accessing: https://doi.org/10.1146/annurev-economics-080315-015417
2025-12-03 11:56:31,057 - INFO - Accessing: https://doi.org/10.1109/JPROC.2015.2511540
2025-12-03 11:56:33,560 - INFO - Accessing: https://doi.org/10.1080/15320383.2016.1171293
2025-12-03 11:56:35,758 - INFO - Accessing: https://doi.org/10.1093/icesjms/fsv212
2025-12-03 11:56:37,904 - INFO - Accessing: https://doi.org/10.1007/978-1-4842-0103-9_1
2025-12-03 11:56:40,608 - INFO - Extracted 54953 characters from web
2025-12-03 11:56:40,609 - INFO - Web content extracted for castro-leonCloudComputingService2016: 8000 chars
2025-12-03 11:56:40,610 - INFO - Accessing: https://doi.org/10.1016/j.techsoc.2016.02.002
2025-12-03 11:56:42,940 - INFO - Accessing: https://doi.org/10.1016/j.sorms.2016.12.001
2025-12-03 11:56:45,215 - INFO - Accessing: https://doi.org/10.1080/02626667.2016.1230674
2025-12-03 11:56:47,358 - INFO - Accessing: https://doi.org/10.1257/mic.20140241
2025-12-03 11:56:49,594 - INFO - Accessing: https://doi.org/10.1016/B978-0-12-802115-6.00016-1
2025-12-03 11:56:51,983 - INFO - Accessing: https://doi.org/10.2459/JCM.0000000000000329
2025-12-03 11:56:54,104 - INFO - Accessing: https://doi.org/10.1080/21645515.2015.1137405
2025-12-03 11:56:56,225 - INFO - Accessing: https://doi.org/10.1109/TCYB.2015.2507599
2025-12-03 11:56:58,895 - INFO - Processed 100/476 entries
2025-12-03 11:56:58,895 - INFO - Accessing: https://doi.org/10.1007/978-3-319-43976-1_10
2025-12-03 11:57:01,654 - INFO - Extracted 82696 characters from web
2025-12-03 11:57:01,655 - INFO - Web content extracted for colemanPiecingTogetherJigsaw2016: 8000 chars
2025-12-03 11:57:01,656 - INFO - Accessing: https://doi.org/10.1007/978-3-319-43976-1_6
2025-12-03 11:57:04,280 - INFO - Extracted 104936 characters from web
2025-12-03 11:57:04,281 - INFO - Web content extracted for colemanStructureEquityPrices2016: 8000 chars
2025-12-03 11:57:04,282 - INFO - Accessing: https://doi.org/10.1016/S0140-6736(16)31357-5
2025-12-03 11:57:06,563 - INFO - Accessing: https://doi.org/10.36524/ric.v2i1.251
2025-12-03 11:57:27,760 - INFO - Accessing: https://doi.org/10.1016/j.artmed.2016.01.002
2025-12-03 11:57:30,202 - INFO - Accessing: https://doi.org/10.1016/j.eswa.2016.02.050
2025-12-03 11:57:32,578 - INFO - Accessing: https://doi.org/10.1016/j.artmed.2015.09.002
2025-12-03 11:57:34,873 - INFO - Accessing: https://doi.org/10.1016/j.eswa.2015.08.052
2025-12-03 11:57:37,235 - INFO - Accessing: https://doi.org/10.17705/1jais.00427
2025-12-03 11:57:40,421 - INFO - Extracted 1944 characters from web
2025-12-03 11:57:40,421 - INFO - Web content extracted for cramInformationSystemsControl2016: 1944 chars
2025-12-03 11:57:40,421 - INFO - Accessing: https://doi.org/10.1111/risa.12443
2025-12-03 11:57:42,599 - INFO - Accessing: https://doi.org/10.1515/9783110375398-015
2025-12-03 11:57:45,174 - INFO - Extracted 13332 characters from web
2025-12-03 11:57:45,174 - INFO - Web content extracted for dalrympleWhatsNameBrief2016: 8000 chars
2025-12-03 11:57:45,175 - INFO - Accessing: https://doi.org/10.1016/j.jenvman.2016.08.078
2025-12-03 11:57:47,448 - INFO - Accessing: https://doi.org/10.1016/j.vhri.2015.11.005
2025-12-03 11:57:49,740 - INFO - Processed 120/476 entries
2025-12-03 11:57:49,740 - INFO - Accessing: https://doi.org/10.2196/jmir.5972
2025-12-03 11:57:53,014 - INFO - Extracted 141566 characters from web
2025-12-03 11:57:53,014 - INFO - Web content extracted for deandreaHowAffiliationDisclosure2016: 8000 chars
2025-12-03 11:57:53,016 - INFO - Accessing: https://doi.org/10.1007/s40273-016-0410-3
2025-12-03 11:57:55,672 - INFO - Extracted 313914 characters from web
2025-12-03 11:57:55,673 - INFO - Web content extracted for deboerCosteffectivenessVaccinationStrategies2016: 8000 chars
2025-12-03 11:57:55,674 - INFO - Accessing: https://doi.org/10.1007/s10457-016-9931-1
2025-12-03 11:57:58,215 - INFO - Extracted 47593 characters from web
2025-12-03 11:57:58,215 - INFO - Web content extracted for dembeleDavidBartonYoussouf: 8000 chars
2025-12-03 11:57:58,217 - INFO - Accessing: https://doi.org/10.1504/IJPM.2016.073387
2025-12-03 11:58:00,500 - INFO - Accessing: https://doi.org/10.1016/j.future.2014.10.012
2025-12-03 11:58:02,859 - INFO - Accessing: https://doi.org/10.1016/j.ress.2015.10.006
2025-12-03 11:58:05,224 - INFO - Accessing: https://doi.org/10.1016/j.dss.2016.03.005
2025-12-03 11:58:07,586 - INFO - Accessing: https://doi.org/10.1371/journal.pone.0157077
2025-12-03 11:58:10,866 - INFO - Extracted 173294 characters from web
2025-12-03 11:58:10,866 - INFO - Web content extracted for dinovPredictiveBigData2016: 8000 chars
2025-12-03 11:58:10,868 - INFO - Accessing: https://doi.org/10.3109/10408444.2015.1082974
2025-12-03 11:58:13,053 - INFO - Accessing: https://doi.org/10.1016/j.cose.2016.09.006
2025-12-03 11:58:15,421 - INFO - Accessing: https://doi.org/10.1002/cae.21707
2025-12-03 11:58:17,611 - INFO - Accessing: https://doi.org/10.1016/j.resconrec.2015.11.008
2025-12-03 11:58:19,993 - INFO - Accessing: https://doi.org/10.4236/ojmsi.2016.43011
2025-12-03 11:58:24,789 - INFO - Extracted 24781 characters from web
2025-12-03 11:58:24,790 - INFO - Web content extracted for elsnerSchematicSimulationHealth2016: 8000 chars
2025-12-03 11:58:24,791 - INFO - Accessing: https://doi.org/10.21511/imfi.13(3).2016.11
2025-12-03 11:58:28,368 - INFO - Extracted 3524 characters from web
2025-12-03 11:58:28,369 - INFO - Web content extracted for enersonFactorsThatInfluence2016: 3524 chars
2025-12-03 11:58:28,369 - INFO - Accessing: https://doi.org/10.2217/bmm-2016-0233
2025-12-03 11:58:30,530 - INFO - Accessing: https://doi.org/10.1007/s13595-015-0517-2
2025-12-03 11:58:33,343 - INFO - Extracted 218243 characters from web
2025-12-03 11:58:33,344 - INFO - Web content extracted for eyvindsonIntegratingRiskPreferences2016: 8000 chars
2025-12-03 11:58:33,345 - INFO - Processed 140/476 entries
2025-12-03 11:58:33,345 - INFO - Accessing: https://doi.org/10.1108/IJOPM-01-2015-0034
2025-12-03 11:58:35,570 - INFO - Accessing: https://doi.org/10.5018/economics-ejournal.ja.2016-24
2025-12-03 11:58:38,285 - INFO - Extracted 13618 characters from web
2025-12-03 11:58:38,285 - INFO - Web content extracted for falkingerOrderKnowledgeRobust2016: 8000 chars
2025-12-03 11:58:38,287 - INFO - Accessing: https://doi.org/10.1111/risa.12435
2025-12-03 11:58:40,460 - INFO - Accessing: https://doi.org/10.1108/BIJ-05-2015-0045
2025-12-03 11:58:42,691 - INFO - Accessing: https://doi.org/10.1175/WCAS-D-15-0060.1
2025-12-03 11:58:45,088 - WARNING - Some characters could not be decoded, and were replaced with REPLACEMENT CHARACTER.
2025-12-03 11:58:45,089 - INFO - Accessing: https://doi.org/10.1287/msom.2015.0561
2025-12-03 11:58:47,222 - INFO - Accessing: https://doi.org/10.1080/02755947.2015.1125975
2025-12-03 11:58:49,453 - INFO - Accessing: https://doi.org/10.1111/mms.12310
2025-12-03 11:58:51,635 - INFO - Accessing: https://doi.org/10.1016/j.techfore.2015.11.024
2025-12-03 11:58:54,530 - INFO - Accessing: https://doi.org/10.1108/MRR-09-2014-0211
2025-12-03 11:58:56,695 - INFO - Accessing: https://doi.org/10.1161/CIRCULATIONAHA.116.022047
2025-12-03 11:58:58,845 - INFO - Accessing: https://doi.org/10.1016/j.jclepro.2016.08.156
2025-12-03 11:59:01,136 - INFO - Accessing: https://doi.org/10.1016/j.jval.2016.09.286
2025-12-03 11:59:03,500 - INFO - Accessing: https://doi.org/10.1007/s40273-016-0381-4
2025-12-03 11:59:06,884 - INFO - Extracted 55498 characters from web
2025-12-03 11:59:06,884 - INFO - Web content extracted for ghabriExploringUncertaintyEconomic2016: 8000 chars
2025-12-03 11:59:06,886 - INFO - Accessing: https://doi.org/10.1371/journal.pone.0160351
2025-12-03 11:59:10,231 - INFO - Extracted 113872 characters from web
2025-12-03 11:59:10,232 - INFO - Web content extracted for goranitisTestingTreatingWomen2016a: 8000 chars
2025-12-03 11:59:10,233 - INFO - Accessing: https://doi.org/10.1016/j.jval.2016.03.1819
2025-12-03 11:59:12,569 - INFO - Accessing: https://doi.org/10.1257/aer.20150416
2025-12-03 11:59:14,783 - INFO - Processed 160/476 entries
2025-12-03 11:59:14,783 - INFO - Accessing: https://doi.org/10.1186/s12874-016-0186-3
2025-12-03 11:59:17,393 - INFO - Extracted 218882 characters from web
2025-12-03 11:59:17,394 - INFO - Web content extracted for grigoreComparisonTwoMethods2016: 8000 chars
2025-12-03 11:59:17,395 - INFO - Accessing: https://doi.org/10.1016/j.jval.2016.06.002
2025-12-03 11:59:19,641 - INFO - Accessing: https://doi.org/10.1016/j.tim.2015.10.011
2025-12-03 11:59:22,023 - INFO - Accessing: https://doi.org/10.1016/j.ejpoleco.2016.03.003
2025-12-03 11:59:24,329 - INFO - Accessing: https://doi.org/10.4018/IJEIS.2016010103
2025-12-03 11:59:26,562 - WARNING - Request failed for https://doi.org/10.4018/IJEIS.2016010103: 429 Client Error: Too Many Requests for url: https://services.igi-global.com/resolvedoi/resolve.aspx?doi=10.4018/IJEIS.2016010103
2025-12-03 11:59:26,563 - INFO - Accessing: https://doi.org/10.1007/978-3-319-27912-1_11
2025-12-03 11:59:29,145 - INFO - Extracted 69643 characters from web
2025-12-03 11:59:29,145 - INFO - Web content extracted for gutierrezConservationConflictsFuture2016: 8000 chars
2025-12-03 11:59:29,146 - INFO - Accessing: https://doi.org/10.14746/fped.2016.5.2.23
2025-12-03 11:59:31,667 - INFO - Extracted 8643 characters from web
2025-12-03 11:59:31,668 - INFO - Web content extracted for haindlmaierParticipationUrbanPolicymaking2016: 8000 chars
2025-12-03 11:59:31,669 - INFO - Accessing: https://doi.org/10.3389/fpsyt.2016.00107
2025-12-03 11:59:34,485 - INFO - Extracted 342566 characters from web
2025-12-03 11:59:34,486 - INFO - Web content extracted for hakerCanBayesianTheories2016: 8000 chars
2025-12-03 11:59:34,487 - INFO - Accessing: https://doi.org/10.1093/restud/rdw007
2025-12-03 11:59:36,639 - INFO - Accessing: https://doi.org/10.1016/j.ijggc.2016.05.007
2025-12-03 11:59:39,006 - INFO - Accessing: https://doi.org/10.1177/0962280215588245
2025-12-03 11:59:41,247 - INFO - Accessing: https://doi.org/10.1007/978-3-662-47923-0_3
2025-12-03 11:59:44,117 - INFO - Extracted 52803 characters from web
2025-12-03 11:59:44,118 - INFO - Web content extracted for heesenPreparationStrategyExecution2016: 8000 chars
2025-12-03 11:59:44,119 - INFO - Accessing: https://doi.org/10.1108/JKM-12-2015-0521
2025-12-03 11:59:46,268 - INFO - Accessing: https://doi.org/10.1016/j.cois.2016.08.005
2025-12-03 11:59:48,580 - INFO - Accessing: https://doi.org/10.1179/2047058415Y.0000000019
2025-12-03 11:59:50,712 - INFO - Accessing: https://doi.org/10.1016/j.tics.2015.12.007
2025-12-03 11:59:53,020 - INFO - Accessing: https://doi.org/10.1016/j.strueco.2016.03.004
2025-12-03 11:59:55,331 - INFO - Accessing: https://doi.org/10.1111/1468-2230.12165
2025-12-03 11:59:57,474 - INFO - Processed 180/476 entries
2025-12-03 11:59:57,474 - INFO - Accessing: https://doi.org/10.1186/s13023-016-0464-5
2025-12-03 11:59:59,898 - INFO - Extracted 214526 characters from web
2025-12-03 11:59:59,899 - INFO - Web content extracted for hilgersDirectionsNewDevelopments2016: 8000 chars
2025-12-03 11:59:59,900 - INFO - Accessing: https://doi.org/10.1086/687076
2025-12-03 12:00:02,101 - INFO - Accessing: https://doi.org/10.1111/radm.12140
2025-12-03 12:00:04,234 - INFO - Accessing: https://doi.org/10.1007/978-1-4899-7600-0_5
2025-12-03 12:00:07,083 - INFO - Extracted 118558 characters from web
2025-12-03 12:00:07,083 - INFO - Web content extracted for hoffmanComparativeEffectivenessResearch2016: 8000 chars
2025-12-03 12:00:07,085 - INFO - Accessing: https://doi.org/10.1097/SLA.0000000000001569
2025-12-03 12:00:09,159 - INFO - Accessing: https://doi.org/10.1890/15-1295
2025-12-03 12:00:11,294 - INFO - Accessing: https://doi.org/10.1007/s40708-016-0042-6
2025-12-03 12:00:13,738 - INFO - Extracted 329142 characters from web
2025-12-03 12:00:13,739 - INFO - Web content extracted for holzingerInteractiveMachineLearning2016: 8000 chars
2025-12-03 12:00:13,741 - INFO - Accessing: https://doi.org/10.1016/j.jfs.2015.12.003
2025-12-03 12:00:16,211 - INFO - Accessing: https://doi.org/10.1177/0266666915614074
2025-12-03 12:00:18,360 - INFO - Accessing: https://doi.org/10.3310/phr04100
2025-12-03 12:00:20,493 - INFO - Accessing: https://doi.org/10.1080/13658816.2015.1133819
2025-12-03 12:00:22,630 - INFO - Accessing: https://doi.org/10.4018/JGIM.2016010102
2025-12-03 12:00:24,882 - WARNING - Request failed for https://doi.org/10.4018/JGIM.2016010102: 429 Client Error: Too Many Requests for url: https://services.igi-global.com/resolvedoi/resolve.aspx?doi=10.4018/JGIM.2016010102
2025-12-03 12:00:24,884 - INFO - Accessing: https://doi.org/10.4018/JGIM.2016010103
2025-12-03 12:00:27,104 - WARNING - Request failed for https://doi.org/10.4018/JGIM.2016010103: 429 Client Error: Too Many Requests for url: https://services.igi-global.com/resolvedoi/resolve.aspx?doi=10.4018/JGIM.2016010103
2025-12-03 12:00:27,108 - INFO - Accessing: https://doi.org/10.1108/JMTM-03-2016-0033
2025-12-03 12:00:29,373 - INFO - Accessing: https://doi.org/10.1080/00207543.2016.1159744
2025-12-03 12:00:31,579 - INFO - Accessing: https://doi.org/10.1016/j.apm.2015.09.018
2025-12-03 12:00:34,008 - INFO - Processed 200/476 entries
2025-12-03 12:00:34,008 - INFO - Accessing: https://doi.org/10.1108/AJIM-11-2015-0178
2025-12-03 12:00:36,223 - INFO - Accessing: https://doi.org/10.1108/CR-03-2015-0019
2025-12-03 12:00:38,462 - INFO - Accessing: https://doi.org/10.1142/S1363919616500432
2025-12-03 12:00:40,664 - INFO - Accessing: https://doi.org/10.1049/iet-wss.2015.0132
2025-12-03 12:00:42,882 - INFO - Accessing: https://doi.org/10.1016/j.jhazmat.2016.08.016
2025-12-03 12:00:45,270 - INFO - Accessing: https://doi.org/10.1257/pol.20140160
2025-12-03 12:00:47,470 - INFO - Accessing: https://doi.org/10.1016/j.biocon.2015.12.008
2025-12-03 12:00:49,854 - INFO - Accessing: https://doi.org/10.1080/00949655.2015.1077839
2025-12-03 12:00:52,077 - INFO - Accessing: https://doi.org/10.1108/IJPDLM-07-2016-0186
2025-12-03 12:00:54,293 - INFO - Accessing: https://doi.org/10.1108/IJOPM-11-2014-0554
2025-12-03 12:00:56,521 - INFO - Accessing: https://doi.org/10.1016/j.chb.2015.07.063
2025-12-03 12:00:58,894 - INFO - Accessing: https://doi.org/10.1016/j.jbi.2016.03.015
2025-12-03 12:01:01,261 - INFO - Accessing: https://doi.org/10.1016/j.acra.2016.03.001
2025-12-03 12:01:03,613 - INFO - Processed 220/476 entries
2025-12-03 12:01:03,613 - INFO - Accessing: https://doi.org/10.2166/hydro.2016.084
2025-12-03 12:01:05,828 - INFO - Accessing: https://doi.org/10.1108/IJSHE-02-2015-0028
2025-12-03 12:01:08,078 - INFO - Accessing: https://doi.org/10.1108/IJLM-01-2013-0008
2025-12-03 12:01:10,242 - INFO - Accessing: https://doi.org/10.1016/j.fishres.2016.05.017
2025-12-03 12:01:12,929 - INFO - Accessing: https://doi.org/10.1080/16843703.2016.1189182
2025-12-03 12:01:15,089 - INFO - Accessing: https://doi.org/10.1111/1365-2664.12592
2025-12-03 12:01:17,371 - INFO - Accessing: https://doi.org/10.1016/j.irle.2016.06.001
2025-12-03 12:01:19,664 - INFO - Accessing: https://doi.org/10.1108/ITP-09-2014-0197
2025-12-03 12:01:21,825 - INFO - Accessing: https://doi.org/10.1002/gas.21930
2025-12-03 12:01:23,954 - INFO - Accessing: https://doi.org/10.1111/tbed.12522
2025-12-03 12:01:26,156 - INFO - Accessing: https://doi.org/10.1037/law0000103
2025-12-03 12:01:28,300 - INFO - Accessing: https://doi.org/10.1061/AJRUA6.0000850
2025-12-03 12:01:30,525 - INFO - Accessing: https://doi.org/10.1108/JD-10-2015-0133
2025-12-03 12:01:32,692 - INFO - Accessing: https://doi.org/10.1007/978-3-319-50137-6_7
2025-12-03 12:01:35,384 - INFO - Extracted 150676 characters from web
2025-12-03 12:01:35,384 - INFO - Web content extracted for kotthoffAlgorithmSelectionCombinatorial2016: 8000 chars
2025-12-03 12:01:35,385 - INFO - Accessing: https://doi.org/10.1007/s13349-016-0201-8
2025-12-03 12:01:38,189 - INFO - Extracted 48172 characters from web
2025-12-03 12:01:38,190 - INFO - Web content extracted for kuckartzAchievingUsercentricStructural2016: 8000 chars
2025-12-03 12:01:38,191 - INFO - Processed 240/476 entries
2025-12-03 12:01:38,191 - INFO - Accessing: https://doi.org/10.1080/13241583.2017.1350090
2025-12-03 12:01:40,352 - INFO - Accessing: https://doi.org/10.1108/QRFM-05-2016-0016
2025-12-03 12:01:42,570 - INFO - Accessing: https://doi.org/10.1139/cjfas-2014-0414
2025-12-03 12:01:44,726 - INFO - Accessing: https://doi.org/10.1016/j.maturitas.2016.05.003
2025-12-03 12:01:47,011 - INFO - Accessing: https://doi.org/10.1080/10696679.2016.1170526
2025-12-03 12:01:49,238 - INFO - Accessing: https://doi.org/10.1080/07421222.2016.1267534
2025-12-03 12:01:51,348 - INFO - Accessing: https://doi.org/10.1504/IJKBD.2016.076462
2025-12-03 12:01:53,624 - INFO - Accessing: https://doi.org/10.1016/j.irfa.2016.05.005
2025-12-03 12:01:55,940 - INFO - Accessing: https://doi.org/10.1016/j.jom.2016.06.001
2025-12-03 12:01:58,156 - INFO - Accessing: https://doi.org/10.6061/clinics/2016(11)09
2025-12-03 12:02:01,490 - INFO - Accessing: https://doi.org/10.1057/ejis.2014.39
2025-12-03 12:02:03,615 - INFO - Accessing: https://doi.org/10.1080/13696998.2016.1185013
2025-12-03 12:02:05,811 - INFO - Accessing: https://doi.org/10.1016/j.resourpol.2016.09.001
2025-12-03 12:02:08,279 - INFO - Accessing: https://doi.org/10.4301/S1807-17752016000100002
2025-12-03 12:02:11,716 - INFO - Extracted 28242 characters from web
2025-12-03 12:02:11,716 - INFO - Web content extracted for lauCasebasedRoadmapLateral2016a: 8000 chars
2025-12-03 12:02:11,718 - INFO - Accessing: https://doi.org/10.1136/openhrt-2014-000140
2025-12-03 12:02:13,901 - INFO - Accessing: https://doi.org/10.3310/hta20010
2025-12-03 12:02:16,101 - INFO - Accessing: https://doi.org/10.1108/IJAIM-06-2015-0040
2025-12-03 12:02:18,343 - INFO - Accessing: https://doi.org/10.1108/MD-12-2014-0674
2025-12-03 12:02:20,496 - INFO - Accessing: https://doi.org/10.1007/s11156-015-0526-0
2025-12-03 12:02:33,355 - INFO - Extracted 86155 characters from web
2025-12-03 12:02:33,355 - INFO - Web content extracted for leeApplicationsSimultaneousEquations2016: 8000 chars
2025-12-03 12:02:33,356 - INFO - Processed 260/476 entries
2025-12-03 12:02:33,357 - INFO - Accessing: https://doi.org/10.1177/026119291604400309
2025-12-03 12:02:35,550 - INFO - Accessing: https://doi.org/10.1007/978-3-319-39205-9_15
2025-12-03 12:02:38,275 - INFO - Extracted 15027 characters from web
2025-12-03 12:02:38,275 - INFO - Web content extracted for lepantoHospitalbasedHTACentre2016: 8000 chars
2025-12-03 12:02:38,276 - INFO - Accessing: https://doi.org/10.1108/K-07-2015-0187
2025-12-03 12:02:40,455 - INFO - Accessing: https://doi.org/10.1016/j.renene.2016.07.037
2025-12-03 12:02:42,832 - INFO - Accessing: https://doi.org/10.1109/JSYST.2016.2540648
2025-12-03 12:02:45,381 - INFO - Accessing: https://doi.org/10.1016/j.jebo.2016.05.003
2025-12-03 12:02:47,753 - INFO - Accessing: https://doi.org/10.1016/j.envpol.2015.12.030
2025-12-03 12:02:50,120 - INFO - Accessing: https://doi.org/10.1186/s12911-016-0324-1
2025-12-03 12:02:52,794 - INFO - Extracted 297967 characters from web
2025-12-03 12:02:52,794 - INFO - Web content extracted for linggHowDoesKnowledge2016: 8000 chars
2025-12-03 12:02:52,795 - INFO - Accessing: https://doi.org/10.1016/j.jclepro.2016.06.048
2025-12-03 12:02:55,124 - INFO - Accessing: https://doi.org/10.1002/asi.23371
2025-12-03 12:02:57,453 - INFO - Accessing: https://doi.org/10.1080/08276331.2016.1189684
2025-12-03 12:02:59,680 - INFO - Accessing: https://doi.org/10.1016/j.knosys.2016.01.012
2025-12-03 12:03:02,037 - INFO - Accessing: https://doi.org/10.1186/s12884-016-0971-3
2025-12-03 12:03:04,596 - INFO - Extracted 249564 characters from web
2025-12-03 12:03:04,597 - INFO - Web content extracted for luptonUseValueDigital2016: 8000 chars
2025-12-03 12:03:04,598 - INFO - Accessing: https://doi.org/10.1111/jacf.12198
2025-12-03 12:03:06,877 - INFO - Processed 280/476 entries
2025-12-03 12:03:06,877 - INFO - Accessing: https://doi.org/10.1111/hir.12151
2025-12-03 12:03:09,064 - INFO - Accessing: https://doi.org/10.1016/j.ijpe.2016.05.015
2025-12-03 12:03:11,547 - INFO - Accessing: https://doi.org/10.1016/j.strusafe.2015.10.003
2025-12-03 12:03:13,928 - INFO - Accessing: https://doi.org/10.1111/gwat.12432
2025-12-03 12:03:16,280 - INFO - Accessing: https://doi.org/10.1007/s40264-016-0432-y
2025-12-03 12:03:28,835 - INFO - Extracted 69818 characters from web
2025-12-03 12:03:28,836 - INFO - Web content extracted for mannActiveSurveillanceSpontaneous2016: 8000 chars
2025-12-03 12:03:28,837 - INFO - Accessing: https://doi.org/10.18848/2327-798X/CGP/v16i02/11-32
2025-12-03 12:03:31,585 - INFO - Accessing: https://doi.org/10.1073/pnas.1612174113
2025-12-03 12:03:33,822 - INFO - Accessing: https://doi.org/10.1080/00036846.2015.1114577
2025-12-03 12:03:36,028 - INFO - Accessing: https://doi.org/10.1007/978-3-319-39205-9_12
2025-12-03 12:03:38,728 - INFO - Extracted 357719 characters from web
2025-12-03 12:03:38,728 - INFO - Web content extracted for martinHospitalBasedHTAKnow4Go2016: 8000 chars
2025-12-03 12:03:38,730 - INFO - Accessing: https://doi.org/10.1007/s11365-014-0347-y
2025-12-03 12:03:51,301 - INFO - Extracted 153701 characters from web
2025-12-03 12:03:51,302 - INFO - Web content extracted for marygeorgeSystematicLiteratureReview2016: 8000 chars
2025-12-03 12:03:51,303 - INFO - Accessing: https://doi.org/10.25300/MISQ/2016/40.3.08
2025-12-03 12:03:53,460 - INFO - Accessing: https://doi.org/10.1504/PIE.2016.10004758
2025-12-03 12:03:57,081 - INFO - Extracted 4469 characters from web
2025-12-03 12:03:57,083 - INFO - Web content extracted for matarazzoAirMicropollutantsAnalysed2016: 4469 chars
2025-12-03 12:03:57,084 - INFO - Accessing: https://doi.org/10.1007/978-1-349-78654-1_5
2025-12-03 12:03:59,859 - INFO - Extracted 10270 characters from web
2025-12-03 12:03:59,860 - INFO - Web content extracted for maybinAnalyticalPractices2016: 8000 chars
2025-12-03 12:03:59,861 - INFO - Accessing: https://doi.org/10.1108/MIP-08-2014-0153
2025-12-03 12:04:02,097 - INFO - Accessing: https://doi.org/10.1016/j.ress.2016.05.014
2025-12-03 12:04:05,243 - INFO - Processed 300/476 entries
2025-12-03 12:04:05,243 - INFO - Accessing: https://doi.org/10.1108/JHOM-03-2015-0054
2025-12-03 12:04:07,461 - INFO - Accessing: https://doi.org/10.1016/j.cie.2016.05.025
2025-12-03 12:04:09,824 - INFO - Accessing: https://doi.org/10.1080/10410236.2014.993296
2025-12-03 12:04:12,044 - INFO - Accessing: https://doi.org/10.1177/0266666915593136
2025-12-03 12:04:14,258 - INFO - Accessing: https://doi.org/10.1016/j.jval.2016.01.015
2025-12-03 12:04:16,641 - INFO - Accessing: https://doi.org/10.1075/is.17.1.01mit
2025-12-03 12:04:21,724 - INFO - Extracted 13534 characters from web
2025-12-03 12:04:21,726 - INFO - Web content extracted for mitchellReliabilityUnreliableInformation2016: 8000 chars
2025-12-03 12:04:21,727 - INFO - Accessing: https://doi.org/10.1016/j.clinthera.2016.09.013
2025-12-03 12:04:24,070 - INFO - Accessing: https://doi.org/10.1111/oik.02792
2025-12-03 12:04:26,281 - INFO - Accessing: https://doi.org/10.3310/hta20370
2025-12-03 12:04:28,407 - INFO - Accessing: https://doi.org/10.1007/978-1-4939-3094-4_28
2025-12-03 12:04:31,124 - INFO - Extracted 151685 characters from web
2025-12-03 12:04:31,125 - INFO - Web content extracted for mortonMulticriteriaPortfolioDecision2016: 8000 chars
2025-12-03 12:04:31,127 - INFO - Accessing: https://doi.org/10.1080/00207543.2015.1131866
2025-12-03 12:04:33,223 - INFO - Accessing: https://doi.org/10.1108/IJBM-07-2015-0107
2025-12-03 12:04:35,437 - INFO - Accessing: https://doi.org/10.1007/s12599-016-0423-7
2025-12-03 12:04:37,972 - INFO - Extracted 360080 characters from web
2025-12-03 12:04:37,973 - INFO - Web content extracted for mullerDecisionSupportIT2016: 8000 chars
2025-12-03 12:04:37,975 - INFO - Accessing: https://doi.org/10.1007/s00267-016-0697-z
2025-12-03 12:04:40,379 - INFO - Extracted 306131 characters from web
2025-12-03 12:04:40,379 - INFO - Web content extracted for murphyGuidanceUseBest2016: 8000 chars
2025-12-03 12:04:40,381 - INFO - Accessing: https://doi.org/10.1007/978-3-319-33438-7_2
2025-12-03 12:04:42,943 - INFO - Extracted 94641 characters from web
2025-12-03 12:04:42,943 - INFO - Web content extracted for murthyReformEarthObservation2016: 8000 chars
2025-12-03 12:04:42,944 - INFO - Accessing: https://doi.org/10.1016/j.clinthera.2016.01.004
2025-12-03 12:04:45,217 - INFO - Accessing: https://doi.org/10.1007/s10549-016-3924-7
2025-12-03 12:04:48,289 - INFO - Extracted 224183 characters from web
2025-12-03 12:04:48,290 - INFO - Web content extracted for nerichCostUtilityAnalyses2016: 8000 chars
2025-12-03 12:04:48,291 - INFO - Processed 320/476 entries
2025-12-03 12:04:48,291 - INFO - Accessing: https://doi.org/10.1186/s12913-016-1409-3
2025-12-03 12:04:50,678 - INFO - Extracted 269471 characters from web
2025-12-03 12:04:50,678 - INFO - Web content extracted for ngalesoniCosteffectivenessMedicalPrimary2016: 8000 chars
2025-12-03 12:04:50,680 - INFO - Accessing: https://doi.org/10.1016/j.ecolind.2016.05.027
2025-12-03 12:04:52,998 - INFO - Accessing: https://doi.org/10.1002/sim.6608
2025-12-03 12:04:55,134 - INFO - Accessing: https://doi.org/10.3389/fmars.2016.00205
2025-12-03 12:04:57,899 - INFO - Extracted 145149 characters from web
2025-12-03 12:04:57,899 - INFO - Web content extracted for nygardPriceVsValue2016: 8000 chars
2025-12-03 12:04:57,900 - INFO - Accessing: https://doi.org/10.1177/1024529415623918
2025-12-03 12:04:59,988 - INFO - Accessing: https://doi.org/10.1287/mnsc.2015.2187
2025-12-03 12:05:02,191 - INFO - Accessing: https://doi.org/10.1007/s40273-015-0372-x
2025-12-03 12:05:04,788 - INFO - Extracted 57293 characters from web
2025-12-03 12:05:04,788 - INFO - Web content extracted for paisleyIdentificationEvidenceKey2016: 8000 chars
2025-12-03 12:05:04,790 - INFO - Accessing: https://doi.org/10.1186/s40814-016-0069-8
2025-12-03 12:05:07,306 - INFO - Extracted 254457 characters from web
2025-12-03 12:05:07,306 - INFO - Web content extracted for paleriFeasibilityStudyIncorporating2016: 8000 chars
2025-12-03 12:05:07,308 - INFO - Accessing: https://doi.org/10.1175/JAMC-D-15-0102.1
2025-12-03 12:05:09,407 - WARNING - Some characters could not be decoded, and were replaced with REPLACEMENT CHARACTER.
2025-12-03 12:05:09,407 - INFO - Accessing: https://doi.org/10.1108/IMDS-12-2015-0500
2025-12-03 12:05:11,616 - INFO - Accessing: https://doi.org/10.1108/JEIM-04-2015-0033
2025-12-03 12:05:13,819 - INFO - Accessing: https://doi.org/10.1016/j.rtbm.2016.01.002
2025-12-03 12:05:16,200 - INFO - Accessing: https://doi.org/10.5392/IJoC.2016.12.4.031
2025-12-03 12:05:37,574 - WARNING - Request failed for https://doi.org/10.5392/IJoC.2016.12.4.031: HTTPConnectionPool(host='koreascience.or.kr', port=80): Read timed out. (read timeout=15)
2025-12-03 12:05:37,575 - INFO - Accessing: https://doi.org/10.1108/SCM-10-2015-0386
2025-12-03 12:05:37,784 - INFO - Accessing: https://doi.org/10.1109/EMR.2016.2568979
2025-12-03 12:05:40,774 - INFO - Accessing: https://doi.org/10.1017/CBO9781107337459.025
2025-12-03 12:05:44,206 - INFO - Extracted 48671 characters from web
2025-12-03 12:05:44,206 - INFO - Web content extracted for payne23EconomicsPersonalized2016: 8000 chars
2025-12-03 12:05:44,207 - INFO - Processed 340/476 entries
2025-12-03 12:05:44,207 - INFO - Accessing: https://doi.org/10.1108/JCM-01-2015-1281
2025-12-03 12:05:46,359 - INFO - Accessing: https://doi.org/10.1287/ijoc.2015.0673
2025-12-03 12:05:48,556 - INFO - Accessing: https://doi.org/10.1016/j.accinf.2016.03.001
2025-12-03 12:05:51,034 - INFO - Accessing: https://doi.org/10.1016/j.jbusres.2016.06.006
2025-12-03 12:05:53,382 - INFO - Accessing: https://doi.org/10.2217/cer-2015-0016
2025-12-03 12:05:55,595 - INFO - Accessing: https://doi.org/10.1177/1555343415608973
2025-12-03 12:05:57,859 - INFO - Accessing: https://doi.org/10.1007/s10479-012-1077-6
2025-12-03 12:06:00,585 - INFO - Extracted 79769 characters from web
2025-12-03 12:06:00,586 - INFO - Web content extracted for powellPerspectivesApproximateDynamic2016: 8000 chars
2025-12-03 12:06:00,587 - INFO - Accessing: https://doi.org/10.1108/IJOPM-02-2014-0068
2025-12-03 12:06:02,861 - INFO - Accessing: https://doi.org/10.3310/hta20220
2025-12-03 12:06:05,215 - INFO - Accessing: https://doi.org/10.1016/j.epidem.2015.11.002
2025-12-03 12:06:07,596 - INFO - Accessing: https://doi.org/10.1111/faf.12104
2025-12-03 12:06:09,791 - INFO - Accessing: https://doi.org/10.1504/IJSCOR.2016.075896
2025-12-03 12:06:12,055 - INFO - Accessing: https://doi.org/10.1142/S1084946716500096
2025-12-03 12:06:14,252 - INFO - Accessing: https://doi.org/10.1080/00207543.2016.1173255
2025-12-03 12:06:16,378 - INFO - Accessing: https://doi.org/10.1108/QRFM-02-2016-0007
2025-12-03 12:06:18,601 - INFO - Accessing: https://doi.org/10.1016/j.ecolmodel.2015.11.022
2025-12-03 12:06:20,915 - INFO - Accessing: https://doi.org/10.1016/j.jval.2015.06.006
2025-12-03 12:06:23,212 - INFO - Accessing: https://doi.org/10.3310/hta20760
2025-12-03 12:06:25,339 - INFO - Processed 360/476 entries
2025-12-03 12:06:25,340 - INFO - Accessing: https://doi.org/10.1002/kpm.1503
2025-12-03 12:06:27,532 - INFO - Accessing: https://doi.org/10.1016/j.crm.2016.06.002
2025-12-03 12:06:29,905 - INFO - Accessing: https://doi.org/10.3233/IP-160392
2025-12-03 12:06:32,040 - INFO - Accessing: https://doi.org/10.1111/1467-8551.12106
2025-12-03 12:06:34,226 - INFO - Accessing: https://doi.org/10.1007/s10661-016-5397-x
2025-12-03 12:06:36,828 - INFO - Extracted 546865 characters from web
2025-12-03 12:06:36,829 - INFO - Web content extracted for reynoldsRoadMapDesigning2016: 8000 chars
2025-12-03 12:06:36,830 - INFO - Accessing: https://doi.org/10.1016/j.chb.2016.05.088
2025-12-03 12:06:39,127 - INFO - Accessing: https://doi.org/10.1108/AJB-08-2015-0024
2025-12-03 12:06:42,356 - INFO - Accessing: https://doi.org/10.1111/risa.12439
2025-12-03 12:06:44,594 - INFO - Accessing: https://doi.org/10.1080/02755947.2015.1103822
2025-12-03 12:06:46,795 - INFO - Accessing: https://doi.org/10.1080/1573062X.2015.1024692
2025-12-03 12:06:48,950 - INFO - Accessing: https://doi.org/10.1016/j.jnc.2016.04.005
2025-12-03 12:06:51,265 - INFO - Accessing: https://doi.org/10.1016/j.chb.2015.11.028
2025-12-03 12:06:53,649 - INFO - Accessing: https://doi.org/10.1001/jamaoncol.2015.6275
2025-12-03 12:06:56,435 - INFO - Accessing: https://doi.org/10.1071/CP16027
2025-12-03 12:07:02,701 - INFO - Extracted 964 characters from web
2025-12-03 12:07:02,701 - INFO - Web content extracted for sadrasInteractionsWaterNitrogen2016: 964 chars
2025-12-03 12:07:02,701 - INFO - Accessing: https://doi.org/10.1155/2016/6132768
2025-12-03 12:07:04,849 - INFO - Accessing: https://doi.org/10.1061/(ASCE)ST.1943-541X.0001543
2025-12-03 12:07:07,049 - INFO - Accessing: https://doi.org/10.1371/journal.pone.0147215
2025-12-03 12:07:10,470 - INFO - Extracted 161246 characters from web
2025-12-03 12:07:10,470 - INFO - Web content extracted for scannellWhenQualityBeats2016: 8000 chars
2025-12-03 12:07:10,471 - INFO - Processed 380/476 entries
2025-12-03 12:07:10,471 - INFO - Accessing: https://doi.org/10.1108/ICS-03-2014-0020
2025-12-03 12:07:12,620 - INFO - Accessing: https://doi.org/10.3233/IP-160399
2025-12-03 12:07:14,767 - INFO - Accessing: https://doi.org/10.1177/0149206314525202
2025-12-03 12:07:16,903 - INFO - Accessing: https://doi.org/10.2112/JCOASTRES-D-15-00170.1
2025-12-03 12:07:19,202 - INFO - Accessing: https://doi.org/10.1007/978-3-319-24418-1_11
2025-12-03 12:07:22,236 - INFO - Extracted 68108 characters from web
2025-12-03 12:07:22,237 - INFO - Web content extracted for sengulorgutAchievingEquityEffectiveness2016: 8000 chars
2025-12-03 12:07:22,238 - INFO - Accessing: https://doi.org/10.3982/ECTA13320
2025-12-03 12:07:25,009 - INFO - Extracted 2214 characters from web
2025-12-03 12:07:25,009 - INFO - Web content extracted for sethiCommunicationUnknownPerspectives2016: 2214 chars
2025-12-03 12:07:25,009 - INFO - Accessing: https://doi.org/10.1161/STROKEAHA.115.012325
2025-12-03 12:07:27,229 - INFO - Accessing: https://doi.org/10.15171/ijhpm.2016.48
2025-12-03 12:07:29,816 - INFO - Extracted 2966 characters from web
2025-12-03 12:07:29,817 - INFO - Web content extracted for shahHealthDepartmentsEngagement2016: 2966 chars
2025-12-03 12:07:29,817 - INFO - Accessing: https://doi.org/10.1093/ajae/aaw032
2025-12-03 12:07:31,930 - INFO - Accessing: https://doi.org/10.1016/j.cose.2015.11.001
2025-12-03 12:07:34,710 - INFO - Accessing: https://doi.org/10.1080/0144929X.2016.1141235
2025-12-03 12:07:36,967 - INFO - Accessing: https://doi.org/10.1515/jms-2016-0002
2025-12-03 12:07:39,731 - INFO - Extracted 4544 characters from web
2025-12-03 12:07:39,731 - INFO - Web content extracted for sharmaBayesianBeliefNetwork2016: 4544 chars
2025-12-03 12:07:39,732 - INFO - Accessing: https://doi.org/10.1016/j.jom.2015.10.001
2025-12-03 12:07:41,944 - INFO - Accessing: https://doi.org/10.1108/JEIM-03-2014-0031
2025-12-03 12:07:44,434 - INFO - Accessing: https://doi.org/10.1561/101.00000074
2025-12-03 12:07:46,882 - INFO - Extracted 737 characters from web
2025-12-03 12:07:46,883 - INFO - Web content extracted for shawEnvironmentalNaturalResource2016: 737 chars
2025-12-03 12:07:46,883 - INFO - Accessing: https://doi.org/10.1504/IJIR.2016.082325
2025-12-03 12:07:49,170 - INFO - Accessing: https://doi.org/10.1177/0972150916656692
2025-12-03 12:07:51,323 - INFO - Processed 400/476 entries
2025-12-03 12:07:51,324 - INFO - Accessing: https://doi.org/10.1016/j.cageo.2016.07.020
2025-12-03 12:07:54,230 - INFO - Accessing: https://doi.org/10.1007/s10514-015-9502-8
2025-12-03 12:07:57,010 - INFO - Extracted 50150 characters from web
2025-12-03 12:07:57,010 - INFO - Web content extracted for somersHumanRobotPlanning2016: 8000 chars
2025-12-03 12:07:57,012 - INFO - Accessing: https://doi.org/10.1155/2016/8963214
2025-12-03 12:07:59,147 - INFO - Accessing: https://doi.org/10.1007/978-3-662-48858-4_1
2025-12-03 12:08:01,848 - INFO - Extracted 53924 characters from web
2025-12-03 12:08:01,848 - INFO - Web content extracted for sorigueramartiHighwayTravelTime2016: 8000 chars
2025-12-03 12:08:01,850 - INFO - Accessing: https://doi.org/10.1890/14-2430.1/suppinfo
2025-12-03 12:08:04,080 - INFO - Accessing: https://doi.org/10.1108/IJPDLM-07-2015-0164
2025-12-03 12:08:06,304 - INFO - Accessing: https://doi.org/10.3310/hta20100
2025-12-03 12:08:08,532 - INFO - Accessing: https://doi.org/10.1108/IJPDLM-07-2015-0175
2025-12-03 12:08:10,796 - INFO - Accessing: https://doi.org/10.1108/BIJ-03-2015-0023
2025-12-03 12:08:13,147 - INFO - Accessing: https://doi.org/10.12011/1000-6788(2016)10-2449-16
2025-12-03 12:08:16,119 - INFO - Accessing: https://doi.org/10.1108/JSIT-03-2016-0019
2025-12-03 12:08:18,363 - INFO - Accessing: https://doi.org/10.1016/j.ejor.2015.11.010
2025-12-03 12:08:20,747 - INFO - Accessing: https://doi.org/10.1016/j.ijpe.2015.09.042
2025-12-03 12:08:23,132 - INFO - Accessing: https://doi.org/10.1108/JSIT-07-2015-0062
2025-12-03 12:08:25,400 - INFO - Accessing: https://doi.org/10.1111/cogs.12259
2025-12-03 12:08:27,603 - INFO - Processed 420/476 entries
2025-12-03 12:08:27,603 - INFO - Accessing: https://doi.org/10.5897/JPHE2016.0833
2025-12-03 12:08:29,892 - INFO - Accessing: https://doi.org/10.1177/0272989X15586552
2025-12-03 12:08:32,137 - INFO - Accessing: https://doi.org/10.1002/agr.21449
2025-12-03 12:08:34,352 - INFO - Accessing: https://doi.org/10.1016/j.indmarman.2015.11.004
2025-12-03 12:08:36,798 - INFO - Accessing: https://doi.org/10.1016/j.enpol.2015.07.010
2025-12-03 12:08:39,179 - INFO - Accessing: https://doi.org/10.1016/j.jval.2016.03.1817
2025-12-03 12:08:41,604 - INFO - Accessing: https://doi.org/10.1177/2381468316642238
2025-12-03 12:08:43,833 - INFO - Accessing: https://doi.org/10.1016/j.biocon.2016.04.023
2025-12-03 12:08:46,227 - INFO - Accessing: https://doi.org/10.1186/s12917-016-0804-7
2025-12-03 12:08:49,111 - INFO - Extracted 341059 characters from web
2025-12-03 12:08:49,111 - INFO - Web content extracted for uehlingerSystematicReviewManagement2016: 8000 chars
2025-12-03 12:08:49,112 - INFO - Accessing: https://doi.org/10.3996/032015-JFWM-023
2025-12-03 12:08:51,443 - INFO - Accessing: https://doi.org/10.1016/j.ijhcs.2016.05.001
2025-12-03 12:08:53,812 - INFO - Accessing: https://doi.org/10.1093/humrep/dew229
2025-12-03 12:08:56,038 - INFO - Accessing: https://doi.org/10.1007/s10530-016-1175-5
2025-12-03 12:08:58,699 - INFO - Extracted 62460 characters from web
2025-12-03 12:08:58,699 - INFO - Web content extracted for vanklinkenExpertsKnowMore2016: 8000 chars
2025-12-03 12:08:58,701 - INFO - Accessing: https://doi.org/10.1016/j.jval.2016.03.1820
2025-12-03 12:09:01,047 - INFO - Accessing: https://doi.org/10.1504/IJLSM.2016.078915
2025-12-03 12:09:03,354 - INFO - Accessing: https://doi.org/10.3917/sim.163.0063
2025-12-03 12:09:05,872 - INFO - Processed 440/476 entries
2025-12-03 12:09:05,872 - INFO - Accessing: https://doi.org/10.1016/j.jbusres.2016.03.043
2025-12-03 12:09:08,233 - INFO - Accessing: https://doi.org/10.1186/s12902-016-0097-7
2025-12-03 12:09:10,817 - INFO - Extracted 286555 characters from web
2025-12-03 12:09:10,818 - INFO - Web content extracted for wallnerCostEffectivenessValue2016: 8000 chars
2025-12-03 12:09:10,819 - INFO - Accessing: https://doi.org/10.1007/978-3-319-24418-1_7
2025-12-03 12:09:13,437 - INFO - Extracted 42350 characters from web
2025-12-03 12:09:13,437 - INFO - Web content extracted for waltonHowHumanitarianCulture2016: 8000 chars
2025-12-03 12:09:13,439 - INFO - Accessing: https://doi.org/10.1016/j.ijpe.2016.03.014
2025-12-03 12:09:15,715 - INFO - Accessing: https://doi.org/10.1016/j.dss.2016.03.006
2025-12-03 12:09:18,073 - INFO - Accessing: https://doi.org/10.1108/BFJ-11-2015-0423
2025-12-03 12:09:20,302 - INFO - Accessing: https://doi.org/10.1007/978-1-4939-3094-4_29
2025-12-03 12:09:22,957 - INFO - Extracted 71332 characters from web
2025-12-03 12:09:22,957 - INFO - Web content extracted for weistrofferMultipleCriteriaDecision2016a: 8000 chars
2025-12-03 12:09:22,958 - INFO - Accessing: https://doi.org/10.1016/j.jval.2016.03.1821
2025-12-03 12:09:25,304 - INFO - Accessing: https://doi.org/10.1177/1077801216631439
2025-12-03 12:09:27,514 - INFO - Accessing: https://doi.org/10.1016/j.jval.2015.12.009
2025-12-03 12:09:29,870 - INFO - Accessing: https://doi.org/10.1016/j.biocon.2016.01.012
2025-12-03 12:09:32,272 - INFO - Accessing: https://doi.org/10.1177/0272989X15622186
2025-12-03 12:09:34,456 - INFO - Accessing: https://doi.org/10.3109/10408444.2015.1082973
2025-12-03 12:09:36,614 - INFO - Accessing: https://doi.org/10.1108/IJLM-02-2014-0035
2025-12-03 12:09:38,810 - INFO - Accessing: https://doi.org/10.1186/s13173-016-0042-7
2025-12-03 12:09:41,360 - INFO - Extracted 227738 characters from web
2025-12-03 12:09:41,361 - INFO - Web content extracted for xavierRainGaugeSimulator2016: 8000 chars
2025-12-03 12:09:41,363 - INFO - Accessing: https://doi.org/10.1108/SCM-07-2015-0278
2025-12-03 12:09:43,528 - INFO - Accessing: https://doi.org/10.1007/s10479-013-1505-2
2025-12-03 12:09:46,116 - INFO - Extracted 46966 characters from web
2025-12-03 12:09:46,116 - INFO - Web content extracted for xieOptimizingProductService2016: 8000 chars
2025-12-03 12:09:46,118 - INFO - Accessing: https://doi.org/10.1080/21681015.2016.1155182
2025-12-03 12:09:48,290 - INFO - Processed 460/476 entries
2025-12-03 12:09:48,291 - INFO - Accessing: https://doi.org/10.3390/s16081300
2025-12-03 12:09:50,479 - INFO - Accessing: https://doi.org/10.1177/1748006X15599125
2025-12-03 12:09:52,609 - INFO - Accessing: https://doi.org/10.1007/s40261-016-0444-5
2025-12-03 12:09:55,681 - INFO - Extracted 69220 characters from web
2025-12-03 12:09:55,681 - INFO - Web content extracted for yanCostEffectivenessApixaban2016: 8000 chars
2025-12-03 12:09:55,683 - INFO - Accessing: https://doi.org/10.1007/s10799-015-0216-6
2025-12-03 12:09:58,203 - INFO - Extracted 63595 characters from web
2025-12-03 12:09:58,203 - INFO - Web content extracted for yangClinicalDecisionSupport2016: 8000 chars
2025-12-03 12:09:58,204 - INFO - Accessing: https://doi.org/10.1016/j.jbusres.2015.08.011
2025-12-03 12:10:00,522 - INFO - Accessing: https://doi.org/10.1016/j.eswa.2016.05.005
2025-12-03 12:10:02,883 - INFO - Accessing: https://doi.org/10.1016/j.ins.2016.05.042
2025-12-03 12:10:05,250 - INFO - Accessing: https://doi.org/10.1371/journal.pone.0146003
2025-12-03 12:10:08,424 - INFO - Extracted 91031 characters from web
2025-12-03 12:10:08,425 - INFO - Web content extracted for zafariCosteffectivenessBronchialThermoplasty2016: 8000 chars
2025-12-03 12:10:08,426 - INFO - Accessing: https://doi.org/10.1007/978-3-319-27823-0_2
2025-12-03 12:10:11,097 - INFO - Extracted 64193 characters from web
2025-12-03 12:10:11,097 - INFO - Web content extracted for zhangChallengesDevelopingInteroperable2016: 8000 chars
2025-12-03 12:10:11,099 - INFO - Accessing: https://doi.org/10.1016/j.joi.2016.05.003
2025-12-03 12:10:13,432 - INFO - Accessing: https://doi.org/10.1080/10580530.2016.1220218
2025-12-03 12:10:15,629 - INFO - Accessing: https://doi.org/10.1080/17477891.2016.1140631
2025-12-03 12:10:17,851 - INFO - Accessing: https://doi.org/10.1016/j.tre.2015.10.010
2025-12-03 12:10:20,135 - INFO - Accessing: https://doi.org/10.1016/j.cageo.2016.02.001
2025-12-03 12:10:22,540 - INFO - Accessing: https://doi.org/10.1016/j.ress.2016.04.008
2025-12-03 12:10:25,562 - INFO - Processing papers_2017.bib: 446 entries
2025-12-03 12:10:25,563 - INFO - Accessing: https://doi.org/10.1111/jep.12635
2025-12-03 12:10:27,084 - INFO - Accessing: https://doi.org/10.1108/LR-09-2016-0082
2025-12-03 12:10:29,352 - INFO - Accessing: https://doi.org/10.1016/j.jval.2017.08.3064
2025-12-03 12:10:31,690 - INFO - Accessing: https://doi.org/10.4301/S1807-17752017000200002
2025-12-03 12:10:34,753 - INFO - Extracted 11738 characters from web
2025-12-03 12:10:34,753 - INFO - Web content extracted for aliAnalysisInteractionBusiness2017: 8000 chars
2025-12-03 12:10:34,755 - INFO - Accessing: https://doi.org/10.1016/j.ejor.2016.11.046
2025-12-03 12:10:37,105 - INFO - Accessing: https://doi.org/10.1080/09537287.2017.1309712
2025-12-03 12:10:39,287 - INFO - Accessing: https://doi.org/10.3356/JRR-16-76.1
2025-12-03 12:10:41,635 - INFO - Accessing: https://doi.org/10.1080/17517575.2016.1161238
2025-12-03 12:10:43,818 - INFO - Accessing: https://doi.org/10.1080/07350015.2015.1084309
2025-12-03 12:10:46,000 - INFO - Accessing: https://doi.org/10.1016/j.vaccine.2017.05.001
2025-12-03 12:10:48,347 - INFO - Accessing: https://doi.org/10.1108/JAMR-07-2016-0058
2025-12-03 12:10:50,558 - INFO - Accessing: https://doi.org/10.2308/ajpt-51684
2025-12-03 12:10:52,934 - INFO - Accessing: https://doi.org/10.1016/j.rser.2016.10.043
2025-12-03 12:10:55,359 - INFO - Accessing: https://doi.org/10.1016/j.cor.2016.09.016
2025-12-03 12:10:57,751 - INFO - Accessing: https://doi.org/10.1080/23308249.2016.1209160
2025-12-03 12:10:59,939 - INFO - Accessing: https://doi.org/10.1016/j.ssci.2016.08.004
2025-12-03 12:11:02,248 - INFO - Accessing: https://doi.org/10.1111/poms.12641
2025-12-03 12:11:04,475 - INFO - Processed 20/446 entries
2025-12-03 12:11:04,475 - INFO - Accessing: https://doi.org/10.3846/16111699.2017.1342272
2025-12-03 12:11:07,737 - INFO - Extracted 11507 characters from web
2025-12-03 12:11:07,738 - INFO - Web content extracted for attamillsScaledStableMeanvarianceEVaR2017: 8000 chars
2025-12-03 12:11:07,739 - INFO - Accessing: https://doi.org/10.1007/s13198-017-0628-2
2025-12-03 12:11:10,552 - INFO - Extracted 53337 characters from web
2025-12-03 12:11:10,553 - INFO - Web content extracted for azadehOptimizationSupplierSelection2017: 8000 chars
2025-12-03 12:11:10,554 - INFO - Accessing: https://doi.org/10.7490/f1000research.1113909.1
2025-12-03 12:11:13,135 - INFO - Extracted 37865 characters from web
2025-12-03 12:11:13,136 - INFO - Web content extracted for baalHumanResourceConstraints2017: 8000 chars
2025-12-03 12:11:13,137 - INFO - Accessing: https://doi.org/10.1108/MD-12-2015-0557
2025-12-03 12:11:15,336 - INFO - Accessing: https://doi.org/10.1287/deca.2017.0350
2025-12-03 12:11:17,563 - INFO - Accessing: https://doi.org/10.1016/j.jval.2017.08.2222
2025-12-03 12:11:19,864 - INFO - Accessing: https://doi.org/10.1016/j.jclepro.2017.07.224
2025-12-03 12:11:22,154 - INFO - Accessing: https://doi.org/10.1007/s10479-016-2318-x
2025-12-03 12:11:24,773 - INFO - Extracted 66361 characters from web
2025-12-03 12:11:24,774 - INFO - Web content extracted for benamorValueAdditionalInformation2017: 8000 chars
2025-12-03 12:11:24,775 - INFO - Accessing: https://doi.org/10.1177/0018726716686400
2025-12-03 12:11:26,879 - INFO - Accessing: https://doi.org/10.1080/14660466.2017.1364081
2025-12-03 12:11:29,063 - INFO - Accessing: https://doi.org/10.18374/IJSM-17-2.2
2025-12-03 12:11:34,074 - INFO - Extracted 1814 characters from web
2025-12-03 12:11:34,074 - INFO - Web content extracted for bhandariSmacingAdvantageStrategic2017: 1814 chars
2025-12-03 12:11:34,075 - INFO - Accessing: https://doi.org/10.1061/(ASCE)WR.1943-5452.0000802
2025-12-03 12:11:36,183 - INFO - Accessing: https://doi.org/10.1108/JAMR-09-2016-0071
2025-12-03 12:11:38,324 - INFO - Accessing: https://doi.org/10.1111/2041-210X.12703
2025-12-03 12:11:40,471 - INFO - Accessing: https://doi.org/10.1002/ecs2.1979
2025-12-03 12:11:42,845 - INFO - Processed 40/446 entries
2025-12-03 12:11:42,846 - INFO - Accessing: https://doi.org/10.1016/j.jval.2017.08.2225
2025-12-03 12:11:45,827 - INFO - Accessing: https://doi.org/10.1371/journal.pcbi.1005318
2025-12-03 12:11:49,026 - INFO - Extracted 109689 characters from web
2025-12-03 12:11:49,027 - INFO - Web content extracted for bradburyQuantifyingValuePerfect2017: 8000 chars
2025-12-03 12:11:49,028 - INFO - Accessing: https://doi.org/10.1016/j.euroecorev.2017.06.014
2025-12-03 12:11:51,360 - INFO - Accessing: https://doi.org/10.1186/s13063-017-2352-2
2025-12-03 12:11:53,897 - INFO - Extracted 378340 characters from web
2025-12-03 12:11:53,897 - INFO - Web content extracted for brealeyUnitedKingdomFrozen2017: 8000 chars
2025-12-03 12:11:53,900 - INFO - Accessing: https://doi.org/10.1016/j.jval.2017.08.2238
2025-12-03 12:11:56,209 - INFO - Accessing: https://doi.org/10.1007/s40273-017-0486-4
2025-12-03 12:11:58,734 - INFO - Extracted 60645 characters from web
2025-12-03 12:11:58,735 - INFO - Web content extracted for brockbankEconomicEvaluationsNew2017: 8000 chars
2025-12-03 12:11:58,736 - INFO - Accessing: https://doi.org/10.1016/j.jval.2017.04.001
2025-12-03 12:12:01,023 - INFO - Accessing: https://doi.org/10.1007/s40273-016-0467-z
2025-12-03 12:12:03,589 - INFO - Extracted 216787 characters from web
2025-12-03 12:12:03,590 - INFO - Web content extracted for broekhuizenWeighingClinicalEvidence2017: 8000 chars
2025-12-03 12:12:03,591 - INFO - Accessing: https://doi.org/10.1175/WCAS-D-16-0034.1
2025-12-03 12:12:05,710 - WARNING - Some characters could not be decoded, and were replaced with REPLACEMENT CHARACTER.
2025-12-03 12:12:05,711 - INFO - Accessing: https://doi.org/10.1108/JPIF-10-2016-0078
2025-12-03 12:12:07,874 - INFO - Accessing: https://doi.org/10.1016/j.ijar.2016.12.016
2025-12-03 12:12:10,158 - INFO - Accessing: https://doi.org/10.1111/faf.12184
2025-12-03 12:12:12,337 - INFO - Accessing: https://doi.org/10.1038/ejhg.2017.66
2025-12-03 12:12:14,840 - INFO - Extracted 49084 characters from web
2025-12-03 12:12:14,840 - INFO - Web content extracted for burnsAttitudesKnowledgeConsequences2017: 8000 chars
2025-12-03 12:12:14,841 - INFO - Accessing: https://doi.org/10.1016/j.energy.2016.12.087
2025-12-03 12:12:17,202 - INFO - Accessing: https://doi.org/10.1177/0272989X17711933
2025-12-03 12:12:19,331 - INFO - Accessing: https://doi.org/10.1177/0893318916687397
2025-12-03 12:12:21,519 - INFO - Accessing: https://doi.org/10.5194/hess-21-3071-2017
2025-12-03 12:12:23,784 - INFO - Extracted 7827 characters from web
2025-12-03 12:12:23,785 - INFO - Web content extracted for chacon-hurtadoRainfallStreamflowSensor2017: 7827 chars
2025-12-03 12:12:23,786 - INFO - Accessing: https://doi.org/10.1007/s12080-016-0313-0
2025-12-03 12:12:26,541 - INFO - Extracted 108251 characters from web
2025-12-03 12:12:26,541 - INFO - Web content extracted for chadesOptimizationMethodsSolve2017: 8000 chars
2025-12-03 12:12:26,542 - INFO - Processed 60/446 entries
2025-12-03 12:12:26,543 - INFO - Accessing: https://doi.org/10.4018/IJISSCM.2017070103
2025-12-03 12:12:28,598 - WARNING - Request failed for https://doi.org/10.4018/IJISSCM.2017070103: 429 Client Error: Too Many Requests for url: http://services.igi-global.com/resolvedoi/resolve.aspx?doi=10.4018/IJISSCM.2017070103
2025-12-03 12:12:28,599 - INFO - Accessing: https://doi.org/10.1108/ITP-08-2014-0181
2025-12-03 12:12:30,804 - INFO - Accessing: https://doi.org/10.1111/inr.12317
2025-12-03 12:12:32,933 - INFO - Accessing: https://doi.org/10.1007/s41066-017-0039-4
2025-12-03 12:12:36,138 - INFO - Extracted 574891 characters from web
2025-12-03 12:12:36,139 - INFO - Web content extracted for chatterjeeUnifiedGranularnumberbasedAHPVIKOR2017: 8000 chars
2025-12-03 12:12:36,140 - INFO - Accessing: https://doi.org/10.1108/CAER-01-2017-0006
2025-12-03 12:12:38,281 - INFO - Accessing: https://doi.org/10.1177/1077699016629371
2025-12-03 12:12:40,485 - INFO - Accessing: https://doi.org/10.1057/jit.2015.26
2025-12-03 12:12:42,673 - INFO - Accessing: https://doi.org/10.1108/EL-03-2016-0062
2025-12-03 12:12:44,927 - INFO - Accessing: https://doi.org/10.1016/j.knosys.2017.01.008
2025-12-03 12:12:47,320 - INFO - Accessing: https://doi.org/10.1108/JSTP-03-2015-0063
2025-12-03 12:12:49,535 - INFO - Accessing: https://doi.org/10.1016/j.cor.2016.11.011
2025-12-03 12:12:51,919 - INFO - Accessing: https://doi.org/10.1177/0272989X16670605
2025-12-03 12:12:54,118 - INFO - Accessing: https://doi.org/10.1111/rssb.12225
2025-12-03 12:12:56,330 - INFO - Accessing: https://doi.org/10.4172/2151-6219.1000298
2025-12-03 12:12:59,353 - INFO - Accessing: https://doi.org/10.1371/journal.pone.0172731
2025-12-03 12:13:02,564 - INFO - Extracted 136118 characters from web
2025-12-03 12:13:02,565 - INFO - Web content extracted for clarkeMultiarmCosteffectivenessAnalysis2017: 8000 chars
2025-12-03 12:13:02,567 - INFO - Accessing: https://doi.org/10.1080/07421222.2017.1334474
2025-12-03 12:13:04,661 - INFO - Accessing: https://doi.org/10.1186/s12911-017-0415-7
2025-12-03 12:13:07,290 - INFO - Extracted 235766 characters from web
2025-12-03 12:13:07,290 - INFO - Web content extracted for cliffordWhatInformationUsed2017: 8000 chars
2025-12-03 12:13:07,291 - INFO - Accessing: https://doi.org/10.1007/s10669-016-9618-1
2025-12-03 12:13:09,728 - INFO - Extracted 91223 characters from web
2025-12-03 12:13:09,729 - INFO - Web content extracted for collierValueChainNextgeneration2017: 8000 chars
2025-12-03 12:13:09,730 - INFO - Processed 80/446 entries
2025-12-03 12:13:09,730 - INFO - Accessing: https://doi.org/10.1007/s10393-016-1117-9
2025-12-03 12:13:12,375 - INFO - Extracted 64117 characters from web
2025-12-03 12:13:12,376 - INFO - Web content extracted for converseModelInformManagement2017: 8000 chars
2025-12-03 12:13:12,377 - INFO - Accessing: https://doi.org/10.1016/j.biocon.2017.07.004
2025-12-03 12:13:14,721 - INFO - Accessing: https://doi.org/10.1088/1748-9326/aa7037
2025-12-03 12:13:18,031 - INFO - Extracted 267266 characters from web
2025-12-03 12:13:18,032 - INFO - Web content extracted for craigProposalAmendingAdministrative2017: 8000 chars
2025-12-03 12:13:18,033 - INFO - Accessing: https://doi.org/10.1016/j.ibusrev.2017.04.009
2025-12-03 12:13:20,449 - INFO - Accessing: https://doi.org/10.1177/0170840616670441
2025-12-03 12:13:22,583 - INFO - Accessing: https://doi.org/10.1007/s11548-017-1531-7
2025-12-03 12:13:25,141 - INFO - Extracted 52879 characters from web
2025-12-03 12:13:25,142 - INFO - Web content extracted for cypkoValidationWorkflowClinical2017: 8000 chars
2025-12-03 12:13:25,143 - INFO - Accessing: https://doi.org/10.1002/sim.7322
2025-12-03 12:13:29,318 - INFO - Accessing: https://doi.org/10.1016/j.ress.2017.02.002
2025-12-03 12:13:31,634 - INFO - Accessing: https://doi.org/10.1016/j.chb.2016.10.025
2025-12-03 12:13:33,997 - INFO - Accessing: https://doi.org/10.1257/aer.20140782
2025-12-03 12:13:36,243 - INFO - Accessing: https://doi.org/10.1093/imaman/dpw021
2025-12-03 12:13:38,518 - INFO - Accessing: https://doi.org/10.1016/j.tree.2016.10.011
2025-12-03 12:13:40,903 - INFO - Accessing: https://doi.org/10.1016/j.ress.2016.10.002
2025-12-03 12:13:43,185 - INFO - Accessing: https://doi.org/10.1016/j.ecoser.2017.09.005
2025-12-03 12:13:45,564 - INFO - Accessing: https://doi.org/10.1016/j.vaccine.2017.08.006
2025-12-03 12:13:48,000 - INFO - Accessing: https://doi.org/10.1002/cpt.663
2025-12-03 12:13:50,279 - INFO - Accessing: https://doi.org/10.1093/icesjms/fsw199
2025-12-03 12:13:52,495 - INFO - Accessing: https://doi.org/10.51599/is.2017.03.02.09
2025-12-03 12:13:55,014 - INFO - Extracted 8424 characters from web
2025-12-03 12:13:55,016 - INFO - Web content extracted for dimitrovaStudyNeedsContinuing2017: 8000 chars
2025-12-03 12:13:55,018 - INFO - Processed 100/446 entries
2025-12-03 12:13:55,018 - INFO - Accessing: https://doi.org/10.1016/j.tra.2017.09.020
2025-12-03 12:13:57,340 - INFO - Accessing: https://doi.org/10.1016/j.jval.2017.08.2241
2025-12-03 12:13:59,661 - INFO - Accessing: https://doi.org/10.1016/j.lungcan.2016.05.024
2025-12-03 12:14:02,064 - INFO - Accessing: https://doi.org/10.1108/ITP-11-2015-0272
2025-12-03 12:14:04,234 - INFO - Accessing: https://doi.org/10.1080/01972243.2017.1318325
2025-12-03 12:14:06,366 - INFO - Accessing: https://doi.org/10.1109/JSAC.2017.2695738
2025-12-03 12:14:09,500 - INFO - Accessing: https://doi.org/10.1002/cbm.2031
2025-12-03 12:14:11,693 - INFO - Accessing: https://doi.org/10.1080/09640568.2016.1197105
2025-12-03 12:14:13,888 - INFO - Accessing: https://doi.org/10.1515/demo-2017-0015
2025-12-03 12:14:16,780 - INFO - Extracted 10174 characters from web
2025-12-03 12:14:16,782 - INFO - Web content extracted for duranteVinePhilosopherInterview2017: 8000 chars
2025-12-03 12:14:16,783 - INFO - Accessing: https://doi.org/10.1016/j.marpol.2017.07.002
2025-12-03 12:14:19,140 - INFO - Accessing: https://doi.org/10.1007/s10530-017-1406-4
2025-12-03 12:14:21,974 - INFO - Extracted 508264 characters from web
2025-12-03 12:14:21,975 - INFO - Web content extracted for epanchin-niellEconomicsInvasiveSpecies2017: 8000 chars
2025-12-03 12:14:21,976 - INFO - Accessing: https://doi.org/10.1016/j.cor.2017.03.003
2025-12-03 12:14:24,187 - INFO - Accessing: https://doi.org/10.1016/j.jspi.2016.08.005
2025-12-03 12:14:26,546 - INFO - Accessing: https://doi.org/10.1080/07352689.2017.1336047
2025-12-03 12:14:28,685 - INFO - Accessing: https://doi.org/10.1177/0272989X16645577
2025-12-03 12:14:30,864 - INFO - Accessing: https://doi.org/10.1017/9781316676714.011
2025-12-03 12:14:34,580 - INFO - Extracted 31489 characters from web
2025-12-03 12:14:34,581 - INFO - Web content extracted for farrowRiskInformedBenefitcost2017: 8000 chars
2025-12-03 12:14:34,582 - INFO - Accessing: https://doi.org/10.1016/j.healthpol.2017.06.006
2025-12-03 12:14:36,828 - INFO - Accessing: https://doi.org/10.1177/0734242X16683270
2025-12-03 12:14:38,991 - INFO - Accessing: https://doi.org/10.1016/j.ijinfomgt.2016.11.004
2025-12-03 12:14:41,459 - INFO - Processed 120/446 entries
2025-12-03 12:14:41,459 - INFO - Accessing: https://doi.org/10.1016/j.ress.2017.01.026
2025-12-03 12:14:43,816 - INFO - Accessing: https://doi.org/10.1016/j.jval.2017.08.1826
2025-12-03 12:14:46,188 - INFO - Accessing: https://doi.org/10.1108/IJOPM-06-2015-0366
2025-12-03 12:14:48,441 - INFO - Accessing: https://doi.org/10.1016/j.biocon.2017.02.023
2025-12-03 12:14:50,814 - INFO - Accessing: https://doi.org/10.1089/aivt.2017.0015
2025-12-03 12:14:53,021 - INFO - Accessing: https://doi.org/10.1108/IJRDM-06-2015-0076
2025-12-03 12:14:55,233 - INFO - Accessing: https://doi.org/10.1016/j.jmsy.2017.01.003
2025-12-03 12:14:58,754 - INFO - Accessing: https://doi.org/10.1177/0141076817690395
2025-12-03 12:15:00,985 - INFO - Accessing: https://doi.org/10.1257/aer.20160194
2025-12-03 12:15:03,199 - INFO - Accessing: https://doi.org/10.3310/hta21110
2025-12-03 12:15:05,414 - INFO - Accessing: https://doi.org/10.1108/ECAM-11-2015-0181
2025-12-03 12:15:07,632 - INFO - Accessing: https://doi.org/10.6007/IJAREMS/v6-i1/2617
2025-12-03 12:15:11,271 - INFO - Extracted 1325 characters from web
2025-12-03 12:15:11,271 - INFO - Web content extracted for ghaniEffectInformationAsymmetry2017: 1325 chars
2025-12-03 12:15:11,272 - INFO - Accessing: https://doi.org/10.1016/j.jsis.2017.06.001
2025-12-03 12:15:13,638 - INFO - Accessing: https://doi.org/10.1016/j.ssci.2016.08.023
2025-12-03 12:15:16,027 - INFO - Accessing: https://doi.org/10.1257/jel.20151245
2025-12-03 12:15:18,230 - INFO - Accessing: https://doi.org/10.4018/IJPMAT.2017070101
2025-12-03 12:15:20,458 - WARNING - Request failed for https://doi.org/10.4018/IJPMAT.2017070101: 429 Client Error: Too Many Requests for url: https://services.igi-global.com/resolvedoi/resolve.aspx?doi=10.4018/IJPMAT.2017070101
2025-12-03 12:15:20,459 - INFO - Accessing: https://doi.org/10.5465/amj.2014.1041
2025-12-03 12:15:22,699 - INFO - Processed 140/446 entries
2025-12-03 12:15:22,700 - INFO - Accessing: https://doi.org/10.1007/s10742-016-0148-6
2025-12-03 12:15:25,420 - INFO - Extracted 107417 characters from web
2025-12-03 12:15:25,422 - INFO - Web content extracted for gonenWillingnessPayVitro2017: 8000 chars
2025-12-03 12:15:25,424 - INFO - Accessing: https://doi.org/10.1177/0272989X16678844
2025-12-03 12:15:27,569 - INFO - Accessing: https://doi.org/10.1016/j.techfore.2016.10.012
2025-12-03 12:15:29,958 - INFO - Accessing: https://doi.org/10.1002/fee.1481
2025-12-03 12:15:32,145 - INFO - Accessing: https://doi.org/10.1016/j.cognition.2017.03.004
2025-12-03 12:15:34,513 - INFO - Accessing: https://doi.org/10.1177/0272989X16686766
2025-12-03 12:15:36,651 - INFO - Accessing: https://doi.org/10.1007/s40273-017-0562-9
2025-12-03 12:15:39,277 - INFO - Extracted 238610 characters from web
2025-12-03 12:15:39,278 - INFO - Web content extracted for grimmHTARiskAnalysis2017: 8000 chars
2025-12-03 12:15:39,279 - INFO - Accessing: https://doi.org/10.2118/184409-PA
2025-12-03 12:15:41,701 - INFO - Accessing: https://doi.org/10.1177/2053434517747908
2025-12-03 12:15:43,948 - INFO - Accessing: https://doi.org/10.1016/j.ijpe.2017.06.005
2025-12-03 12:15:46,313 - INFO - Accessing: https://doi.org/10.1016/j.tre.2016.12.008
2025-12-03 12:15:48,695 - INFO - Accessing: https://doi.org/10.1177/1747493016669887
2025-12-03 12:15:50,911 - INFO - Accessing: https://doi.org/10.1007/s40745-016-0097-5
2025-12-03 12:15:54,511 - INFO - Extracted 74719 characters from web
2025-12-03 12:15:54,513 - INFO - Web content extracted for hadizadehMeasureSCMBullwhip2017: 8000 chars
2025-12-03 12:15:54,514 - INFO - Accessing: https://doi.org/10.1080/17509653.2016.1173601
2025-12-03 12:15:56,697 - INFO - Accessing: https://doi.org/10.1109/MGRS.2016.2625100
2025-12-03 12:15:59,900 - INFO - Accessing: https://doi.org/10.1016/j.ejor.2016.11.047
2025-12-03 12:16:02,258 - INFO - Accessing: https://doi.org/10.1504/IJAOM.2017.086673
2025-12-03 12:16:04,616 - INFO - Processed 160/446 entries
2025-12-03 12:16:04,616 - INFO - Accessing: https://doi.org/10.1177/0272989X16686767
2025-12-03 12:16:06,860 - INFO - Accessing: https://doi.org/10.1007/s40273-016-0460-6
2025-12-03 12:16:09,516 - INFO - Extracted 121497 characters from web
2025-12-03 12:16:09,517 - INFO - Web content extracted for hatswellEconomicEvaluationsPharmaceuticals2017: 8000 chars
2025-12-03 12:16:09,518 - INFO - Accessing: https://doi.org/10.1007/s10799-016-0269-1
2025-12-03 12:16:12,194 - INFO - Extracted 137356 characters from web
2025-12-03 12:16:12,194 - INFO - Web content extracted for heiligInformationSystemsSeaports2017: 8000 chars
2025-12-03 12:16:12,195 - INFO - Accessing: https://doi.org/10.1108/ITP-01-2014-0017
2025-12-03 12:16:14,392 - INFO - Accessing: https://doi.org/10.48084/etasr.1039
2025-12-03 12:16:17,889 - INFO - Extracted 35594 characters from web
2025-12-03 12:16:17,889 - INFO - Web content extracted for hernandezSupplyChainCooperation2017: 8000 chars
2025-12-03 12:16:17,891 - INFO - Accessing: https://doi.org/10.4301/S1807-17752017000300007
2025-12-03 12:16:21,075 - INFO - Extracted 38502 characters from web
2025-12-03 12:16:21,075 - INFO - Web content extracted for herouxExploringInfluenceExecutive2017: 8000 chars
2025-12-03 12:16:21,078 - INFO - Accessing: https://doi.org/10.1016/j.jbi.2017.01.010
2025-12-03 12:16:23,447 - INFO - Accessing: https://doi.org/10.3310/hta21070
2025-12-03 12:16:25,585 - INFO - Accessing: https://doi.org/10.1039/C7EN00429J
2025-12-03 12:16:29,308 - INFO - Extracted 5044 characters from web
2025-12-03 12:16:29,309 - INFO - Web content extracted for hicksUsingMultiCriteria2017: 5044 chars
2025-12-03 12:16:29,310 - INFO - Accessing: https://doi.org/10.1109/ACCESS.2017.2649042
2025-12-03 12:16:32,276 - INFO - Accessing: https://doi.org/10.1097/JFN.0000000000000136
2025-12-03 12:16:34,409 - INFO - Accessing: https://doi.org/10.1007/s10661-017-6129-6
2025-12-03 12:16:37,175 - INFO - Extracted 52512 characters from web
2025-12-03 12:16:37,176 - INFO - Web content extracted for hosseiniBayesianMaximumEntropybased2017: 8000 chars
2025-12-03 12:16:37,177 - INFO - Accessing: https://doi.org/10.1007/s10640-017-0166-z
2025-12-03 12:16:39,651 - INFO - Extracted 475984 characters from web
2025-12-03 12:16:39,652 - INFO - Web content extracted for howardFewNotFar2017: 8000 chars
2025-12-03 12:16:39,653 - INFO - Accessing: https://doi.org/10.1016/j.ijpe.2017.06.008
2025-12-03 12:16:41,950 - INFO - Accessing: https://doi.org/10.1108/JGOSS-07-2016-0022
2025-12-03 12:16:44,198 - INFO - Accessing: https://doi.org/10.1108/IMDS-08-2016-0344
2025-12-03 12:16:46,419 - INFO - Accessing: https://doi.org/10.1016/j.jretconser.2017.08.011
2025-12-03 12:16:48,777 - INFO - Accessing: https://doi.org/10.1016/j.reseneeco.2017.01.001
2025-12-03 12:16:51,143 - INFO - Accessing: https://doi.org/10.1111/nph.14488
2025-12-03 12:16:53,301 - INFO - Accessing: https://doi.org/10.1108/AJIM-09-2016-0148
2025-12-03 12:16:55,706 - INFO - Processed 180/446 entries
2025-12-03 12:16:55,707 - INFO - Accessing: https://doi.org/10.1007/s40273-017-0509-1
2025-12-03 12:16:58,136 - INFO - Extracted 309978 characters from web
2025-12-03 12:16:58,138 - INFO - Web content extracted for ijzermanEmergingUseEarly2017a: 8000 chars
2025-12-03 12:16:58,140 - INFO - Accessing: https://doi.org/10.1080/09537287.2017.1309710
2025-12-03 12:17:00,208 - INFO - Accessing: https://doi.org/10.1177/0272989X16639900
2025-12-03 12:17:02,436 - INFO - Accessing: https://doi.org/10.1186/s12885-017-3603-z
2025-12-03 12:17:05,069 - INFO - Extracted 229778 characters from web
2025-12-03 12:17:05,070 - INFO - Web content extracted for jahnPersonalizedTreatmentWomen2017: 8000 chars
2025-12-03 12:17:05,071 - INFO - Accessing: https://doi.org/10.1177/1687814017723835
2025-12-03 12:17:07,277 - INFO - Accessing: https://doi.org/10.1016/j.ecolecon.2017.03.004
2025-12-03 12:17:09,587 - INFO - Accessing: https://doi.org/10.1016/j.jom.2017.04.001
2025-12-03 12:17:11,787 - INFO - Accessing: https://doi.org/10.1002/mp.12340
2025-12-03 12:17:14,016 - INFO - Accessing: https://doi.org/10.1177/0272989X17696998
2025-12-03 12:17:16,221 - INFO - Accessing: https://doi.org/10.1186/s40663-017-0089-8
2025-12-03 12:17:18,771 - INFO - Extracted 509097 characters from web
2025-12-03 12:17:18,772 - INFO - Web content extracted for karvonenIndicatorsToolsAssessing2017: 8000 chars
2025-12-03 12:17:18,773 - INFO - Accessing: https://doi.org/10.1016/j.jpubeco.2017.01.003
2025-12-03 12:17:21,100 - INFO - Accessing: https://doi.org/10.1186/s12913-017-2003-z
2025-12-03 12:17:23,636 - INFO - Extracted 209562 characters from web
2025-12-03 12:17:23,637 - INFO - Web content extracted for kearnsCosteffectivenessChangesCare2017: 8000 chars
2025-12-03 12:17:23,638 - INFO - Accessing: https://doi.org/10.1136/bmjopen-2016-013460
2025-12-03 12:17:25,831 - INFO - Accessing: https://doi.org/10.1142/S2425038416300147
2025-12-03 12:17:27,988 - INFO - Accessing: https://doi.org/10.1177/1740774517723588
2025-12-03 12:17:30,186 - INFO - Accessing: https://doi.org/10.1002/2016WR019981
2025-12-03 12:17:32,334 - INFO - Accessing: https://doi.org/10.1108/JAOC-11-2015-0086
2025-12-03 12:17:35,566 - INFO - Accessing: https://doi.org/10.1108/MF-08-2016-0232
2025-12-03 12:17:37,795 - INFO - Accessing: https://doi.org/10.1007/s11081-017-9365-2
2025-12-03 12:17:40,457 - INFO - Extracted 150841 characters from web
2025-12-03 12:17:40,458 - INFO - Web content extracted for khorOptimizationMethodsPetroleum2017: 8000 chars
2025-12-03 12:17:40,460 - INFO - Processed 200/446 entries
2025-12-03 12:17:40,460 - INFO - Accessing: https://doi.org/10.1186/s13561-017-0170-6
2025-12-03 12:17:43,168 - INFO - Extracted 179614 characters from web
2025-12-03 12:17:43,169 - INFO - Web content extracted for khoudigian-sinaniPremarketAssessmentCosteffectiveness2017: 8000 chars
2025-12-03 12:17:43,170 - INFO - Accessing: https://doi.org/10.1080/08920753.2017.1327345
2025-12-03 12:17:45,260 - INFO - Accessing: https://doi.org/10.1016/j.vaccine.2017.08.085
2025-12-03 12:17:48,047 - INFO - Accessing: https://doi.org/10.1111/risa.12606
2025-12-03 12:17:50,187 - INFO - Accessing: https://doi.org/10.1111/conl.12324
2025-12-03 12:17:52,533 - INFO - Accessing: https://doi.org/10.1002/2017WR021036
2025-12-03 12:17:54,659 - INFO - Accessing: https://doi.org/10.1080/14719037.2016.1209235
2025-12-03 12:17:56,796 - INFO - Accessing: https://doi.org/10.1371/journal.pone.0175411
2025-12-03 12:17:59,754 - INFO - Extracted 207376 characters from web
2025-12-03 12:17:59,756 - INFO - Web content extracted for koneffEvaluationHarvestInformation2017: 8000 chars
2025-12-03 12:17:59,758 - INFO - Accessing: https://doi.org/10.1002/2017EF000663
2025-12-03 12:18:01,886 - INFO - Accessing: https://doi.org/10.1111/mice.12286
2025-12-03 12:18:04,091 - INFO - Accessing: https://doi.org/10.1108/IJLM-01-2015-0010
2025-12-03 12:18:06,316 - INFO - Accessing: https://doi.org/10.17705/1jais.00462
2025-12-03 12:18:09,576 - INFO - Extracted 1659 characters from web
2025-12-03 12:18:09,576 - INFO - Web content extracted for kulkarniBusinessIntelligenceCapability2017: 1659 chars
2025-12-03 12:18:09,577 - INFO - Accessing: https://doi.org/10.2118/184392-PA
2025-12-03 12:18:11,761 - INFO - Accessing: https://doi.org/10.1108/BIJ-03-2016-0041
2025-12-03 12:18:14,004 - INFO - Accessing: https://doi.org/10.1002/sd.1678
2025-12-03 12:18:16,207 - INFO - Accessing: https://doi.org/10.1111/lest.12176
2025-12-03 12:18:19,645 - INFO - Extracted 216362 characters from web
2025-12-03 12:18:19,647 - INFO - Web content extracted for laiChangingFunctionPatents2017: 8000 chars
2025-12-03 12:18:19,649 - INFO - Accessing: https://doi.org/10.1007/s11004-017-9676-z
2025-12-03 12:18:22,233 - INFO - Extracted 167175 characters from web
2025-12-03 12:18:22,234 - INFO - Web content extracted for lamghariMinePlanningOil2017: 8000 chars
2025-12-03 12:18:22,235 - INFO - Accessing: https://doi.org/10.1016/j.arcontrol.2017.04.001
2025-12-03 12:18:25,041 - INFO - Accessing: https://doi.org/10.1177/2046147X17694937
2025-12-03 12:18:27,180 - INFO - Processed 220/446 entries
2025-12-03 12:18:27,180 - INFO - Accessing: https://doi.org/10.3310/hta21800
2025-12-03 12:18:29,367 - INFO - Accessing: https://doi.org/10.1086/693444
2025-12-03 12:18:34,120 - INFO - Extracted 27147 characters from web
2025-12-03 12:18:34,120 - INFO - Web content extracted for levinsteinPragmatistsGuideEpistemic2017: 8000 chars
2025-12-03 12:18:34,121 - INFO - Accessing: https://doi.org/10.1080/02664763.2016.1266466
2025-12-03 12:18:36,231 - INFO - Accessing: https://doi.org/10.1287/isre.2017.0711
2025-12-03 12:18:38,382 - INFO - Accessing: https://doi.org/10.1108/JBIM-09-2015-0171
2025-12-03 12:18:40,621 - INFO - Accessing: https://doi.org/10.1515/phys-2017-0027
2025-12-03 12:18:43,537 - INFO - Extracted 159330 characters from web
2025-12-03 12:18:43,538 - INFO - Web content extracted for liDemandForecastingInformation2017: 8000 chars
2025-12-03 12:18:43,539 - INFO - Accessing: https://doi.org/10.1080/13873954.2016.1242140
2025-12-03 12:18:45,628 - INFO - Accessing: https://doi.org/10.1007/s11859-017-1277-7
2025-12-03 12:18:48,657 - INFO - Extracted 22517 characters from web
2025-12-03 12:18:48,657 - INFO - Web content extracted for liEmergencyScenarioReconstruction2017: 8000 chars
2025-12-03 12:18:48,659 - INFO - Accessing: https://doi.org/10.1073/pnas.1617482114
2025-12-03 12:18:50,849 - INFO - Accessing: https://doi.org/10.1016/j.apm.2017.03.031
2025-12-03 12:18:53,592 - INFO - Accessing: https://doi.org/10.1007/s11222-015-9623-0
2025-12-03 12:18:56,451 - INFO - Extracted 97274 characters from web
2025-12-03 12:18:56,451 - INFO - Web content extracted for lilleborgeEfficientDesignsBayesian2017: 8000 chars
2025-12-03 12:18:56,453 - INFO - Accessing: https://doi.org/10.1108/IJLM-01-2016-0023
2025-12-03 12:18:58,606 - INFO - Accessing: https://doi.org/10.1108/AJIM-08-2016-0127
2025-12-03 12:19:00,834 - INFO - Accessing: https://doi.org/10.25300/MISQ/2017/41.3.09
2025-12-03 12:19:03,267 - INFO - Accessing: https://doi.org/10.1177/0954410016653502
2025-12-03 12:19:05,488 - INFO - Accessing: https://doi.org/10.1109/TEM.2017.2686489
2025-12-03 12:19:08,743 - INFO - Accessing: https://doi.org/10.1108/JFBM-05-2017-0011
2025-12-03 12:19:11,055 - INFO - Accessing: https://doi.org/10.1504/IJRAM.2017.082566
2025-12-03 12:19:13,289 - INFO - Accessing: https://doi.org/10.1016/j.ins.2017.03.008
2025-12-03 12:19:15,632 - INFO - Processed 240/446 entries
2025-12-03 12:19:15,632 - INFO - Accessing: https://doi.org/10.1108/JEIM-02-2016-0060
2025-12-03 12:19:17,807 - INFO - Accessing: https://doi.org/10.21511/im.13(4).2017.03
2025-12-03 12:19:21,459 - INFO - Extracted 6876 characters from web
2025-12-03 12:19:21,460 - INFO - Web content extracted for m.dubasEffectiveDesignAssessment2017: 6876 chars
2025-12-03 12:19:21,461 - INFO - Accessing: https://doi.org/10.1016/j.eswa.2017.07.008
2025-12-03 12:19:23,746 - INFO - Accessing: https://doi.org/10.1007/s13280-016-0888-0
2025-12-03 12:19:26,361 - INFO - Extracted 330430 characters from web
2025-12-03 12:19:26,363 - INFO - Web content extracted for madsenImplementationFirstAdaptive2017: 8000 chars
2025-12-03 12:19:26,364 - INFO - Accessing: https://doi.org/10.1007/s10333-016-0545-z
2025-12-03 12:19:29,201 - INFO - Extracted 69644 characters from web
2025-12-03 12:19:29,202 - INFO - Web content extracted for maedaGISaidedTwophaseGrey2017: 8000 chars
2025-12-03 12:19:29,204 - INFO - Accessing: https://doi.org/10.1080/00207543.2016.1252864
2025-12-03 12:19:31,277 - INFO - Accessing: https://doi.org/10.1016/j.jval.2017.08.1827
2025-12-03 12:19:33,569 - INFO - Accessing: https://doi.org/10.1016/j.cor.2017.01.018
2025-12-03 12:19:35,922 - INFO - Accessing: https://doi.org/10.1080/13675567.2016.1241220
2025-12-03 12:19:38,123 - INFO - Accessing: https://doi.org/10.4338/ACI2017050078
2025-12-03 12:19:41,304 - INFO - Extracted 19095 characters from web
2025-12-03 12:19:41,304 - INFO - Web content extracted for maritzInternationalClassificationFunctioning2017: 8000 chars
2025-12-03 12:19:41,307 - INFO - Accessing: https://doi.org/10.1504/IJISM.2017.086242
2025-12-03 12:19:43,567 - INFO - Accessing: https://doi.org/10.1108/JD-07-2016-0094
2025-12-03 12:19:45,742 - INFO - Accessing: https://doi.org/10.21511/ppm.15(2).2017.12
2025-12-03 12:19:50,472 - INFO - Extracted 21943 characters from web
2025-12-03 12:19:50,473 - INFO - Web content extracted for mbheleEngineeringPatternsSupply2017: 8000 chars
2025-12-03 12:19:50,474 - INFO - Accessing: https://doi.org/10.1007/s40273-017-0552-y
2025-12-03 12:19:53,055 - INFO - Extracted 56156 characters from web
2025-12-03 12:19:53,056 - INFO - Web content extracted for mccullaghExaminingFeasibilityUtility2017: 8000 chars
2025-12-03 12:19:53,057 - INFO - Accessing: https://doi.org/10.1016/j.jsis.2017.01.001
2025-12-03 12:19:55,437 - INFO - Accessing: https://doi.org/10.1108/BJM-01-2017-0017
2025-12-03 12:19:57,662 - INFO - Accessing: https://doi.org/10.1504/IJLSM.2017.081961
2025-12-03 12:20:00,205 - INFO - Accessing: https://doi.org/10.25115/eea.v35i2.2473
2025-12-03 12:20:03,304 - INFO - Extracted 18962 characters from web
2025-12-03 12:20:03,304 - INFO - Web content extracted for menendezForecastingPerformanceInformation2017: 8000 chars
2025-12-03 12:20:03,307 - INFO - Processed 260/446 entries
2025-12-03 12:20:03,307 - INFO - Accessing: https://doi.org/10.1016/j.jval.2017.08.1829
2025-12-03 12:20:05,646 - INFO - Accessing: https://doi.org/10.1016/j.omega.2016.12.004
2025-12-03 12:20:08,026 - INFO - Accessing: https://doi.org/10.1108/EJIM-10-2015-0103
2025-12-03 12:20:10,249 - INFO - Accessing: https://doi.org/10.1089/biores.2016.0046
2025-12-03 12:20:12,473 - INFO - Accessing: https://doi.org/10.1111/1365-2664.12887
2025-12-03 12:20:14,813 - INFO - Accessing: https://doi.org/10.1504/IJLC.2017.084228
2025-12-03 12:20:17,113 - INFO - Accessing: https://doi.org/10.1016/j.ctrv.2016.11.008
2025-12-03 12:20:19,484 - INFO - Accessing: https://doi.org/10.1109/ACCESS.2017.2707091
2025-12-03 12:20:22,478 - INFO - Accessing: https://doi.org/10.3389/fncom.2017.00080
2025-12-03 12:20:25,491 - INFO - Extracted 285757 characters from web
2025-12-03 12:20:25,491 - INFO - Web content extracted for moenne-loccozModelingSearchBehaviors2017: 8000 chars
2025-12-03 12:20:25,493 - INFO - Accessing: https://doi.org/10.1016/j.jobe.2016.11.012
2025-12-03 12:20:27,800 - INFO - Accessing: https://doi.org/10.1016/j.ijdrr.2017.05.003
2025-12-03 12:20:30,162 - INFO - Accessing: https://doi.org/10.1016/j.jval.2017.08.2240
2025-12-03 12:20:32,532 - INFO - Accessing: https://doi.org/10.1016/j.jfineco.2016.04.004
2025-12-03 12:20:34,896 - INFO - Accessing: https://doi.org/10.1002/eap.1515
2025-12-03 12:20:37,123 - INFO - Accessing: https://doi.org/10.1007/s00268-017-4022-7
2025-12-03 12:20:39,648 - INFO - Accessing: https://doi.org/10.1016/j.envsci.2017.08.021
2025-12-03 12:20:41,990 - INFO - Accessing: https://doi.org/10.1016/j.jval.2017.08.2220
2025-12-03 12:20:44,336 - INFO - Processed 280/446 entries
2025-12-03 12:20:44,336 - INFO - Accessing: https://doi.org/10.1504/IJMEI.2017.086900
2025-12-03 12:20:46,590 - INFO - Accessing: https://doi.org/10.1016/j.wasman.2017.06.047
2025-12-03 12:20:48,963 - INFO - Accessing: https://doi.org/10.1016/j.ijproman.2017.01.010
2025-12-03 12:20:51,314 - INFO - Accessing: https://doi.org/10.1108/IJQSS-02-2017-0007
2025-12-03 12:20:53,543 - INFO - Accessing: https://doi.org/10.1016/j.jval.2017.08.1824
2025-12-03 12:20:55,919 - INFO - Accessing: https://doi.org/10.4102/sajim.v19i1.781
2025-12-03 12:20:59,511 - INFO - Extracted 1978 characters from web
2025-12-03 12:20:59,511 - INFO - Web content extracted for naickerLinkageInformationQuality2017: 1978 chars
2025-12-03 12:20:59,512 - INFO - Accessing: https://doi.org/10.1108/BPMJ-09-2015-0130
2025-12-03 12:21:01,729 - INFO - Accessing: https://doi.org/10.1177/0272989X16650669
2025-12-03 12:21:03,966 - INFO - Accessing: https://doi.org/10.1016/j.fishres.2017.08.005
2025-12-03 12:21:06,361 - INFO - Accessing: https://doi.org/10.1111/risa.12604
2025-12-03 12:21:08,577 - INFO - Accessing: https://doi.org/10.1016/j.jenvman.2016.11.073
2025-12-03 12:21:10,946 - INFO - Accessing: https://doi.org/10.1016/j.marpolbul.2016.08.064
2025-12-03 12:21:13,296 - INFO - Accessing: https://doi.org/10.1108/ITP-09-2014-0204
2025-12-03 12:21:15,515 - INFO - Accessing: https://doi.org/10.1080/00207543.2016.1229069
2025-12-03 12:21:20,968 - INFO - Accessing: https://doi.org/10.4172/2472-1042.1000111
2025-12-03 12:21:23,987 - INFO - Accessing: https://doi.org/10.24190/ISSN2564-615X/2017/02.08
2025-12-03 12:21:27,333 - INFO - Extracted 2756 characters from web
2025-12-03 12:21:27,333 - INFO - Web content extracted for nuijtenEarlyPhaseValue2017: 2756 chars
2025-12-03 12:21:27,335 - INFO - Accessing: https://doi.org/10.1590/0104-530X0762-15
2025-12-03 12:21:31,903 - INFO - Extracted 155410 characters from web
2025-12-03 12:21:31,903 - INFO - Web content extracted for oliveiraITCapabilitiesBusiness2017: 8000 chars
2025-12-03 12:21:31,905 - INFO - Accessing: https://doi.org/10.1007/978-981-10-3713-9_3
2025-12-03 12:21:34,430 - INFO - Extracted 102796 characters from web
2025-12-03 12:21:34,431 - INFO - Web content extracted for onodaInnovationEarthObservations2017: 8000 chars
2025-12-03 12:21:34,433 - INFO - Accessing: https://doi.org/10.1016/j.ress.2017.04.013
2025-12-03 12:21:36,826 - INFO - Processed 300/446 entries
2025-12-03 12:21:36,826 - INFO - Accessing: https://doi.org/10.1016/j.artint.2015.04.001
2025-12-03 12:21:39,106 - INFO - Accessing: https://doi.org/10.1080/21681015.2016.1243166
2025-12-03 12:21:41,239 - INFO - Accessing: https://doi.org/10.1016/j.cor.2016.11.018
2025-12-03 12:21:43,607 - INFO - Accessing: https://doi.org/10.1016/j.ijpe.2017.02.017
2025-12-03 12:21:45,966 - INFO - Accessing: https://doi.org/10.1016/j.ssci.2017.01.011
2025-12-03 12:21:48,258 - INFO - Accessing: https://doi.org/10.1016/j.ecocom.2016.12.005
2025-12-03 12:21:50,630 - INFO - Accessing: https://doi.org/10.1111/2041-210X.12744
2025-12-03 12:21:52,818 - INFO - Accessing: https://doi.org/10.1016/j.jhealeco.2017.06.010
2025-12-03 12:21:55,121 - INFO - Accessing: https://doi.org/10.1111/1752-1688.12555
2025-12-03 12:21:57,246 - INFO - Accessing: https://doi.org/10.1016/j.jclinepi.2017.06.015
2025-12-03 12:21:59,612 - INFO - Accessing: https://doi.org/10.1007/s11069-016-2437-3
2025-12-03 12:22:02,306 - INFO - Extracted 92086 characters from web
2025-12-03 12:22:02,307 - INFO - Web content extracted for pittorePerspectivesGlobalDynamic2017: 8000 chars
2025-12-03 12:22:02,308 - INFO - Accessing: https://doi.org/10.1016/j.cliser.2017.06.006
2025-12-03 12:22:04,642 - INFO - Accessing: https://doi.org/10.1108/BIJ-06-2016-0100
2025-12-03 12:22:07,037 - INFO - Accessing: https://doi.org/10.1061/(ASCE)IS.1943-555X.0000376
2025-12-03 12:22:09,253 - INFO - Accessing: https://doi.org/10.1108/EC-03-2016-0109
2025-12-03 12:22:11,470 - INFO - Accessing: https://doi.org/10.1504/IJISE.2017.085756
2025-12-03 12:22:13,941 - INFO - Accessing: https://doi.org/10.1016/j.fishres.2017.02.004
2025-12-03 12:22:16,301 - INFO - Accessing: https://doi.org/10.1016/j.chb.2017.05.025
2025-12-03 12:22:18,601 - INFO - Accessing: https://doi.org/10.1057/s41274-016-0134-y
2025-12-03 12:22:20,792 - INFO - Accessing: https://doi.org/10.1093/ajae/aax028
2025-12-03 12:22:22,982 - INFO - Processed 320/446 entries
2025-12-03 12:22:22,982 - INFO - Accessing: https://doi.org/10.1155/2017/8301316
2025-12-03 12:22:25,222 - INFO - Accessing: https://doi.org/10.1136/bmjopen-2016-014849
2025-12-03 12:22:27,435 - INFO - Accessing: https://doi.org/10.1186/s12962-017-0069-4
2025-12-03 12:22:29,992 - INFO - Extracted 261342 characters from web
2025-12-03 12:22:29,993 - INFO - Web content extracted for raffertyEconomicEvaluationsVaccines2017: 8000 chars
2025-12-03 12:22:29,994 - INFO - Accessing: https://doi.org/10.1016/j.cie.2017.09.043
2025-12-03 12:22:32,315 - INFO - Accessing: https://doi.org/10.1007/s00170-017-0118-3
2025-12-03 12:22:34,832 - INFO - Extracted 76618 characters from web
2025-12-03 12:22:34,833 - INFO - Web content extracted for rajeshAnalyzingDriversRisks2017: 8000 chars
2025-12-03 12:22:34,835 - INFO - Accessing: https://doi.org/10.1108/IJOPM-03-2015-0153
2025-12-03 12:22:36,997 - INFO - Accessing: https://doi.org/10.1007/s10618-016-0469-7
2025-12-03 12:22:39,528 - INFO - Extracted 100027 characters from web
2025-12-03 12:22:39,528 - INFO - Web content extracted for ramirez-loaizaActiveLearningEmpirical2017: 8000 chars
2025-12-03 12:22:39,529 - INFO - Accessing: https://doi.org/10.1016/j.jval.2017.05.013
2025-12-03 12:22:41,784 - INFO - Accessing: https://doi.org/10.1016/j.jval.2017.04.016
2025-12-03 12:22:44,070 - INFO - Accessing: https://doi.org/10.1016/j.mbs.2017.05.005
2025-12-03 12:22:46,430 - INFO - Accessing: https://doi.org/10.5038/1944-0472.10.1.1528
2025-12-03 12:22:50,032 - INFO - Extracted 3703 characters from web
2025-12-03 12:22:50,032 - INFO - Web content extracted for reidTacticalStrategicDeception2017: 3703 chars
2025-12-03 12:22:50,033 - INFO - Accessing: https://doi.org/10.1016/j.jval.2017.08.2239
2025-12-03 12:22:52,374 - INFO - Accessing: https://doi.org/10.1007/s10479-016-2204-6
2025-12-03 12:22:55,016 - INFO - Extracted 67200 characters from web
2025-12-03 12:22:55,017 - INFO - Web content extracted for renComparativeStudyFashion2017: 8000 chars
2025-12-03 12:22:55,018 - INFO - Accessing: https://doi.org/10.7490/f1000research.1113914.1
2025-12-03 12:22:57,747 - INFO - Extracted 38728 characters from web
2025-12-03 12:22:57,748 - INFO - Web content extracted for revillCosteffectivenessThresholdsGuiding2017: 8000 chars
2025-12-03 12:22:57,750 - INFO - Accessing: https://doi.org/10.1016/j.jal.2016.11.010
2025-12-03 12:23:00,066 - INFO - Accessing: https://doi.org/10.1002/hec.3467
2025-12-03 12:23:02,356 - INFO - Accessing: https://doi.org/10.1016/j.cose.2016.10.009
2025-12-03 12:23:04,718 - INFO - Processed 340/446 entries
2025-12-03 12:23:04,719 - INFO - Accessing: https://doi.org/10.1146/annurev-anthro-102116-041244
2025-12-03 12:23:06,982 - INFO - Accessing: https://doi.org/10.1306/06281616060
2025-12-03 12:23:09,327 - INFO - Accessing: https://doi.org/10.1017/9781139019606.016
2025-12-03 12:23:12,697 - INFO - Extracted 32185 characters from web
2025-12-03 12:23:12,698 - INFO - Web content extracted for runge15WalueInformation2017: 8000 chars
2025-12-03 12:23:12,699 - INFO - Accessing: https://doi.org/10.7882/AZ.2016.003
2025-12-03 12:23:15,703 - INFO - Accessing: https://doi.org/10.1111/gcb.13457
2025-12-03 12:23:17,892 - INFO - Accessing: https://doi.org/10.1016/j.jmsy.2017.09.003
2025-12-03 12:23:20,312 - INFO - Accessing: https://doi.org/10.3201/eid2301.161452
2025-12-03 12:23:25,576 - INFO - Accessing: https://doi.org/10.1007/s10897-017-0095-6
2025-12-03 12:23:27,765 - INFO - Accessing: https://doi.org/10.1016/j.rser.2016.09.046
2025-12-03 12:23:30,109 - INFO - Accessing: https://doi.org/10.1007/s40273-017-0533-1
2025-12-03 12:23:32,840 - INFO - Extracted 60969 characters from web
2025-12-03 12:23:32,842 - INFO - Web content extracted for sallehDiscreteEventSimulationbased2017: 8000 chars
2025-12-03 12:23:32,843 - INFO - Accessing: https://doi.org/10.1080/10835547.2017.12090455
2025-12-03 12:23:34,931 - INFO - Accessing: https://doi.org/10.1016/j.eswa.2017.04.037
2025-12-03 12:23:37,303 - INFO - Accessing: https://doi.org/10.1007/s11115-015-0326-y
2025-12-03 12:23:39,708 - INFO - Extracted 233696 characters from web
2025-12-03 12:23:39,709 - INFO - Web content extracted for samsetExAnteProject2017: 8000 chars
2025-12-03 12:23:39,710 - INFO - Accessing: https://doi.org/10.1108/IJPDLM-12-2015-0303
2025-12-03 12:23:41,930 - INFO - Accessing: https://doi.org/10.1016/j.ijepes.2017.01.017
2025-12-03 12:23:44,278 - INFO - Accessing: https://doi.org/10.1016/j.hlc.2017.02.003
2025-12-03 12:23:46,654 - INFO - Accessing: https://doi.org/10.1007/s00182-016-0551-9
2025-12-03 12:23:49,346 - INFO - Extracted 110656 characters from web
2025-12-03 12:23:49,347 - INFO - Web content extracted for schultePreselectionExpertAdvice2017: 8000 chars
2025-12-03 12:23:49,348 - INFO - Accessing: https://doi.org/10.17705/1CAIS.04128
2025-12-03 12:23:52,547 - INFO - Extracted 1537 characters from web
2025-12-03 12:23:52,551 - INFO - Web content extracted for sederaMultidisciplinaryGreenIT2017: 1537 chars
2025-12-03 12:23:52,552 - INFO - Processed 360/446 entries
2025-12-03 12:23:52,553 - INFO - Accessing: https://doi.org/10.18632/oncotarget.16985
2025-12-03 12:23:55,718 - INFO - Extracted 33775 characters from web
2025-12-03 12:23:55,719 - INFO - Web content extracted for seferinaCostCosteffectivenessAdjuvant2017: 8000 chars
2025-12-03 12:23:55,721 - INFO - Accessing: https://doi.org/10.1108/BFJ-03-2017-0122
2025-12-03 12:23:57,910 - INFO - Accessing: https://doi.org/10.1016/j.jacc.2017.05.051
2025-12-03 12:24:00,292 - INFO - Accessing: https://doi.org/10.1146/annurev-resource-100516-053630
2025-12-03 12:24:02,535 - INFO - Accessing: https://doi.org/10.1186/s12874-017-0331-7
2025-12-03 12:24:05,072 - INFO - Extracted 243418 characters from web
2025-12-03 12:24:05,073 - INFO - Web content extracted for shinkinsEvidenceSynthesisInform2017: 8000 chars
2025-12-03 12:24:05,074 - INFO - Accessing: https://doi.org/10.1142/S2382624X16500338
2025-12-03 12:24:07,366 - INFO - Accessing: https://doi.org/10.1093/jopart/muw052
2025-12-03 12:24:09,733 - INFO - Accessing: https://doi.org/10.1007/s13198-017-0631-7
2025-12-03 12:24:12,218 - INFO - Extracted 26761 characters from web
2025-12-03 12:24:12,219 - INFO - Web content extracted for singhDataInformationKnowledge2017: 8000 chars
2025-12-03 12:24:12,220 - INFO - Accessing: https://doi.org/10.1016/B978-0-12-803206-0.00001-8
2025-12-03 12:24:14,558 - INFO - Accessing: https://doi.org/10.1201/9781315154640-10
2025-12-03 12:24:17,532 - INFO - Extracted 1536 characters from web
2025-12-03 12:24:17,532 - INFO - Web content extracted for smartReviewSocioeconomicEvaluation2017: 1536 chars
2025-12-03 12:24:17,533 - INFO - Accessing: https://doi.org/10.1016/j.clinthera.2017.01.028
2025-12-03 12:24:19,877 - INFO - Accessing: https://doi.org/10.1007/s12325-017-0614-8
2025-12-03 12:24:22,453 - INFO - Extracted 241962 characters from web
2025-12-03 12:24:22,454 - INFO - Web content extracted for soiniModeledHealthEconomic2017: 8000 chars
2025-12-03 12:24:22,455 - INFO - Accessing: https://doi.org/10.1089/gtmb.2017.0105
2025-12-03 12:24:24,685 - INFO - Accessing: https://doi.org/10.1146/annurev-statistics-010814-020148
2025-12-03 12:24:26,895 - INFO - Accessing: https://doi.org/10.1017/S0266462317002847
2025-12-03 12:24:30,257 - INFO - Extracted 17558 characters from web
2025-12-03 12:24:30,257 - INFO - Web content extracted for stanakPP130NudgingPublic2017: 8000 chars
2025-12-03 12:24:30,258 - INFO - Accessing: https://doi.org/10.1609/icwsm.v11i1.14878
2025-12-03 12:24:33,263 - INFO - Extracted 4813 characters from web
2025-12-03 12:24:33,263 - INFO - Web content extracted for starbirdExaminingAlternativeMedia2017: 4813 chars
2025-12-03 12:24:33,264 - INFO - Accessing: https://doi.org/10.3310/hta21090
2025-12-03 12:24:35,466 - INFO - Accessing: https://doi.org/10.1002/eap.1577
2025-12-03 12:24:37,655 - INFO - Accessing: https://doi.org/10.1111/jems.12175
2025-12-03 12:24:39,844 - INFO - Processed 380/446 entries
2025-12-03 12:24:39,844 - INFO - Accessing: https://doi.org/10.1002/ghg.1665
2025-12-03 12:24:42,172 - INFO - Accessing: https://doi.org/10.1111/mice.12246
2025-12-03 12:24:44,281 - INFO - Accessing: https://doi.org/10.1037/rev0000053
2025-12-03 12:24:46,593 - INFO - Accessing: https://doi.org/10.1108/CFRI-06-2016-0059
2025-12-03 12:24:48,834 - INFO - Accessing: https://doi.org/10.1016/j.jval.2016.11.024
2025-12-03 12:24:51,712 - INFO - Accessing: https://doi.org/10.1080/19397038.2017.1379571
2025-12-03 12:24:53,906 - INFO - Accessing: https://doi.org/10.1016/j.biocon.2017.07.029
2025-12-03 12:24:56,278 - INFO - Accessing: https://doi.org/10.1177/0272989X17700846
2025-12-03 12:24:58,444 - INFO - Accessing: https://doi.org/10.1007/s40273-017-0501-9
2025-12-03 12:25:00,998 - INFO - Extracted 222361 characters from web
2025-12-03 12:25:00,999 - INFO - Web content extracted for thomUsingParameterConstraints2017: 8000 chars
2025-12-03 12:25:01,000 - INFO - Accessing: https://doi.org/10.1097/MD.0000000000008683
2025-12-03 12:25:03,193 - INFO - Accessing: https://doi.org/10.1016/j.geothermics.2016.11.009
2025-12-03 12:25:05,560 - INFO - Accessing: https://doi.org/10.1016/j.biocon.2017.08.013
2025-12-03 12:25:07,926 - INFO - Accessing: https://doi.org/10.1016/j.jenvman.2016.11.070
2025-12-03 12:25:10,284 - INFO - Accessing: https://doi.org/10.3310/hta21550
2025-12-03 12:25:12,462 - INFO - Accessing: https://doi.org/10.1016/j.cie.2017.04.041
2025-12-03 12:25:14,828 - INFO - Accessing: https://doi.org/10.1177/1464884916648095
2025-12-03 12:25:17,049 - INFO - Accessing: https://doi.org/10.1007/s11027-015-9637-0
2025-12-03 12:25:19,856 - INFO - Extracted 340601 characters from web
2025-12-03 12:25:19,857 - INFO - Web content extracted for vanderpolEconomicAnalysisAdaptive2017: 8000 chars
2025-12-03 12:25:19,858 - INFO - Accessing: https://doi.org/10.1007/s10640-016-0062-y
2025-12-03 12:25:22,397 - INFO - Extracted 95032 characters from web
2025-12-03 12:25:22,397 - INFO - Web content extracted for vanderpolMinimaxRegretAnalysis2017: 8000 chars
2025-12-03 12:25:22,399 - INFO - Accessing: https://doi.org/10.1108/JEIM-10-2015-0099
2025-12-03 12:25:24,592 - INFO - Processed 400/446 entries
2025-12-03 12:25:24,592 - INFO - Accessing: https://doi.org/10.12688/f1000research.11638.1
2025-12-03 12:25:28,129 - INFO - Extracted 838000 characters from web
2025-12-03 12:25:28,130 - INFO - Web content extracted for villaSemanticsInteroperabilityDistributed2017: 8000 chars
2025-12-03 12:25:28,132 - INFO - Accessing: https://doi.org/10.1080/02615479.2017.1362379
2025-12-03 12:25:30,048 - INFO - Accessing: https://doi.org/10.1016/j.jclinepi.2017.06.014
2025-12-03 12:25:32,410 - INFO - Accessing: https://doi.org/10.3917/sim.173.0075
2025-12-03 12:25:34,972 - INFO - Accessing: https://doi.org/10.1016/j.jbusres.2016.08.009
2025-12-03 12:25:37,273 - INFO - Accessing: https://doi.org/10.1108/IJPDLM-10-2016-0299
2025-12-03 12:25:39,491 - INFO - Accessing: https://doi.org/10.2217/cer-2016-0021
2025-12-03 12:25:41,756 - INFO - Accessing: https://doi.org/10.1080/09537287.2017.1329562
2025-12-03 12:25:43,896 - INFO - Accessing: https://doi.org/10.1108/CMS-04-2016-0084
2025-12-03 12:25:46,112 - INFO - Accessing: https://doi.org/10.1016/j.jclepro.2017.05.178
2025-12-03 12:25:48,507 - INFO - Accessing: https://doi.org/10.1155/2017/1080468
2025-12-03 12:25:50,694 - INFO - Accessing: https://doi.org/10.1108/MD-11-2016-0822
2025-12-03 12:25:52,920 - INFO - Accessing: https://doi.org/10.1007/s40070-017-0071-2
2025-12-03 12:25:55,223 - INFO - Accessing: https://doi.org/10.1115/1.4037210
2025-12-03 12:25:57,445 - INFO - Accessing: https://doi.org/10.1177/0272989X17713456
2025-12-03 12:25:59,578 - INFO - Accessing: https://doi.org/10.17705/1jais.00474
2025-12-03 12:26:02,895 - INFO - Extracted 2189 characters from web
2025-12-03 12:26:02,896 - INFO - Web content extracted for warkentinSharedBenefitsInformation2017: 2189 chars
2025-12-03 12:26:02,896 - INFO - Accessing: https://doi.org/10.5194/acp-17-15069-2017
2025-12-03 12:26:05,165 - INFO - Extracted 14571 characters from web
2025-12-03 12:26:05,166 - INFO - Web content extracted for weatherheadHowLongSatellites2017: 8000 chars
2025-12-03 12:26:05,167 - INFO - Accessing: https://doi.org/10.1016/j.prevetmed.2017.01.003
2025-12-03 12:26:07,459 - INFO - Accessing: https://doi.org/10.1016/j.ecolecon.2017.04.012
2025-12-03 12:26:09,767 - INFO - Processed 420/446 entries
2025-12-03 12:26:09,768 - INFO - Accessing: https://doi.org/10.1016/j.jval.2017.08.2223
2025-12-03 12:26:12,137 - INFO - Accessing: https://doi.org/10.1057/s41303-017-0048-z
2025-12-03 12:26:14,320 - INFO - Accessing: https://doi.org/10.1504/IJRAM.2017.082567
2025-12-03 12:26:16,585 - INFO - Accessing: https://doi.org/10.1093/reep/rew018
2025-12-03 12:26:18,832 - INFO - Accessing: https://doi.org/10.1016/j.agsy.2017.03.009
2025-12-03 12:26:21,111 - INFO - Accessing: https://doi.org/10.1371/journal.pone.0182934
2025-12-03 12:26:24,372 - INFO - Extracted 111622 characters from web
2025-12-03 12:26:24,373 - INFO - Web content extracted for williamsFrequenciesDecisionMaking2017: 8000 chars
2025-12-03 12:26:24,374 - INFO - Accessing: https://doi.org/10.1007/s11115-015-0338-7
2025-12-03 12:26:27,046 - INFO - Extracted 88594 characters from web
2025-12-03 12:26:27,047 - INFO - Web content extracted for wirtzDeterminantsCitizenUsage2017: 8000 chars
2025-12-03 12:26:27,049 - INFO - Accessing: https://doi.org/10.1016/j.envsoft.2016.10.003
2025-12-03 12:26:29,313 - INFO - Accessing: https://doi.org/10.1002/polq.12616
2025-12-03 12:26:31,530 - INFO - Accessing: https://doi.org/10.1016/j.cjca.2016.10.006
2025-12-03 12:26:33,885 - INFO - Accessing: https://doi.org/10.1080/13675567.2016.1267126
2025-12-03 12:26:36,011 - INFO - Accessing: https://doi.org/10.1108/IMDS-03-2016-0104
2025-12-03 12:26:39,460 - INFO - Accessing: https://doi.org/10.1007/s12325-016-0460-0
2025-12-03 12:26:41,944 - INFO - Extracted 186238 characters from web
2025-12-03 12:26:41,946 - INFO - Web content extracted for yanCosteffectivenessDifferentStrategies2017: 8000 chars
2025-12-03 12:26:41,947 - INFO - Accessing: https://doi.org/10.1108/IJCHM-11-2015-0643
2025-12-03 12:26:44,119 - INFO - Accessing: https://doi.org/10.1007/s10708-016-9699-x
2025-12-03 12:26:46,751 - INFO - Extracted 61940 characters from web
2025-12-03 12:26:46,751 - INFO - Web content extracted for yanUtilizingFuzzySet2017: 8000 chars
2025-12-03 12:26:46,753 - INFO - Accessing: https://doi.org/10.1016/j.apenergy.2017.10.014
2025-12-03 12:26:53,114 - INFO - Accessing: https://doi.org/10.1016/j.techfore.2016.10.071
2025-12-03 12:26:55,495 - INFO - Accessing: https://doi.org/10.1080/17509653.2016.1218307
2025-12-03 12:26:57,624 - INFO - Processed 440/446 entries
2025-12-03 12:26:57,625 - INFO - Accessing: https://doi.org/10.1108/IJLM-12-2015-0241
2025-12-03 12:26:59,818 - INFO - Accessing: https://doi.org/10.1016/j.jval.2016.08.003
2025-12-03 12:27:02,129 - INFO - Accessing: https://doi.org/10.1007/s10115-016-0954-8
2025-12-03 12:27:07,944 - INFO - Extracted 46942 characters from web
2025-12-03 12:27:07,945 - INFO - Web content extracted for zarandiFuzzyKnowledgebasedTokenordering2017: 8000 chars
2025-12-03 12:27:07,946 - INFO - Accessing: https://doi.org/10.1016/j.jval.2017.08.1828
2025-12-03 12:27:10,312 - INFO - Accessing: https://doi.org/10.1108/IMDS-06-2016-0242
2025-12-03 12:27:12,501 - INFO - Accessing: https://doi.org/10.1108/IMDS-04-2016-0139
2025-12-03 12:27:14,684 - INFO - Accessing: https://doi.org/10.1108/IJLM-09-2016-0206
2025-12-03 12:27:17,348 - INFO - Processing papers_2018.bib: 206 entries
2025-12-03 12:27:17,348 - INFO - Accessing: https://doi.org/10.1016/j.jclepro.2018.02.192
2025-12-03 12:27:19,228 - INFO - Accessing: https://doi.org/10.1016/j.resourpol.2017.10.016
2025-12-03 12:27:21,598 - INFO - Accessing: https://doi.org/10.3390/w10121795
2025-12-03 12:27:23,857 - INFO - Accessing: https://doi.org/10.1108/IJLM-05-2018-0118
2025-12-03 12:27:26,086 - INFO - Accessing: https://doi.org/10.1016/j.ejor.2017.04.052
2025-12-03 12:27:28,435 - INFO - Accessing: https://doi.org/10.1007/s40273-017-0595-0
2025-12-03 12:27:31,117 - INFO - Extracted 84466 characters from web
2025-12-03 12:27:31,117 - INFO - Web content extracted for andronisCosteffectivenessTreatmentsManagement2018: 8000 chars
2025-12-03 12:27:31,118 - INFO - Accessing: https://doi.org/10.1007/s10198-017-0871-0
2025-12-03 12:27:33,615 - INFO - Extracted 469912 characters from web
2025-12-03 12:27:33,616 - INFO - Web content extracted for angelisUsingHealthTechnology2018: 8000 chars
2025-12-03 12:27:33,617 - INFO - Accessing: https://doi.org/10.1016/j.oceaneng.2018.04.047
2025-12-03 12:27:35,908 - INFO - Accessing: https://doi.org/10.1146/annurev-statistics-031017-100404
2025-12-03 12:27:38,135 - INFO - Accessing: https://doi.org/10.1111/2041-210X.13037
2025-12-03 12:27:40,354 - INFO - Accessing: https://doi.org/10.1002/fee.1972
2025-12-03 12:27:42,708 - INFO - Accessing: https://doi.org/10.1371/journal.pone.0198436
2025-12-03 12:27:46,387 - INFO - Extracted 180749 characters from web
2025-12-03 12:27:46,389 - INFO - Web content extracted for barrattFrameworkEstimatingSocietys2018: 8000 chars
2025-12-03 12:27:46,390 - INFO - Accessing: https://doi.org/10.1016/j.tre.2016.08.003
2025-12-03 12:27:48,719 - INFO - Accessing: https://doi.org/10.1016/j.omega.2017.07.005
2025-12-03 12:27:51,106 - INFO - Accessing: https://doi.org/10.1080/02684527.2018.1471846
2025-12-03 12:27:53,318 - INFO - Accessing: https://doi.org/10.1287/isre.2017.0714
2025-12-03 12:27:55,525 - INFO - Accessing: https://doi.org/10.1175/WCAS-D-16-0044.1
2025-12-03 12:27:57,718 - WARNING - Some characters could not be decoded, and were replaced with REPLACEMENT CHARACTER.
2025-12-03 12:27:57,718 - INFO - Accessing: https://doi.org/10.1177/1475921718794506
2025-12-03 12:27:59,910 - INFO - Accessing: https://doi.org/10.1002/job.2298
2025-12-03 12:28:02,117 - INFO - Processed 20/206 entries
2025-12-03 12:28:02,117 - INFO - Accessing: https://doi.org/10.1007/s10479-017-2670-5
2025-12-03 12:28:04,899 - INFO - Extracted 168782 characters from web
2025-12-03 12:28:04,900 - INFO - Web content extracted for buyuktahtakinReviewOperationsResearch2018: 8000 chars
2025-12-03 12:28:04,901 - INFO - Accessing: https://doi.org/10.1016/j.gecco.2018.e00441
2025-12-03 12:28:07,291 - INFO - Accessing: https://doi.org/10.1002/cam4.1657
2025-12-03 12:28:09,416 - INFO - Accessing: https://doi.org/10.1108/MD-12-2017-1236
2025-12-03 12:28:11,575 - INFO - Accessing: https://doi.org/10.1109/ACCESS.2018.2856262
2025-12-03 12:28:14,839 - INFO - Accessing: https://doi.org/10.5751/ES-10596-230442
2025-12-03 12:28:17,288 - WARNING - Some characters could not be decoded, and were replaced with REPLACEMENT CHARACTER.
2025-12-03 12:28:17,289 - INFO - Accessing: https://doi.org/10.1177/0272989X18793401
2025-12-03 12:28:19,503 - INFO - Accessing: https://doi.org/10.1108/SCM-01-2018-0003
2025-12-03 12:28:21,722 - INFO - Accessing: https://doi.org/10.1108/SCM-09-2017-0289
2025-12-03 12:28:23,956 - INFO - Accessing: https://doi.org/10.18847/1.7.15
2025-12-03 12:28:26,492 - INFO - Extracted 18488 characters from web
2025-12-03 12:28:26,492 - INFO - Web content extracted for cominsCriticalThinkingStrategic2018: 8000 chars
2025-12-03 12:28:26,494 - INFO - Accessing: https://doi.org/10.1007/s00267-017-0940-2
2025-12-03 12:28:29,148 - INFO - Extracted 99449 characters from web
2025-12-03 12:28:29,148 - INFO - Web content extracted for conallinStakeholderParticipationFreshwater2018: 8000 chars
2025-12-03 12:28:29,150 - INFO - Accessing: https://doi.org/10.1007/s10584-018-2315-y
2025-12-03 12:28:31,685 - INFO - Extracted 211928 characters from web
2025-12-03 12:28:31,687 - INFO - Web content extracted for cookeProbabilisticReasoningMeasurements2018: 8000 chars
2025-12-03 12:28:31,688 - INFO - Accessing: https://doi.org/10.1186/s13705-018-0162-3
2025-12-03 12:28:34,280 - INFO - Extracted 527975 characters from web
2025-12-03 12:28:34,280 - INFO - Web content extracted for culkaQuantitativeScenarioDesign2018: 8000 chars
2025-12-03 12:28:34,282 - INFO - Accessing: https://doi.org/10.1111/cobi.13185
2025-12-03 12:28:36,446 - INFO - Accessing: https://doi.org/10.1111/acv.12378
2025-12-03 12:28:38,794 - INFO - Accessing: https://doi.org/10.1016/j.ejor.2018.02.047
2025-12-03 12:28:41,817 - INFO - Processed 40/206 entries
2025-12-03 12:28:41,817 - INFO - Accessing: https://doi.org/10.1016/j.envsoft.2017.11.020
2025-12-03 12:28:44,292 - INFO - Accessing: https://doi.org/10.1073/pnas.1710231115
2025-12-03 12:28:46,541 - INFO - Accessing: https://doi.org/10.1186/s40537-018-0142-7
2025-12-03 12:28:49,241 - INFO - Extracted 176209 characters from web
2025-12-03 12:28:49,242 - INFO - Web content extracted for djatnaIntuitionisticFuzzyDiagnosis2018: 8000 chars
2025-12-03 12:28:49,243 - INFO - Accessing: https://doi.org/10.1016/j.omega.2017.08.005
2025-12-03 12:28:51,554 - INFO - Accessing: https://doi.org/10.1016/j.tre.2017.12.016
2025-12-03 12:28:53,920 - INFO - Accessing: https://doi.org/10.1002/sdr.1589
2025-12-03 12:28:56,148 - INFO - Accessing: https://doi.org/10.1108/IMR-03-2017-0059
2025-12-03 12:28:58,372 - INFO - Accessing: https://doi.org/10.1016/j.ejpoleco.2017.03.004
2025-12-03 12:29:00,732 - INFO - Accessing: https://doi.org/10.1139/cjfr-2017-0251
2025-12-03 12:29:02,974 - INFO - Accessing: https://doi.org/10.1016/j.techfore.2016.06.024
2025-12-03 12:29:05,349 - INFO - Accessing: https://doi.org/10.1007/s00445-018-1219-z
2025-12-03 12:29:07,814 - INFO - Extracted 477838 characters from web
2025-12-03 12:29:07,815 - INFO - Web content extracted for fearnleyVolcanoAlertLevel2018: 8000 chars
2025-12-03 12:29:07,816 - INFO - Accessing: https://doi.org/10.1108/IJLM-02-2017-0043
2025-12-03 12:29:09,893 - INFO - Accessing: https://doi.org/10.1016/j.knosys.2018.05.022
2025-12-03 12:29:12,263 - INFO - Accessing: https://doi.org/10.1080/13675567.2018.1472748
2025-12-03 12:29:14,393 - INFO - Accessing: https://doi.org/10.1515/gj-2017-0020
2025-12-03 12:29:16,931 - INFO - Extracted 23387 characters from web
2025-12-03 12:29:16,931 - INFO - Web content extracted for ferrettiNotsobigBigCredit2018: 8000 chars
2025-12-03 12:29:16,933 - INFO - Accessing: https://doi.org/10.1111/risa.12932
2025-12-03 12:29:19,096 - INFO - Accessing: https://doi.org/10.1098/rsif.2017.0575
2025-12-03 12:29:21,434 - INFO - Accessing: https://doi.org/10.1111/1365-2664.13043
2025-12-03 12:29:23,559 - INFO - Accessing: https://doi.org/10.1080/14737167.2018.1411194
2025-12-03 12:29:25,679 - INFO - Accessing: https://doi.org/10.1186/s13023-018-0919-y
2025-12-03 12:29:28,292 - INFO - Extracted 220152 characters from web
2025-12-03 12:29:28,292 - INFO - Web content extracted for friedeRecentAdvancesMethodology2018: 8000 chars
2025-12-03 12:29:28,294 - INFO - Processed 60/206 entries
2025-12-03 12:29:28,294 - INFO - Accessing: https://doi.org/10.1037/dec0000059
2025-12-03 12:29:30,381 - INFO - Accessing: https://doi.org/10.1080/23808993.2018.1421858
2025-12-03 12:29:32,577 - INFO - Accessing: https://doi.org/10.1111/exsy.12289
2025-12-03 12:29:34,698 - INFO - Accessing: https://doi.org/10.1111/conl.12393
2025-12-03 12:29:36,837 - INFO - Accessing: https://doi.org/10.1016/j.ejor.2017.12.040
2025-12-03 12:29:39,605 - INFO - Accessing: https://doi.org/10.1115/1.4041034
2025-12-03 12:29:41,910 - INFO - Accessing: https://doi.org/10.1086/698910
2025-12-03 12:29:44,042 - INFO - Accessing: https://doi.org/10.1016/j.ijpe.2018.09.015
2025-12-03 12:29:46,429 - INFO - Accessing: https://doi.org/10.1016/j.jval.2018.01.010
2025-12-03 12:29:48,796 - INFO - Accessing: https://doi.org/10.1371/journal.pone.0208063
2025-12-03 12:29:52,140 - INFO - Extracted 161366 characters from web
2025-12-03 12:29:52,142 - INFO - Web content extracted for grochtdreisCosteffectivenessAnalysesCost2018: 8000 chars
2025-12-03 12:29:52,143 - INFO - Accessing: https://doi.org/10.1186/s12874-018-0541-7
2025-12-03 12:29:54,773 - INFO - Extracted 377735 characters from web
2025-12-03 12:29:54,774 - INFO - Web content extracted for haeusslerDynamicBayesianMarkov2018: 8000 chars
2025-12-03 12:29:54,776 - INFO - Accessing: https://doi.org/10.1007/s40273-018-0693-7
2025-12-03 12:29:57,267 - INFO - Extracted 65706 characters from web
2025-12-03 12:29:57,267 - INFO - Web content extracted for hajialiafzaliModelStructuringEconomic2018: 8000 chars
2025-12-03 12:29:57,268 - INFO - Accessing: https://doi.org/10.1080/15732479.2018.1433692
2025-12-03 12:29:59,410 - INFO - Accessing: https://doi.org/10.1080/13669877.2018.1437059
2025-12-03 12:30:01,536 - INFO - Accessing: https://doi.org/10.1111/poms.12852
2025-12-03 12:30:03,684 - INFO - Accessing: https://doi.org/10.1145/3148238
2025-12-03 12:30:05,853 - INFO - Accessing: https://doi.org/10.1371/journal.pone.0198468
2025-12-03 12:30:08,709 - INFO - Extracted 210617 characters from web
2025-12-03 12:30:08,710 - INFO - Web content extracted for hemmingElicitingImprovedQuantitative2018: 8000 chars
2025-12-03 12:30:08,711 - INFO - Accessing: https://doi.org/10.1111/2041-210X.12857
2025-12-03 12:30:10,822 - INFO - Accessing: https://doi.org/10.1002/mde.2912
2025-12-03 12:30:12,947 - INFO - Accessing: https://doi.org/10.1287/serv.2018.0205
2025-12-03 12:30:15,092 - INFO - Processed 80/206 entries
2025-12-03 12:30:15,092 - INFO - Accessing: https://doi.org/10.1108/CAER-09-2016-0149
2025-12-03 12:30:17,268 - INFO - Accessing: https://doi.org/10.1111/2041-210X.12831
2025-12-03 12:30:19,497 - INFO - Accessing: https://doi.org/10.3390/vetsci5040092
2025-12-03 12:30:21,635 - INFO - Accessing: https://doi.org/10.1080/14737167.2018.1505505
2025-12-03 12:30:23,759 - INFO - Accessing: https://doi.org/10.1007/s10100-017-0475-x
2025-12-03 12:30:26,576 - INFO - Extracted 84294 characters from web
2025-12-03 12:30:26,576 - INFO - Web content extracted for inderfurthInventoryControlDual2018: 8000 chars
2025-12-03 12:30:26,577 - INFO - Accessing: https://doi.org/10.1016/j.resconrec.2018.05.026
2025-12-03 12:30:29,470 - INFO - Accessing: https://doi.org/10.2166/wqrj.2018.020
2025-12-03 12:30:31,701 - INFO - Accessing: https://doi.org/10.1561/1400000056
2025-12-03 12:30:34,923 - INFO - Extracted 4709 characters from web
2025-12-03 12:30:34,924 - INFO - Web content extracted for johnstoneAccountingTheoryBayesian2018: 4709 chars
2025-12-03 12:30:34,925 - INFO - Accessing: https://doi.org/10.1007/s11238-017-9610-3
2025-12-03 12:30:37,656 - INFO - Extracted 127430 characters from web
2025-12-03 12:30:37,656 - INFO - Web content extracted for jouiniImpactHealthrelatedEmotions2018: 8000 chars
2025-12-03 12:30:37,658 - INFO - Accessing: https://doi.org/10.1108/BPMJ-11-2017-0297
2025-12-03 12:30:39,850 - INFO - Accessing: https://doi.org/10.1016/j.foreco.2018.05.056
2025-12-03 12:30:42,227 - INFO - Accessing: https://doi.org/10.1016/j.rie.2017.02.002
2025-12-03 12:30:44,614 - INFO - Accessing: https://doi.org/10.1145/3230712
2025-12-03 12:30:46,828 - INFO - Accessing: https://doi.org/10.1002/sd.1856
2025-12-03 12:30:49,030 - INFO - Accessing: https://doi.org/10.1177/0272989X18797948
2025-12-03 12:30:51,248 - INFO - Accessing: https://doi.org/10.1177/0361198118792334
2025-12-03 12:30:53,401 - INFO - Accessing: https://doi.org/10.1071/MF17237
2025-12-03 12:30:56,231 - INFO - Accessing: https://doi.org/10.1111/2041-210X.13084
2025-12-03 12:30:58,431 - INFO - Accessing: https://doi.org/10.1016/j.forpol.2017.11.001
2025-12-03 12:31:00,736 - INFO - Accessing: https://doi.org/10.1002/lrh2.10065
2025-12-03 12:31:02,874 - INFO - Processed 100/206 entries
2025-12-03 12:31:02,874 - INFO - Accessing: https://doi.org/10.1037/xge0000382
2025-12-03 12:31:05,101 - INFO - Accessing: https://doi.org/10.1007/s10479-016-2342-x
2025-12-03 12:31:07,713 - INFO - Extracted 43011 characters from web
2025-12-03 12:31:07,713 - INFO - Web content extracted for liCustomerDemandAnalysis2018: 8000 chars
2025-12-03 12:31:07,715 - INFO - Accessing: https://doi.org/10.1287/ijoc.2017.0803
2025-12-03 12:31:09,868 - INFO - Accessing: https://doi.org/10.1002/sim.7601
2025-12-03 12:31:11,993 - INFO - Accessing: https://doi.org/10.1002/qre.2289
2025-12-03 12:31:14,182 - INFO - Accessing: https://doi.org/10.1257/mic.20160247
2025-12-03 12:31:16,427 - INFO - Accessing: https://doi.org/10.1371/journal.pone.0206293
2025-12-03 12:31:19,547 - INFO - Extracted 77860 characters from web
2025-12-03 12:31:19,548 - INFO - Web content extracted for liValueInventoryInformation2018: 8000 chars
2025-12-03 12:31:19,550 - INFO - Accessing: https://doi.org/10.1007/s40273-018-0686-6
2025-12-03 12:31:21,871 - INFO - Extracted 284538 characters from web
2025-12-03 12:31:21,872 - INFO - Web content extracted for love-kohFuturePrecisionMedicine2018: 8000 chars
2025-12-03 12:31:21,874 - INFO - Accessing: https://doi.org/10.1108/LHT-12-2017-0275
2025-12-03 12:31:24,008 - INFO - Accessing: https://doi.org/10.1007/s10661-018-6609-3
2025-12-03 12:31:26,732 - INFO - Extracted 49448 characters from web
2025-12-03 12:31:26,732 - INFO - Web content extracted for malekmohammadiApplicationBayesianNetworks2018: 8000 chars
2025-12-03 12:31:26,734 - INFO - Accessing: https://doi.org/10.1016/j.ress.2017.11.019
2025-12-03 12:31:29,463 - INFO - Accessing: https://doi.org/10.3389/fpsyg.2018.02640
2025-12-03 12:31:32,210 - INFO - Extracted 95222 characters from web
2025-12-03 12:31:32,210 - INFO - Web content extracted for mandelCorrectingJudgmentCorrectives2018: 8000 chars
2025-12-03 12:31:32,212 - INFO - Accessing: https://doi.org/10.1002/hec.3803
2025-12-03 12:31:34,355 - INFO - Accessing: https://doi.org/10.1016/j.jclepro.2018.06.113
2025-12-03 12:31:36,734 - INFO - Accessing: https://doi.org/10.2139/ssrn.3164170
2025-12-03 12:31:39,164 - INFO - Accessing: https://doi.org/10.1007/s11625-018-0599-5
2025-12-03 12:31:44,704 - INFO - Extracted 295929 characters from web
2025-12-03 12:31:44,705 - INFO - Web content extracted for martinez-harmsFramingNaturalAssets2018: 8000 chars
2025-12-03 12:31:44,707 - INFO - Accessing: https://doi.org/10.1177/0261927X17716102
2025-12-03 12:31:46,865 - INFO - Accessing: https://doi.org/10.1007/s41649-018-0069-5
2025-12-03 12:31:49,682 - INFO - Extracted 94982 characters from web
2025-12-03 12:31:49,683 - INFO - Web content extracted for mazzegaEthicsBiodiversityModels2018: 8000 chars
2025-12-03 12:31:49,684 - INFO - Accessing: https://doi.org/10.1038/nrdp.2018.22
2025-12-03 12:31:52,731 - INFO - Extracted 245702 characters from web
2025-12-03 12:31:52,732 - INFO - Web content extracted for meltzer-brodyPostpartumPsychiatricDisorders2018: 8000 chars
2025-12-03 12:31:52,733 - INFO - Processed 120/206 entries
2025-12-03 12:31:52,733 - INFO - Accessing: https://doi.org/10.1016/j.cie.2018.08.026
2025-12-03 12:31:55,045 - INFO - Accessing: https://doi.org/10.1007/s41669-017-0054-z
2025-12-03 12:31:57,783 - INFO - Extracted 285435 characters from web
2025-12-03 12:31:57,783 - INFO - Web content extracted for michaudUsingCerebrospinalFluid2018: 8000 chars
2025-12-03 12:31:57,785 - INFO - Accessing: https://doi.org/10.1186/s12913-018-3162-2
2025-12-03 12:32:00,473 - INFO - Extracted 223896 characters from web
2025-12-03 12:32:00,474 - INFO - Web content extracted for morrellWillReformedCancer2018: 8000 chars
2025-12-03 12:32:00,476 - INFO - Accessing: https://doi.org/10.1371/journal.pmed.1002517
2025-12-03 12:32:03,706 - INFO - Extracted 191722 characters from web
2025-12-03 12:32:03,707 - INFO - Web content extracted for myttonCurrentPotentialHealth2018: 8000 chars
2025-12-03 12:32:03,709 - INFO - Accessing: https://doi.org/10.1007/s11127-018-0593-6
2025-12-03 12:32:06,579 - INFO - Extracted 65056 characters from web
2025-12-03 12:32:06,580 - INFO - Web content extracted for name-correaCaptureTheoryCommittees2018: 8000 chars
2025-12-03 12:32:06,581 - INFO - Accessing: https://doi.org/10.1287/stsc.2018.0057
2025-12-03 12:32:08,732 - INFO - Accessing: https://doi.org/10.1177/0272989X18798833
2025-12-03 12:32:10,933 - INFO - Accessing: https://doi.org/10.1016/j.jenvman.2018.03.068
2025-12-03 12:32:13,302 - INFO - Accessing: https://doi.org/10.1108/IJPDLM-02-2017-0078
2025-12-03 12:32:15,535 - INFO - Accessing: https://doi.org/10.1080/02626667.2018.1546389
2025-12-03 12:32:17,731 - INFO - Accessing: https://doi.org/10.1155/2018/8731027
2025-12-03 12:32:19,933 - INFO - Accessing: https://doi.org/10.3310/hta22160
2025-12-03 12:32:22,129 - INFO - Accessing: https://doi.org/10.1016/j.envsci.2018.05.005
2025-12-03 12:32:24,485 - INFO - Accessing: https://doi.org/10.1111/cobi.13096
2025-12-03 12:32:26,695 - INFO - Accessing: https://doi.org/10.1177/2381468318803940
2025-12-03 12:32:28,925 - INFO - Accessing: https://doi.org/10.1016/bs.apmp.2018.07.001
2025-12-03 12:32:31,303 - INFO - Accessing: https://doi.org/10.1186/s12874-018-0475-0
2025-12-03 12:32:33,910 - INFO - Extracted 224826 characters from web
2025-12-03 12:32:33,911 - INFO - Web content extracted for pearceValueInformationMethods2018: 8000 chars
2025-12-03 12:32:33,912 - INFO - Accessing: https://doi.org/10.1016/j.jval.2018.02.008
2025-12-03 12:32:36,197 - INFO - Accessing: https://doi.org/10.1142/S0217595918500471
2025-12-03 12:32:38,398 - INFO - Accessing: https://doi.org/10.1016/j.jval.2017.12.023
2025-12-03 12:32:40,784 - INFO - Processed 140/206 entries
2025-12-03 12:32:40,784 - INFO - Accessing: https://doi.org/10.1016/j.jclepro.2018.04.026
2025-12-03 12:32:43,148 - INFO - Accessing: https://doi.org/10.1007/s40273-018-0670-1
2025-12-03 12:32:45,790 - INFO - Extracted 73617 characters from web
2025-12-03 12:32:45,791 - INFO - Web content extracted for petrouPracticalGuideConducting2018: 8000 chars
2025-12-03 12:32:45,793 - INFO - Accessing: https://doi.org/10.1287/mnsc.2016.2665
2025-12-03 12:32:47,950 - INFO - Accessing: https://doi.org/10.1007/s11269-018-2073-7
2025-12-03 12:32:50,620 - INFO - Extracted 42014 characters from web
2025-12-03 12:32:50,621 - INFO - Web content extracted for pourshahabiEntropybasedApproachFuzzy2018: 8000 chars
2025-12-03 12:32:50,622 - INFO - Accessing: https://doi.org/10.1007/s11269-018-2003-8
2025-12-03 12:32:53,162 - INFO - Extracted 52314 characters from web
2025-12-03 12:32:53,163 - INFO - Web content extracted for pourshahabiSpatiotemporalMulticriteriaOptimization2018: 8000 chars
2025-12-03 12:32:53,165 - INFO - Accessing: https://doi.org/10.1371/journal.pcbi.1006202
2025-12-03 12:32:56,469 - INFO - Extracted 124008 characters from web
2025-12-03 12:32:56,471 - INFO - Web content extracted for probertRealtimeDecisionmakingEmergency2018: 8000 chars
2025-12-03 12:32:56,472 - INFO - Accessing: https://doi.org/10.1016/j.ejor.2017.05.044
2025-12-03 12:32:58,772 - INFO - Accessing: https://doi.org/10.1080/15732479.2017.1352000
2025-12-03 12:33:01,014 - INFO - Accessing: https://doi.org/10.1287/mnsc.2017.2919
2025-12-03 12:33:03,218 - INFO - Accessing: https://doi.org/10.1016/j.ijpe.2018.08.023
2025-12-03 12:33:05,607 - INFO - Accessing: https://doi.org/10.1002/aic.16203
2025-12-03 12:33:07,837 - INFO - Accessing: https://doi.org/10.1111/emr.12335
2025-12-03 12:33:10,029 - INFO - Accessing: https://doi.org/10.1016/j.livsci.2018.02.001
2025-12-03 12:33:12,392 - INFO - Accessing: https://doi.org/10.1080/21693277.2018.1509744
2025-12-03 12:33:14,519 - INFO - Accessing: https://doi.org/10.1051/ro/2018025
2025-12-03 12:33:18,655 - INFO - Extracted 5210 characters from web
2025-12-03 12:33:18,655 - INFO - Web content extracted for sabbaghniaReducingBullwhipEffect2018: 5210 chars
2025-12-03 12:33:18,657 - INFO - Accessing: https://doi.org/10.1007/s00521-016-2776-8
2025-12-03 12:33:21,429 - INFO - Extracted 63977 characters from web
2025-12-03 12:33:21,430 - INFO - Web content extracted for samvediInformationSystemSelection2018: 8000 chars
2025-12-03 12:33:21,431 - INFO - Accessing: https://doi.org/10.1080/10798587.2017.1352258
2025-12-03 12:33:24,531 - INFO - Extracted 4943 characters from web
2025-12-03 12:33:24,532 - INFO - Web content extracted for sariModelingFuzzyExpert2018: 4943 chars
2025-12-03 12:33:24,533 - INFO - Accessing: https://doi.org/10.1111/conl.12385
2025-12-03 12:33:26,711 - INFO - Accessing: https://doi.org/10.5267/j.uscm.2017.8.002
2025-12-03 12:33:30,022 - INFO - Accessing: https://doi.org/10.1016/j.trd.2018.03.015
2025-12-03 12:33:32,457 - INFO - Processed 160/206 entries
2025-12-03 12:33:32,457 - INFO - Accessing: https://doi.org/10.1109/TG.2018.2808201
2025-12-03 12:33:35,120 - INFO - Accessing: https://doi.org/10.1109/TNNLS.2018.2812709
2025-12-03 12:33:37,616 - INFO - Accessing: https://doi.org/10.3996/052017-JFWM-041
2025-12-03 12:33:40,004 - INFO - Accessing: https://doi.org/10.1016/j.ecoser.2017.11.004
2025-12-03 12:33:42,371 - INFO - Accessing: https://doi.org/10.1016/j.jval.2018.01.019
2025-12-03 12:33:44,719 - INFO - Accessing: https://doi.org/10.1007/s10479-017-2605-1
2025-12-03 12:33:47,472 - INFO - Extracted 182181 characters from web
2025-12-03 12:33:47,474 - INFO - Web content extracted for soheiliradApplicationDataEnvelopment2018: 8000 chars
2025-12-03 12:33:47,476 - INFO - Accessing: https://doi.org/10.1108/BJM-04-2018-0156
2025-12-03 12:33:49,625 - INFO - Accessing: https://doi.org/10.1111/fwb.13061
2025-12-03 12:33:51,822 - INFO - Accessing: https://doi.org/10.1109/TAC.2017.2747409
2025-12-03 12:33:54,458 - INFO - Accessing: https://doi.org/10.1186/s12885-018-4223-y
2025-12-03 12:33:57,016 - INFO - Extracted 205609 characters from web
2025-12-03 12:33:57,018 - INFO - Web content extracted for tanCostEffectivenessAnalysis2018: 8000 chars
2025-12-03 12:33:57,019 - INFO - Accessing: https://doi.org/10.62550/TT377392
2025-12-03 12:34:00,290 - INFO - Accessing: https://doi.org/10.1371/journal.pcbi.1006014
2025-12-03 12:34:03,555 - INFO - Extracted 159238 characters from web
2025-12-03 12:34:03,557 - INFO - Web content extracted for thompsonControlFastControl2018: 8000 chars
2025-12-03 12:34:03,558 - INFO - Accessing: https://doi.org/10.1071/WF18010
2025-12-03 12:34:05,827 - INFO - Accessing: https://doi.org/10.24846/v27i2y201808
2025-12-03 12:34:08,326 - INFO - Extracted 1772 characters from web
2025-12-03 12:34:08,326 - INFO - Web content extracted for topalInfluenceInformationSharing2018: 1772 chars
2025-12-03 12:34:08,327 - INFO - Accessing: https://doi.org/10.1108/IntR-11-2017-0441
2025-12-03 12:34:10,571 - INFO - Accessing: https://doi.org/10.1007/s40273-018-0633-6
2025-12-03 12:34:13,157 - INFO - Extracted 51918 characters from web
2025-12-03 12:34:13,158 - INFO - Web content extracted for tuffahaAustralianManagedEntry2018: 8000 chars
2025-12-03 12:34:13,159 - INFO - Accessing: https://doi.org/10.1080/00207543.2018.1424363
2025-12-03 12:34:15,315 - INFO - Accessing: https://doi.org/10.1093/jamia/ocx085
2025-12-03 12:34:17,470 - INFO - Accessing: https://doi.org/10.1080/14737167.2018.1512857
2025-12-03 12:34:19,604 - INFO - Accessing: https://doi.org/10.1093/reep/rex028
2025-12-03 12:34:21,776 - INFO - Processed 180/206 entries
2025-12-03 12:34:21,777 - INFO - Accessing: https://doi.org/10.18461/ijfsd.v9i1.911
2025-12-03 12:34:24,108 - WARNING - Some characters could not be decoded, and were replaced with REPLACEMENT CHARACTER.
2025-12-03 12:34:24,110 - INFO - Accessing: https://doi.org/10.1016/j.cie.2018.04.034
2025-12-03 12:34:27,001 - INFO - Accessing: https://doi.org/10.1111/gwat.12595
2025-12-03 12:34:29,365 - INFO - Accessing: https://doi.org/10.3389/fams.2018.00006
2025-12-03 12:34:32,207 - INFO - Extracted 126481 characters from web
2025-12-03 12:34:32,208 - INFO - Web content extracted for wafulaProbabilisticAssessmentInvestment2018b: 8000 chars
2025-12-03 12:34:32,209 - INFO - Accessing: https://doi.org/10.1186/s12902-018-0233-7
2025-12-03 12:34:34,739 - INFO - Extracted 224829 characters from web
2025-12-03 12:34:34,740 - INFO - Web content extracted for wallnerStemCellsBeta2018: 8000 chars
2025-12-03 12:34:34,741 - INFO - Accessing: https://doi.org/10.3917/sim.184.0067
2025-12-03 12:34:37,008 - INFO - Accessing: https://doi.org/10.1002/2017EF000627
2025-12-03 12:34:39,164 - INFO - Accessing: https://doi.org/10.1200/PO.17.00311
2025-12-03 12:34:41,482 - INFO - Accessing: https://doi.org/10.1002/2017EF000765
2025-12-03 12:34:43,631 - INFO - Accessing: https://doi.org/10.1289/EHP2998
2025-12-03 12:34:47,191 - WARNING - Request failed for https://doi.org/10.1289/EHP2998: HTTPSConnectionPool(host='ehp.niehs.nih.gov', port=443): Max retries exceeded with url: /doi/10.1289/EHP2998 (Caused by NameResolutionError("<urllib3.connection.HTTPSConnection object at 0x113578cd0>: Failed to resolve 'ehp.niehs.nih.gov' ([Errno 8] nodename nor servname provided, or not known)"))
2025-12-03 12:34:47,192 - INFO - Accessing: https://doi.org/10.1108/ECAM-02-2016-0041
2025-12-03 12:34:47,374 - INFO - Accessing: https://doi.org/10.1007/s00267-018-1107-5
2025-12-03 12:34:49,777 - INFO - Extracted 301409 characters from web
2025-12-03 12:34:49,778 - INFO - Web content extracted for williamsDoubleloopLearningAdaptive2018: 8000 chars
2025-12-03 12:34:49,780 - INFO - Accessing: https://doi.org/10.1371/journal.pone.0199326
2025-12-03 12:34:53,347 - INFO - Extracted 100646 characters from web
2025-12-03 12:34:53,348 - INFO - Web content extracted for williamsValueSampleInformation2018: 8000 chars
2025-12-03 12:34:53,350 - INFO - Accessing: https://doi.org/10.1108/ITP-02-2018-0064
2025-12-03 12:34:55,460 - INFO - Accessing: https://doi.org/10.1093/IBD/IZY114
2025-12-03 12:34:57,670 - INFO - Accessing: https://doi.org/10.1371/journal.pone.0204302
2025-12-03 12:35:00,705 - INFO - Extracted 96941 characters from web
2025-12-03 12:35:00,705 - INFO - Web content extracted for yackeladamsInferringAbsenceIncipient2018: 8000 chars
2025-12-03 12:35:00,707 - INFO - Accessing: https://doi.org/10.1016/j.ijggc.2018.06.014
2025-12-03 12:35:03,529 - INFO - Accessing: https://doi.org/10.1007/s10878-015-9987-2
2025-12-03 12:35:06,493 - INFO - Extracted 58148 characters from web
2025-12-03 12:35:06,494 - INFO - Web content extracted for yangClosedloopSupplyChain2018: 8000 chars
2025-12-03 12:35:06,495 - INFO - Accessing: https://doi.org/10.1108/OIR-12-2016-0360
2025-12-03 12:35:08,667 - INFO - Processed 200/206 entries
2025-12-03 12:35:08,668 - INFO - Accessing: https://doi.org/10.1177/2381468318774804
2025-12-03 12:35:10,907 - INFO - Accessing: https://doi.org/10.1108/EL-11-2017-0241
2025-12-03 12:35:13,118 - INFO - Accessing: https://doi.org/10.1109/ACCESS.2018.2799527
2025-12-03 12:35:16,115 - INFO - Accessing: https://doi.org/10.1108/BPMJ-03-2018-0082
2025-12-03 12:35:18,338 - INFO - Accessing: https://doi.org/10.1108/IMDS-03-2018-0124
2025-12-03 12:35:20,578 - INFO - Accessing: https://doi.org/10.3390/su10072543
2025-12-03 12:35:22,832 - INFO - Accessing: https://doi.org/10.1108/K-08-2017-0291
2025-12-03 12:35:26,043 - INFO - Processing papers_2019.bib: 498 entries
2025-12-03 12:35:26,044 - INFO - Accessing: https://doi.org/10.1177/0954405417731465
2025-12-03 12:35:27,333 - INFO - Accessing: https://doi.org/10.3390/su11205676
2025-12-03 12:35:29,531 - INFO - Accessing: https://doi.org/10.1177/0272989X19866415
2025-12-03 12:35:31,749 - INFO - Accessing: https://doi.org/10.15611/pn.2019.10.11
2025-12-03 12:35:36,188 - INFO - Extracted 10440 characters from web
2025-12-03 12:35:36,189 - INFO - Web content extracted for adamczykQualityNonfinancialInformation2019: 8000 chars
2025-12-03 12:35:36,191 - INFO - Accessing: https://doi.org/10.24926/iip.v10i3.1799
2025-12-03 12:35:39,523 - INFO - Extracted 2325 characters from web
2025-12-03 12:35:39,524 - INFO - Web content extracted for adunlinImmunooncologyMedicinesPolicy2019: 2325 chars
2025-12-03 12:35:39,525 - INFO - Accessing: https://doi.org/10.1108/AJIM-05-2018-0122
2025-12-03 12:35:41,754 - INFO - Accessing: https://doi.org/10.1007/s40747-018-0087-7
2025-12-03 12:35:44,393 - INFO - Extracted 247364 characters from web
2025-12-03 12:35:44,393 - INFO - Web content extracted for akAHPTOPSISIntegration2019: 8000 chars
2025-12-03 12:35:44,394 - INFO - Accessing: https://doi.org/10.9770/jesi.2019.7.2(28)
2025-12-03 12:35:46,976 - INFO - Extracted 18576 characters from web
2025-12-03 12:35:46,977 - INFO - Web content extracted for akhmadeevTargetsDeterminationModel2019: 8000 chars
2025-12-03 12:35:46,980 - INFO - Accessing: https://doi.org/10.1088/1757-899X/550/1/012020
2025-12-03 12:35:49,692 - INFO - Extracted 11606 characters from web
2025-12-03 12:35:49,692 - INFO - Web content extracted for aldyaMeasuringEffectivenessControl2019: 8000 chars
2025-12-03 12:35:49,695 - INFO - Accessing: https://doi.org/10.1108/JEPP-03-2019-0017
2025-12-03 12:35:51,960 - INFO - Accessing: https://doi.org/10.1111/risa.13292
2025-12-03 12:35:54,099 - INFO - Accessing: https://doi.org/10.1016/j.ress.2018.10.010
2025-12-03 12:35:57,012 - INFO - Accessing: https://doi.org/10.1017/S0140525X18000948
2025-12-03 12:36:01,052 - INFO - Extracted 228071 characters from web
2025-12-03 12:36:01,052 - INFO - Web content extracted for anselmeHowForagingWorks2019: 8000 chars
2025-12-03 12:36:01,054 - INFO - Accessing: https://doi.org/10.3389/fpubh.2019.00138
2025-12-03 12:36:03,521 - INFO - Extracted 215840 characters from web
2025-12-03 12:36:03,521 - INFO - Web content extracted for antoine-moussiauxValuingHealthSurveillance2019: 8000 chars
2025-12-03 12:36:03,523 - INFO - Accessing: https://doi.org/10.1016/j.scs.2019.101508
2025-12-03 12:36:05,856 - INFO - Accessing: https://doi.org/10.1016/j.ecoinf.2019.05.015
2025-12-03 12:36:08,234 - INFO - Accessing: https://doi.org/10.1016/j.ecoinf.2019.05.014
2025-12-03 12:36:10,562 - INFO - Processed 20/498 entries
2025-12-03 12:36:10,562 - INFO - Accessing: https://doi.org/10.1016/j.jval.2019.01.006
2025-12-03 12:36:12,878 - INFO - Accessing: https://doi.org/10.1007/s12517-019-4236-0
2025-12-03 12:36:15,416 - INFO - Extracted 103813 characters from web
2025-12-03 12:36:15,417 - INFO - Web content extracted for ashournejadHazardZoningSpatial2019: 8000 chars
2025-12-03 12:36:15,419 - INFO - Accessing: https://doi.org/10.1177/2381468318821103
2025-12-03 12:36:17,584 - INFO - Accessing: https://doi.org/10.3847/1538-3881/ab557d
2025-12-03 12:36:20,677 - INFO - Extracted 216231 characters from web
2025-12-03 12:36:20,680 - INFO - Web content extracted for astudilloInformationTheoryApproach2019: 8000 chars
2025-12-03 12:36:20,688 - INFO - Accessing: https://doi.org/10.1016/j.iot.2019.100052
2025-12-03 12:36:22,821 - INFO - Accessing: https://doi.org/10.1016/j.dss.2019.05.008
2025-12-03 12:36:25,208 - INFO - Accessing: https://doi.org/10.1016/j.shpsa.2018.11.006
2025-12-03 12:36:27,505 - INFO - Accessing: https://doi.org/10.1080/23302674.2018.1435834
2025-12-03 12:36:29,648 - INFO - Accessing: https://doi.org/10.1016/j.cor.2018.06.005
2025-12-03 12:36:32,027 - INFO - Accessing: https://doi.org/10.1080/10496505.2019.1610659
2025-12-03 12:36:34,166 - INFO - Accessing: https://doi.org/10.2139/ssrn.3490117
2025-12-03 12:36:36,545 - INFO - Accessing: https://doi.org/10.1016/j.jhealeco.2019.102223
2025-12-03 12:36:38,843 - INFO - Accessing: https://doi.org/10.1016/j.ecolecon.2019.03.012
2025-12-03 12:36:41,132 - INFO - Accessing: https://doi.org/10.1108/JICES-04-2019-0039
2025-12-03 12:36:43,384 - INFO - Accessing: https://doi.org/10.1111/sjoe.12383
2025-12-03 12:36:45,522 - INFO - Accessing: https://doi.org/10.1007/s00181-018-1475-y
2025-12-03 12:36:48,540 - INFO - Extracted 62212 characters from web
2025-12-03 12:36:48,540 - INFO - Web content extracted for bastianinStatisticalEconomicEvaluation2019: 8000 chars
2025-12-03 12:36:48,542 - INFO - Accessing: https://doi.org/10.1016/j.ahj.2018.12.003
2025-12-03 12:36:50,883 - INFO - Accessing: https://doi.org/10.1016/j.jet.2018.10.008
2025-12-03 12:36:53,258 - INFO - Accessing: https://doi.org/10.1016/j.cie.2019.106099
2025-12-03 12:36:55,654 - INFO - Accessing: https://doi.org/10.1002/nafm.10334
2025-12-03 12:36:57,827 - INFO - Processed 40/498 entries
2025-12-03 12:36:57,828 - INFO - Accessing: https://doi.org/10.1108/ICS-09-2018-0106
2025-12-03 12:37:03,097 - INFO - Accessing: https://doi.org/10.22619/IJCSA.2019.100128
2025-12-03 12:37:07,206 - INFO - Extracted 2571 characters from web
2025-12-03 12:37:07,207 - INFO - Web content extracted for bergstromStressAmongstNovice2019: 2571 chars
2025-12-03 12:37:07,208 - INFO - Accessing: https://doi.org/10.1016/j.cortex.2018.12.005
2025-12-03 12:37:09,506 - INFO - Accessing: https://doi.org/10.1111/csp2.106
2025-12-03 12:37:11,803 - INFO - Accessing: https://doi.org/10.1080/08941920.2019.1610820
2025-12-03 12:37:14,004 - INFO - Accessing: https://doi.org/10.14358/MRS/Chapter8
2025-12-03 12:37:17,881 - INFO - Extracted 8369 characters from web
2025-12-03 12:37:17,881 - INFO - Web content extracted for bernknopfSocietalBenefitsMethods2019: 8000 chars
2025-12-03 12:37:17,885 - INFO - Accessing: https://doi.org/10.17524/repec.v13i4.2295
2025-12-03 12:37:23,132 - INFO - Extracted 30128 characters from web
2025-12-03 12:37:23,133 - INFO - Web content extracted for beurenEfeitosCompartilhamentoInformacoes2019: 8000 chars
2025-12-03 12:37:23,134 - INFO - Accessing: https://doi.org/10.1007/s13132-019-00614-3
2025-12-03 12:37:25,885 - INFO - Extracted 92063 characters from web
2025-12-03 12:37:25,885 - INFO - Web content extracted for bhardwajRoleKnowledgeManagement2019: 8000 chars
2025-12-03 12:37:25,888 - INFO - Accessing: https://doi.org/10.1504/IJIDS.2019.103353
2025-12-03 12:37:28,139 - INFO - Accessing: https://doi.org/10.1136/bmjopen-2018-027727
2025-12-03 12:37:30,324 - INFO - Accessing: https://doi.org/10.1016/j.ress.2019.03.035
2025-12-03 12:37:32,713 - INFO - Accessing: https://doi.org/10.1016/j.strusafe.2019.101874
2025-12-03 12:37:35,102 - INFO - Accessing: https://doi.org/10.1016/j.appet.2019.104352
2025-12-03 12:37:37,479 - INFO - Accessing: https://doi.org/10.1017/S1744137419000067
2025-12-03 12:37:40,677 - INFO - Extracted 44645 characters from web
2025-12-03 12:37:40,677 - INFO - Web content extracted for bogliacinoCitizensExpertsInteractions2019: 8000 chars
2025-12-03 12:37:40,678 - INFO - Accessing: https://doi.org/10.1111/brv.12471
2025-12-03 12:37:42,799 - INFO - Accessing: https://doi.org/10.1016/j.ijforecast.2018.09.003
2025-12-03 12:37:45,162 - INFO - Accessing: https://doi.org/10.1016/j.jeconbus.2019.05.002
2025-12-03 12:37:47,550 - INFO - Accessing: https://doi.org/10.1093/ser/mwx056
2025-12-03 12:37:49,774 - INFO - Accessing: https://doi.org/10.1079/9781786393678.0096
2025-12-03 12:37:52,040 - INFO - Processed 60/498 entries
2025-12-03 12:37:52,040 - INFO - Accessing: https://doi.org/10.30958/ajhms.6-3-4
2025-12-03 12:37:54,618 - INFO - Accessing: https://doi.org/10.15609/annaeconstat2009.132.0033
2025-12-03 12:37:56,939 - INFO - Accessing: https://doi.org/10.1080/13696998.2019.1631831
2025-12-03 12:37:59,149 - INFO - Accessing: https://doi.org/10.24988/ije.2019343849
2025-12-03 12:38:02,498 - INFO - Accessing: https://doi.org/10.1086/701890
2025-12-03 12:38:04,714 - INFO - Accessing: https://doi.org/10.1080/09692290.2019.1616595
2025-12-03 12:38:06,917 - INFO - Accessing: https://doi.org/10.1016/j.biocon.2019.05.031
2025-12-03 12:38:09,296 - INFO - Accessing: https://doi.org/10.1016/j.biocon.2019.05.030
2025-12-03 12:38:11,693 - INFO - Accessing: https://doi.org/10.26341/issn.2241-4002-2019-sv-9
2025-12-03 12:38:14,267 - INFO - Extracted 851 characters from web
2025-12-03 12:38:14,267 - INFO - Web content extracted for carayanniApplicationExpertsElicitation2019: 851 chars
2025-12-03 12:38:14,269 - INFO - Accessing: https://doi.org/10.1007/s40821-018-0107-y
2025-12-03 12:38:17,032 - INFO - Extracted 51712 characters from web
2025-12-03 12:38:17,033 - INFO - Web content extracted for carlettoMoneyBackGuarantee2019: 8000 chars
2025-12-03 12:38:17,035 - INFO - Accessing: https://doi.org/10.1016/j.energy.2019.116156
2025-12-03 12:38:19,367 - INFO - Accessing: https://doi.org/10.1016/j.energy.2019.06.122
2025-12-03 12:38:21,762 - INFO - Accessing: https://doi.org/10.1007/s40273-019-00826-0
2025-12-03 12:38:24,438 - INFO - Extracted 84310 characters from web
2025-12-03 12:38:24,438 - INFO - Web content extracted for cattValueAssessmentQuantitative2019: 8000 chars
2025-12-03 12:38:24,440 - INFO - Accessing: https://doi.org/10.2903/j.efsa.2019.e170704
2025-12-03 12:38:27,030 - INFO - Accessing: https://doi.org/10.1080/0960085X.2019.1627488
2025-12-03 12:38:29,167 - INFO - Accessing: https://doi.org/10.3389/fevo.2019.00241
2025-12-03 12:38:32,127 - INFO - Extracted 440859 characters from web
2025-12-03 12:38:32,128 - INFO - Web content extracted for chambersOperationalizingEcologicalResilience2019: 8000 chars
2025-12-03 12:38:32,130 - INFO - Accessing: https://doi.org/10.1038/s41436-018-0315-y
2025-12-03 12:38:34,372 - INFO - Accessing: https://doi.org/10.1080/15332861.2018.1496391
2025-12-03 12:38:36,578 - INFO - Accessing: https://doi.org/10.1108/ECAM-05-2018-0206
2025-12-03 12:38:38,845 - INFO - Processed 80/498 entries
2025-12-03 12:38:38,845 - INFO - Accessing: https://doi.org/10.1016/j.ins.2019.07.046
2025-12-03 12:38:41,156 - INFO - Accessing: https://doi.org/10.1007/s42524-019-0057-9
2025-12-03 12:38:43,674 - INFO - Extracted 36587 characters from web
2025-12-03 12:38:43,675 - INFO - Web content extracted for chenDevelopmentTrendPractical2019: 8000 chars
2025-12-03 12:38:43,676 - INFO - Accessing: https://doi.org/10.1109/ACCESS.2019.2900356
2025-12-03 12:38:46,949 - INFO - Accessing: https://doi.org/10.1108/JEIM-04-2019-0104
2025-12-03 12:38:49,103 - INFO - Accessing: https://doi.org/10.1016/j.ress.2018.12.021
2025-12-03 12:38:51,486 - INFO - Accessing: https://doi.org/10.1016/j.ijpe.2017.10.002
2025-12-03 12:38:53,802 - INFO - Accessing: https://doi.org/10.1108/JFC-02-2018-0026
2025-12-03 12:38:55,991 - INFO - Accessing: https://doi.org/10.1561/1700000050
2025-12-03 12:38:58,422 - INFO - Extracted 3231 characters from web
2025-12-03 12:38:58,422 - INFO - Web content extracted for chingStructuralModelsPrescription2019: 3231 chars
2025-12-03 12:38:58,423 - INFO - Accessing: https://doi.org/10.1080/17499518.2018.1498524
2025-12-03 12:39:00,607 - INFO - Accessing: https://doi.org/10.1093/jopart/muy068
2025-12-03 12:39:02,762 - INFO - Accessing: https://doi.org/10.1039/C9EN00603F
2025-12-03 12:39:05,365 - INFO - Extracted 9552 characters from web
2025-12-03 12:39:05,365 - INFO - Web content extracted for chopraInterdisciplinaryCollaborationsAddress2019: 8000 chars
2025-12-03 12:39:05,368 - INFO - Accessing: https://doi.org/10.1016/j.marpol.2017.11.012
2025-12-03 12:39:07,791 - INFO - Accessing: https://doi.org/10.1016/j.fishres.2019.105343
2025-12-03 12:39:10,174 - INFO - Accessing: https://doi.org/10.1002/sys.21506
2025-12-03 12:39:12,411 - INFO - Accessing: https://doi.org/10.1177/0149206318779128
2025-12-03 12:39:14,642 - INFO - Accessing: https://doi.org/10.1016/j.biocon.2019.05.024
2025-12-03 12:39:17,013 - INFO - Accessing: https://doi.org/10.1016/j.envsoft.2019.06.013
2025-12-03 12:39:19,395 - INFO - Accessing: https://doi.org/10.1016/j.ecolind.2019.105510
2025-12-03 12:39:21,763 - INFO - Processed 100/498 entries
2025-12-03 12:39:21,764 - INFO - Accessing: https://doi.org/10.3310/hta23600
2025-12-03 12:39:24,009 - INFO - Accessing: https://doi.org/10.1108/ICS-05-2017-0034
2025-12-03 12:39:26,263 - INFO - Accessing: https://doi.org/10.23773/2019_1
2025-12-03 12:39:28,840 - INFO - Extracted 3214 characters from web
2025-12-03 12:39:28,841 - INFO - Web content extracted for cramaVehicleAllocationProblem2019: 3214 chars
2025-12-03 12:39:28,842 - INFO - Accessing: https://doi.org/10.1108/DTA-05-2018-0046
2025-12-03 12:39:31,042 - INFO - Accessing: https://doi.org/10.1108/IJOPM-04-2019-0311
2025-12-03 12:39:33,201 - INFO - Accessing: https://doi.org/10.3391/mbi.2019.10.1.02
2025-12-03 12:39:37,209 - INFO - Extracted 19721 characters from web
2025-12-03 12:39:37,209 - INFO - Web content extracted for cullinanethomasIntegratingLandscapeSimulation2019: 8000 chars
2025-12-03 12:39:37,211 - INFO - Accessing: https://doi.org/10.1108/ECAM-05-2018-0212
2025-12-03 12:39:39,414 - INFO - Accessing: https://doi.org/10.1016/j.knosys.2018.11.028
2025-12-03 12:39:41,771 - INFO - Accessing: https://doi.org/10.1111/1365-2664.13425
2025-12-03 12:39:44,129 - INFO - Accessing: https://doi.org/10.1088/1742-6596/1361/1/012010
2025-12-03 12:39:47,114 - INFO - Extracted 9879 characters from web
2025-12-03 12:39:47,116 - INFO - Web content extracted for dBusinessValueAssessment2019: 8000 chars
2025-12-03 12:39:47,118 - INFO - Accessing: https://doi.org/10.1257/aer.20161109
2025-12-03 12:39:49,286 - INFO - Accessing: https://doi.org/10.1093/jleo/ewz002
2025-12-03 12:39:51,434 - INFO - Accessing: https://doi.org/10.1002/wcc.600
2025-12-03 12:39:53,593 - INFO - Accessing: https://doi.org/10.1016/j.cub.2019.08.052
2025-12-03 12:39:55,907 - INFO - Accessing: https://doi.org/10.6000/1929-7092.2019.08.122
2025-12-03 12:39:59,075 - INFO - Extracted 23417 characters from web
2025-12-03 12:39:59,076 - INFO - Web content extracted for disciplineofsupplychainmanagementschoolofmiguniversityofkwazulu-natalwestvilleprivatebagx54001durban4000southafricaDemandPlanningInformation2019: 8000 chars
2025-12-03 12:39:59,078 - INFO - Accessing: https://doi.org/10.1007/s40273-018-0755-x
2025-12-03 12:40:01,644 - INFO - Extracted 276865 characters from web
2025-12-03 12:40:01,646 - INFO - Web content extracted for ditannaEvaluatingCosteffectivenessModels2019: 8000 chars
2025-12-03 12:40:01,647 - INFO - Accessing: https://doi.org/10.1177/0840470419843552
2025-12-03 12:40:03,818 - INFO - Accessing: https://doi.org/10.1016/j.biocon.2019.108221
2025-12-03 12:40:06,127 - INFO - Processed 120/498 entries
2025-12-03 12:40:06,127 - INFO - Accessing: https://doi.org/10.1016/j.tre.2019.09.010
2025-12-03 12:40:08,519 - INFO - Accessing: https://doi.org/10.1108/JM2-08-2017-0081
2025-12-03 12:40:10,719 - INFO - Accessing: https://doi.org/10.3310/pgfar07100
2025-12-03 12:40:12,853 - INFO - Accessing: https://doi.org/10.1016/j.brat.2019.103417
2025-12-03 12:40:15,169 - INFO - Accessing: https://doi.org/10.1155/2019/4695654
2025-12-03 12:40:17,354 - INFO - Accessing: https://doi.org/10.1016/j.biocon.2019.108226
2025-12-03 12:40:19,725 - INFO - Accessing: https://doi.org/10.1111/1752-1688.12788
2025-12-03 12:40:21,904 - INFO - Accessing: https://doi.org/10.1038/s41893-019-0331-1
2025-12-03 12:40:24,641 - INFO - Extracted 83885 characters from web
2025-12-03 12:40:24,643 - INFO - Web content extracted for ekerModellingDriversWidespread2019: 8000 chars
2025-12-03 12:40:24,644 - INFO - Accessing: https://doi.org/10.1108/RMJ-07-2018-0019
2025-12-03 12:40:26,773 - INFO - Accessing: https://doi.org/10.1007/s00477-019-01745-4
2025-12-03 12:40:29,379 - INFO - Extracted 271596 characters from web
2025-12-03 12:40:29,380 - INFO - Web content extracted for eyvindsonValueInformationMultiple2019: 8000 chars
2025-12-03 12:40:29,381 - INFO - Accessing: https://doi.org/10.1177/1748006X18811199
2025-12-03 12:40:31,555 - INFO - Accessing: https://doi.org/10.1016/j.giq.2019.101395
2025-12-03 12:40:33,890 - INFO - Accessing: https://doi.org/10.1007/s11852-019-00698-8
2025-12-03 12:40:36,403 - INFO - Extracted 248654 characters from web
2025-12-03 12:40:36,404 - INFO - Web content extracted for fatoricKnowledgeCoproductionClimate2019: 8000 chars
2025-12-03 12:40:36,407 - INFO - Accessing: https://doi.org/10.14358/MRS/Chapter6
2025-12-03 12:40:39,678 - INFO - Extracted 6048 characters from web
2025-12-03 12:40:39,679 - INFO - Web content extracted for faundeenArchivingAccessSystems2019: 6048 chars
2025-12-03 12:40:39,681 - INFO - Accessing: https://doi.org/10.1177/2053951719860542
2025-12-03 12:40:41,982 - INFO - Accessing: https://doi.org/10.17705/1jais.00581
2025-12-03 12:40:44,990 - INFO - Extracted 1909 characters from web
2025-12-03 12:40:44,991 - INFO - Web content extracted for fengHowPaternalisticLeadership2019: 1909 chars
2025-12-03 12:40:44,991 - INFO - Accessing: https://doi.org/10.1016/j.enpol.2019.04.045
2025-12-03 12:40:47,436 - INFO - Accessing: https://doi.org/10.1016/j.landusepol.2018.12.044
2025-12-03 12:40:49,816 - INFO - Accessing: https://doi.org/10.1016/j.iref.2019.07.005
2025-12-03 12:40:52,209 - INFO - Accessing: https://doi.org/10.24052/JBRMR/V13IS03/ART-23
2025-12-03 12:40:54,780 - INFO - Processed 140/498 entries
2025-12-03 12:40:54,781 - INFO - Accessing: https://doi.org/10.1073/pnas.1805863115
2025-12-03 12:40:57,006 - INFO - Accessing: https://doi.org/10.1016/j.jmsy.2019.09.012
2025-12-03 12:40:59,480 - INFO - Accessing: https://doi.org/10.1504/IJBSR.2019.100376
2025-12-03 12:41:01,801 - INFO - Accessing: https://doi.org/10.5539/ibr.v12n7p141
2025-12-03 12:41:06,012 - INFO - Extracted 1424 characters from web
2025-12-03 12:41:06,012 - INFO - Web content extracted for fuitomStrategyBuildTransshipment2019: 1424 chars
2025-12-03 12:41:06,014 - INFO - Accessing: https://doi.org/10.1007/s10592-018-1096-1
2025-12-03 12:41:08,842 - INFO - Extracted 143876 characters from web
2025-12-03 12:41:08,843 - INFO - Web content extracted for funkImprovingConservationPolicy2019: 8000 chars
2025-12-03 12:41:08,844 - INFO - Accessing: https://doi.org/10.1016/j.envsoft.2018.12.008
2025-12-03 12:41:11,168 - INFO - Accessing: https://doi.org/10.1186/s12913-019-3890-y
2025-12-03 12:41:13,801 - INFO - Extracted 227567 characters from web
2025-12-03 12:41:13,803 - INFO - Web content extracted for furstenauSharingFrailtyrelatedInformation2019: 8000 chars
2025-12-03 12:41:13,805 - INFO - Accessing: https://doi.org/10.1016/j.jval.2019.09.1195
2025-12-03 12:41:16,144 - INFO - Accessing: https://doi.org/10.1287/mnsc.2017.2936
2025-12-03 12:41:18,404 - INFO - Accessing: https://doi.org/10.1177/2051570718791785
2025-12-03 12:41:20,647 - INFO - Accessing: https://doi.org/10.1016/j.ejim.2019.07.001
2025-12-03 12:41:23,025 - INFO - Accessing: https://doi.org/10.1007/s10916-019-1161-4
2025-12-03 12:41:25,823 - INFO - Extracted 76471 characters from web
2025-12-03 12:41:25,824 - INFO - Web content extracted for garciaConceptualFrameworkPilot2019: 8000 chars
2025-12-03 12:41:25,826 - INFO - Accessing: https://doi.org/10.1016/j.jval.2019.04.1915
2025-12-03 12:41:28,133 - INFO - Accessing: https://doi.org/10.1071/WF18131
2025-12-03 12:41:30,346 - INFO - Accessing: https://doi.org/10.1080/13696998.2019.1571499
2025-12-03 12:41:32,573 - INFO - Accessing: https://doi.org/10.1016/j.jii.2019.100107
2025-12-03 12:41:34,966 - INFO - Accessing: https://doi.org/10.1016/j.actamat.2019.09.009
2025-12-03 12:41:37,370 - INFO - Accessing: https://doi.org/10.3926/hdbr.181
2025-12-03 12:41:40,034 - INFO - Extracted 7045 characters from web
2025-12-03 12:41:40,035 - INFO - Web content extracted for gilmartinTypologyDecisionmakingProcess2019: 7045 chars
2025-12-03 12:41:40,037 - INFO - Accessing: https://doi.org/10.1002/eap.1892
2025-12-03 12:41:42,271 - INFO - Processed 160/498 entries
2025-12-03 12:41:42,271 - INFO - Accessing: https://doi.org/10.1016/j.jpubeco.2018.10.010
2025-12-03 12:41:44,636 - INFO - Accessing: https://doi.org/10.1016/j.envsci.2018.12.002
2025-12-03 12:41:47,005 - INFO - Accessing: https://doi.org/10.1108/IJPDLM-08-2018-0311
2025-12-03 12:41:49,200 - INFO - Accessing: https://doi.org/10.1016/j.cie.2019.106038
2025-12-03 12:41:51,513 - INFO - Accessing: https://doi.org/10.1016/j.ijepes.2018.08.028
2025-12-03 12:41:53,893 - INFO - Accessing: https://doi.org/10.1016/j.ejor.2018.09.015
2025-12-03 12:41:56,274 - INFO - Accessing: https://doi.org/10.3390/en12112096
2025-12-03 12:41:58,441 - INFO - Accessing: https://doi.org/10.1016/j.vaccine.2017.03.074
2025-12-03 12:42:00,793 - INFO - Accessing: https://doi.org/10.1016/j.ejor.2019.04.014
2025-12-03 12:42:03,170 - INFO - Accessing: https://doi.org/10.7490/f1000research.1116834.1
2025-12-03 12:42:05,875 - INFO - Extracted 35470 characters from web
2025-12-03 12:42:05,875 - INFO - Web content extracted for grieveIDSIReferenceCase2019: 8000 chars
2025-12-03 12:42:05,877 - INFO - Accessing: https://doi.org/10.1080/19434472.2018.1551917
2025-12-03 12:42:08,038 - INFO - Accessing: https://doi.org/10.1016/j.apenergy.2018.10.045
2025-12-03 12:42:10,332 - INFO - Accessing: https://doi.org/10.1145/3291933
2025-12-03 12:42:12,514 - INFO - Accessing: https://doi.org/10.1109/ACCESS.2019.2901027
2025-12-03 12:42:15,187 - INFO - Accessing: https://doi.org/10.1504/IJCM.2019.105979
2025-12-03 12:42:17,422 - INFO - Accessing: https://doi.org/10.1177/0272989X19879095
2025-12-03 12:42:19,582 - INFO - Accessing: https://doi.org/10.1016/j.jenvman.2019.109652
2025-12-03 12:42:21,969 - INFO - Accessing: https://doi.org/10.1504/IJEWE.2019.097180
2025-12-03 12:42:24,269 - INFO - Accessing: https://doi.org/10.1504/IJGEI.2018.097180
2025-12-03 12:42:26,476 - INFO - Accessing: https://doi.org/10.3310/hta23300
2025-12-03 12:42:28,701 - INFO - Processed 180/498 entries
2025-12-03 12:42:28,701 - INFO - Accessing: https://doi.org/10.1016/j.ijggc.2019.03.023
2025-12-03 12:42:30,992 - INFO - Accessing: https://doi.org/10.1016/j.spc.2019.08.003
2025-12-03 12:42:33,294 - INFO - Accessing: https://doi.org/10.1115/1.4042614
2025-12-03 12:42:35,461 - INFO - Accessing: https://doi.org/10.1016/j.jval.2019.04.162
2025-12-03 12:42:37,870 - INFO - Accessing: https://doi.org/10.1016/j.biocon.2019.02.015
2025-12-03 12:42:40,178 - INFO - Accessing: https://doi.org/10.1002/rem.21589
2025-12-03 12:42:42,385 - INFO - Accessing: https://doi.org/10.1111/josp.12319
2025-12-03 12:42:44,586 - INFO - Accessing: https://doi.org/10.1080/0098261X.2019.1613202
2025-12-03 12:42:46,736 - INFO - Accessing: https://doi.org/10.1007/s10640-018-0288-y
2025-12-03 12:42:49,466 - INFO - Extracted 42237 characters from web
2025-12-03 12:42:49,466 - INFO - Web content extracted for heldCostRiskAnalysis2019: 8000 chars
2025-12-03 12:42:49,468 - INFO - Accessing: https://doi.org/10.1007/s13595-019-0878-z
2025-12-03 12:42:52,293 - INFO - Extracted 306306 characters from web
2025-12-03 12:42:52,294 - INFO - Web content extracted for hengst-ehrhartKnowingNotEnough2019: 8000 chars
2025-12-03 12:42:52,295 - INFO - Accessing: https://doi.org/10.1007/s10551-017-3705-1
2025-12-03 12:42:54,953 - INFO - Extracted 90472 characters from web
2025-12-03 12:42:54,954 - INFO - Web content extracted for herathProfitdrivenCorporateSocial2019: 8000 chars
2025-12-03 12:42:54,955 - INFO - Accessing: https://doi.org/10.3389/feart.2019.00118
2025-12-03 12:42:57,869 - INFO - Extracted 403712 characters from web
2025-12-03 12:42:57,870 - INFO - Web content extracted for hesseWhatWeTalk2019: 8000 chars
2025-12-03 12:42:57,871 - INFO - Accessing: https://doi.org/10.1017/S0266267118000214
2025-12-03 12:43:00,940 - INFO - Extracted 46138 characters from web
2025-12-03 12:43:00,941 - INFO - Web content extracted for hillConfidenceBeliefsRational2019: 8000 chars
2025-12-03 12:43:00,942 - INFO - Accessing: https://doi.org/10.1029/2018EF001071
2025-12-03 12:43:03,032 - INFO - Accessing: https://doi.org/10.1007/s13280-018-1139-3
2025-12-03 12:43:05,861 - INFO - Extracted 388286 characters from web
2025-12-03 12:43:05,862 - INFO - Web content extracted for hodbodSocialecologicalChangeOmoturkana2019: 8000 chars
2025-12-03 12:43:05,863 - INFO - Accessing: https://doi.org/10.1016/j.actamat.2018.11.007
2025-12-03 12:43:08,106 - INFO - Accessing: https://doi.org/10.1016/j.jclepro.2019.118377
2025-12-03 12:43:11,895 - INFO - Accessing: https://doi.org/10.1159/000497809
2025-12-03 12:43:14,109 - INFO - Processed 200/498 entries
2025-12-03 12:43:14,110 - INFO - Accessing: https://doi.org/10.1108/MIP-10-2018-0448
2025-12-03 12:43:16,364 - INFO - Accessing: https://doi.org/10.1016/j.ress.2019.04.037
2025-12-03 12:43:21,741 - INFO - Accessing: https://doi.org/10.1080/02626667.2019.1676429
2025-12-03 12:43:23,963 - INFO - Accessing: https://doi.org/10.1016/j.aei.2018.12.006
2025-12-03 12:43:26,489 - INFO - Accessing: https://doi.org/10.1139/cjfas-2018-0130
2025-12-03 12:43:28,726 - INFO - Accessing: https://doi.org/10.1108/JEIM-09-2018-0197
2025-12-03 12:43:30,972 - INFO - Accessing: https://doi.org/10.1016/j.jval.2019.01.003
2025-12-03 12:43:33,359 - INFO - Accessing: https://doi.org/10.1016/j.eneco.2019.02.013
2025-12-03 12:43:35,722 - INFO - Accessing: https://doi.org/10.1080/02684527.2019.1569343
2025-12-03 12:43:37,936 - INFO - Accessing: https://doi.org/10.1007/s00199-018-1123-y
2025-12-03 12:43:42,080 - INFO - Extracted 170951 characters from web
2025-12-03 12:43:42,081 - INFO - Web content extracted for ishidaCheapTalkWhen2019: 8000 chars
2025-12-03 12:43:42,083 - INFO - Accessing: https://doi.org/10.1145/3267338
2025-12-03 12:43:44,199 - INFO - Accessing: https://doi.org/10.1108/JAMR-10-2018-0087
2025-12-03 12:43:46,394 - INFO - Accessing: https://doi.org/10.1016/j.ijpe.2018.06.013
2025-12-03 12:43:51,001 - INFO - Accessing: https://doi.org/10.1080/01621459.2018.1562932
2025-12-03 12:43:53,130 - INFO - Accessing: https://doi.org/10.1145/3370082
2025-12-03 12:43:55,302 - INFO - Accessing: https://doi.org/10.1016/j.wre.2018.09.001
2025-12-03 12:43:57,759 - INFO - Accessing: https://doi.org/10.1016/j.adhoc.2018.07.006
2025-12-03 12:44:00,125 - INFO - Accessing: https://doi.org/10.1007/s10518-018-0521-7
2025-12-03 12:44:02,964 - INFO - Extracted 53902 characters from web
2025-12-03 12:44:02,965 - INFO - Web content extracted for jongejanProbabilisticAssessmentsFlood2019: 8000 chars
2025-12-03 12:44:02,966 - INFO - Accessing: https://doi.org/10.1007/s10198-018-1007-x
2025-12-03 12:44:05,427 - INFO - Extracted 330808 characters from web
2025-12-03 12:44:05,427 - INFO - Web content extracted for jonssonAdvancedTherapyMedicinal2019: 8000 chars
2025-12-03 12:44:05,429 - INFO - Processed 220/498 entries
2025-12-03 12:44:05,429 - INFO - Accessing: https://doi.org/10.1007/s13412-018-0521-6
2025-12-03 12:44:08,078 - INFO - Extracted 57900 characters from web
2025-12-03 12:44:08,078 - INFO - Web content extracted for jordanCitizenScienceCivic2019: 8000 chars
2025-12-03 12:44:08,080 - INFO - Accessing: https://doi.org/10.1080/00396265.2017.1420586
2025-12-03 12:44:10,255 - INFO - Accessing: https://doi.org/10.1002/ecs2.2976
2025-12-03 12:44:12,453 - INFO - Accessing: https://doi.org/10.1097/JPO.0000000000000234
2025-12-03 12:44:14,703 - INFO - Accessing: https://doi.org/10.1016/j.tre.2019.02.005
2025-12-03 12:44:17,090 - INFO - Accessing: https://doi.org/10.1016/j.jmb.2019.01.044
2025-12-03 12:44:19,450 - INFO - Accessing: https://doi.org/10.1016/j.eswa.2019.05.053
2025-12-03 12:44:21,810 - INFO - Accessing: https://doi.org/10.1016/j.ijinfomgt.2018.11.014
2025-12-03 12:44:24,182 - INFO - Accessing: https://doi.org/10.1080/07421222.2019.1628906
2025-12-03 12:44:26,373 - INFO - Accessing: https://doi.org/10.1080/10496491.2018.1500409
2025-12-03 12:44:28,572 - INFO - Accessing: https://doi.org/10.1108/IJRDM-06-2017-0128
2025-12-03 12:44:30,841 - INFO - Accessing: https://doi.org/10.1177/0272989X18823008
2025-12-03 12:44:33,047 - INFO - Accessing: https://doi.org/10.1108/JSTPM-02-2019-0023
2025-12-03 12:44:35,265 - INFO - Accessing: https://doi.org/10.1377/hlthaff.2018.05148
2025-12-03 12:44:37,768 - INFO - Accessing: https://doi.org/10.1016/j.energy.2018.11.075
2025-12-03 12:44:40,108 - INFO - Accessing: https://doi.org/10.21955/gatesopenres.1115782.1
2025-12-03 12:44:42,655 - INFO - Extracted 38658 characters from web
2025-12-03 12:44:42,655 - INFO - Web content extracted for kizitoStructureConductPerformance2019: 8000 chars
2025-12-03 12:44:42,656 - INFO - Accessing: https://doi.org/10.1016/j.njas.2019.100315
2025-12-03 12:44:44,821 - INFO - Processed 240/498 entries
2025-12-03 12:44:44,822 - INFO - Accessing: https://doi.org/10.1038/s41562-019-0589-3
2025-12-03 12:44:47,498 - INFO - Extracted 57248 characters from web
2025-12-03 12:44:47,498 - INFO - Web content extracted for kobayashiDiverseMotivesHuman2019: 8000 chars
2025-12-03 12:44:47,500 - INFO - Accessing: https://doi.org/10.1371/journal.pone.0217559
2025-12-03 12:44:50,869 - INFO - Extracted 176223 characters from web
2025-12-03 12:44:50,869 - INFO - Web content extracted for krebsDevelopingDynamicHIV2019: 8000 chars
2025-12-03 12:44:50,871 - INFO - Accessing: https://doi.org/10.1016/j.scitotenv.2018.12.116
2025-12-03 12:44:53,178 - INFO - Accessing: https://doi.org/10.1016/j.jbusres.2019.01.004
2025-12-03 12:44:55,557 - INFO - Accessing: https://doi.org/10.1016/j.pursup.2018.06.005
2025-12-03 12:44:57,911 - INFO - Accessing: https://doi.org/10.1016/j.trb.2018.12.001
2025-12-03 12:45:00,263 - INFO - Accessing: https://doi.org/10.1080/00207543.2019.1578429
2025-12-03 12:45:02,399 - INFO - Accessing: https://doi.org/10.1504/IJMDM.2019.102617
2025-12-03 12:45:04,765 - INFO - Accessing: https://doi.org/10.1504/IJBCG.2019.104073
2025-12-03 12:45:06,988 - INFO - Accessing: https://doi.org/10.1016/j.jretconser.2019.01.020
2025-12-03 12:45:09,269 - INFO - Accessing: https://doi.org/10.1080/09669582.2019.1585440
2025-12-03 12:45:11,395 - INFO - Accessing: https://doi.org/10.1002/zoo.21468
2025-12-03 12:45:13,539 - INFO - Accessing: https://doi.org/10.1017/S104161021900005X
2025-12-03 12:45:15,827 - INFO - Accessing: https://doi.org/10.1016/j.envsoft.2019.01.016
2025-12-03 12:45:21,415 - INFO - Accessing: https://doi.org/10.1115/1.4044795
2025-12-03 12:45:23,552 - INFO - Accessing: https://doi.org/10.1016/j.scitotenv.2019.134026
2025-12-03 12:45:25,865 - INFO - Accessing: https://doi.org/10.1111/jwip.12118
2025-12-03 12:45:27,986 - INFO - Accessing: https://doi.org/10.1016/j.cobeha.2018.12.012
2025-12-03 12:45:30,449 - INFO - Accessing: https://doi.org/10.1126/scirobotics.aav2975
2025-12-03 12:45:32,686 - INFO - Processed 260/498 entries
2025-12-03 12:45:32,687 - INFO - Accessing: https://doi.org/10.1016/j.cie.2019.106061
2025-12-03 12:45:35,014 - INFO - Accessing: https://doi.org/10.1016/j.erss.2018.10.010
2025-12-03 12:45:37,307 - INFO - Accessing: https://doi.org/10.1108/ECAM-01-2019-0028
2025-12-03 12:45:39,492 - INFO - Accessing: https://doi.org/10.1523/JNEUROSCI.0159-19.2019
2025-12-03 12:45:43,837 - INFO - Extracted 866650 characters from web
2025-12-03 12:45:43,838 - INFO - Web content extracted for liIndividualNeuronsCingulate2019: 8000 chars
2025-12-03 12:45:43,839 - INFO - Accessing: https://doi.org/10.1016/j.jglr.2019.01.008
2025-12-03 12:45:45,995 - INFO - Accessing: https://doi.org/10.2217/cer-2018-0033
2025-12-03 12:45:48,146 - INFO - Accessing: https://doi.org/10.1016/j.scitotenv.2018.09.291
2025-12-03 12:45:50,456 - INFO - Accessing: https://doi.org/10.32629/jai.v2i1.34
2025-12-03 12:45:52,990 - INFO - Accessing: https://doi.org/10.1016/j.jclepro.2019.04.247
2025-12-03 12:45:55,357 - INFO - Accessing: https://doi.org/10.1007/s00500-018-3458-5
2025-12-03 12:45:58,998 - INFO - Extracted 47975 characters from web
2025-12-03 12:45:58,998 - INFO - Web content extracted for liUncertaintyMeasurementCovering2019: 8000 chars
2025-12-03 12:45:59,000 - INFO - Accessing: https://doi.org/10.1108/INTR-07-2018-0331
2025-12-03 12:46:01,157 - INFO - Accessing: https://doi.org/10.1016/j.im.2018.09.001
2025-12-03 12:46:03,566 - INFO - Accessing: https://doi.org/10.15171/ijhpm.2019.119
2025-12-03 12:46:06,035 - INFO - Extracted 2471 characters from web
2025-12-03 12:46:06,035 - INFO - Web content extracted for love-kohHowUsefulAre2019: 2471 chars
2025-12-03 12:46:06,036 - INFO - Accessing: https://doi.org/10.3310/pgfar07090
2025-12-03 12:46:08,118 - INFO - Accessing: https://doi.org/10.1016/j.tra.2019.08.001
2025-12-03 12:46:10,421 - INFO - Accessing: https://doi.org/10.1016/j.ijpe.2019.01.015
2025-12-03 12:46:12,707 - INFO - Accessing: https://doi.org/10.1504/IJRAM.2019.101287
2025-12-03 12:46:15,011 - INFO - Accessing: https://doi.org/10.15605/jafes.034.01.08
2025-12-03 12:46:20,558 - INFO - Extracted 40584 characters from web
2025-12-03 12:46:20,558 - INFO - Web content extracted for macalalad-josueDevelopmentPatientDecision2019: 8000 chars
2025-12-03 12:46:20,560 - INFO - Accessing: https://doi.org/10.1111/risa.13284
2025-12-03 12:46:22,680 - INFO - Processed 280/498 entries
2025-12-03 12:46:22,680 - INFO - Accessing: https://doi.org/10.1186/s13756-019-0628-x
2025-12-03 12:46:25,340 - INFO - Extracted 181076 characters from web
2025-12-03 12:46:25,342 - INFO - Web content extracted for macVancomycinresistantEnterococciVRE2019: 8000 chars
2025-12-03 12:46:25,343 - INFO - Accessing: https://doi.org/10.1016/j.healthpol.2018.09.016
2025-12-03 12:46:27,705 - INFO - Accessing: https://doi.org/10.1111/jofi.12779
2025-12-03 12:46:29,842 - INFO - Accessing: https://doi.org/10.1080/00031305.2018.1543617
2025-12-03 12:46:32,160 - INFO - Accessing: https://doi.org/10.1016/j.envsoft.2018.09.016
2025-12-03 12:46:34,446 - INFO - Accessing: https://doi.org/10.3391/mbi.2019.10.2.01
2025-12-03 12:46:37,831 - INFO - Extracted 23711 characters from web
2025-12-03 12:46:37,831 - INFO - Web content extracted for marcotDecisionSupportSystem2019: 8000 chars
2025-12-03 12:46:37,833 - INFO - Accessing: https://doi.org/10.1108/AAAJ-04-2018-3463
2025-12-03 12:46:39,967 - INFO - Accessing: https://doi.org/10.1016/j.jenvman.2019.109380
2025-12-03 12:46:42,351 - INFO - Accessing: https://doi.org/10.1108/JQME-11-2018-0100
2025-12-03 12:46:44,566 - INFO - Accessing: https://doi.org/10.1016/j.energy.2019.115996
2025-12-03 12:46:47,130 - INFO - Accessing: https://doi.org/10.3233/JIFS-181259
2025-12-03 12:46:49,357 - INFO - Accessing: https://doi.org/10.1016/j.landusepol.2019.01.040
2025-12-03 12:46:51,729 - INFO - Accessing: https://doi.org/10.1016/j.jval.2018.11.013
2025-12-03 12:46:54,101 - INFO - Accessing: https://doi.org/10.1080/00207543.2018.1535204
2025-12-03 12:46:56,298 - INFO - Accessing: https://doi.org/10.1186/s12910-018-0343-9
2025-12-03 12:46:58,940 - INFO - Extracted 397177 characters from web
2025-12-03 12:46:58,941 - INFO - Web content extracted for mbuthiaKenyanHealthStakeholder2019: 8000 chars
2025-12-03 12:46:58,942 - INFO - Accessing: https://doi.org/10.1136/bmjopen-2019-030597
2025-12-03 12:47:01,143 - INFO - Accessing: https://doi.org/10.1108/AAAJ-09-2017-3156
2025-12-03 12:47:03,386 - INFO - Accessing: https://doi.org/10.1016/j.jad.2018.08.024
2025-12-03 12:47:05,836 - INFO - Processed 300/498 entries
2025-12-03 12:47:05,837 - INFO - Accessing: https://doi.org/10.1108/JEIM-07-2018-0166
2025-12-03 12:47:08,076 - INFO - Accessing: https://doi.org/10.1115/1.4042350
2025-12-03 12:47:10,288 - INFO - Accessing: https://doi.org/10.1086/702704
2025-12-03 12:47:12,663 - INFO - Accessing: https://doi.org/10.1016/j.ejor.2019.06.017
2025-12-03 12:47:15,032 - INFO - Accessing: https://doi.org/10.1016/j.jbankfin.2019.105650
2025-12-03 12:47:17,397 - INFO - Accessing: https://doi.org/10.1007/s40258-019-00500-8
2025-12-03 12:47:19,919 - INFO - Extracted 261285 characters from web
2025-12-03 12:47:19,920 - INFO - Web content extracted for michelsCostEffectivenessCladribine2019: 8000 chars
2025-12-03 12:47:19,922 - INFO - Accessing: https://doi.org/10.1371/journal.pone.0221564
2025-12-03 12:47:23,256 - INFO - Extracted 139610 characters from web
2025-12-03 12:47:23,258 - INFO - Web content extracted for mikschWhyShouldWe2019: 8000 chars
2025-12-03 12:47:23,260 - INFO - Accessing: https://doi.org/10.1093/jas/skz125
2025-12-03 12:47:25,435 - INFO - Accessing: https://doi.org/10.3310/pgfar07060
2025-12-03 12:47:27,584 - INFO - Accessing: https://doi.org/10.1080/23270012.2019.1608326
2025-12-03 12:47:29,719 - INFO - Accessing: https://doi.org/10.1016/j.ijdrr.2018.10.022
2025-12-03 12:47:32,029 - INFO - Accessing: https://doi.org/10.22037/ijpr.2019.2389
2025-12-03 12:47:34,289 - INFO - Accessing: https://doi.org/10.1109/THMS.2019.2925619
2025-12-03 12:47:37,223 - INFO - Accessing: https://doi.org/10.1111/csp2.118
2025-12-03 12:47:39,441 - INFO - Accessing: https://doi.org/10.1136/bmjopen-2018-021832
2025-12-03 12:47:41,672 - INFO - Accessing: https://doi.org/10.1108/IJCHM-04-2018-0314
2025-12-03 12:47:43,943 - INFO - Accessing: https://doi.org/10.1108/IJCHM-08-2018-0701
2025-12-03 12:47:46,107 - INFO - Accessing: https://doi.org/10.1155/2019/5469191
2025-12-03 12:47:48,346 - INFO - Accessing: https://doi.org/10.1080/01584197.2019.1605830
2025-12-03 12:47:50,542 - INFO - Accessing: https://doi.org/10.7554/eLife.39404
2025-12-03 12:47:53,024 - WARNING - Request failed for https://doi.org/10.7554/eLife.39404: 406 Client Error: Not Acceptable for url: https://elifesciences.org/articles/39404
2025-12-03 12:47:53,027 - INFO - Processed 320/498 entries
2025-12-03 12:47:53,027 - INFO - Accessing: https://doi.org/10.1093/icesjms/fsz163
2025-12-03 12:47:55,236 - INFO - Accessing: https://doi.org/10.1002/isd2.12074
2025-12-03 12:47:57,449 - INFO - Accessing: https://doi.org/10.1016/j.eswa.2018.12.015
2025-12-03 12:48:00,366 - INFO - Accessing: https://doi.org/10.1061/(ASCE)ME.1943-5479.0000666
2025-12-03 12:48:02,600 - INFO - Accessing: https://doi.org/10.1108/JBIM-11-2018-0329
2025-12-03 12:48:04,821 - INFO - Accessing: https://doi.org/10.1108/ILS-10-2018-0108
2025-12-03 12:48:07,062 - INFO - Accessing: https://doi.org/10.1002/stc.2352
2025-12-03 12:48:09,227 - INFO - Accessing: https://doi.org/10.1007/s10198-019-01040-7
2025-12-03 12:48:12,003 - INFO - Extracted 102790 characters from web
2025-12-03 12:48:12,004 - INFO - Web content extracted for nguyenSystematicReviewPharmacoeconomic2019: 8000 chars
2025-12-03 12:48:12,005 - INFO - Accessing: https://doi.org/10.1038/s41467-019-11404-5
2025-12-03 12:48:14,508 - INFO - Extracted 424792 characters from web
2025-12-03 12:48:14,508 - INFO - Web content extracted for nicolQuantifyingImpactUncertainty2019: 8000 chars
2025-12-03 12:48:14,510 - INFO - Accessing: https://doi.org/10.1080/10286608.2019.1615476
2025-12-03 12:48:16,642 - INFO - Accessing: https://doi.org/10.2147/AMEP.S154974
2025-12-03 12:48:19,910 - INFO - Extracted 51009 characters from web
2025-12-03 12:48:19,911 - INFO - Web content extracted for nimmonsMedicalStudentMentoring2019: 8000 chars
2025-12-03 12:48:19,912 - INFO - Accessing: https://doi.org/10.1016/j.tre.2019.01.011
2025-12-03 12:48:22,214 - INFO - Accessing: https://doi.org/10.1016/j.ijdrr.2019.101234
2025-12-03 12:48:24,602 - INFO - Accessing: https://doi.org/10.13023/etd.2019.431
2025-12-03 12:48:27,798 - INFO - Extracted 4097 characters from web
2025-12-03 12:48:27,798 - INFO - Web content extracted for nunnlawlessSuperintendentsMicropoliticsInnovation2019: 4097 chars
2025-12-03 12:48:27,799 - INFO - Accessing: https://doi.org/10.1108/JM2-01-2019-0002
2025-12-03 12:48:29,987 - INFO - Accessing: https://doi.org/10.1016/j.vaccine.2019.03.072
2025-12-03 12:48:32,295 - INFO - Accessing: https://doi.org/10.1002/dc.23993
2025-12-03 12:48:34,508 - INFO - Accessing: https://doi.org/10.1021/acs.iecr.9b02349
2025-12-03 12:48:36,766 - INFO - Accessing: https://doi.org/10.1111/lasr.12432
2025-12-03 12:48:40,534 - INFO - Extracted 377301 characters from web
2025-12-03 12:48:40,535 - INFO - Web content extracted for ostermannRegulatoryPragmatismLegal2019: 8000 chars
2025-12-03 12:48:40,536 - INFO - Processed 340/498 entries
2025-12-03 12:48:40,537 - INFO - Accessing: https://doi.org/10.1175/WCAS-D-18-0130.1
2025-12-03 12:48:42,701 - WARNING - Some characters could not be decoded, and were replaced with REPLACEMENT CHARACTER.
2025-12-03 12:48:42,702 - INFO - Accessing: https://doi.org/10.1186/s12874-019-0713-0
2025-12-03 12:48:45,304 - INFO - Extracted 271873 characters from web
2025-12-03 12:48:45,305 - INFO - Web content extracted for paiStrategiesElicitingSynthesizing2019: 8000 chars
2025-12-03 12:48:45,307 - INFO - Accessing: https://doi.org/10.1108/MAJ-12-2018-2118
2025-12-03 12:48:47,495 - INFO - Accessing: https://doi.org/10.1287/mnsc.2018.3047
2025-12-03 12:48:49,686 - INFO - Accessing: https://doi.org/10.1016/j.healthpol.2019.01.007
2025-12-03 12:48:52,074 - INFO - Accessing: https://doi.org/10.17663/JWR.2019.21.4.267
2025-12-03 12:49:09,666 - WARNING - Request failed for https://doi.org/10.17663/JWR.2019.21.4.267: HTTPConnectionPool(host='koreascience.or.kr', port=80): Read timed out. (read timeout=15)
2025-12-03 12:49:09,668 - INFO - Accessing: https://doi.org/10.1016/j.jretconser.2018.11.015
2025-12-03 12:49:10,072 - INFO - Accessing: https://doi.org/10.1007/s11769-019-1047-x
2025-12-03 12:49:12,602 - INFO - Extracted 50809 characters from web
2025-12-03 12:49:12,603 - INFO - Web content extracted for pengEvolutionCharacteristicsGovernmentindustryuniversity2019: 8000 chars
2025-12-03 12:49:12,604 - INFO - Accessing: https://doi.org/10.1016/j.ejor.2018.10.028
2025-12-03 12:49:14,890 - INFO - Accessing: https://doi.org/10.1080/00207543.2018.1521530
2025-12-03 12:49:17,019 - INFO - Accessing: https://doi.org/10.1016/j.jval.2019.03.008
2025-12-03 12:49:19,485 - INFO - Accessing: https://doi.org/10.1080/14737167.2019.1536549
2025-12-03 12:49:21,679 - INFO - Accessing: https://doi.org/10.1136/bmjgh-2018-000899
2025-12-03 12:49:23,967 - INFO - Accessing: https://doi.org/10.1016/j.prevetmed.2019.104777
2025-12-03 12:49:26,272 - INFO - Accessing: https://doi.org/10.1108/JHOM-11-2018-0332
2025-12-03 12:49:28,515 - INFO - Accessing: https://doi.org/10.1016/j.cll.2019.01.003
2025-12-03 12:49:30,906 - INFO - Accessing: https://doi.org/10.35940/ijrte.D4514.118419
2025-12-03 12:49:35,934 - INFO - Extracted 7810 characters from web
2025-12-03 12:49:35,935 - INFO - Web content extracted for plekhanovrussianuniversityofeconomicsmoscowrussianfederation.ManagingEntrepreneurialRisks2019: 7810 chars
2025-12-03 12:49:35,937 - INFO - Accessing: https://doi.org/10.1016/j.ejor.2019.03.034
2025-12-03 12:49:38,264 - INFO - Accessing: https://doi.org/10.1016/j.jval.2019.09.947
2025-12-03 12:49:40,637 - INFO - Accessing: https://doi.org/10.5922/2079-8555-2019-4-9
2025-12-03 12:49:43,506 - INFO - Extracted 1479 characters from web
2025-12-03 12:49:43,507 - INFO - Web content extracted for ponomarevEntrepreneurialCapitalRegion2019: 1479 chars
2025-12-03 12:49:43,508 - INFO - Processed 360/498 entries
2025-12-03 12:49:43,508 - INFO - Accessing: https://doi.org/10.1016/j.ssci.2019.05.024
2025-12-03 12:49:45,811 - INFO - Accessing: https://doi.org/10.1016/j.jval.2018.11.010
2025-12-03 12:49:48,122 - INFO - Accessing: https://doi.org/10.1098/rstb.2018.0277
2025-12-03 12:49:50,297 - INFO - Accessing: https://doi.org/10.1016/j.techsoc.2019.101186
2025-12-03 12:49:52,667 - INFO - Accessing: https://doi.org/10.1016/j.trip.2019.100072
2025-12-03 12:49:54,976 - INFO - Accessing: https://doi.org/10.1111/geb.12848
2025-12-03 12:49:57,174 - INFO - Accessing: https://doi.org/10.1016/j.enbuild.2019.109384
2025-12-03 12:49:59,501 - INFO - Accessing: https://doi.org/10.1002/jwmg.21645
2025-12-03 12:50:01,861 - INFO - Accessing: https://doi.org/10.1108/JEIM-08-2018-0172
2025-12-03 12:50:04,189 - INFO - Accessing: https://doi.org/10.1007/s10676-018-9496-y
2025-12-03 12:50:06,855 - INFO - Extracted 159479 characters from web
2025-12-03 12:50:06,857 - INFO - Web content extracted for reviglioSerendipityEmergingDesign2019: 8000 chars
2025-12-03 12:50:06,859 - INFO - Accessing: https://doi.org/10.7490/f1000research.1116850.1
2025-12-03 12:50:09,385 - INFO - Extracted 38135 characters from web
2025-12-03 12:50:09,385 - INFO - Web content extracted for revillEconomicEvaluationHealthcare2019: 8000 chars
2025-12-03 12:50:09,387 - INFO - Accessing: https://doi.org/10.1007/s11740-019-00882-7
2025-12-03 12:50:11,887 - INFO - Extracted 45397 characters from web
2025-12-03 12:50:11,887 - INFO - Web content extracted for reyHighlyIterativeTechnology2019: 8000 chars
2025-12-03 12:50:11,888 - INFO - Accessing: https://doi.org/10.1515/itit-2019-0020
2025-12-03 12:50:14,565 - INFO - Extracted 62955 characters from web
2025-12-03 12:50:14,565 - INFO - Web content extracted for richterPerspectivesDataAvailability2019: 8000 chars
2025-12-03 12:50:14,567 - INFO - Accessing: https://doi.org/10.1007/s00267-019-01141-2
2025-12-03 12:50:17,148 - INFO - Extracted 67332 characters from web
2025-12-03 12:50:17,148 - INFO - Web content extracted for robinsonIntegrationSocialEcological2019: 8000 chars
2025-12-03 12:50:17,149 - INFO - Accessing: https://doi.org/10.1016/j.trc.2018.11.015
2025-12-03 12:50:19,473 - INFO - Accessing: https://doi.org/10.1063/1.5089877
2025-12-03 12:50:21,635 - INFO - Accessing: https://doi.org/10.1016/j.seta.2019.01.003
2025-12-03 12:50:23,989 - INFO - Accessing: https://doi.org/10.1016/j.jval.2019.03.018
2025-12-03 12:50:26,391 - INFO - Accessing: https://doi.org/10.1177/0018726718799404
2025-12-03 12:50:28,612 - INFO - Processed 380/498 entries
2025-12-03 12:50:28,613 - INFO - Accessing: https://doi.org/10.1177/1555343419842776
2025-12-03 12:50:30,842 - INFO - Accessing: https://doi.org/10.1016/j.eswa.2018.08.039
2025-12-03 12:50:33,131 - INFO - Accessing: https://doi.org/10.1016/j.geb.2019.05.005
2025-12-03 12:50:35,419 - INFO - Accessing: https://doi.org/10.1007/s40804-018-0127-1
2025-12-03 12:50:38,082 - INFO - Extracted 323565 characters from web
2025-12-03 12:50:38,083 - INFO - Web content extracted for russoResolutionPlansResolution2019: 8000 chars
2025-12-03 12:50:38,084 - INFO - Accessing: https://doi.org/10.1007/s12599-018-00573-0
2025-12-03 12:50:40,666 - INFO - Extracted 331706 characters from web
2025-12-03 12:50:40,667 - INFO - Web content extracted for sachsFramingMicrogridDesign2019: 8000 chars
2025-12-03 12:50:40,668 - INFO - Accessing: https://doi.org/10.1111/poms.12940
2025-12-03 12:50:42,944 - INFO - Accessing: https://doi.org/10.1002/sys.21481
2025-12-03 12:50:45,161 - INFO - Accessing: https://doi.org/10.22050/pbr.2019.107913
2025-12-03 12:50:51,011 - INFO - Accessing: https://doi.org/10.1108/IJOPM-09-2018-0527
2025-12-03 12:50:53,250 - INFO - Accessing: https://doi.org/10.1097/QAI.0000000000002219
2025-12-03 12:50:55,646 - INFO - Accessing: https://doi.org/10.1016/j.jclinepi.2019.08.004
2025-12-03 12:50:58,041 - INFO - Accessing: https://doi.org/10.1016/j.foodpol.2019.101748
2025-12-03 12:51:00,418 - INFO - Accessing: https://doi.org/10.1177/2381468319866448
2025-12-03 12:51:02,652 - INFO - Accessing: https://doi.org/10.3389/feart.2019.00283
2025-12-03 12:51:05,496 - INFO - Extracted 188167 characters from web
2025-12-03 12:51:05,497 - INFO - Web content extracted for schollaertuzDevelopingCommunityPractice2019: 8000 chars
2025-12-03 12:51:05,498 - INFO - Accessing: https://doi.org/10.1186/s41231-019-0050-7
2025-12-03 12:51:12,284 - INFO - Extracted 515736 characters from web
2025-12-03 12:51:12,285 - INFO - Web content extracted for seyhanLostTranslationValley2019: 8000 chars
2025-12-03 12:51:12,287 - INFO - Accessing: https://doi.org/10.1016/j.petrol.2018.10.050
2025-12-03 12:51:14,542 - INFO - Accessing: https://doi.org/10.3926/jiem.2792
2025-12-03 12:51:17,802 - INFO - Extracted 2491 characters from web
2025-12-03 12:51:17,802 - INFO - Web content extracted for shahbazNovelClassificationSupply2019: 2491 chars
2025-12-03 12:51:17,803 - INFO - Accessing: https://doi.org/10.1609/icaps.v29i1.3505
2025-12-03 12:51:20,894 - INFO - Extracted 4670 characters from web
2025-12-03 12:51:20,895 - INFO - Web content extracted for sharmaRobustAdaptivePlanning2019: 4670 chars
2025-12-03 12:51:20,896 - INFO - Accessing: https://doi.org/10.1080/1478422X.2019.1615741
2025-12-03 12:51:23,091 - INFO - Accessing: https://doi.org/10.1108/JMTM-07-2018-0206
2025-12-03 12:51:25,312 - INFO - Processed 400/498 entries
2025-12-03 12:51:25,312 - INFO - Accessing: https://doi.org/10.1016/j.engstruct.2019.109666
2025-12-03 12:51:27,684 - INFO - Accessing: https://doi.org/10.1080/13696998.2018.1549056
2025-12-03 12:51:29,898 - INFO - Accessing: https://doi.org/10.1016/j.indmarman.2017.05.008
2025-12-03 12:51:32,274 - INFO - Accessing: https://doi.org/10.3389/fphar.2019.00830
2025-12-03 12:51:35,073 - INFO - Extracted 166969 characters from web
2025-12-03 12:51:35,074 - INFO - Web content extracted for simeonidisApplicationEconomicEvaluation2019: 8000 chars
2025-12-03 12:51:35,076 - INFO - Accessing: https://doi.org/10.1007/s10666-018-9648-9
2025-12-03 12:51:56,625 - WARNING - Request failed for https://doi.org/10.1007/s10666-018-9648-9: HTTPSConnectionPool(host='idp.springer.com', port=443): Read timed out. (read timeout=15)
2025-12-03 12:51:56,626 - INFO - Accessing: https://doi.org/10.1177/2380084418808724
2025-12-03 12:51:56,787 - INFO - Accessing: https://doi.org/10.1016/j.biocon.2019.05.026
2025-12-03 12:51:59,120 - INFO - Accessing: https://doi.org/10.2308/jmar-52302
2025-12-03 12:52:01,506 - INFO - Accessing: https://doi.org/10.1071/AN18522
2025-12-03 12:52:03,709 - INFO - Accessing: https://doi.org/10.1111/conl.12620
2025-12-03 12:52:05,848 - INFO - Accessing: https://doi.org/10.1108/IJPDLM-01-2018-0041
2025-12-03 12:52:35,825 - INFO - Accessing: https://doi.org/10.1080/02650487.2018.1536507
2025-12-03 12:52:38,024 - INFO - Accessing: https://doi.org/10.3389/fevo.2019.00316
2025-12-03 12:52:40,720 - INFO - Extracted 300313 characters from web
2025-12-03 12:52:40,720 - INFO - Web content extracted for solis-sosaMonarchButterflyConservation2019: 8000 chars
2025-12-03 12:52:40,722 - INFO - Accessing: https://doi.org/10.1504/IJBCRM.2019.096693
2025-12-03 12:52:43,066 - INFO - Accessing: https://doi.org/10.1016/j.comnet.2019.01.010
2025-12-03 12:52:45,522 - INFO - Accessing: https://doi.org/10.5194/se-10-2015-2019
2025-12-03 12:52:47,936 - INFO - Extracted 169062 characters from web
2025-12-03 12:52:47,937 - INFO - Web content extracted for stammActorsActionsUncertainties2019: 8000 chars
2025-12-03 12:52:47,939 - INFO - Accessing: https://doi.org/10.5751/ES-11169-240411
2025-12-03 12:52:50,433 - WARNING - Some characters could not be decoded, and were replaced with REPLACEMENT CHARACTER.
2025-12-03 12:52:50,433 - INFO - Accessing: https://doi.org/10.1016/j.biocon.2019.05.057
2025-12-03 12:52:52,723 - INFO - Accessing: https://doi.org/10.1017/S0266462318003719
2025-12-03 12:52:56,760 - INFO - Extracted 68953 characters from web
2025-12-03 12:52:56,760 - INFO - Web content extracted for stomeEarlyAssessmentInnovation2019: 8000 chars
2025-12-03 12:52:56,762 - INFO - Processed 420/498 entries
2025-12-03 12:52:56,762 - INFO - Accessing: https://doi.org/10.17705/1CAIS.04504
2025-12-03 12:52:59,866 - INFO - Extracted 1903 characters from web
2025-12-03 12:52:59,867 - INFO - Web content extracted for stylianouRoleKnowledgeManagement2019: 1903 chars
2025-12-03 12:52:59,867 - INFO - Accessing: https://doi.org/10.2478/rtuect-2019-0054
2025-12-03 12:53:02,599 - INFO - Extracted 2960 characters from web
2025-12-03 12:53:02,599 - INFO - Web content extracted for suharevskaProgressRenewableEnergy2019: 2960 chars
2025-12-03 12:53:02,600 - INFO - Accessing: https://doi.org/10.2196/12522
2025-12-03 12:53:05,909 - INFO - Extracted 228836 characters from web
2025-12-03 12:53:05,910 - INFO - Web content extracted for sunConsumerEvaluationQuality2019: 8000 chars
2025-12-03 12:53:05,912 - INFO - Accessing: https://doi.org/10.1016/j.ejor.2018.06.024
2025-12-03 12:53:08,123 - INFO - Accessing: https://doi.org/10.1007/s10796-017-9762-2
2025-12-03 12:53:10,824 - INFO - Extracted 127473 characters from web
2025-12-03 12:53:10,824 - INFO - Web content extracted for swainUsingSentimentAnalysis2019: 8000 chars
2025-12-03 12:53:10,825 - INFO - Accessing: https://doi.org/10.1080/03081060.2019.1600242
2025-12-03 12:53:13,001 - INFO - Accessing: https://doi.org/10.3837/tiis.2019.01.023
2025-12-03 12:53:16,925 - INFO - Accessing: https://doi.org/10.1097/SLA.0000000000002553
2025-12-03 12:53:19,156 - INFO - Accessing: https://doi.org/10.15171/ijhpm.2019.136
2025-12-03 12:53:21,543 - INFO - Extracted 2482 characters from web
2025-12-03 12:53:21,543 - INFO - Web content extracted for teljeurEarlyHealthEconomic2019: 2482 chars
2025-12-03 12:53:21,544 - INFO - Accessing: https://doi.org/10.1016/j.jtte.2017.10.003
2025-12-03 12:53:23,907 - INFO - Accessing: https://doi.org/10.1007/s40273-019-00790-9
2025-12-03 12:53:26,333 - INFO - Extracted 234865 characters from web
2025-12-03 12:53:26,334 - INFO - Web content extracted for tewIncorporatingFutureMedical2019: 8000 chars
2025-12-03 12:53:26,335 - INFO - Accessing: https://doi.org/10.18576/amis/130415
2025-12-03 12:53:29,702 - INFO - Accessing: https://doi.org/10.1016/j.eswa.2018.08.023
2025-12-03 12:53:31,983 - INFO - Accessing: https://doi.org/10.1007/s12393-018-9186-x
2025-12-03 12:53:34,492 - INFO - Extracted 424708 characters from web
2025-12-03 12:53:34,492 - INFO - Web content extracted for thomopoulosMulticriteriaReverseEngineering2019: 8000 chars
2025-12-03 12:53:34,494 - INFO - Accessing: https://doi.org/10.1016/j.epidem.2019.100356
2025-12-03 12:53:36,716 - INFO - Accessing: https://doi.org/10.1080/21606544.2019.1623083
2025-12-03 12:53:38,842 - INFO - Accessing: https://doi.org/10.1126/sciadv.aay9969
2025-12-03 12:53:41,072 - INFO - Accessing: https://doi.org/10.1016/j.ijinfomgt.2019.05.028
2025-12-03 12:53:43,391 - INFO - Accessing: https://doi.org/10.1016/j.biocon.2019.05.059
2025-12-03 12:53:45,702 - INFO - Accessing: https://doi.org/10.1108/JEIM-01-2019-0020
2025-12-03 12:53:47,886 - INFO - Processed 440/498 entries
2025-12-03 12:53:47,887 - INFO - Accessing: https://doi.org/10.1080/09537325.2019.1584287
2025-12-03 12:53:50,085 - INFO - Accessing: https://doi.org/10.1051/ro/2018112
2025-12-03 12:53:54,207 - INFO - Extracted 4253 characters from web
2025-12-03 12:53:54,207 - INFO - Web content extracted for tsaoContinuousApproximationApproach2019: 4253 chars
2025-12-03 12:53:54,209 - INFO - Accessing: https://doi.org/10.1504/IJDSRM.2019.106914
2025-12-03 12:53:56,513 - INFO - Accessing: https://doi.org/10.1007/s40258-019-00495-2
2025-12-03 12:53:59,149 - INFO - Extracted 69260 characters from web
2025-12-03 12:53:59,149 - INFO - Web content extracted for tuffahaFrameworkPrioritiseHealth2019: 8000 chars
2025-12-03 12:53:59,151 - INFO - Accessing: https://doi.org/10.15388/Informatica.2019.203
2025-12-03 12:54:02,258 - INFO - Extracted 10165 characters from web
2025-12-03 12:54:02,259 - INFO - Web content extracted for turskisInformationSecurityRisk2019: 8000 chars
2025-12-03 12:54:02,260 - INFO - Accessing: https://doi.org/10.20370/cjbss.v10i2.1800
2025-12-03 12:54:04,562 - INFO - Accessing: https://doi.org/10.1016/j.jval.2019.09.1200
2025-12-03 12:54:06,938 - INFO - Accessing: https://doi.org/10.23996/fjhw.82457
2025-12-03 12:54:09,588 - INFO - Extracted 9229 characters from web
2025-12-03 12:54:09,590 - INFO - Web content extracted for vaatainenPotentialDirectSecondary2019: 8000 chars
2025-12-03 12:54:09,591 - INFO - Accessing: https://doi.org/10.1007/s00170-018-2979-5
2025-12-03 12:54:12,088 - INFO - Extracted 109001 characters from web
2025-12-03 12:54:12,088 - INFO - Web content extracted for valaseMediationAnalysisMultiple2019: 8000 chars
2025-12-03 12:54:12,090 - INFO - Accessing: https://doi.org/10.1017/S0030605317000394
2025-12-03 12:54:15,883 - INFO - Extracted 222342 characters from web
2025-12-03 12:54:15,884 - INFO - Web content extracted for valdezInformingCompensatoryHabitat2019: 8000 chars
2025-12-03 12:54:15,885 - INFO - Accessing: https://doi.org/10.1017/S001447971600017X
2025-12-03 12:54:19,131 - INFO - Extracted 184243 characters from web
2025-12-03 12:54:19,132 - INFO - Web content extracted for vanderwolfTURNINGLOCALKNOWLEDGE2019a: 8000 chars
2025-12-03 12:54:19,133 - INFO - Accessing: https://doi.org/10.2166/wp.2019.128
2025-12-03 12:54:21,294 - INFO - Accessing: https://doi.org/10.1002/wcc.586
2025-12-03 12:54:23,475 - INFO - Accessing: https://doi.org/10.1017/dsi.2019.245
2025-12-03 12:54:27,074 - INFO - Extracted 60593 characters from web
2025-12-03 12:54:27,074 - INFO - Web content extracted for vettorelloBetterDesignrelatedDecision2019: 8000 chars
2025-12-03 12:54:27,076 - INFO - Accessing: https://doi.org/10.1007/s12182-019-0348-0
2025-12-03 12:54:29,549 - INFO - Extracted 268014 characters from web
2025-12-03 12:54:29,549 - INFO - Web content extracted for vilelaFuzzyLogicApplied2019: 8000 chars
2025-12-03 12:54:29,550 - INFO - Accessing: https://doi.org/10.1061/(ASCE)WR.1943-5452.0001067
2025-12-03 12:54:31,657 - INFO - Accessing: https://doi.org/10.15171/ijhpm.2019.24
2025-12-03 12:54:34,088 - INFO - Extracted 4697 characters from web
2025-12-03 12:54:34,089 - INFO - Web content extracted for wagnerMovingAccountabilityReasonableness2019: 4697 chars
2025-12-03 12:54:34,090 - INFO - Processed 460/498 entries
2025-12-03 12:54:34,090 - INFO - Accessing: https://doi.org/10.1504/IJSTL.2019.103872
2025-12-03 12:54:40,410 - INFO - Accessing: https://doi.org/10.1093/cercor/bhz045
2025-12-03 12:54:42,582 - INFO - Accessing: https://doi.org/10.2147/CEOR.S181718
2025-12-03 12:54:45,795 - INFO - Extracted 46583 characters from web
2025-12-03 12:54:45,795 - INFO - Web content extracted for wangCosteffectivenessModelHypothetical2019: 8000 chars
2025-12-03 12:54:45,797 - INFO - Accessing: https://doi.org/10.1016/j.ejor.2019.03.029
2025-12-03 12:54:48,544 - INFO - Accessing: https://doi.org/10.1016/j.renene.2018.08.009
2025-12-03 12:54:51,010 - INFO - Accessing: https://doi.org/10.1016/j.erss.2018.09.020
2025-12-03 12:54:53,362 - INFO - Accessing: https://doi.org/10.1016/j.tra.2019.01.018
2025-12-03 12:54:55,729 - INFO - Accessing: https://doi.org/10.1016/j.orhc.2019.04.004
2025-12-03 12:54:58,097 - INFO - Accessing: https://doi.org/10.1002/pan3.10033
2025-12-03 12:55:00,450 - INFO - Accessing: https://doi.org/10.1080/02684527.2018.1534640
2025-12-03 12:55:02,686 - INFO - Accessing: https://doi.org/10.1111/2041-210X.13099
2025-12-03 12:55:04,897 - INFO - Accessing: https://doi.org/10.1016/j.geothermics.2018.12.011
2025-12-03 12:55:07,264 - INFO - Accessing: https://doi.org/10.1007/s40273-019-00801-9
2025-12-03 12:55:09,902 - INFO - Extracted 357971 characters from web
2025-12-03 12:55:09,903 - INFO - Web content extracted for wrightAccountingCapacityConstraints2019: 8000 chars
2025-12-03 12:55:09,904 - INFO - Accessing: https://doi.org/10.1016/j.ress.2018.10.009
2025-12-03 12:55:12,260 - INFO - Accessing: https://doi.org/10.1007/s11229-017-1627-1
2025-12-03 12:55:14,792 - INFO - Extracted 331264 characters from web
2025-12-03 12:55:14,793 - INFO - Web content extracted for wuthrichProblemEvaluatingAutomated2019: 8000 chars
2025-12-03 12:55:14,794 - INFO - Accessing: https://doi.org/10.1016/j.physa.2019.01.117
2025-12-03 12:55:17,092 - INFO - Accessing: https://doi.org/10.1016/j.landusepol.2019.02.011
2025-12-03 12:55:19,445 - INFO - Accessing: https://doi.org/10.1146/annurev-statistics-031017-100450
2025-12-03 12:55:21,683 - INFO - Accessing: https://doi.org/10.1016/j.dss.2019.01.004
2025-12-03 12:55:24,122 - INFO - Accessing: https://doi.org/10.1504/IJMC.2019.100495
2025-12-03 12:55:26,418 - INFO - Processed 480/498 entries
2025-12-03 12:55:26,418 - INFO - Accessing: https://doi.org/10.1016/j.im.2019.02.009
2025-12-03 12:55:28,756 - INFO - Accessing: https://doi.org/10.1016/j.jhydrol.2019.124229
2025-12-03 12:55:31,129 - INFO - Accessing: https://doi.org/10.1080/00207543.2019.1567954
2025-12-03 12:55:33,338 - INFO - Accessing: https://doi.org/10.1002/eap.1970
2025-12-03 12:55:35,577 - INFO - Accessing: https://doi.org/10.1016/j.scitotenv.2019.06.133
2025-12-03 12:55:37,958 - INFO - Accessing: https://doi.org/10.1016/j.jval.2019.09.255
2025-12-03 12:55:40,328 - INFO - Accessing: https://doi.org/10.1155/2019/5393171
2025-12-03 12:55:42,533 - INFO - Accessing: https://doi.org/10.1016/j.trc.2019.07.014
2025-12-03 12:55:44,894 - INFO - Accessing: https://doi.org/10.1016/j.jclinepi.2019.01.002
2025-12-03 12:55:47,331 - INFO - Accessing: https://doi.org/10.3390/e21020161
2025-12-03 12:55:49,538 - INFO - Accessing: https://doi.org/10.1016/j.tra.2019.09.041
2025-12-03 12:55:51,918 - INFO - Accessing: https://doi.org/10.1016/j.aei.2019.01.008
2025-12-03 12:55:54,231 - INFO - Accessing: https://doi.org/10.1177/0361198119850457
2025-12-03 12:55:56,446 - INFO - Accessing: https://doi.org/10.1016/j.applthermaleng.2019.113735
2025-12-03 12:55:58,811 - INFO - Accessing: https://doi.org/10.7275/13455171
2025-12-03 12:56:17,222 - INFO - Extracted 3675 characters from web
2025-12-03 12:56:17,222 - INFO - Web content extracted for zhuoManagingInformationSecurity2019: 3675 chars
2025-12-03 12:56:17,223 - INFO - Accessing: https://doi.org/10.1007/s10586-018-2356-z
2025-12-03 12:56:19,971 - INFO - Extracted 32149 characters from web
2025-12-03 12:56:19,971 - INFO - Web content extracted for zhuResearchDuplicateCombined2019: 8000 chars
2025-12-03 12:56:19,973 - INFO - Accessing: https://doi.org/10.1016/j.jacr.2018.08.021
2025-12-03 12:56:22,323 - INFO - Accessing: https://doi.org/10.1016/j.marstruc.2019.102649
2025-12-03 12:56:27,123 - INFO - Accessing: https://doi.org/10.5539/mas.v13n9p75
2025-12-03 12:56:30,135 - INFO - Processing papers_2020.bib: 544 entries
2025-12-03 12:56:30,135 - INFO - Accessing: https://doi.org/10.1016/j.jclepro.2019.119586
2025-12-03 12:56:31,851 - INFO - Accessing: https://doi.org/10.1080/15140326.2020.1804304
2025-12-03 12:56:34,097 - INFO - Accessing: https://doi.org/10.1016/j.eswa.2020.113583
2025-12-03 12:56:36,472 - INFO - Accessing: https://doi.org/10.1007/s12080-020-00462-x
2025-12-03 12:56:39,171 - INFO - Extracted 276254 characters from web
2025-12-03 12:56:39,171 - INFO - Web content extracted for adamsonResourceharvesterCyclesCaused2020: 8000 chars
2025-12-03 12:56:39,173 - INFO - Accessing: https://doi.org/10.32890/jict2020.19.3.5
2025-12-03 12:56:46,925 - INFO - Accessing: https://doi.org/10.1108/BIJ-09-2020-0498
2025-12-03 12:56:49,177 - INFO - Accessing: https://doi.org/10.1111/cts.12703
2025-12-03 12:56:51,514 - INFO - Accessing: https://doi.org/10.37200/IJPR/V24I2/PR200560
2025-12-03 12:56:54,130 - INFO - Accessing: https://doi.org/10.1007/s10113-020-01635-4
2025-12-03 12:56:56,788 - INFO - Extracted 112837 characters from web
2025-12-03 12:56:56,788 - INFO - Web content extracted for akimowiczPlanningFutureEmergence2020: 8000 chars
2025-12-03 12:56:56,790 - INFO - Accessing: https://doi.org/10.1080/14737167.2019.1665512
2025-12-03 12:56:58,960 - INFO - Accessing: https://doi.org/10.2118/181430-PA
2025-12-03 12:57:01,088 - INFO - Accessing: https://doi.org/10.37200/IJPR/V24I5/PR2023812
2025-12-03 12:57:03,318 - INFO - Accessing: https://doi.org/10.1016/j.ijdrr.2020.101851
2025-12-03 12:57:05,600 - INFO - Accessing: https://doi.org/10.18187/pjsor.v16i3.3088
2025-12-03 12:57:08,204 - INFO - Extracted 51899 characters from web
2025-12-03 12:57:08,205 - INFO - Web content extracted for aliDiscreteEventSimulation2020: 8000 chars
2025-12-03 12:57:08,206 - INFO - Accessing: https://doi.org/10.1007/s00163-020-00336-7
2025-12-03 12:57:10,809 - INFO - Extracted 199627 characters from web
2025-12-03 12:57:10,810 - INFO - Web content extracted for alizadehManagingComputationalComplexity2020: 8000 chars
2025-12-03 12:57:10,813 - INFO - Accessing: https://doi.org/10.1080/13696998.2020.1815025
2025-12-03 12:57:12,937 - INFO - Processed 20/544 entries
2025-12-03 12:57:12,938 - INFO - Accessing: https://doi.org/10.1080/12460125.2020.1770436
2025-12-03 12:57:15,138 - INFO - Accessing: https://doi.org/10.1109/ACCESS.2019.2963333
2025-12-03 12:57:17,834 - INFO - Accessing: https://doi.org/10.3390/W12041121
2025-12-03 12:57:19,974 - INFO - Accessing: https://doi.org/10.1504/IJSNM.2020.105746
2025-12-03 12:57:22,282 - INFO - Accessing: https://doi.org/10.1016/j.jval.2020.04.1242
2025-12-03 12:57:24,841 - INFO - Accessing: https://doi.org/10.1007/s42488-020-00034-y
2025-12-03 12:57:27,780 - INFO - Extracted 225398 characters from web
2025-12-03 12:57:27,780 - INFO - Web content extracted for aminReviewClosedloopSupply2020: 8000 chars
2025-12-03 12:57:27,782 - INFO - Accessing: https://doi.org/10.1007/s40273-020-00956-w
2025-12-03 12:57:30,192 - INFO - Extracted 82085 characters from web
2025-12-03 12:57:30,192 - INFO - Web content extracted for angelisRecalibratingHealthTechnology2020: 8000 chars
2025-12-03 12:57:30,194 - INFO - Accessing: https://doi.org/10.1016/j.eswa.2020.113497
2025-12-03 12:57:32,544 - INFO - Accessing: https://doi.org/10.1016/j.jval.2020.04.1823
2025-12-03 12:57:34,897 - INFO - Accessing: https://doi.org/10.1108/EMJB-03-2018-0024
2025-12-03 12:57:37,174 - INFO - Accessing: https://doi.org/10.1016/j.envsoft.2019.104563
2025-12-03 12:57:39,544 - INFO - Accessing: https://doi.org/10.1108/IJRDM-01-2020-0033
2025-12-03 12:57:41,765 - INFO - Accessing: https://doi.org/10.1108/JIBR-09-2019-0269
2025-12-03 12:57:43,925 - INFO - Accessing: https://doi.org/10.1016/j.trd.2020.102383
2025-12-03 12:57:46,298 - INFO - Accessing: https://doi.org/10.1016/j.jhydrol.2019.124478
2025-12-03 12:57:48,663 - INFO - Accessing: https://doi.org/10.1111/ajps.12523
2025-12-03 12:57:50,807 - INFO - Accessing: https://doi.org/10.1186/s12913-020-05815-0
2025-12-03 12:57:53,479 - INFO - Extracted 310113 characters from web
2025-12-03 12:57:53,479 - INFO - Web content extracted for badizadeganValueBiopsyCohort2020: 8000 chars
2025-12-03 12:57:53,480 - INFO - Accessing: https://doi.org/10.3390/brainsci10060396
2025-12-03 12:57:55,563 - INFO - Accessing: https://doi.org/10.1108/BIJ-01-2019-0029
2025-12-03 12:57:57,771 - INFO - Accessing: https://doi.org/10.3390/joitmc6040179
2025-12-03 12:58:00,131 - INFO - Processed 40/544 entries
2025-12-03 12:58:00,133 - INFO - Accessing: https://doi.org/10.1111/iere.12453
2025-12-03 12:58:02,278 - INFO - Accessing: https://doi.org/10.1086/707996
2025-12-03 12:58:04,524 - INFO - Accessing: https://doi.org/10.1016/j.artint.2019.103216
2025-12-03 12:58:06,894 - INFO - Accessing: https://doi.org/10.1002/mar.21394
2025-12-03 12:58:09,028 - INFO - Accessing: https://doi.org/10.1016/j.envsoft.2019.104604
2025-12-03 12:58:11,397 - INFO - Accessing: https://doi.org/10.1371/journal.pone.0234595
2025-12-03 12:58:15,336 - INFO - Extracted 136058 characters from web
2025-12-03 12:58:15,336 - INFO - Web content extracted for barychkaModellingParameterUncertainty2020: 8000 chars
2025-12-03 12:58:15,338 - INFO - Accessing: https://doi.org/10.1016/j.futures.2020.102608
2025-12-03 12:58:17,657 - INFO - Accessing: https://doi.org/10.1002/joom.1114
2025-12-03 12:58:19,859 - INFO - Accessing: https://doi.org/10.1109/JSYST.2019.2905713
2025-12-03 12:58:22,519 - INFO - Accessing: https://doi.org/10.1016/j.techfore.2020.120333
2025-12-03 12:58:24,884 - INFO - Accessing: https://doi.org/10.1007/s12571-020-01076-1
2025-12-03 12:58:27,464 - INFO - Extracted 383918 characters from web
2025-12-03 12:58:27,465 - INFO - Web content extracted for beneResilienceLocalFood2020: 8000 chars
2025-12-03 12:58:27,467 - INFO - Accessing: https://doi.org/10.1071/WF19209
2025-12-03 12:58:29,561 - INFO - Accessing: https://doi.org/10.31933/dijdbm.v1i2.158
2025-12-03 12:58:34,655 - INFO - Extracted 22794 characters from web
2025-12-03 12:58:34,656 - INFO - Web content extracted for bestariMotivationAnalysisCrowdfunding2020: 8000 chars
2025-12-03 12:58:34,657 - INFO - Accessing: https://doi.org/10.2166/ws.2020.179
2025-12-03 12:58:36,768 - INFO - Accessing: https://doi.org/10.1016/j.jclepro.2020.120239
2025-12-03 12:58:39,084 - INFO - Accessing: https://doi.org/10.1142/S0219649220500288
2025-12-03 12:58:41,253 - INFO - Accessing: https://doi.org/10.1145/3415164
2025-12-03 12:58:43,487 - INFO - Accessing: https://doi.org/10.2966/scrip.170120.83
2025-12-03 12:58:45,926 - INFO - Extracted 156951 characters from web
2025-12-03 12:58:45,927 - INFO - Web content extracted for biedermannComputationalNormativeDecision2020: 8000 chars
2025-12-03 12:58:45,928 - INFO - Accessing: https://doi.org/10.1111/risa.13583
2025-12-03 12:58:48,094 - INFO - Accessing: https://doi.org/10.31181/dmame2003162b
2025-12-03 12:58:50,577 - INFO - Extracted 49558 characters from web
2025-12-03 12:58:50,577 - INFO - Web content extracted for biswasMeasuringPerformanceHealthcare2020: 8000 chars
2025-12-03 12:58:50,579 - INFO - Processed 60/544 entries
2025-12-03 12:58:50,579 - INFO - Accessing: https://doi.org/10.1016/j.pursup.2020.100623
2025-12-03 12:58:52,939 - INFO - Accessing: https://doi.org/10.1108/JARHE-07-2019-0192
2025-12-03 12:58:55,217 - INFO - Accessing: https://doi.org/10.1016/j.gecco.2020.e00953
2025-12-03 12:58:57,633 - INFO - Accessing: https://doi.org/10.1111/faf.12429
2025-12-03 12:58:59,830 - INFO - Accessing: https://doi.org/10.69810/ekz.1339
2025-12-03 12:59:02,605 - INFO - Accessing: https://doi.org/10.1017/S0266462320000380
2025-12-03 12:59:06,571 - INFO - Extracted 50596 characters from web
2025-12-03 12:59:06,572 - INFO - Web content extracted for bouttellDifferentAnimalIdentifying2020: 8000 chars
2025-12-03 12:59:06,573 - INFO - Accessing: https://doi.org/10.1029/2019WR026011
2025-12-03 12:59:08,718 - INFO - Accessing: https://doi.org/10.1186/s12888-020-02829-0
2025-12-03 12:59:11,400 - INFO - Extracted 297340 characters from web
2025-12-03 12:59:11,400 - INFO - Web content extracted for brettschneiderCosteffectivenessGuidelinebasedStepped2020: 8000 chars
2025-12-03 12:59:11,402 - INFO - Accessing: https://doi.org/10.1016/j.landusepol.2020.104505
2025-12-03 12:59:13,717 - INFO - Accessing: https://doi.org/10.1111/risa.13423
2025-12-03 12:59:15,912 - INFO - Accessing: https://doi.org/10.1038/s41467-020-18486-6
2025-12-03 12:59:18,377 - INFO - Extracted 218007 characters from web
2025-12-03 12:59:18,378 - INFO - Web content extracted for buxtonHalfResourcesThreatened2020: 8000 chars
2025-12-03 12:59:18,379 - INFO - Accessing: https://doi.org/10.1016/j.jlp.2020.104288
2025-12-03 12:59:20,613 - INFO - Accessing: https://doi.org/10.1016/j.techfore.2020.120242
2025-12-03 12:59:22,997 - INFO - Accessing: https://doi.org/10.1016/j.healthpol.2020.07.015
2025-12-03 12:59:25,402 - INFO - Accessing: https://doi.org/10.1111/csp2.138
2025-12-03 12:59:27,748 - INFO - Accessing: https://doi.org/10.1186/s12913-020-05427-8
2025-12-03 12:59:30,469 - INFO - Extracted 292068 characters from web
2025-12-03 12:59:30,469 - INFO - Web content extracted for carbonneauCirrhosisCareAlberta2020: 8000 chars
2025-12-03 12:59:30,471 - INFO - Accessing: https://doi.org/10.1016/j.ecolmodel.2019.108911
2025-12-03 12:59:32,738 - INFO - Accessing: https://doi.org/10.1007/s10288-019-00423-z
2025-12-03 12:59:35,542 - INFO - Extracted 47084 characters from web
2025-12-03 12:59:35,542 - INFO - Web content extracted for carrizosaEmbeddingProductionPolicy2020: 8000 chars
2025-12-03 12:59:35,544 - INFO - Accessing: https://doi.org/10.1007/s11186-020-09390-5
2025-12-03 12:59:38,019 - INFO - Extracted 246102 characters from web
2025-12-03 12:59:38,020 - INFO - Web content extracted for carruthersLawGovernanceFinance2020: 8000 chars
2025-12-03 12:59:38,022 - INFO - Accessing: https://doi.org/10.1108/JSBED-12-2019-0394
2025-12-03 12:59:40,232 - INFO - Processed 80/544 entries
2025-12-03 12:59:40,233 - INFO - Accessing: https://doi.org/10.1016/j.cliser.2019.100106
2025-12-03 12:59:42,600 - INFO - Accessing: https://doi.org/10.1007/s10980-020-01055-z
2025-12-03 12:59:45,334 - INFO - Extracted 118096 characters from web
2025-12-03 12:59:45,335 - INFO - Web content extracted for cawsonExploringKeyDrivers2020: 8000 chars
2025-12-03 12:59:45,337 - INFO - Accessing: https://doi.org/10.1177/2278682120968969
2025-12-03 12:59:47,501 - INFO - Accessing: https://doi.org/10.7819/rbgn.v22i2.4050
2025-12-03 12:59:50,035 - INFO - Accessing: https://doi.org/10.1080/15378020.2020.1718402
2025-12-03 12:59:52,234 - INFO - Accessing: https://doi.org/10.1016/j.im.2019.103171
2025-12-03 12:59:54,615 - INFO - Accessing: https://doi.org/10.1016/j.csi.2020.103422
2025-12-03 12:59:57,028 - INFO - Accessing: https://doi.org/10.1016/j.jsis.2020.101596
2025-12-03 12:59:59,405 - INFO - Accessing: https://doi.org/10.25300/MISQ/2020/12165
2025-12-03 13:00:01,707 - INFO - Accessing: https://doi.org/10.25300/MISQ/2020/15685
2025-12-03 13:00:03,923 - INFO - Accessing: https://doi.org/10.1080/13603124.2019.1591517
2025-12-03 13:00:06,115 - INFO - Accessing: https://doi.org/10.1111/jcal.12419
2025-12-03 13:00:08,314 - INFO - Accessing: https://doi.org/10.1007/s00500-019-04585-0
2025-12-03 13:00:11,075 - INFO - Extracted 47471 characters from web
2025-12-03 13:00:11,076 - INFO - Web content extracted for chenNewOverallQuality2020: 8000 chars
2025-12-03 13:00:11,078 - INFO - Accessing: https://doi.org/10.1016/j.tre.2020.102032
2025-12-03 13:00:13,439 - INFO - Accessing: https://doi.org/10.1108/IJCHM-03-2020-0230
2025-12-03 13:00:15,829 - INFO - Accessing: https://doi.org/10.1016/j.cie.2020.106870
2025-12-03 13:00:18,126 - INFO - Accessing: https://doi.org/10.1108/IMDS-10-2019-0529
2025-12-03 13:00:20,344 - INFO - Accessing: https://doi.org/10.1016/j.cie.2019.106232
2025-12-03 13:00:22,735 - INFO - Accessing: https://doi.org/10.1515/remav-2020-0027
2025-12-03 13:00:25,325 - INFO - Extracted 3890 characters from web
2025-12-03 13:00:25,325 - INFO - Web content extracted for chmielewskaGeneticAlgorithmAutomated2020a: 3890 chars
2025-12-03 13:00:25,326 - INFO - Accessing: https://doi.org/10.1061/(ASCE)CP.1943-5487.0000913
2025-12-03 13:00:27,525 - INFO - Processed 100/544 entries
2025-12-03 13:00:27,526 - INFO - Accessing: https://doi.org/10.1016/j.ufug.2020.126801
2025-12-03 13:00:29,959 - INFO - Accessing: https://doi.org/10.1016/j.marpol.2018.11.026
2025-12-03 13:00:32,322 - INFO - Accessing: https://doi.org/10.1111/poms.13094
2025-12-03 13:00:34,509 - INFO - Accessing: https://doi.org/10.1111/poms.13236
2025-12-03 13:00:36,652 - INFO - Accessing: https://doi.org/10.1109/JIOT.2019.2957029
2025-12-03 13:00:39,669 - INFO - Accessing: https://doi.org/10.1016/j.ress.2020.106893
2025-12-03 13:00:42,015 - INFO - Accessing: https://doi.org/10.1016/j.im.2019.01.003
2025-12-03 13:00:44,383 - INFO - Accessing: https://doi.org/10.3310/hta24620
2025-12-03 13:00:46,598 - INFO - Accessing: https://doi.org/10.1111/csp2.284
2025-12-03 13:00:48,797 - INFO - Accessing: https://doi.org/10.3982/ECTA16591
2025-12-03 13:00:51,643 - INFO - Extracted 2319 characters from web
2025-12-03 13:00:51,643 - INFO - Web content extracted for currieUnderstandingDoctorDecision2020: 2319 chars
2025-12-03 13:00:51,644 - INFO - Accessing: https://doi.org/10.1016/j.jval.2019.12.008
2025-12-03 13:00:54,005 - INFO - Accessing: https://doi.org/10.1186/s12874-020-00978-0
2025-12-03 13:00:56,783 - INFO - Extracted 227446 characters from web
2025-12-03 13:00:56,783 - INFO - Web content extracted for dakinWhichInteractionsMatter2020: 8000 chars
2025-12-03 13:00:56,785 - INFO - Accessing: https://doi.org/10.1007/s40273-020-00908-4
2025-12-03 13:00:59,519 - INFO - Extracted 132541 characters from web
2025-12-03 13:00:59,519 - INFO - Web content extracted for degelingHealthEconomicModels2020: 8000 chars
2025-12-03 13:00:59,521 - INFO - Accessing: https://doi.org/10.1177/0272989X20912233
2025-12-03 13:01:01,702 - INFO - Accessing: https://doi.org/10.2139/ssrn.3744497
2025-12-03 13:01:04,177 - INFO - Accessing: https://doi.org/10.5815/ijitcs.2020.02.01
2025-12-03 13:01:07,843 - INFO - Extracted 42663 characters from web
2025-12-03 13:01:07,844 - INFO - Web content extracted for departmentofinformationtechnologyengineeringsouthtehranbranchislamicazaduniversitytehraniranAnalysisKeyFactors2020: 8000 chars
2025-12-03 13:01:07,845 - INFO - Accessing: https://doi.org/10.1007/s10584-020-02909-w
2025-12-03 13:01:10,421 - INFO - Extracted 68301 characters from web
2025-12-03 13:01:10,422 - INFO - Web content extracted for devkotaAssessingAdaptingFuture2020: 8000 chars
2025-12-03 13:01:10,424 - INFO - Accessing: https://doi.org/10.1136/bmjopen-2020-040148
2025-12-03 13:01:12,613 - INFO - Accessing: https://doi.org/10.1108/K-09-2019-0625
2025-12-03 13:01:14,791 - INFO - Processed 120/544 entries
2025-12-03 13:01:14,791 - INFO - Accessing: https://doi.org/10.1007/s13593-020-00624-5
2025-12-03 13:01:17,166 - INFO - Extracted 246544 characters from web
2025-12-03 13:01:17,167 - INFO - Web content extracted for doDecisionAnalysisAgroforestry2020: 8000 chars
2025-12-03 13:01:17,168 - INFO - Accessing: https://doi.org/10.1016/j.omega.2019.102106
2025-12-03 13:01:19,856 - INFO - Accessing: https://doi.org/10.1016/j.artint.2019.103202
2025-12-03 13:01:22,215 - INFO - Accessing: https://doi.org/10.2196/17203
2025-12-03 13:01:25,241 - INFO - Extracted 140306 characters from web
2025-12-03 13:01:25,242 - INFO - Web content extracted for downieElectronicClinicalDecision2020: 8000 chars
2025-12-03 13:01:25,244 - INFO - Accessing: https://doi.org/10.1007/s40685-020-00122-0
2025-12-03 13:01:27,851 - INFO - Extracted 426458 characters from web
2025-12-03 13:01:27,852 - INFO - Web content extracted for draschDemandResponseAutomated2020: 8000 chars
2025-12-03 13:01:27,853 - INFO - Accessing: https://doi.org/10.1504/IJPM.2020.10030819
2025-12-03 13:01:31,199 - INFO - Extracted 4375 characters from web
2025-12-03 13:01:31,200 - INFO - Web content extracted for ducIntegratedApproachISM2020: 4375 chars
2025-12-03 13:01:31,201 - INFO - Accessing: https://doi.org/10.1016/j.jval.2020.03.018
2025-12-03 13:01:33,554 - INFO - Accessing: https://doi.org/10.1007/s40261-020-00926-2
2025-12-03 13:01:37,010 - INFO - Extracted 56732 characters from web
2025-12-03 13:01:37,010 - INFO - Web content extracted for duNewOralAnticoagulants2020: 8000 chars
2025-12-03 13:01:37,012 - INFO - Accessing: https://doi.org/10.1016/j.epsr.2020.106789
2025-12-03 13:01:39,388 - INFO - Accessing: https://doi.org/10.1016/j.dss.2020.113399
2025-12-03 13:01:41,690 - INFO - Accessing: https://doi.org/10.1108/SCM-10-2019-0373
2025-12-03 13:01:43,839 - INFO - Accessing: https://doi.org/10.1108/JM2-01-2019-0003
2025-12-03 13:01:45,991 - INFO - Accessing: https://doi.org/10.1016/j.ijinfomgt.2020.102211
2025-12-03 13:01:48,296 - INFO - Accessing: https://doi.org/10.1111/gfs.12504
2025-12-03 13:01:50,492 - INFO - Accessing: https://doi.org/10.1108/JRF-07-2019-0129
2025-12-03 13:01:52,719 - INFO - Accessing: https://doi.org/10.1002/sim.8679
2025-12-03 13:01:54,854 - INFO - Accessing: https://doi.org/10.1080/10286608.2020.1820722
2025-12-03 13:01:57,063 - INFO - Accessing: https://doi.org/10.3917/reco.713.0429
2025-12-03 13:01:59,379 - INFO - Accessing: https://doi.org/10.1016/j.jconhyd.2019.103554
2025-12-03 13:02:01,767 - INFO - Accessing: https://doi.org/10.18757/ejtir.2020.20.2.3887
2025-12-03 13:02:04,960 - INFO - Extracted 5727 characters from web
2025-12-03 13:02:04,960 - INFO - Web content extracted for fanReeferLogisticsCool2020: 5727 chars
2025-12-03 13:02:04,961 - INFO - Processed 140/544 entries
2025-12-03 13:02:04,961 - INFO - Accessing: https://doi.org/10.1016/j.tre.2020.102057
2025-12-03 13:02:07,332 - INFO - Accessing: https://doi.org/10.1108/JGOSS-02-2020-0011
2025-12-03 13:02:09,553 - INFO - Accessing: https://doi.org/10.2139/ssrn.3671327
2025-12-03 13:02:11,895 - INFO - Accessing: https://doi.org/10.1080/00207543.2019.1639841
2025-12-03 13:02:14,083 - INFO - Accessing: https://doi.org/10.1146/annurev-psych-010419-050747
2025-12-03 13:02:16,338 - INFO - Accessing: https://doi.org/10.1111/csp2.210
2025-12-03 13:02:18,519 - INFO - Accessing: https://doi.org/10.1186/s13063-020-4137-2
2025-12-03 13:02:21,372 - INFO - Extracted 221786 characters from web
2025-12-03 13:02:21,373 - INFO - Web content extracted for flightHowCanHealth2020: 8000 chars
2025-12-03 13:02:21,374 - INFO - Accessing: https://doi.org/10.1111/acv.12537
2025-12-03 13:02:23,609 - INFO - Accessing: https://doi.org/10.1016/j.ocecoaman.2020.105222
2025-12-03 13:02:26,359 - INFO - Accessing: https://doi.org/10.1007/s40273-020-00907-5
2025-12-03 13:02:28,992 - INFO - Extracted 432076 characters from web
2025-12-03 13:02:28,992 - INFO - Web content extracted for franklinConductingValueMoney2020: 8000 chars
2025-12-03 13:02:28,994 - INFO - Accessing: https://doi.org/10.1007/s41669-019-0159-7
2025-12-03 13:02:31,482 - INFO - Extracted 227965 characters from web
2025-12-03 13:02:31,482 - INFO - Web content extracted for frempongEarlyEconomicEvaluation2020: 8000 chars
2025-12-03 13:02:31,483 - INFO - Accessing: https://doi.org/10.1186/s12885-020-07054-2
2025-12-03 13:02:34,024 - INFO - Extracted 366625 characters from web
2025-12-03 13:02:34,024 - INFO - Web content extracted for frenchWhatAreBenefits2020: 8000 chars
2025-12-03 13:02:34,026 - INFO - Accessing: https://doi.org/10.1016/j.im.2020.103388
2025-12-03 13:02:36,343 - INFO - Accessing: https://doi.org/10.1111/faf.12411
2025-12-03 13:02:38,500 - INFO - Accessing: https://doi.org/10.1016/j.fsidi.2019.200902
2025-12-03 13:02:40,896 - INFO - Accessing: https://doi.org/10.1371/journal.pone.0230152
2025-12-03 13:02:44,089 - INFO - Extracted 180255 characters from web
2025-12-03 13:02:44,090 - INFO - Web content extracted for frutosLiteratureReviewOperational2020: 8000 chars
2025-12-03 13:02:44,091 - INFO - Accessing: https://doi.org/10.1016/j.ijinfomgt.2020.102189
2025-12-03 13:02:46,338 - INFO - Accessing: https://doi.org/10.1002/wsb.1064
2025-12-03 13:02:48,538 - INFO - Accessing: https://doi.org/10.1007/s10754-020-09283-1
2025-12-03 13:02:51,370 - INFO - Extracted 139636 characters from web
2025-12-03 13:02:51,371 - INFO - Web content extracted for gallaniValueNewPerformance2020: 8000 chars
2025-12-03 13:02:51,373 - INFO - Accessing: https://doi.org/10.1016/j.mathsocsci.2020.01.011
2025-12-03 13:02:53,688 - INFO - Processed 160/544 entries
2025-12-03 13:02:53,689 - INFO - Accessing: https://doi.org/10.1136/lupus-2019-000350
2025-12-03 13:02:55,962 - INFO - Accessing: https://doi.org/10.1038/s41559-020-01298-8
2025-12-03 13:02:58,674 - INFO - Extracted 133521 characters from web
2025-12-03 13:02:58,675 - INFO - Web content extracted for gearyGuideEcosystemModels2020: 8000 chars
2025-12-03 13:02:58,676 - INFO - Accessing: https://doi.org/10.1016/j.ypmed.2020.106100
2025-12-03 13:03:00,994 - INFO - Accessing: https://doi.org/10.1002/nav.21904
2025-12-03 13:03:03,197 - INFO - Accessing: https://doi.org/10.1016/j.jhydrol.2020.125366
2025-12-03 13:03:05,569 - INFO - Accessing: https://doi.org/10.1504/IJMRI.2020.111797
2025-12-03 13:03:11,878 - INFO - Accessing: https://doi.org/10.1108/JOCM-07-2019-0243
2025-12-03 13:03:14,068 - INFO - Accessing: https://doi.org/10.1108/VJIKMS-06-2019-0090
2025-12-03 13:03:16,296 - INFO - Accessing: https://doi.org/10.1016/j.eswa.2019.112841
2025-12-03 13:03:18,670 - INFO - Accessing: https://doi.org/10.1016/j.cie.2018.09.046
2025-12-03 13:03:20,982 - INFO - Accessing: https://doi.org/10.34874/IMIST.PRSM/ISMI/23060
2025-12-03 13:03:23,529 - WARNING - Request failed for https://doi.org/10.34874/IMIST.PRSM/ISMI/23060: HTTPSConnectionPool(host='revues.imist.ma', port=443): Max retries exceeded with url: /index.php/ISMI/article/view/23060 (Caused by SSLError(SSLCertVerificationError(1, '[SSL: CERTIFICATE_VERIFY_FAILED] certificate verify failed: unable to get local issuer certificate (_ssl.c:1020)')))
2025-12-03 13:03:23,530 - INFO - Accessing: https://doi.org/10.1371/journal.pbio.3000899
2025-12-03 13:03:25,199 - INFO - Extracted 202050 characters from web
2025-12-03 13:03:25,200 - INFO - Web content extracted for grohnMultipleSystemsMacaques2020: 8000 chars
2025-12-03 13:03:25,202 - INFO - Accessing: https://doi.org/10.1109/TEM.2020.2978628
2025-12-03 13:03:27,709 - INFO - Accessing: https://doi.org/10.1109/TSMC.2017.2766207
2025-12-03 13:03:30,191 - INFO - Accessing: https://doi.org/10.1108/IJOPM-04-2019-0315
2025-12-03 13:03:32,341 - INFO - Accessing: https://doi.org/10.1016/j.scitotenv.2020.138600
2025-12-03 13:03:34,712 - INFO - Accessing: https://doi.org/10.1016/j.erap.2019.100511
2025-12-03 13:03:37,114 - INFO - Accessing: https://doi.org/10.1016/j.scitotenv.2019.135871
2025-12-03 13:03:39,481 - INFO - Processed 180/544 entries
2025-12-03 13:03:39,481 - INFO - Accessing: https://doi.org/10.1038/s41397-019-0089-x
2025-12-03 13:03:42,245 - INFO - Extracted 88259 characters from web
2025-12-03 13:03:42,246 - INFO - Web content extracted for hannoufCosteffectivenessAnalysisMultigene2020: 8000 chars
2025-12-03 13:03:42,247 - INFO - Accessing: https://doi.org/10.1287/opre.2019.1921
2025-12-03 13:03:44,421 - INFO - Accessing: https://doi.org/10.1504/IJSEAM.2020.111420
2025-12-03 13:03:50,804 - INFO - Accessing: https://doi.org/10.1108/JES-08-2019-0355
2025-12-03 13:03:53,123 - INFO - Accessing: https://doi.org/10.1109/ACCESS.2020.2983141
2025-12-03 13:03:56,102 - INFO - Accessing: https://doi.org/10.1016/j.biocon.2020.108734
2025-12-03 13:03:58,505 - INFO - Accessing: https://doi.org/10.1016/j.socscimed.2020.112975
2025-12-03 13:04:00,875 - INFO - Accessing: https://doi.org/10.1108/RIBS-05-2019-0069
2025-12-03 13:04:03,088 - INFO - Accessing: https://doi.org/10.1177/0272989X20912402
2025-12-03 13:04:05,304 - INFO - Accessing: https://doi.org/10.18280/jesa.530621
2025-12-03 13:04:08,879 - INFO - Extracted 248776 characters from web
2025-12-03 13:04:08,880 - INFO - Web content extracted for heInfluencingFactorsEvaluation2020: 8000 chars
2025-12-03 13:04:08,882 - INFO - Accessing: https://doi.org/10.5194/esd-11-113-2020
2025-12-03 13:04:11,115 - INFO - Extracted 154189 characters from web
2025-12-03 13:04:11,116 - INFO - Web content extracted for heinoMultimodelAnalysisTeleconnected2020: 8000 chars
2025-12-03 13:04:11,118 - INFO - Accessing: https://doi.org/10.1016/j.ijinfomgt.2020.102137
2025-12-03 13:04:13,386 - INFO - Accessing: https://doi.org/10.1016/j.asoc.2020.106456
2025-12-03 13:04:15,691 - INFO - Accessing: https://doi.org/10.2308/bria-52582
2025-12-03 13:04:18,222 - INFO - Accessing: https://doi.org/10.1108/IJES-01-2020-0003
2025-12-03 13:04:20,480 - INFO - Accessing: https://doi.org/10.1109/EMR.2020.2991655
2025-12-03 13:04:23,194 - INFO - Accessing: https://doi.org/10.1159/000511209
2025-12-03 13:04:25,333 - INFO - Accessing: https://doi.org/10.1177/1475921719882086
2025-12-03 13:04:27,470 - INFO - Accessing: https://doi.org/10.1007/s11628-020-00426-5
2025-12-03 13:04:30,292 - INFO - Extracted 67201 characters from web
2025-12-03 13:04:30,292 - INFO - Web content extracted for huangCriticalSuccessFactors2020: 8000 chars
2025-12-03 13:04:30,293 - INFO - Accessing: https://doi.org/10.1016/j.ress.2019.106678
2025-12-03 13:04:32,643 - INFO - Processed 200/544 entries
2025-12-03 13:04:32,643 - INFO - Accessing: https://doi.org/10.3102/0013189X20931246
2025-12-03 13:04:34,846 - INFO - Accessing: https://doi.org/10.1126/sciadv.aba3828
2025-12-03 13:04:36,997 - INFO - Accessing: https://doi.org/10.1108/JEIM-03-2019-0068
2025-12-03 13:04:39,169 - INFO - Accessing: https://doi.org/10.3233/HSM-190562
2025-12-03 13:04:41,379 - INFO - Accessing: https://doi.org/10.1016/j.dss.2019.113227
2025-12-03 13:04:43,672 - INFO - Accessing: https://doi.org/10.11610/isij.4506
2025-12-03 13:04:46,673 - INFO - Extracted 5074 characters from web
2025-12-03 13:04:46,673 - INFO - Web content extracted for izmailovaHttpsIsijeuArticle2020: 5074 chars
2025-12-03 13:04:46,674 - INFO - Accessing: https://doi.org/10.1109/MGRS.2019.2941751
2025-12-03 13:04:49,340 - INFO - Accessing: https://doi.org/10.2478/ttj-2020-0015
2025-12-03 13:04:52,423 - INFO - Extracted 2327 characters from web
2025-12-03 13:04:52,424 - INFO - Web content extracted for jacksonReviewInventoryControl2020: 2327 chars
2025-12-03 13:04:52,425 - INFO - Accessing: https://doi.org/10.17531/ein.2020.4.13
2025-12-03 13:04:56,029 - INFO - Extracted 21767 characters from web
2025-12-03 13:04:56,029 - INFO - Web content extracted for jacynaModelsVehicleService2020: 8000 chars
2025-12-03 13:04:56,030 - INFO - Accessing: https://doi.org/10.2118/202470-PA
2025-12-03 13:04:58,147 - INFO - Accessing: https://doi.org/10.1007/s11517-020-02267-w
2025-12-03 13:05:00,873 - INFO - Extracted 52543 characters from web
2025-12-03 13:05:00,873 - INFO - Web content extracted for jahangoshairezaeeAnalysisDecisionBased2020: 8000 chars
2025-12-03 13:05:00,875 - INFO - Accessing: https://doi.org/10.1007/s00477-020-01832-x
2025-12-03 13:05:03,393 - INFO - Extracted 62400 characters from web
2025-12-03 13:05:03,394 - INFO - Web content extracted for jahaniForestLandscapeVisual2020: 8000 chars
2025-12-03 13:05:03,396 - INFO - Accessing: https://doi.org/10.1108/K-06-2020-0373
2025-12-03 13:05:05,591 - INFO - Accessing: https://doi.org/10.1016/j.ergon.2020.103060
2025-12-03 13:05:08,394 - INFO - Accessing: https://doi.org/10.1016/j.envsoft.2020.104792
2025-12-03 13:05:10,761 - INFO - Accessing: https://doi.org/10.1016/j.scitotenv.2020.141357
2025-12-03 13:05:13,139 - INFO - Accessing: https://doi.org/10.1016/j.aquaculture.2020.735181
2025-12-03 13:05:15,639 - INFO - Accessing: https://doi.org/10.1177/0272989X20907353
2025-12-03 13:05:17,791 - INFO - Accessing: https://doi.org/10.1080/13696998.2020.1789152
2025-12-03 13:05:19,934 - INFO - Accessing: https://doi.org/10.5871/jba/008.167
2025-12-03 13:05:22,386 - INFO - Processed 220/544 entries
2025-12-03 13:05:22,386 - INFO - Accessing: https://doi.org/10.1016/j.ctro.2019.10.007
2025-12-03 13:05:24,836 - INFO - Accessing: https://doi.org/10.1016/j.ecocom.2020.100846
2025-12-03 13:05:27,129 - INFO - Accessing: https://doi.org/10.1080/00207543.2019.1630770
2025-12-03 13:05:29,267 - INFO - Accessing: https://doi.org/10.1186/s40814-019-0543-1
2025-12-03 13:05:31,840 - INFO - Extracted 156291 characters from web
2025-12-03 13:05:31,841 - INFO - Web content extracted for kandiyaliCosteffectivenessValueInformation2020: 8000 chars
2025-12-03 13:05:31,844 - INFO - Accessing: https://doi.org/10.1108/REPS-11-2019-0150
2025-12-03 13:05:34,162 - INFO - Accessing: https://doi.org/10.1016/j.scs.2020.102072
2025-12-03 13:05:36,526 - INFO - Accessing: https://doi.org/10.1109/ACCESS.2020.3008778
2025-12-03 13:05:39,662 - INFO - Accessing: https://doi.org/10.1016/j.jmapro.2020.04.019
2025-12-03 13:05:42,024 - INFO - Accessing: https://doi.org/10.1177/0266666919832649
2025-12-03 13:05:44,239 - INFO - Accessing: https://doi.org/10.31838/jcr.07.08.165
2025-12-03 13:05:46,732 - INFO - Accessing: https://doi.org/10.1109/EMR.2020.2989391
2025-12-03 13:05:49,286 - INFO - Accessing: https://doi.org/10.1007/s12599-019-00592-5
2025-12-03 13:05:51,949 - INFO - Extracted 71203 characters from web
2025-12-03 13:05:51,950 - INFO - Web content extracted for kellerSchedulingFlexibleDemand2020: 8000 chars
2025-12-03 13:05:51,952 - INFO - Accessing: https://doi.org/10.1017/dsd.2020.173
2025-12-03 13:05:55,311 - INFO - Extracted 44891 characters from web
2025-12-03 13:05:55,311 - INFO - Web content extracted for kellerTransepistemicDesignresearchTheorizing2020: 8000 chars
2025-12-03 13:05:55,313 - INFO - Accessing: https://doi.org/10.1007/s10458-019-09439-5
2025-12-03 13:05:57,918 - INFO - Extracted 52561 characters from web
2025-12-03 13:05:57,918 - INFO - Web content extracted for kimCrossmodalAttentiveSkill2020: 8000 chars
2025-12-03 13:05:57,920 - INFO - Accessing: https://doi.org/10.1007/s40273-019-00848-8
2025-12-03 13:06:00,478 - INFO - Extracted 55118 characters from web
2025-12-03 13:06:00,478 - INFO - Web content extracted for kimInfluenceModelingChoices2020: 8000 chars
2025-12-03 13:06:00,479 - INFO - Accessing: https://doi.org/10.1080/21639159.2020.1775491
2025-12-03 13:06:02,573 - INFO - Accessing: https://doi.org/10.21814/unio.6.1.2704
2025-12-03 13:06:14,993 - INFO - Extracted 4146 characters from web
2025-12-03 13:06:14,993 - INFO - Web content extracted for kindylidiSmartCompaniesCompany2020: 4146 chars
2025-12-03 13:06:14,994 - INFO - Accessing: https://doi.org/10.1504/IJISE.2020.105734
2025-12-03 13:06:17,271 - INFO - Accessing: https://doi.org/10.1108/TG-11-2019-0112
2025-12-03 13:06:19,531 - INFO - Processed 240/544 entries
2025-12-03 13:06:19,531 - INFO - Accessing: https://doi.org/10.1108/ITP-07-2018-0343
2025-12-03 13:06:21,741 - INFO - Accessing: https://doi.org/10.1016/j.agsy.2019.102738
2025-12-03 13:06:24,631 - INFO - Accessing: https://doi.org/10.1088/2631-7990/ab7ae6
2025-12-03 13:06:27,178 - INFO - Extracted 279896 characters from web
2025-12-03 13:06:27,179 - INFO - Web content extracted for kongMultisensorMeasurementData2020: 8000 chars
2025-12-03 13:06:27,180 - INFO - Accessing: https://doi.org/10.1016/j.scitotenv.2020.138396
2025-12-03 13:06:29,423 - INFO - Accessing: https://doi.org/10.53116/pgaflr.2020.1.5
2025-12-03 13:06:31,850 - INFO - Extracted 10368 characters from web
2025-12-03 13:06:31,850 - INFO - Web content extracted for kozlowskiDisinformationToolAimed2020: 8000 chars
2025-12-03 13:06:31,852 - INFO - Accessing: https://doi.org/10.1186/s41072-020-00071-1
2025-12-03 13:06:34,461 - INFO - Extracted 351478 characters from web
2025-12-03 13:06:34,461 - INFO - Web content extracted for kretschmannLeadingIndicatorsMaritime2020: 8000 chars
2025-12-03 13:06:34,463 - INFO - Accessing: https://doi.org/10.1108/IJPPM-05-2019-0221
2025-12-03 13:06:36,560 - INFO - Accessing: https://doi.org/10.5373/JARDCS/V12SP4/20201519
2025-12-03 13:06:39,238 - INFO - Extracted 1180 characters from web
2025-12-03 13:06:39,238 - INFO - Web content extracted for kusumaningtiasDisclosureInformationTechnology2020: 1180 chars
2025-12-03 13:06:39,238 - INFO - Accessing: https://doi.org/10.1177/0885412219881135
2025-12-03 13:06:41,453 - INFO - Accessing: https://doi.org/10.1177/2047487319898021
2025-12-03 13:06:43,621 - INFO - Accessing: https://doi.org/10.1108/MABR-12-2019-0061
2025-12-03 13:06:45,788 - INFO - Accessing: https://doi.org/10.1016/j.scitotenv.2020.140068
2025-12-03 13:06:48,175 - INFO - Accessing: https://doi.org/10.1016/j.envsoft.2019.104589
2025-12-03 13:06:50,488 - INFO - Accessing: https://doi.org/10.1016/j.apenergy.2020.115661
2025-12-03 13:06:52,780 - INFO - Accessing: https://doi.org/10.1111/jiec.13012
2025-12-03 13:06:55,009 - INFO - Accessing: https://doi.org/10.1016/j.artint.2020.103371
2025-12-03 13:06:57,340 - INFO - Accessing: https://doi.org/10.1007/s41669-019-0148-x
2025-12-03 13:06:59,896 - INFO - Extracted 216463 characters from web
2025-12-03 13:06:59,897 - INFO - Web content extracted for layerSystematicReviewModelbased2020: 8000 chars
2025-12-03 13:06:59,898 - INFO - Accessing: https://doi.org/10.1111/poms.13175
2025-12-03 13:07:02,063 - INFO - Accessing: https://doi.org/10.14400/JDC.2020.18.6.017
2025-12-03 13:07:20,358 - WARNING - Request failed for https://doi.org/10.14400/JDC.2020.18.6.017: HTTPConnectionPool(host='koreascience.or.kr', port=80): Read timed out. (read timeout=15)
2025-12-03 13:07:20,359 - INFO - Processed 260/544 entries
2025-12-03 13:07:20,359 - INFO - Accessing: https://doi.org/10.1007/s11069-019-03849-0
2025-12-03 13:07:20,821 - INFO - Extracted 58259 characters from web
2025-12-03 13:07:20,822 - INFO - Web content extracted for lenjaniResiliencebasedMethodPrioritizing2020: 8000 chars
2025-12-03 13:07:20,824 - INFO - Accessing: https://doi.org/10.1016/j.indic.2020.100077
2025-12-03 13:07:23,176 - INFO - Accessing: https://doi.org/10.1108/IMDS-08-2019-0421
2025-12-03 13:07:25,429 - INFO - Accessing: https://doi.org/10.1016/j.ejor.2019.11.032
2025-12-03 13:07:27,804 - INFO - Accessing: https://doi.org/10.1177/1090198120915432
2025-12-03 13:07:30,947 - INFO - Accessing: https://doi.org/10.1504/IJEV.2020.105134
2025-12-03 13:07:33,267 - INFO - Accessing: https://doi.org/10.1016/j.euroecorev.2020.103559
2025-12-03 13:07:35,634 - INFO - Accessing: https://doi.org/10.1109/EMR.2020.2990127
2025-12-03 13:07:38,177 - INFO - Accessing: https://doi.org/10.1177/0312896219877678
2025-12-03 13:07:40,382 - INFO - Accessing: https://doi.org/10.1016/j.ipm.2020.102259
2025-12-03 13:07:42,776 - INFO - Accessing: https://doi.org/10.1155/2020/8393724
2025-12-03 13:07:45,006 - INFO - Accessing: https://doi.org/10.1115/1.4046135
2025-12-03 13:07:47,251 - INFO - Accessing: https://doi.org/10.1108/NBRI-08-2019-0043
2025-12-03 13:07:49,498 - INFO - Accessing: https://doi.org/10.1016/j.wace.2018.03.006
2025-12-03 13:07:51,878 - INFO - Accessing: https://doi.org/10.1016/j.tre.2020.102011
2025-12-03 13:07:54,255 - INFO - Accessing: https://doi.org/10.1016/j.jclepro.2020.121409
2025-12-03 13:07:56,688 - INFO - Accessing: https://doi.org/10.1016/j.ress.2020.106951
2025-12-03 13:07:59,048 - INFO - Accessing: https://doi.org/10.1016/j.pubrev.2020.101891
2025-12-03 13:08:01,446 - INFO - Processed 280/544 entries
2025-12-03 13:08:01,446 - INFO - Accessing: https://doi.org/10.1002/jwmg.21856
2025-12-03 13:08:03,647 - INFO - Accessing: https://doi.org/10.1504/IJRAM.2020.106978
2025-12-03 13:08:05,897 - INFO - Accessing: https://doi.org/10.1111/joes.12357
2025-12-03 13:08:11,119 - INFO - Accessing: https://doi.org/10.1080/1331677X.2020.1753090
2025-12-03 13:08:13,251 - INFO - Accessing: https://doi.org/10.1108/CI-11-2019-0131
2025-12-03 13:08:15,428 - INFO - Accessing: https://doi.org/10.1177/1049732320933863
2025-12-03 13:08:17,587 - INFO - Accessing: https://doi.org/10.1109/ACCESS.2020.3032543
2025-12-03 13:08:20,608 - INFO - Accessing: https://doi.org/10.17705/1jais.00606
2025-12-03 13:08:23,748 - INFO - Extracted 2411 characters from web
2025-12-03 13:08:23,749 - INFO - Web content extracted for mandrellaSynthesizingIntegratingResearch2020: 2411 chars
2025-12-03 13:08:23,750 - INFO - Accessing: https://doi.org/10.1021/acs.est.9b07125
2025-12-03 13:08:25,819 - INFO - Accessing: https://doi.org/10.1080/09537325.2019.1655537
2025-12-03 13:08:27,953 - INFO - Accessing: https://doi.org/10.1186/s40795-020-00353-8
2025-12-03 13:08:30,623 - INFO - Extracted 305614 characters from web
2025-12-03 13:08:30,624 - INFO - Web content extracted for marshallEnduserPerceptionsPatient2020: 8000 chars
2025-12-03 13:08:30,625 - INFO - Accessing: https://doi.org/10.1145/3385009
2025-12-03 13:08:32,806 - INFO - Accessing: https://doi.org/10.1016/j.ejor.2019.07.001
2025-12-03 13:08:35,862 - INFO - Accessing: https://doi.org/10.1111/csp2.269
2025-12-03 13:08:38,046 - INFO - Accessing: https://doi.org/10.1016/j.annals.2020.102931
2025-12-03 13:08:40,413 - INFO - Accessing: https://doi.org/10.1080/09599916.2020.1794935
2025-12-03 13:08:42,558 - INFO - Accessing: https://doi.org/10.1186/s12890-020-01182-y
2025-12-03 13:08:45,179 - INFO - Extracted 289312 characters from web
2025-12-03 13:08:45,179 - INFO - Web content extracted for mcgregorSupervisedPulmonaryHypertension2020: 8000 chars
2025-12-03 13:08:45,181 - INFO - Accessing: https://doi.org/10.1080/07421222.2020.1831772
2025-12-03 13:08:47,249 - INFO - Processed 300/544 entries
2025-12-03 13:08:47,249 - INFO - Accessing: https://doi.org/10.1016/j.crm.2020.100240
2025-12-03 13:08:49,596 - INFO - Accessing: https://doi.org/10.3310/hta24660
2025-12-03 13:08:51,739 - INFO - Accessing: https://doi.org/10.3233/IP-200006
2025-12-03 13:08:53,922 - INFO - Accessing: https://doi.org/10.1016/j.petrol.2019.106398
2025-12-03 13:08:56,301 - INFO - Accessing: https://doi.org/10.1108/ECAM-09-2019-0511
2025-12-03 13:08:58,569 - INFO - Accessing: https://doi.org/10.1016/j.jclepro.2020.122804
2025-12-03 13:09:00,938 - INFO - Accessing: https://doi.org/10.1016/j.inffus.2019.12.001
2025-12-03 13:09:03,320 - INFO - Accessing: https://doi.org/10.1016/j.procs.2020.09.173
2025-12-03 13:09:05,812 - INFO - Accessing: https://doi.org/10.1016/j.im.2019.05.004
2025-12-03 13:09:08,214 - INFO - Accessing: https://doi.org/10.1016/j.conengprac.2020.104624
2025-12-03 13:09:10,593 - INFO - Accessing: https://doi.org/10.1016/j.compind.2019.103145
2025-12-03 13:09:12,976 - INFO - Accessing: https://doi.org/10.1287/mnsc.2019.3384
2025-12-03 13:09:15,198 - INFO - Accessing: https://doi.org/10.1007/s11187-018-0081-x
2025-12-03 13:09:17,863 - INFO - Extracted 171490 characters from web
2025-12-03 13:09:17,864 - INFO - Web content extracted for mochkabadiEquityCrowdfundingSystematic2020: 8000 chars
2025-12-03 13:09:17,865 - INFO - Accessing: https://doi.org/10.1016/j.envsoft.2020.104655
2025-12-03 13:09:20,193 - INFO - Accessing: https://doi.org/10.1186/s12889-020-8307-7
2025-12-03 13:09:22,841 - INFO - Extracted 262815 characters from web
2025-12-03 13:09:22,842 - INFO - Web content extracted for mofidiProbabilisticApproachEconomic2020: 8000 chars
2025-12-03 13:09:22,843 - INFO - Accessing: https://doi.org/10.2139/ssrn.3625242
2025-12-03 13:09:25,300 - INFO - Accessing: https://doi.org/10.1109/ACCESS.2020.2995597
2025-12-03 13:09:28,524 - INFO - Accessing: https://doi.org/10.1111/rssb.12391
2025-12-03 13:09:30,753 - INFO - Accessing: https://doi.org/10.20533/jitst.2046.3723.2020.0080
2025-12-03 13:09:48,021 - WARNING - Request failed for https://doi.org/10.20533/jitst.2046.3723.2020.0080: HTTPSConnectionPool(host='infonomics-society.org', port=443): Read timed out. (read timeout=15)
2025-12-03 13:09:48,022 - INFO - Accessing: https://doi.org/10.1016/j.cie.2019.01.042
2025-12-03 13:09:48,403 - INFO - Processed 320/544 entries
2025-12-03 13:09:48,404 - INFO - Accessing: https://doi.org/10.1504/IJOR.2020.111341
2025-12-03 13:09:50,640 - INFO - Accessing: https://doi.org/10.1016/j.ress.2018.06.007
2025-12-03 13:09:52,952 - INFO - Accessing: https://doi.org/10.1109/ACCESS.2020.3038605
2025-12-03 13:09:56,232 - INFO - Accessing: https://doi.org/10.1007/s10669-020-09783-y
2025-12-03 13:09:58,878 - INFO - Extracted 54260 characters from web
2025-12-03 13:09:58,878 - INFO - Web content extracted for naeiniCanYouTrust2020: 8000 chars
2025-12-03 13:09:58,880 - INFO - Accessing: https://doi.org/10.1115/1.4047465
2025-12-03 13:10:01,063 - INFO - Accessing: https://doi.org/10.1108/JHLSCM-06-2019-0038
2025-12-03 13:10:03,241 - INFO - Accessing: https://doi.org/10.1177/1069031X19898767
2025-12-03 13:10:05,411 - INFO - Accessing: https://doi.org/10.17705/1pais.12102
2025-12-03 13:10:09,090 - INFO - Extracted 2173 characters from web
2025-12-03 13:10:09,090 - INFO - Web content extracted for nationalchiayiuniversityAdaptingERPSystems2020: 2173 chars
2025-12-03 13:10:09,091 - INFO - Accessing: https://doi.org/10.1016/j.destud.2020.100964
2025-12-03 13:10:11,537 - INFO - Accessing: https://doi.org/10.1108/AJIM-10-2019-0277
2025-12-03 13:10:13,696 - INFO - Accessing: https://doi.org/10.1016/j.jeem.2020.102379
2025-12-03 13:10:16,027 - INFO - Accessing: https://doi.org/10.1016/j.wace.2018.06.001
2025-12-03 13:10:18,342 - INFO - Accessing: https://doi.org/10.1080/17434440.2020.1743174
2025-12-03 13:10:20,501 - INFO - Accessing: https://doi.org/10.1504/IJCENT.2020.10032292
2025-12-03 13:10:22,874 - INFO - Accessing: https://doi.org/10.1504/IJCENT.2020.110209
2025-12-03 13:10:25,104 - INFO - Accessing: https://doi.org/10.1111/risa.13621
2025-12-03 13:10:27,306 - INFO - Accessing: https://doi.org/10.1016/S2352-3018(20)30033-3
2025-12-03 13:10:29,614 - INFO - Accessing: https://doi.org/10.5249/jivr.vo112i2.1259
2025-12-03 13:10:31,952 - INFO - Accessing: https://doi.org/10.1016/j.strusafe.2019.101920
2025-12-03 13:10:34,271 - INFO - Accessing: https://doi.org/10.15676/ijeei.2020.12.4.5
2025-12-03 13:10:39,491 - INFO - Processed 340/544 entries
2025-12-03 13:10:39,492 - INFO - Accessing: https://doi.org/10.3389/fmars.2020.578014
2025-12-03 13:10:42,340 - INFO - Extracted 249344 characters from web
2025-12-03 13:10:42,342 - INFO - Web content extracted for obregonWhoYouSpeak2020: 8000 chars
2025-12-03 13:10:42,344 - INFO - Accessing: https://doi.org/10.1111/csp2.180
2025-12-03 13:10:44,510 - INFO - Accessing: https://doi.org/10.25115/eea.v38i4.4009
2025-12-03 13:10:47,214 - INFO - Extracted 11527 characters from web
2025-12-03 13:10:47,214 - INFO - Web content extracted for oklanderMethodicalApproachCalculating2020: 8000 chars
2025-12-03 13:10:47,216 - INFO - Accessing: https://doi.org/10.1371/journal.pone.0241864
2025-12-03 13:10:50,580 - INFO - Extracted 129167 characters from web
2025-12-03 13:10:50,581 - INFO - Web content extracted for oluwagbemiMAVSCOTFuzzyLogicbased2020: 8000 chars
2025-12-03 13:10:50,583 - INFO - Accessing: https://doi.org/10.1561/101.00000114
2025-12-03 13:10:52,950 - INFO - Extracted 5218 characters from web
2025-12-03 13:10:52,951 - INFO - Web content extracted for opaluchLiabilityNaturalResource2020: 5218 chars
2025-12-03 13:10:52,952 - INFO - Accessing: https://doi.org/10.1007/s41669-019-0162-z
2025-12-03 13:10:55,847 - INFO - Extracted 205667 characters from web
2025-12-03 13:10:55,848 - INFO - Web content extracted for padmasawitriManagingUncertaintiesDue2020: 8000 chars
2025-12-03 13:10:55,850 - INFO - Accessing: https://doi.org/10.2118/203830-PA
2025-12-03 13:10:58,000 - INFO - Accessing: https://doi.org/10.22190/FUME200306032P
2025-12-03 13:11:01,160 - INFO - Extracted 7665 characters from web
2025-12-03 13:11:01,160 - INFO - Web content extracted for pajakFuzzyModelOperational2020: 7665 chars
2025-12-03 13:11:01,163 - INFO - Accessing: https://doi.org/10.3310/hta24190
2025-12-03 13:11:03,296 - INFO - Accessing: https://doi.org/10.1108/JGOSS-05-2019-0042
2025-12-03 13:11:05,544 - INFO - Accessing: https://doi.org/10.17559/TV-20190828170533
2025-12-03 13:11:07,855 - INFO - Extracted 7657 characters from web
2025-12-03 13:11:07,855 - INFO - Web content extracted for pangDatadrivenConditionMonitoring2020: 7657 chars
2025-12-03 13:11:07,857 - INFO - Accessing: https://doi.org/10.1016/j.enbuild.2019.109609
2025-12-03 13:11:10,792 - INFO - Accessing: https://doi.org/10.1287/mnsc.2019.3470
2025-12-03 13:11:13,002 - INFO - Accessing: https://doi.org/10.1016/j.softx.2020.100588
2025-12-03 13:11:15,373 - INFO - Accessing: https://doi.org/10.1016/j.jobe.2019.101113
2025-12-03 13:11:17,766 - INFO - Accessing: https://doi.org/10.1016/j.catena.2019.104305
2025-12-03 13:11:20,320 - INFO - Accessing: https://doi.org/10.1108/BIJ-12-2019-0547
2025-12-03 13:11:22,552 - INFO - Processed 360/544 entries
2025-12-03 13:11:22,552 - INFO - Accessing: https://doi.org/10.5325/transportationj.59.2.0129
2025-12-03 13:11:24,849 - INFO - Accessing: https://doi.org/10.1016/j.scico.2020.102414
2025-12-03 13:11:27,228 - INFO - Accessing: https://doi.org/10.1016/j.jclepro.2020.120032
2025-12-03 13:11:29,607 - INFO - Accessing: https://doi.org/10.20885/jca.vol2.iss1.art5
2025-12-03 13:11:35,680 - INFO - Extracted 7772 characters from web
2025-12-03 13:11:35,681 - INFO - Web content extracted for permatasariEffectSunkCost2020: 7772 chars
2025-12-03 13:11:35,683 - INFO - Accessing: https://doi.org/10.1007/s40685-019-0092-8
2025-12-03 13:11:38,329 - INFO - Extracted 454812 characters from web
2025-12-03 13:11:38,330 - INFO - Web content extracted for pfisterCorporateReputationFuture2020: 8000 chars
2025-12-03 13:11:38,331 - INFO - Accessing: https://doi.org/10.1061/(ASCE)IS.1943-555X.0000512
2025-12-03 13:11:40,436 - INFO - Accessing: https://doi.org/10.1061/JPEODX.0000175
2025-12-03 13:11:42,700 - INFO - Accessing: https://doi.org/10.2196/22440
2025-12-03 13:11:45,835 - INFO - Extracted 226555 characters from web
2025-12-03 13:11:45,836 - INFO - Web content extracted for pluyeOutcomesEquityorientedWebbased2020: 8000 chars
2025-12-03 13:11:45,838 - INFO - Accessing: https://doi.org/10.1016/j.envpol.2020.115211
2025-12-03 13:11:48,153 - INFO - Accessing: https://doi.org/10.1080/19368623.2019.1647124
2025-12-03 13:11:50,343 - INFO - Accessing: https://doi.org/10.1108/IMDS-06-2019-0346
2025-12-03 13:11:52,739 - INFO - Accessing: https://doi.org/10.1139/cjfas-2018-0352
2025-12-03 13:11:54,972 - INFO - Accessing: https://doi.org/10.1007/s11367-020-01787-9
2025-12-03 13:11:57,665 - INFO - Extracted 76187 characters from web
2025-12-03 13:11:57,666 - INFO - Web content extracted for qinPerceivedUncertaintiesCharacterization2020: 8000 chars
2025-12-03 13:11:57,668 - INFO - Accessing: https://doi.org/10.1504/IJLSM.2020.104778
2025-12-03 13:11:59,937 - INFO - Accessing: https://doi.org/10.1016/j.envsoft.2020.104780
2025-12-03 13:12:02,246 - INFO - Accessing: https://doi.org/10.1016/j.jhydrol.2019.124406
2025-12-03 13:12:04,610 - INFO - Accessing: https://doi.org/10.3917/jie.033.0135
2025-12-03 13:12:06,938 - INFO - Accessing: https://doi.org/10.1155/2020/3217927
2025-12-03 13:12:09,165 - INFO - Accessing: https://doi.org/10.1016/j.ijdrr.2019.101310
2025-12-03 13:12:11,537 - INFO - Processed 380/544 entries
2025-12-03 13:12:11,538 - INFO - Accessing: https://doi.org/10.1108/BIJ-10-2019-0464
2025-12-03 13:12:13,774 - INFO - Accessing: https://doi.org/10.1016/j.eswa.2020.113586
2025-12-03 13:12:16,212 - INFO - Accessing: https://doi.org/10.1016/j.respol.2019.103875
2025-12-03 13:12:18,515 - INFO - Accessing: https://doi.org/10.1016/j.cie.2020.106681
2025-12-03 13:12:20,899 - INFO - Accessing: https://doi.org/10.1080/00207543.2020.1761565
2025-12-03 13:12:23,049 - INFO - Accessing: https://doi.org/10.4018/IJISSCM.2020100101
2025-12-03 13:12:25,242 - WARNING - Request failed for https://doi.org/10.4018/IJISSCM.2020100101: 429 Client Error: Too Many Requests for url: http://services.igi-global.com/resolvedoi/resolve.aspx?doi=10.4018/IJISSCM.2020100101
2025-12-03 13:12:25,243 - INFO - Accessing: https://doi.org/10.1111/ipd.12772
2025-12-03 13:12:27,369 - INFO - Accessing: https://doi.org/10.5194/hess-24-4109-2020
2025-12-03 13:12:30,113 - INFO - Extracted 248297 characters from web
2025-12-03 13:12:30,113 - INFO - Web content extracted for roksvagEstimationAnnualRunoff2020: 8000 chars
2025-12-03 13:12:30,115 - INFO - Accessing: https://doi.org/10.1016/j.vhri.2020.03.004
2025-12-03 13:12:32,297 - INFO - Accessing: https://doi.org/10.4088/JCP.19m13168
2025-12-03 13:12:36,148 - INFO - Extracted 13057 characters from web
2025-12-03 13:12:36,149 - INFO - Web content extracted for rossCosteffectivenessRoutineScreening2020: 8000 chars
2025-12-03 13:12:36,151 - INFO - Accessing: https://doi.org/10.1016/j.jclepro.2020.122653
2025-12-03 13:12:38,485 - INFO - Accessing: https://doi.org/10.1371/journal.pone.0228469
2025-12-03 13:12:42,771 - INFO - Extracted 177325 characters from web
2025-12-03 13:12:42,772 - INFO - Web content extracted for rungeSimulatingCouncilspecificImpact2020: 8000 chars
2025-12-03 13:12:42,773 - INFO - Accessing: https://doi.org/10.1109/ACCESS.2020.2986317
2025-12-03 13:12:45,668 - INFO - Accessing: https://doi.org/10.22059/jitm.2020.294526.2439
2025-12-03 13:12:48,418 - INFO - Extracted 3151 characters from web
2025-12-03 13:12:48,419 - INFO - Web content extracted for salarnezhadIdentificationPrioritizationFactors2020: 3151 chars
2025-12-03 13:12:48,420 - INFO - Accessing: https://doi.org/10.1080/1097198X.2020.1866897
2025-12-03 13:12:50,593 - INFO - Accessing: https://doi.org/10.1148/radiol.2020192505
2025-12-03 13:12:52,952 - INFO - Accessing: https://doi.org/10.1021/acs.iecr.9b05105
2025-12-03 13:12:55,175 - INFO - Accessing: https://doi.org/10.1007/s11750-019-00534-0
2025-12-03 13:12:57,981 - INFO - Extracted 169231 characters from web
2025-12-03 13:12:57,982 - INFO - Web content extracted for santosVehicleRoutingProblem2020: 8000 chars
2025-12-03 13:12:57,984 - INFO - Accessing: https://doi.org/10.1108/K-06-2020-0352
2025-12-03 13:13:00,225 - INFO - Processed 400/544 entries
2025-12-03 13:13:00,226 - INFO - Accessing: https://doi.org/10.31181/dmame2003097v
2025-12-03 13:13:02,766 - INFO - Extracted 47823 characters from web
2025-12-03 13:13:02,767 - INFO - Web content extracted for schoolofengineeringrobertgordonuniversityaberdeenunitedkingdomHolisticApproachAssessment2020: 8000 chars
2025-12-03 13:13:02,769 - INFO - Accessing: https://doi.org/10.1080/08839514.2020.1749337
2025-12-03 13:13:04,889 - INFO - Accessing: https://doi.org/10.1016/j.apenergy.2020.115643
2025-12-03 13:13:07,802 - INFO - Accessing: https://doi.org/10.1007/s40273-019-00882-6
2025-12-03 13:13:10,470 - INFO - Extracted 80762 characters from web
2025-12-03 13:13:10,471 - INFO - Web content extracted for sculpher20YearsUsing2020: 8000 chars
2025-12-03 13:13:10,472 - INFO - Accessing: https://doi.org/10.1186/s12962-020-00213-z
2025-12-03 13:13:13,087 - INFO - Extracted 220130 characters from web
2025-12-03 13:13:13,089 - INFO - Web content extracted for senanayakeCostutilityAnalysisChronic2020: 8000 chars
2025-12-03 13:13:13,090 - INFO - Accessing: https://doi.org/10.3390/math8101815
2025-12-03 13:13:15,198 - INFO - Accessing: https://doi.org/10.1108/JBIM-11-2018-0347
2025-12-03 13:13:17,371 - INFO - Accessing: https://doi.org/10.1016/j.jcmg.2020.05.001
2025-12-03 13:13:19,764 - INFO - Accessing: https://doi.org/10.1126/science.abb9934
2025-12-03 13:13:21,956 - INFO - Accessing: https://doi.org/10.1371/journal.pmed.1003018
2025-12-03 13:13:25,243 - INFO - Extracted 82443 characters from web
2025-12-03 13:13:25,243 - INFO - Web content extracted for shearerInfectiousDiseasePandemic2020: 8000 chars
2025-12-03 13:13:25,244 - INFO - Accessing: https://doi.org/10.1108/ITP-10-2017-0360
2025-12-03 13:13:27,366 - INFO - Accessing: https://doi.org/10.1016/j.jclepro.2019.119823
2025-12-03 13:13:29,773 - INFO - Accessing: https://doi.org/10.1016/j.techfore.2020.120059
2025-12-03 13:13:32,103 - INFO - Accessing: https://doi.org/10.1016/j.eswa.2019.112863
2025-12-03 13:13:34,485 - INFO - Accessing: https://doi.org/10.1371/journal.pone.0240460
2025-12-03 13:13:37,527 - INFO - Extracted 128319 characters from web
2025-12-03 13:13:37,528 - INFO - Web content extracted for sivapalanDecisionFrameworksRestoration2020: 8000 chars
2025-12-03 13:13:37,529 - INFO - Accessing: https://doi.org/10.1016/j.cie.2020.106330
2025-12-03 13:13:39,812 - INFO - Accessing: https://doi.org/10.12688/wellcomeopenres.15807.2
2025-12-03 13:13:42,183 - INFO - Processed 420/544 entries
2025-12-03 13:13:42,183 - INFO - Accessing: https://doi.org/10.1177/2381468320932894
2025-12-03 13:13:44,397 - INFO - Accessing: https://doi.org/10.1016/j.ejor.2019.12.016
2025-12-03 13:13:46,698 - INFO - Accessing: https://doi.org/10.24050/reia.v17i34.1358
2025-12-03 13:13:49,066 - INFO - Accessing: https://doi.org/10.1111/faf.12482
2025-12-03 13:13:51,284 - INFO - Accessing: https://doi.org/10.1016/j.ijinfomgt.2020.102176
2025-12-03 13:13:53,611 - INFO - Accessing: https://doi.org/10.1080/13675567.2019.1568974
2025-12-03 13:13:55,836 - INFO - Accessing: https://doi.org/10.1007/s00603-019-01962-x
2025-12-03 13:13:58,363 - INFO - Extracted 300509 characters from web
2025-12-03 13:13:58,365 - INFO - Web content extracted for sprossPrinciplesRiskbasedRock2020: 8000 chars
2025-12-03 13:13:58,366 - INFO - Accessing: https://doi.org/10.1016/j.ancene.2019.100231
2025-12-03 13:14:00,704 - INFO - Accessing: https://doi.org/10.1016/j.media.2020.101742
2025-12-03 13:14:03,005 - INFO - Accessing: https://doi.org/10.1017/bca.2020.10
2025-12-03 13:14:07,653 - INFO - Extracted 44378 characters from web
2025-12-03 13:14:07,653 - INFO - Web content extracted for strandValueImprovedInformation2020: 8000 chars
2025-12-03 13:14:07,655 - INFO - Accessing: https://doi.org/10.1002/prs.12125
2025-12-03 13:14:09,819 - INFO - Accessing: https://doi.org/10.1108/INTR-06-2018-0262
2025-12-03 13:14:12,017 - INFO - Accessing: https://doi.org/10.1016/j.eswa.2020.113655
2025-12-03 13:14:14,420 - INFO - Accessing: https://doi.org/10.1007/s10479-020-03724-3
2025-12-03 13:14:17,177 - INFO - Extracted 50146 characters from web
2025-12-03 13:14:17,177 - INFO - Web content extracted for taoInformationSharingTransparent2020: 8000 chars
2025-12-03 13:14:17,179 - INFO - Accessing: https://doi.org/10.1175/WCAS-D-19-0159.1
2025-12-03 13:14:19,577 - WARNING - Some characters could not be decoded, and were replaced with REPLACEMENT CHARACTER.
2025-12-03 13:14:19,578 - INFO - Accessing: https://doi.org/10.1016/j.jval.2020.04.1833
2025-12-03 13:14:21,970 - INFO - Accessing: https://doi.org/10.1016/j.watres.2020.115780
2025-12-03 13:14:24,276 - INFO - Accessing: https://doi.org/10.1016/j.jval.2020.06.012
2025-12-03 13:14:26,665 - INFO - Accessing: https://doi.org/10.1017/S0266462320000781
2025-12-03 13:14:30,078 - INFO - Extracted 53662 characters from web
2025-12-03 13:14:30,079 - INFO - Web content extracted for thavornValueMesenchymalStem2020: 8000 chars
2025-12-03 13:14:30,080 - INFO - Processed 440/544 entries
2025-12-03 13:14:30,080 - INFO - Accessing: https://doi.org/10.1098/rspb.2020.1405
2025-12-03 13:14:32,252 - INFO - Accessing: https://doi.org/10.1080/14760584.2020.1791093
2025-12-03 13:14:34,469 - INFO - Accessing: https://doi.org/10.1080/21693277.2020.1856012
2025-12-03 13:14:36,703 - INFO - Accessing: https://doi.org/10.1016/j.accinf.2019.100442
2025-12-03 13:14:39,291 - INFO - Accessing: https://doi.org/10.1177/0972150920920444
2025-12-03 13:14:41,577 - INFO - Accessing: https://doi.org/10.1016/j.simpat.2019.101980
2025-12-03 13:14:43,946 - INFO - Accessing: https://doi.org/10.1016/j.techsoc.2020.101413
2025-12-03 13:14:46,355 - INFO - Accessing: https://doi.org/10.1108/MBE-02-2020-0031
2025-12-03 13:14:48,613 - INFO - Accessing: https://doi.org/10.1016/j.jhydrol.2020.124670
2025-12-03 13:14:51,003 - INFO - Accessing: https://doi.org/10.1186/s12889-019-8094-1
2025-12-03 13:14:53,749 - INFO - Extracted 340701 characters from web
2025-12-03 13:14:53,750 - INFO - Web content extracted for tuomistoHealthEffectsNutrients2020: 8000 chars
2025-12-03 13:14:53,751 - INFO - Accessing: https://doi.org/10.1038/s41585-020-0363-3
2025-12-03 13:14:56,501 - INFO - Extracted 86186 characters from web
2025-12-03 13:14:56,502 - INFO - Web content extracted for usher-smithCurrentEvidenceScreening2020: 8000 chars
2025-12-03 13:14:56,504 - INFO - Accessing: https://doi.org/10.1061/(ASCE)EE.1943-7870.0001676
2025-12-03 13:14:58,668 - INFO - Accessing: https://doi.org/10.48072/2525-7579.rog.2020.408
2025-12-03 13:15:02,781 - INFO - Accessing: https://doi.org/10.1017/njg.2020.4
2025-12-03 13:15:07,153 - INFO - Extracted 14291 characters from web
2025-12-03 13:15:07,154 - INFO - Web content extracted for vanweesAcceleratingGeothermalDevelopment2020: 8000 chars
2025-12-03 13:15:07,156 - INFO - Accessing: https://doi.org/10.5117/mab.94.49425
2025-12-03 13:15:09,951 - INFO - Accessing: https://doi.org/10.1007/s13595-020-0918-8
2025-12-03 13:15:12,649 - INFO - Extracted 335729 characters from web
2025-12-03 13:15:12,651 - INFO - Web content extracted for vauhkonenEffectsDiameterDistribution2020: 8000 chars
2025-12-03 13:15:12,653 - INFO - Accessing: https://doi.org/10.1515/fhep-2019-0013
2025-12-03 13:15:15,418 - INFO - Extracted 110273 characters from web
2025-12-03 13:15:15,419 - INFO - Web content extracted for veenstraHealthEconomicsTools2020: 8000 chars
2025-12-03 13:15:15,420 - INFO - Accessing: https://doi.org/10.1080/08961530.2020.1712293
2025-12-03 13:15:17,448 - INFO - Accessing: https://doi.org/10.2308/AJPT-19-103
2025-12-03 13:15:19,839 - INFO - Processed 460/544 entries
2025-12-03 13:15:19,840 - INFO - Accessing: https://doi.org/10.3846/ijspm.2020.12174
2025-12-03 13:15:24,401 - INFO - Extracted 46180 characters from web
2025-12-03 13:15:24,402 - INFO - Web content extracted for vieiradecastroHolisticApproachSustainable2020: 8000 chars
2025-12-03 13:15:24,404 - INFO - Accessing: https://doi.org/10.1080/00207543.2019.1629673
2025-12-03 13:15:26,516 - INFO - Accessing: https://doi.org/10.1016/j.tree.2020.08.016
2025-12-03 13:15:29,432 - INFO - Accessing: https://doi.org/10.1002/joom.1088
2025-12-03 13:15:31,575 - INFO - Accessing: https://doi.org/10.1007/s12145-020-00453-w
2025-12-03 13:15:34,104 - INFO - Extracted 412653 characters from web
2025-12-03 13:15:34,105 - INFO - Web content extracted for virapongseTenRulesIncrease2020: 8000 chars
2025-12-03 13:15:34,106 - INFO - Accessing: https://doi.org/10.1111/risa.13403
2025-12-03 13:15:36,258 - INFO - Accessing: https://doi.org/10.1111/rssa.12532
2025-12-03 13:15:38,432 - INFO - Accessing: https://doi.org/10.5194/nhess-20-1149-2020
2025-12-03 13:15:40,841 - INFO - Extracted 145484 characters from web
2025-12-03 13:15:40,842 - INFO - Web content extracted for wagenaarInvitedPerspectivesHow2020: 8000 chars
2025-12-03 13:15:40,844 - INFO - Accessing: https://doi.org/10.1177/0272989X20954387
2025-12-03 13:15:43,060 - INFO - Accessing: https://doi.org/10.1108/IJLM-09-2019-0256
2025-12-03 13:15:45,330 - INFO - Accessing: https://doi.org/10.1016/j.cie.2020.106788
2025-12-03 13:15:47,686 - INFO - Accessing: https://doi.org/10.1108/INTR-01-2019-0031
2025-12-03 13:15:49,912 - INFO - Accessing: https://doi.org/10.1016/j.techfore.2020.120275
2025-12-03 13:15:52,230 - INFO - Accessing: https://doi.org/10.1108/JEIM-08-2019-0223
2025-12-03 13:15:54,402 - INFO - Accessing: https://doi.org/10.1016/j.advwatres.2019.103476
2025-12-03 13:15:56,703 - INFO - Accessing: https://doi.org/10.1007/s10479-018-3051-4
2025-12-03 13:15:59,438 - INFO - Extracted 80864 characters from web
2025-12-03 13:15:59,439 - INFO - Web content extracted for wangManageRiskSustainable2020: 8000 chars
2025-12-03 13:15:59,440 - INFO - Accessing: https://doi.org/10.1108/JMTM-04-2019-0129
2025-12-03 13:16:01,593 - INFO - Accessing: https://doi.org/10.1016/j.ijinfomgt.2020.102076
2025-12-03 13:16:03,984 - INFO - Processed 480/544 entries
2025-12-03 13:16:03,984 - INFO - Accessing: https://doi.org/10.1080/19388160.2019.1699484
2025-12-03 13:16:06,217 - INFO - Accessing: https://doi.org/10.4018/IJDWM.2020040105
2025-12-03 13:16:08,350 - WARNING - Request failed for https://doi.org/10.4018/IJDWM.2020040105: 429 Client Error: Too Many Requests for url: http://services.igi-global.com/resolvedoi/resolve.aspx?doi=10.4018/IJDWM.2020040105
2025-12-03 13:16:08,351 - INFO - Accessing: https://doi.org/10.18417/EMISA.15.1
2025-12-03 13:16:10,872 - INFO - Extracted 9813 characters from web
2025-12-03 13:16:10,872 - INFO - Web content extracted for wannerMachineLearningComplex2020: 8000 chars
2025-12-03 13:16:10,875 - INFO - Accessing: https://doi.org/10.2196/22013
2025-12-03 13:16:14,083 - INFO - Extracted 160878 characters from web
2025-12-03 13:16:14,084 - INFO - Web content extracted for wanReducingAlertFatigue2020: 8000 chars
2025-12-03 13:16:14,086 - INFO - Accessing: https://doi.org/10.1016/j.cliser.2020.100170
2025-12-03 13:16:16,417 - INFO - Accessing: https://doi.org/10.1111/mam.12188
2025-12-03 13:16:18,639 - INFO - Accessing: https://doi.org/10.1111/joim.13197
2025-12-03 13:16:20,847 - INFO - Accessing: https://doi.org/10.1007/s40261-019-00842-0
2025-12-03 13:16:23,671 - INFO - Extracted 50468 characters from web
2025-12-03 13:16:23,672 - INFO - Web content extracted for weiCosteffectivenessAnalysisCYP2D6102020: 8000 chars
2025-12-03 13:16:23,673 - INFO - Accessing: https://doi.org/10.1007/s10551-018-04100-9
2025-12-03 13:16:26,285 - INFO - Extracted 124790 characters from web
2025-12-03 13:16:26,286 - INFO - Web content extracted for weiEffectsJusticeTop2020: 8000 chars
2025-12-03 13:16:26,287 - INFO - Accessing: https://doi.org/10.3389/fsufs.2020.564418
2025-12-03 13:16:29,299 - INFO - Extracted 222332 characters from web
2025-12-03 13:16:29,299 - INFO - Web content extracted for whiteBalancingEconomicEnvironmental2020: 8000 chars
2025-12-03 13:16:29,301 - INFO - Accessing: https://doi.org/10.1017/eis.2020.2
2025-12-03 13:16:34,306 - INFO - Extracted 99907 characters from web
2025-12-03 13:16:34,306 - INFO - Web content extracted for whyteTitfortatCyberspacePolitical2020: 8000 chars
2025-12-03 13:16:34,308 - INFO - Accessing: https://doi.org/10.1007/s40273-020-00902-w
2025-12-03 13:16:36,912 - INFO - Extracted 107307 characters from web
2025-12-03 13:16:36,912 - INFO - Web content extracted for widenCosteffectivenessAnalysisPatiromer2020: 8000 chars
2025-12-03 13:16:36,914 - INFO - Accessing: https://doi.org/10.1016/j.accinf.2020.100470
2025-12-03 13:16:39,299 - INFO - Accessing: https://doi.org/10.1111/2041-210X.13487
2025-12-03 13:16:41,533 - INFO - Accessing: https://doi.org/10.1016/j.foodpol.2020.101938
2025-12-03 13:16:43,905 - INFO - Accessing: https://doi.org/10.1111/gcb.15094
2025-12-03 13:16:46,130 - INFO - Accessing: https://doi.org/10.1093/gerona/glaa051
2025-12-03 13:16:48,356 - INFO - Accessing: https://doi.org/10.1201/9780429351495-5
2025-12-03 13:16:51,541 - INFO - Extracted 4807 characters from web
2025-12-03 13:16:51,542 - INFO - Web content extracted for wolfePrioritySpeciesSupport2020: 4807 chars
2025-12-03 13:16:51,543 - INFO - Accessing: https://doi.org/10.1186/s12885-020-07112-9
2025-12-03 13:16:54,128 - INFO - Extracted 201840 characters from web
2025-12-03 13:16:54,130 - INFO - Web content extracted for wollersheimDesignPROstateCancer2020: 8000 chars
2025-12-03 13:16:54,131 - INFO - Processed 500/544 entries
2025-12-03 13:16:54,131 - INFO - Accessing: https://doi.org/10.1136/bmjgh-2019-002152
2025-12-03 13:16:56,405 - INFO - Accessing: https://doi.org/10.1002/mde.3202
2025-12-03 13:16:58,613 - INFO - Accessing: https://doi.org/10.1016/j.biocon.2020.108698
2025-12-03 13:17:00,979 - INFO - Accessing: https://doi.org/10.1287/mnsc.2018.3281
2025-12-03 13:17:03,145 - INFO - Accessing: https://doi.org/10.3390/su12218758
2025-12-03 13:17:05,423 - INFO - Accessing: https://doi.org/10.1007/s11518-020-5471-3
2025-12-03 13:17:08,027 - INFO - Extracted 49896 characters from web
2025-12-03 13:17:08,027 - INFO - Web content extracted for wuOrderTimingManufacturers2020: 8000 chars
2025-12-03 13:17:08,029 - INFO - Accessing: https://doi.org/10.1061/(ASCE)NH.1527-6996.0000378
2025-12-03 13:17:10,272 - INFO - Accessing: https://doi.org/10.1177/1748006X19825706
2025-12-03 13:17:12,857 - INFO - Accessing: https://doi.org/10.1016/j.knosys.2019.105137
2025-12-03 13:17:15,230 - INFO - Accessing: https://doi.org/10.1007/s40815-019-00776-x
2025-12-03 13:17:18,802 - INFO - Extracted 58404 characters from web
2025-12-03 13:17:18,803 - INFO - Web content extracted for xiaoEvaluationModelIndustrial2020: 8000 chars
2025-12-03 13:17:18,804 - INFO - Accessing: https://doi.org/10.1016/j.omega.2019.02.001
2025-12-03 13:17:21,191 - INFO - Accessing: https://doi.org/10.1080/14737167.2019.1615886
2025-12-03 13:17:23,396 - INFO - Accessing: https://doi.org/10.1108/ECAM-11-2019-0640
2025-12-03 13:17:25,581 - INFO - Accessing: https://doi.org/10.1155/2020/7989386
2025-12-03 13:17:27,780 - INFO - Accessing: https://doi.org/10.1016/j.tre.2020.101870
2025-12-03 13:17:30,129 - INFO - Accessing: https://doi.org/10.3390/ijerph17093246
2025-12-03 13:17:32,280 - INFO - Accessing: https://doi.org/10.2139/ssrn.3544994
2025-12-03 13:17:34,668 - INFO - Accessing: https://doi.org/10.1111/cjag.12225
2025-12-03 13:17:36,881 - INFO - Accessing: https://doi.org/10.1108/IMDS-10-2019-0536
2025-12-03 13:17:39,133 - INFO - Accessing: https://doi.org/10.1155/2020/8874579
2025-12-03 13:17:41,272 - INFO - Processed 520/544 entries
2025-12-03 13:17:41,273 - INFO - Accessing: https://doi.org/10.1080/10429247.2020.1733380
2025-12-03 13:17:43,414 - INFO - Accessing: https://doi.org/10.1016/j.trc.2019.12.019
2025-12-03 13:17:45,778 - INFO - Accessing: https://doi.org/10.1371/journal.pone.0234213
2025-12-03 13:17:49,216 - INFO - Extracted 135735 characters from web
2025-12-03 13:17:49,217 - INFO - Web content extracted for yetEvidencebasedInvestmentSelection2020: 8000 chars
2025-12-03 13:17:49,218 - INFO - Accessing: https://doi.org/10.1016/j.socscimed.2020.113549
2025-12-03 13:17:51,538 - INFO - Accessing: https://doi.org/10.1111/poms.13186
2025-12-03 13:17:53,772 - INFO - Accessing: https://doi.org/10.1109/ACCESS.2020.2998178
2025-12-03 13:17:56,844 - INFO - Accessing: https://doi.org/10.1016/j.iref.2020.08.016
2025-12-03 13:17:59,145 - INFO - Accessing: https://doi.org/10.1111/bioe.12773
2025-12-03 13:18:01,418 - INFO - Accessing: https://doi.org/10.35912/amor.v1i3.440
2025-12-03 13:18:04,953 - WARNING - Some characters could not be decoded, and were replaced with REPLACEMENT CHARACTER.
2025-12-03 13:18:04,954 - INFO - Accessing: https://doi.org/10.3390/sym12010093
2025-12-03 13:18:07,108 - INFO - Accessing: https://doi.org/10.1177/0272989X19889356
2025-12-03 13:18:09,311 - INFO - Accessing: https://doi.org/10.1016/j.jval.2020.06.013
2025-12-03 13:18:11,674 - INFO - Accessing: https://doi.org/10.1111/mice.12525
2025-12-03 13:18:13,805 - INFO - Accessing: https://doi.org/10.1108/BFJ-08-2019-0637
2025-12-03 13:18:15,976 - INFO - Accessing: https://doi.org/10.1504/EJIM.2020.103830
2025-12-03 13:18:18,331 - INFO - Accessing: https://doi.org/10.1080/14735903.2020.1769808
2025-12-03 13:18:20,452 - INFO - Accessing: https://doi.org/10.3390/ijerph17197213
2025-12-03 13:18:22,581 - INFO - Accessing: https://doi.org/10.1108/IJLM-06-2019-0157
2025-12-03 13:18:24,734 - INFO - Accessing: https://doi.org/10.1016/j.im.2019.103259
2025-12-03 13:18:27,018 - INFO - Accessing: https://doi.org/10.1016/j.eswa.2019.113006
2025-12-03 13:18:29,316 - INFO - Processed 540/544 entries
2025-12-03 13:18:29,316 - INFO - Accessing: https://doi.org/10.1109/ACCESS.2020.2978943
2025-12-03 13:18:32,475 - INFO - Accessing: https://doi.org/10.1108/OIR-09-2019-0298
2025-12-03 13:18:34,627 - INFO - Accessing: https://doi.org/10.1016/j.enconman.2019.112340
2025-12-03 13:18:36,981 - INFO - Accessing: https://doi.org/10.3390/info11100477
2025-12-03 13:18:39,189 - INFO - Accessing: https://doi.org/10.1016/j.ejor.2019.11.067
2025-12-03 13:18:42,057 - INFO - Processing papers_2021.bib: 562 entries
2025-12-03 13:18:42,058 - INFO - Accessing: https://doi.org/10.36680/j.itcon.2021.052
2025-12-03 13:18:44,063 - INFO - Accessing: https://doi.org/10.1186/s13063-021-05661-3
2025-12-03 13:18:46,691 - INFO - Extracted 430827 characters from web
2025-12-03 13:18:46,692 - INFO - Web content extracted for abdel-fattahFemaleUrgencyTrial2021: 8000 chars
2025-12-03 13:18:46,693 - INFO - Accessing: https://doi.org/10.1108/MD-07-2019-1006
2025-12-03 13:18:48,811 - INFO - Accessing: https://doi.org/10.3389/fenvs.2021.715350
2025-12-03 13:18:51,725 - INFO - Extracted 523213 characters from web
2025-12-03 13:18:51,726 - INFO - Web content extracted for adamsWeCanBetter2021: 8000 chars
2025-12-03 13:18:51,728 - INFO - Accessing: https://doi.org/10.1109/TVCG.2020.3030375
2025-12-03 13:18:54,607 - INFO - Accessing: https://doi.org/10.1108/JIMA-04-2020-0095
2025-12-03 13:18:56,848 - INFO - Accessing: https://doi.org/10.1016/j.cose.2020.102131
2025-12-03 13:18:59,227 - INFO - Accessing: https://doi.org/10.1016/j.engappai.2021.104290
2025-12-03 13:19:01,583 - INFO - Accessing: https://doi.org/10.1108/JAMR-06-2020-0113
2025-12-03 13:19:03,798 - INFO - Accessing: https://doi.org/10.3389/fcosc.2021.683979
2025-12-03 13:19:06,312 - INFO - Extracted 160865 characters from web
2025-12-03 13:19:06,313 - INFO - Web content extracted for aguMappingTerraIncognita2021: 8000 chars
2025-12-03 13:19:06,314 - INFO - Accessing: https://doi.org/10.1108/JFRA-12-2019-0172
2025-12-03 13:19:08,496 - INFO - Accessing: https://doi.org/10.1115/1.4048743
2025-12-03 13:19:10,732 - INFO - Accessing: https://doi.org/10.1080/10790268.2021.1955205
2025-12-03 13:19:12,930 - INFO - Accessing: https://doi.org/10.3103/S0147688221040067
2025-12-03 13:19:15,643 - INFO - Extracted 164458 characters from web
2025-12-03 13:19:15,644 - INFO - Web content extracted for aleinikovRiskReflexityInformation2021: 8000 chars
2025-12-03 13:19:15,645 - INFO - Accessing: https://doi.org/10.1016/j.ijmedinf.2020.104362
2025-12-03 13:19:17,986 - INFO - Accessing: https://doi.org/10.1186/s12879-021-06633-3
2025-12-03 13:19:20,582 - INFO - Extracted 251064 characters from web
2025-12-03 13:19:20,583 - INFO - Web content extracted for alsdurfTuberculosisScreeningCosts2021: 8000 chars
2025-12-03 13:19:20,584 - INFO - Processed 20/562 entries
2025-12-03 13:19:20,584 - INFO - Accessing: https://doi.org/10.1108/REGE-12-2020-0154
2025-12-03 13:19:22,706 - INFO - Accessing: https://doi.org/10.1016/j.knosys.2021.107374
2025-12-03 13:19:25,059 - INFO - Accessing: https://doi.org/10.1016/j.engfailanal.2021.105539
2025-12-03 13:19:27,421 - INFO - Accessing: https://doi.org/10.1061/(ASCE)ME.1943-5479.0000925
2025-12-03 13:19:29,650 - INFO - Accessing: https://doi.org/10.1139/er-2020-0071
2025-12-03 13:19:31,880 - INFO - Accessing: https://doi.org/10.1016/j.autcon.2021.103692
2025-12-03 13:19:34,247 - INFO - Accessing: https://doi.org/10.1145/3465054
2025-12-03 13:19:36,421 - INFO - Accessing: https://doi.org/10.3982/TE4017
2025-12-03 13:19:39,054 - INFO - Accessing: https://doi.org/10.1016/j.agwat.2021.106904
2025-12-03 13:19:41,356 - INFO - Accessing: https://doi.org/10.4018/IJISSCM.2021100105
2025-12-03 13:19:43,591 - WARNING - Request failed for https://doi.org/10.4018/IJISSCM.2021100105: 429 Client Error: Too Many Requests for url: https://services.igi-global.com/resolvedoi/resolve.aspx?doi=10.4018/IJISSCM.2021100105
2025-12-03 13:19:43,593 - INFO - Accessing: https://doi.org/10.1208/s12248-021-00585-x
2025-12-03 13:19:46,257 - INFO - Extracted 68018 characters from web
2025-12-03 13:19:46,258 - INFO - Web content extracted for baiFDAIndustryScientificExchange2021: 8000 chars
2025-12-03 13:19:46,260 - INFO - Accessing: https://doi.org/10.1016/j.socscimed.2021.113830
2025-12-03 13:19:48,575 - INFO - Processed 40/562 entries
2025-12-03 13:19:48,575 - INFO - Accessing: https://doi.org/10.1016/j.jenvman.2021.113266
2025-12-03 13:19:50,843 - INFO - Accessing: https://doi.org/10.1111/csp2.246
2025-12-03 13:19:53,209 - INFO - Accessing: https://doi.org/10.1093/jcde/qwab007
2025-12-03 13:19:55,429 - INFO - Accessing: https://doi.org/10.1016/j.drugpo.2020.102726
2025-12-03 13:19:57,775 - INFO - Accessing: https://doi.org/10.1007/s10344-021-01538-7
2025-12-03 13:20:00,302 - INFO - Extracted 256456 characters from web
2025-12-03 13:20:00,303 - INFO - Web content extracted for barmoenTrustLargeCarnivore2021: 8000 chars
2025-12-03 13:20:00,305 - INFO - Accessing: https://doi.org/10.1080/17565529.2020.1745739
2025-12-03 13:20:02,527 - INFO - Accessing: https://doi.org/10.31389/jltc.84
2025-12-03 13:20:05,906 - INFO - Extracted 195207 characters from web
2025-12-03 13:20:05,907 - INFO - Web content extracted for bauerValueMoneySocial2021: 8000 chars
2025-12-03 13:20:05,908 - INFO - Accessing: https://doi.org/10.1016/j.actaastro.2020.08.028
2025-12-03 13:20:08,217 - INFO - Accessing: https://doi.org/10.1016/j.jclepro.2021.129544
2025-12-03 13:20:10,577 - INFO - Accessing: https://doi.org/10.1016/j.atech.2021.100016
2025-12-03 13:20:12,963 - INFO - Accessing: https://doi.org/10.1111/1475-679X.12390
2025-12-03 13:20:15,121 - INFO - Accessing: https://doi.org/10.1007/s11142-020-09579-0
2025-12-03 13:20:18,107 - INFO - Extracted 251820 characters from web
2025-12-03 13:20:18,107 - INFO - Web content extracted for bertomeuVoluntaryMandatoryDisclosure2021: 8000 chars
2025-12-03 13:20:18,108 - INFO - Accessing: https://doi.org/10.1108/JBIM-12-2019-0505
2025-12-03 13:20:20,219 - INFO - Accessing: https://doi.org/10.1287/stsc.2020.0121
2025-12-03 13:20:22,344 - INFO - Accessing: https://doi.org/10.1016/j.jbusres.2020.10.003
2025-12-03 13:20:24,716 - INFO - Accessing: https://doi.org/10.1016/j.marpolbul.2021.112664
2025-12-03 13:20:27,003 - INFO - Processed 60/562 entries
2025-12-03 13:20:27,004 - INFO - Accessing: https://doi.org/10.1002/2688-8319.12077
2025-12-03 13:20:29,159 - INFO - Accessing: https://doi.org/10.1016/j.ress.2021.107891
2025-12-03 13:20:31,520 - INFO - Accessing: https://doi.org/10.1016/j.cie.2021.107527
2025-12-03 13:20:33,873 - INFO - Accessing: https://doi.org/10.3310/HTA25370
2025-12-03 13:20:36,018 - INFO - Accessing: https://doi.org/10.7554/eLife.65540
2025-12-03 13:20:38,437 - WARNING - Request failed for https://doi.org/10.7554/eLife.65540: 406 Client Error: Not Acceptable for url: https://elifesciences.org/articles/65540
2025-12-03 13:20:38,438 - INFO - Accessing: https://doi.org/10.1016/j.jfs.2020.100836
2025-12-03 13:20:40,817 - INFO - Accessing: https://doi.org/10.3389/fevo.2021.639216
2025-12-03 13:20:43,568 - INFO - Extracted 230670 characters from web
2025-12-03 13:20:43,569 - INFO - Web content extracted for boothSavingLivesProtecting2021: 8000 chars
2025-12-03 13:20:43,570 - INFO - Accessing: https://doi.org/10.1016/j.cliser.2021.100231
2025-12-03 13:20:45,800 - INFO - Accessing: https://doi.org/10.1007/s10458-021-09527-5
2025-12-03 13:20:48,448 - INFO - Extracted 408194 characters from web
2025-12-03 13:20:48,449 - INFO - Web content extracted for bougieGoaldrivenActiveLearning2021: 8000 chars
2025-12-03 13:20:48,450 - INFO - Accessing: https://doi.org/10.1017/S0266462321000507
2025-12-03 13:20:52,246 - INFO - Extracted 60009 characters from web
2025-12-03 13:20:52,246 - INFO - Web content extracted for bouttellToolkitMethodsDevelopmentfocused2021: 8000 chars
2025-12-03 13:20:52,247 - INFO - Accessing: https://doi.org/10.1016/j.jval.2020.11.015
2025-12-03 13:20:54,467 - INFO - Accessing: https://doi.org/10.1111/1365-2664.13755
2025-12-03 13:20:56,659 - INFO - Accessing: https://doi.org/10.1111/cdoe.12570
2025-12-03 13:20:58,858 - INFO - Accessing: https://doi.org/10.1001/jamanetworkopen.2021.36652
2025-12-03 13:21:02,600 - INFO - Accessing: https://doi.org/10.1080/00207543.2020.1766720
2025-12-03 13:21:04,830 - INFO - Accessing: https://doi.org/10.1007/s10198-020-01228-2
2025-12-03 13:21:07,467 - INFO - Extracted 106835 characters from web
2025-12-03 13:21:07,467 - INFO - Web content extracted for buyukkaramikliMEAMEAMEA2021: 8000 chars
2025-12-03 13:21:07,469 - INFO - Processed 80/562 entries
2025-12-03 13:21:07,469 - INFO - Accessing: https://doi.org/10.1093/jnci/djab002
2025-12-03 13:21:09,629 - INFO - Accessing: https://doi.org/10.1016/j.petsci.2021.08.011
2025-12-03 13:21:12,226 - INFO - Accessing: https://doi.org/10.1016/j.jclepro.2021.129511
2025-12-03 13:21:14,598 - INFO - Accessing: https://doi.org/10.1016/j.artint.2021.103454
2025-12-03 13:21:16,993 - INFO - Accessing: https://doi.org/10.5430/ijba.v12n4p45
2025-12-03 13:21:20,673 - INFO - Extracted 2082 characters from web
2025-12-03 13:21:20,674 - INFO - Web content extracted for campraOrderingCosteffectivenessManagement2021: 2082 chars
2025-12-03 13:21:20,674 - INFO - Accessing: https://doi.org/10.1016/j.marpol.2021.104515
2025-12-03 13:21:23,045 - INFO - Accessing: https://doi.org/10.1016/j.ejor.2020.09.055
2025-12-03 13:21:25,426 - INFO - Accessing: https://doi.org/10.1177/0194599820948827
2025-12-03 13:21:27,786 - INFO - Accessing: https://doi.org/10.1111/2041-210X.13692
2025-12-03 13:21:29,999 - INFO - Accessing: https://doi.org/10.1111/1911-3846.12614
2025-12-03 13:21:32,218 - INFO - Accessing: https://doi.org/10.1111/isj.12311
2025-12-03 13:21:34,425 - INFO - Accessing: https://doi.org/10.1016/j.socscimed.2021.113926
2025-12-03 13:21:36,781 - INFO - Accessing: https://doi.org/10.1177/0095399720945969
2025-12-03 13:21:39,012 - INFO - Accessing: https://doi.org/10.1115/1.4047169
2025-12-03 13:21:41,148 - INFO - Accessing: https://doi.org/10.1016/j.autcon.2020.103423
2025-12-03 13:21:43,503 - INFO - Accessing: https://doi.org/10.3102/1076998620983908
2025-12-03 13:21:45,803 - INFO - Processed 100/562 entries
2025-12-03 13:21:45,803 - INFO - Accessing: https://doi.org/10.25300/MISQ/2021/14165
2025-12-03 13:21:48,247 - INFO - Accessing: https://doi.org/10.1016/j.jclepro.2021.128347
2025-12-03 13:21:50,637 - INFO - Accessing: https://doi.org/10.1016/j.dr.2021.100979
2025-12-03 13:21:52,993 - INFO - Accessing: https://doi.org/10.1561/113.00000032
2025-12-03 13:21:55,441 - INFO - Extracted 1149 characters from web
2025-12-03 13:21:55,442 - INFO - Web content extracted for clarkWhyArePandemics2021: 1149 chars
2025-12-03 13:21:55,442 - INFO - Accessing: https://doi.org/10.1080/08874417.2019.1566801
2025-12-03 13:21:57,645 - INFO - Accessing: https://doi.org/10.1017/S0266462321000374
2025-12-03 13:22:00,771 - INFO - Extracted 121670 characters from web
2025-12-03 13:22:00,772 - INFO - Web content extracted for coccoIntegratingEarlyEconomic2021: 8000 chars
2025-12-03 13:22:00,774 - INFO - Accessing: https://doi.org/10.1111/csp2.410
2025-12-03 13:22:02,818 - INFO - Accessing: https://doi.org/10.1016/j.wace.2021.100362
2025-12-03 13:22:05,174 - INFO - Accessing: https://doi.org/10.25225/jvb.21057
2025-12-03 13:22:07,748 - INFO - Accessing: https://doi.org/10.1007/s10584-021-03118-9
2025-12-03 13:22:10,483 - INFO - Extracted 287134 characters from web
2025-12-03 13:22:10,484 - INFO - Web content extracted for daronCommunicatingFutureClimate2021: 8000 chars
2025-12-03 13:22:10,485 - INFO - Accessing: https://doi.org/10.1007/s11356-021-14482-5
2025-12-03 13:22:13,007 - INFO - Extracted 113949 characters from web
2025-12-03 13:22:13,009 - INFO - Web content extracted for dashDiscussionExistingMethodology2021: 8000 chars
2025-12-03 13:22:13,010 - INFO - Accessing: https://doi.org/10.1007/s11356-021-13310-0
2025-12-03 13:22:15,769 - INFO - Extracted 81182 characters from web
2025-12-03 13:22:15,770 - INFO - Web content extracted for demirtasWhichRenewableEnergy2021: 8000 chars
2025-12-03 13:22:15,772 - INFO - Accessing: https://doi.org/10.7590/187479821X16254887670874
2025-12-03 13:22:19,633 - INFO - Extracted 4615 characters from web
2025-12-03 13:22:19,634 - INFO - Web content extracted for demkovaDecisionalValueInformation2021: 4615 chars
2025-12-03 13:22:19,635 - INFO - Accessing: https://doi.org/10.1016/j.knosys.2021.107447
2025-12-03 13:22:21,973 - INFO - Accessing: https://doi.org/10.1108/IJPDLM-04-2020-0120
2025-12-03 13:22:24,168 - INFO - Accessing: https://doi.org/10.1016/j.jclepro.2021.128254
2025-12-03 13:22:26,608 - INFO - Processed 120/562 entries
2025-12-03 13:22:26,609 - INFO - Accessing: https://doi.org/10.1287/msom.2020.0898
2025-12-03 13:22:28,880 - INFO - Accessing: https://doi.org/10.1016/j.resconrec.2020.105140
2025-12-03 13:22:31,249 - INFO - Accessing: https://doi.org/10.1061/(ASCE)WR.1943-5452.0001386
2025-12-03 13:22:33,369 - INFO - Accessing: https://doi.org/10.1016/j.omega.2020.102268
2025-12-03 13:22:35,744 - INFO - Accessing: https://doi.org/10.1016/j.trc.2021.103192
2025-12-03 13:22:38,131 - INFO - Accessing: https://doi.org/10.1007/s10669-021-09818-y
2025-12-03 13:22:40,857 - INFO - Extracted 94961 characters from web
2025-12-03 13:22:40,858 - INFO - Web content extracted for dormadyExperimentalInvestigationResilience2021: 8000 chars
2025-12-03 13:22:40,860 - INFO - Accessing: https://doi.org/10.1061/(ASCE)NH.1527-6996.0000415
2025-12-03 13:22:42,955 - INFO - Accessing: https://doi.org/10.1080/09537287.2020.1744042
2025-12-03 13:22:45,170 - INFO - Accessing: https://doi.org/10.1167/jov.21.11.7
2025-12-03 13:22:47,339 - INFO - Accessing: https://doi.org/10.1016/j.ejor.2020.09.052
2025-12-03 13:22:49,712 - INFO - Accessing: https://doi.org/10.1016/j.jglr.2020.06.022
2025-12-03 13:22:52,002 - INFO - Accessing: https://doi.org/10.1007/s10460-021-10244-8
2025-12-03 13:22:54,584 - INFO - Extracted 121212 characters from web
2025-12-03 13:22:54,584 - INFO - Web content extracted for duncanNewWhomDiscourses2021: 8000 chars
2025-12-03 13:22:54,586 - INFO - Accessing: https://doi.org/10.1002/ecs2.3306
2025-12-03 13:22:56,777 - INFO - Accessing: https://doi.org/10.1016/j.vaccine.2020.11.028
2025-12-03 13:22:59,467 - INFO - Accessing: https://doi.org/10.1016/j.jmsy.2020.12.014
2025-12-03 13:23:02,126 - INFO - Accessing: https://doi.org/10.1108/JFM-07-2020-0045
2025-12-03 13:23:04,392 - INFO - Accessing: https://doi.org/10.1007/s11053-020-09777-2
2025-12-03 13:23:06,981 - INFO - Extracted 341806 characters from web
2025-12-03 13:23:06,982 - INFO - Web content extracted for ellefmoApplicationSoftData2021: 8000 chars
2025-12-03 13:23:06,983 - INFO - Accessing: https://doi.org/10.3390/rs13152899
2025-12-03 13:23:09,130 - INFO - Processed 140/562 entries
2025-12-03 13:23:09,130 - INFO - Accessing: https://doi.org/10.1007/s40273-021-01074-x
2025-12-03 13:23:12,003 - INFO - Extracted 147289 characters from web
2025-12-03 13:23:12,004 - INFO - Web content extracted for engelConceptualisingBenefitsHealthin2021: 8000 chars
2025-12-03 13:23:12,005 - INFO - Accessing: https://doi.org/10.1136/jech-2020-214468
2025-12-03 13:23:14,224 - INFO - Accessing: https://doi.org/10.1007/978-3-030-69698-6_47
2025-12-03 13:23:17,172 - INFO - Extracted 65678 characters from web
2025-12-03 13:23:17,172 - INFO - Web content extracted for faddaOptimizationProblemsUncertainty2021: 8000 chars
2025-12-03 13:23:17,174 - INFO - Accessing: https://doi.org/10.1002/ece3.8394
2025-12-03 13:23:19,350 - INFO - Accessing: https://doi.org/10.1007/978-3-030-65702-4_9
2025-12-03 13:23:22,230 - INFO - Extracted 56285 characters from web
2025-12-03 13:23:22,230 - INFO - Web content extracted for fangAgriculturalDecisionMakingMethods2021: 8000 chars
2025-12-03 13:23:22,231 - INFO - Accessing: https://doi.org/10.1007/s11365-020-00644-3
2025-12-03 13:23:24,916 - INFO - Extracted 175343 characters from web
2025-12-03 13:23:24,918 - INFO - Web content extracted for fatmaDoesEntrepreneursPsychology2021: 8000 chars
2025-12-03 13:23:24,919 - INFO - Accessing: https://doi.org/10.1111/phpr.12691
2025-12-03 13:23:27,070 - INFO - Accessing: https://doi.org/10.1007/s12553-021-00580-4
2025-12-03 13:23:29,506 - INFO - Extracted 163170 characters from web
2025-12-03 13:23:29,507 - INFO - Web content extracted for federiciEarlyHealthTechnology2021: 8000 chars
2025-12-03 13:23:29,509 - INFO - Accessing: https://doi.org/10.1080/07421222.2021.1962599
2025-12-03 13:23:31,740 - INFO - Accessing: https://doi.org/10.1190/geo2020-0609.1
2025-12-03 13:23:35,162 - INFO - Accessing: https://doi.org/10.1177/0148558X20916337
2025-12-03 13:23:37,320 - INFO - Accessing: https://doi.org/10.1016/j.trc.2021.103436
2025-12-03 13:23:40,226 - INFO - Accessing: https://doi.org/10.1108/RBF-03-2019-0045
2025-12-03 13:23:42,417 - INFO - Accessing: https://doi.org/10.1016/j.jval.2020.12.018
2025-12-03 13:23:44,814 - INFO - Accessing: https://doi.org/10.1177/0194599820957288
2025-12-03 13:23:47,015 - INFO - Accessing: https://doi.org/10.1088/1748-9326/abdd58
2025-12-03 13:23:49,905 - INFO - Extracted 127589 characters from web
2025-12-03 13:23:49,906 - INFO - Web content extracted for fovargueSpatialPlanningWater2021: 8000 chars
2025-12-03 13:23:49,908 - INFO - Accessing: https://doi.org/10.33137/cpoj.v4i2.36364
2025-12-03 13:23:54,072 - INFO - Extracted 53695 characters from web
2025-12-03 13:23:54,074 - INFO - Web content extracted for frossardTrendsOpportunitiesHealth2021: 8000 chars
2025-12-03 13:23:54,075 - INFO - Processed 160/562 entries
2025-12-03 13:23:54,075 - INFO - Accessing: https://doi.org/10.3310/HTA25070
2025-12-03 13:23:56,261 - INFO - Accessing: https://doi.org/10.1016/j.asoc.2021.107154
2025-12-03 13:23:58,593 - INFO - Accessing: https://doi.org/10.1177/0272989X211012348
2025-12-03 13:24:00,804 - INFO - Accessing: https://doi.org/10.1016/j.aiopen.2021.06.002
2025-12-03 13:24:03,177 - INFO - Accessing: https://doi.org/10.1016/j.giq.2021.101591
2025-12-03 13:24:05,828 - INFO - Accessing: https://doi.org/10.1016/j.cie.2021.107744
2025-12-03 13:24:08,116 - INFO - Accessing: https://doi.org/10.1016/j.envint.2021.106680
2025-12-03 13:24:10,428 - INFO - Accessing: https://doi.org/10.1016/bs.hesind.2021.11.006
2025-12-03 13:24:13,759 - INFO - Accessing: https://doi.org/10.1017/S0305741020001216
2025-12-03 13:24:17,974 - INFO - Extracted 59214 characters from web
2025-12-03 13:24:17,974 - INFO - Web content extracted for ghiselliTurbulentSilkRoad2021: 8000 chars
2025-12-03 13:24:17,975 - INFO - Accessing: https://doi.org/10.1108/QRAM-01-2017-0003
2025-12-03 13:24:20,363 - INFO - Accessing: https://doi.org/10.1080/14737167.2021.1884546
2025-12-03 13:24:22,583 - INFO - Accessing: https://doi.org/10.1007/s11187-020-00332-0
2025-12-03 13:24:25,251 - INFO - Extracted 411524 characters from web
2025-12-03 13:24:25,253 - INFO - Web content extracted for goethnerCrowdinvestingEntrepreneurialProjects2021: 8000 chars
2025-12-03 13:24:25,254 - INFO - Accessing: https://doi.org/10.1038/s42003-021-02850-3
2025-12-03 13:24:27,770 - INFO - Extracted 474581 characters from web
2025-12-03 13:24:27,771 - INFO - Web content extracted for gohNeurocomputationalMechanismsUnderlying2021: 8000 chars
2025-12-03 13:24:27,772 - INFO - Accessing: https://doi.org/10.1016/j.tibtech.2020.08.011
2025-12-03 13:24:30,056 - INFO - Accessing: https://doi.org/10.1007/978-3-030-81123-5_7
2025-12-03 13:24:32,891 - INFO - Extracted 116185 characters from web
2025-12-03 13:24:32,892 - INFO - Web content extracted for golpiraOptimizationConstructionSupply2021: 8000 chars
2025-12-03 13:24:32,893 - INFO - Accessing: https://doi.org/10.1108/JAEE-02-2020-0025
2025-12-03 13:24:35,070 - INFO - Accessing: https://doi.org/10.1016/j.scitotenv.2021.146716
2025-12-03 13:24:37,458 - INFO - Accessing: https://doi.org/10.25115/eea.v38i4.3984
2025-12-03 13:24:40,390 - INFO - Extracted 18655 characters from web
2025-12-03 13:24:40,391 - INFO - Web content extracted for gontarevaValuationInformationResources2021: 8000 chars
2025-12-03 13:24:40,393 - INFO - Processed 180/562 entries
2025-12-03 13:24:40,393 - INFO - Accessing: https://doi.org/10.1016/j.ecolecon.2020.106880
2025-12-03 13:24:42,765 - INFO - Accessing: https://doi.org/10.1108/REGE-03-2020-0014
2025-12-03 13:24:45,004 - INFO - Accessing: https://doi.org/10.1177/0272989X21995805
2025-12-03 13:24:47,144 - INFO - Accessing: https://doi.org/10.1016/j.jval.2021.03.013
2025-12-03 13:24:49,492 - INFO - Accessing: https://doi.org/10.1007/s40273-021-01060-3
2025-12-03 13:24:51,997 - INFO - Extracted 237638 characters from web
2025-12-03 13:24:51,997 - INFO - Web content extracted for grimmStateARTTwo2021: 8000 chars
2025-12-03 13:24:51,998 - INFO - Accessing: https://doi.org/10.3389/fbloc.2021.506436
2025-12-03 13:24:54,983 - INFO - Extracted 383991 characters from web
2025-12-03 13:24:54,983 - INFO - Web content extracted for groschopfSmartContractsSustainable2021: 8000 chars
2025-12-03 13:24:54,985 - INFO - Accessing: https://doi.org/10.1016/j.cstp.2021.04.013
2025-12-03 13:24:57,275 - INFO - Accessing: https://doi.org/10.1111/jgh.15483
2025-12-03 13:24:59,429 - INFO - Accessing: https://doi.org/10.1108/ICS-02-2020-0028
2025-12-03 13:25:01,583 - INFO - Accessing: https://doi.org/10.1007/s11356-020-10475-y
2025-12-03 13:25:04,207 - INFO - Extracted 59976 characters from web
2025-12-03 13:25:04,208 - INFO - Web content extracted for haghighatMultiobjectiveConflictResolution2021: 8000 chars
2025-12-03 13:25:04,209 - INFO - Accessing: https://doi.org/10.1097/j.pain.0000000000002057
2025-12-03 13:25:06,429 - INFO - Accessing: https://doi.org/10.1108/IJBM-03-2021-0082
2025-12-03 13:25:08,670 - INFO - Accessing: https://doi.org/10.14704/WEB/V18SI03/WEB18041
2025-12-03 13:25:11,036 - INFO - Accessing: https://doi.org/10.1016/j.aei.2021.101444
2025-12-03 13:25:13,635 - INFO - Accessing: https://doi.org/10.1111/risa.13720
2025-12-03 13:25:15,869 - INFO - Processed 200/562 entries
2025-12-03 13:25:15,869 - INFO - Accessing: https://doi.org/10.1016/j.jsurg.2020.12.009
2025-12-03 13:25:18,165 - INFO - Accessing: https://doi.org/10.1371/journal.pcbi.1009129
2025-12-03 13:25:22,616 - INFO - Extracted 247811 characters from web
2025-12-03 13:25:22,617 - INFO - Web content extracted for hashemiInfluencePriorInformation2021: 8000 chars
2025-12-03 13:25:22,618 - INFO - Accessing: https://doi.org/10.1108/MD-12-2018-1392
2025-12-03 13:25:24,801 - INFO - Accessing: https://doi.org/10.1007/978-3-030-80100-7_12
2025-12-03 13:25:27,450 - INFO - Extracted 43315 characters from web
2025-12-03 13:25:27,450 - INFO - Web content extracted for haysHealthEconomicsPersonalized2021: 8000 chars
2025-12-03 13:25:27,452 - INFO - Accessing: https://doi.org/10.1007/s10654-021-00761-5
2025-12-03 13:25:29,900 - INFO - Extracted 217998 characters from web
2025-12-03 13:25:29,901 - INFO - Web content extracted for heathPrioritisationDesignClinical2021a: 8000 chars
2025-12-03 13:25:29,902 - INFO - Accessing: https://doi.org/10.1109/ACCESS.2021.3127548
2025-12-03 13:25:33,091 - INFO - Accessing: https://doi.org/10.1002/psp4.12579
2025-12-03 13:25:35,441 - INFO - Accessing: https://doi.org/10.1049/sfw2.12007
2025-12-03 13:25:37,652 - INFO - Accessing: https://doi.org/10.1108/APJML-05-2020-0342
2025-12-03 13:25:39,905 - INFO - Accessing: https://doi.org/10.1016/j.omega.2021.102501
2025-12-03 13:25:42,289 - INFO - Accessing: https://doi.org/10.1136/bmjopen-2021-051702
2025-12-03 13:25:44,542 - INFO - Accessing: https://doi.org/10.1115/1.4047346
2025-12-03 13:25:46,756 - INFO - Accessing: https://doi.org/10.3390/sym13071191
2025-12-03 13:25:48,986 - INFO - Accessing: https://doi.org/10.1016/j.jsis.2021.101695
2025-12-03 13:25:51,281 - INFO - Accessing: https://doi.org/10.1111/deci.12448
2025-12-03 13:25:53,593 - INFO - Accessing: https://doi.org/10.1177/02663821211055321
2025-12-03 13:25:55,819 - INFO - Accessing: https://doi.org/10.1108/EJIM-06-2019-0144
2025-12-03 13:25:58,053 - INFO - Accessing: https://doi.org/10.1016/j.ejor.2019.08.032
2025-12-03 13:26:00,437 - INFO - Processed 220/562 entries
2025-12-03 13:26:00,438 - INFO - Accessing: https://doi.org/10.1002/sim.9195
2025-12-03 13:26:02,651 - INFO - Accessing: https://doi.org/10.1515/em-2021-0012
2025-12-03 13:26:05,461 - INFO - Extracted 260877 characters from web
2025-12-03 13:26:05,462 - INFO - Web content extracted for jacksonGuideValueInformation2021: 8000 chars
2025-12-03 13:26:05,463 - INFO - Accessing: https://doi.org/10.1186/s12882-021-02610-9
2025-12-03 13:26:08,084 - INFO - Extracted 212897 characters from web
2025-12-03 13:26:08,085 - INFO - Web content extracted for jacobsenCosteffectivenessValueInformation2021: 8000 chars
2025-12-03 13:26:08,086 - INFO - Accessing: https://doi.org/10.1186/s12962-021-00276-6
2025-12-03 13:26:10,777 - INFO - Extracted 196089 characters from web
2025-12-03 13:26:10,777 - INFO - Web content extracted for jacobsenCosteffectivenessValueInformation2021b: 8000 chars
2025-12-03 13:26:10,779 - INFO - Accessing: https://doi.org/10.4018/IJCAC.2021100105
2025-12-03 13:26:12,861 - WARNING - Request failed for https://doi.org/10.4018/IJCAC.2021100105: 429 Client Error: Too Many Requests for url: http://services.igi-global.com/resolvedoi/resolve.aspx?doi=10.4018/IJCAC.2021100105
2025-12-03 13:26:12,861 - INFO - Accessing: https://doi.org/10.1108/JSOCM-10-2020-0206
2025-12-03 13:26:15,127 - INFO - Accessing: https://doi.org/10.1016/j.respol.2021.104225
2025-12-03 13:26:17,431 - INFO - Accessing: https://doi.org/10.1016/j.pdisas.2021.100202
2025-12-03 13:26:19,842 - INFO - Accessing: https://doi.org/10.1177/0022243720977830
2025-12-03 13:26:21,987 - INFO - Accessing: https://doi.org/10.1016/j.scitotenv.2021.146913
2025-12-03 13:26:24,314 - INFO - Accessing: https://doi.org/10.1016/j.ress.2020.107339
2025-12-03 13:26:26,601 - INFO - Accessing: https://doi.org/10.1007/s10640-021-00574-w
2025-12-03 13:26:29,253 - INFO - Extracted 295099 characters from web
2025-12-03 13:26:29,254 - INFO - Web content extracted for johnstonGuidanceEnhanceValidity2021: 8000 chars
2025-12-03 13:26:29,255 - INFO - Accessing: https://doi.org/10.1111/1754-9485.13311
2025-12-03 13:26:31,308 - INFO - Accessing: https://doi.org/10.1038/s41598-021-96336-1
2025-12-03 13:26:33,723 - INFO - Extracted 286642 characters from web
2025-12-03 13:26:33,724 - INFO - Web content extracted for jonesQuantifyingValueOnfarm2021: 8000 chars
2025-12-03 13:26:33,725 - INFO - Accessing: https://doi.org/10.1158/1055-9965.EPI-21-0078
2025-12-03 13:26:35,826 - INFO - Accessing: https://doi.org/10.1002/ieam.4332
2025-12-03 13:26:37,969 - INFO - Accessing: https://doi.org/10.1016/j.pec.2021.01.034
2025-12-03 13:26:40,261 - INFO - Accessing: https://doi.org/10.1186/s12544-021-00512-3
2025-12-03 13:26:42,978 - INFO - Extracted 493482 characters from web
2025-12-03 13:26:42,979 - INFO - Web content extracted for karamHorizontalCollaborationFreight2021: 8000 chars
2025-12-03 13:26:42,980 - INFO - Processed 240/562 entries
2025-12-03 13:26:42,980 - INFO - Accessing: https://doi.org/10.1371/journal.pntd.0009523
2025-12-03 13:26:46,596 - INFO - Extracted 104492 characters from web
2025-12-03 13:26:46,598 - INFO - Web content extracted for kasparisImprovingTimelinessNeglected2021: 8000 chars
2025-12-03 13:26:46,599 - INFO - Accessing: https://doi.org/10.1287/mnsc.2020.3599
2025-12-03 13:26:48,722 - INFO - Accessing: https://doi.org/10.1007/s11301-020-00181-x
2025-12-03 13:26:51,331 - INFO - Extracted 98461 characters from web
2025-12-03 13:26:51,332 - INFO - Web content extracted for kedingUnderstandingInterplayArtificial2021: 8000 chars
2025-12-03 13:26:51,333 - INFO - Accessing: https://doi.org/10.1007/s10479-019-03431-8
2025-12-03 13:26:54,223 - INFO - Extracted 194903 characters from web
2025-12-03 13:26:54,224 - INFO - Web content extracted for keithSurveyDecisionMaking2021: 8000 chars
2025-12-03 13:26:54,225 - INFO - Accessing: https://doi.org/10.1111/poms.13487
2025-12-03 13:26:56,305 - INFO - Accessing: https://doi.org/10.1016/j.jsis.2021.101681
2025-12-03 13:26:58,742 - INFO - Accessing: https://doi.org/10.22434/IFAMR2020.0158
2025-12-03 13:27:01,069 - WARNING - Some characters could not be decoded, and were replaced with REPLACEMENT CHARACTER.
2025-12-03 13:27:01,070 - INFO - Accessing: https://doi.org/10.1016/j.matdes.2021.110001
2025-12-03 13:27:03,389 - INFO - Accessing: https://doi.org/10.1007/s40273-021-01022-9
2025-12-03 13:27:06,068 - INFO - Extracted 89310 characters from web
2025-12-03 13:27:06,069 - INFO - Web content extracted for kimCosteffectivenessAnalysisAfatinib2021: 8000 chars
2025-12-03 13:27:06,070 - INFO - Accessing: https://doi.org/10.1007/s40258-021-00640-w
2025-12-03 13:27:08,623 - INFO - Extracted 61732 characters from web
2025-12-03 13:27:08,624 - INFO - Web content extracted for kimCostEffectivenessValueInformation2021: 8000 chars
2025-12-03 13:27:08,625 - INFO - Accessing: https://doi.org/10.1016/j.cie.2021.107710
2025-12-03 13:27:10,960 - INFO - Accessing: https://doi.org/10.2308/HORIZONS-19-182
2025-12-03 13:27:13,370 - INFO - Accessing: https://doi.org/10.1016/j.jval.2020.08.2099
2025-12-03 13:27:15,655 - INFO - Accessing: https://doi.org/10.1089/aivt.2021.0003
2025-12-03 13:27:17,827 - INFO - Accessing: https://doi.org/10.1057/s41599-020-00702-9
2025-12-03 13:27:20,662 - INFO - Extracted 319418 characters from web
2025-12-03 13:27:20,664 - INFO - Web content extracted for komendantovaValuedrivenApproachAddressing2021: 8000 chars
2025-12-03 13:27:20,665 - INFO - Accessing: https://doi.org/10.1002/bse.2745
2025-12-03 13:27:22,826 - INFO - Accessing: https://doi.org/10.1016/j.fishres.2020.105871
2025-12-03 13:27:25,185 - INFO - Processed 260/562 entries
2025-12-03 13:27:25,186 - INFO - Accessing: https://doi.org/10.1017/bca.2020.28
2025-12-03 13:27:28,569 - INFO - Extracted 63573 characters from web
2025-12-03 13:27:28,570 - INFO - Web content extracted for krutillaAddressingFundamentalUncertainty2021: 8000 chars
2025-12-03 13:27:28,571 - INFO - Accessing: https://doi.org/10.1080/1528008X.2020.1769522
2025-12-03 13:27:30,705 - INFO - Accessing: https://doi.org/10.1016/j.ijinfomgt.2020.102266
2025-12-03 13:27:33,072 - INFO - Accessing: https://doi.org/10.1108/LM-06-2021-0052
2025-12-03 13:27:35,396 - INFO - Accessing: https://doi.org/10.1016/j.artmed.2021.102108
2025-12-03 13:27:37,780 - INFO - Accessing: https://doi.org/10.1016/j.biocon.2021.109227
2025-12-03 13:27:40,078 - INFO - Accessing: https://doi.org/10.1016/j.telpol.2021.102201
2025-12-03 13:27:42,391 - INFO - Accessing: https://doi.org/10.1016/j.energy.2020.119290
2025-12-03 13:27:44,771 - INFO - Accessing: https://doi.org/10.1371/journal.pone.0260159
2025-12-03 13:27:48,877 - INFO - Extracted 140180 characters from web
2025-12-03 13:27:48,878 - INFO - Web content extracted for lawHeuristicsSustainableHarvest2021: 8000 chars
2025-12-03 13:27:48,879 - INFO - Accessing: https://doi.org/10.1016/j.trc.2021.103258
2025-12-03 13:27:51,063 - INFO - Accessing: https://doi.org/10.1007/s10606-021-09392-6
2025-12-03 13:27:55,484 - INFO - Extracted 532815 characters from web
2025-12-03 13:27:55,486 - INFO - Web content extracted for leeBrokerbotCryptocurrencyChatbot2021: 8000 chars
2025-12-03 13:27:55,487 - INFO - Accessing: https://doi.org/10.1108/IMDS-07-2020-0425
2025-12-03 13:27:57,653 - INFO - Accessing: https://doi.org/10.1108/IJPHM-06-2020-0046
2025-12-03 13:27:59,865 - INFO - Accessing: https://doi.org/10.1016/j.cie.2021.107197
2025-12-03 13:28:02,249 - INFO - Accessing: https://doi.org/10.1093/aler/ahaa011
2025-12-03 13:28:04,449 - INFO - Accessing: https://doi.org/10.1002/9781119636113.ch6
2025-12-03 13:28:06,662 - INFO - Accessing: https://doi.org/10.1016/j.im.2021.103432
2025-12-03 13:28:09,058 - INFO - Processed 280/562 entries
2025-12-03 13:28:09,058 - INFO - Accessing: https://doi.org/10.1159/000507890
2025-12-03 13:28:11,263 - INFO - Accessing: https://doi.org/10.1155/2021/5592325
2025-12-03 13:28:13,514 - INFO - Accessing: https://doi.org/10.1093/oxfordhb/9780198845973.013.12
2025-12-03 13:28:15,741 - INFO - Accessing: https://doi.org/10.1016/j.autcon.2021.103955
2025-12-03 13:28:18,089 - INFO - Accessing: https://doi.org/10.1016/j.ejor.2020.12.015
2025-12-03 13:28:20,459 - INFO - Accessing: https://doi.org/10.1016/j.ins.2021.08.026
2025-12-03 13:28:22,802 - INFO - Accessing: https://doi.org/10.1108/IMDS-01-2020-0025
2025-12-03 13:28:25,050 - INFO - Accessing: https://doi.org/10.1080/0951192X.2020.1858498
2025-12-03 13:28:27,263 - INFO - Accessing: https://doi.org/10.1016/j.ribaf.2021.101389
2025-12-03 13:28:29,712 - INFO - Accessing: https://doi.org/10.1016/j.accinf.2021.100522
2025-12-03 13:28:32,070 - INFO - Accessing: https://doi.org/10.1108/JBIM-04-2019-0154
2025-12-03 13:28:34,302 - INFO - Accessing: https://doi.org/10.15609/ANNAECONSTAT2009.143.0001
2025-12-03 13:28:36,652 - INFO - Accessing: https://doi.org/10.1016/j.jbusres.2019.10.036
2025-12-03 13:28:38,950 - INFO - Accessing: https://doi.org/10.1080/13675567.2020.1758643
2025-12-03 13:28:41,140 - INFO - Accessing: https://doi.org/10.1108/APJML-02-2020-0081
2025-12-03 13:28:43,291 - INFO - Accessing: https://doi.org/10.1063/5.0048063
2025-12-03 13:28:45,457 - INFO - Processed 300/562 entries
2025-12-03 13:28:45,457 - INFO - Accessing: https://doi.org/10.1146/annurev-control-072220-093055
2025-12-03 13:28:47,711 - INFO - Accessing: https://doi.org/10.1111/1365-2664.13904
2025-12-03 13:28:50,000 - INFO - Accessing: https://doi.org/10.1111/bcp.14275
2025-12-03 13:28:52,233 - INFO - Accessing: https://doi.org/10.1007/s11229-020-02821-x
2025-12-03 13:28:54,837 - INFO - Extracted 480754 characters from web
2025-12-03 13:28:54,839 - INFO - Web content extracted for lloydAnalysisDisagreementAdded2021: 8000 chars
2025-12-03 13:28:54,840 - INFO - Accessing: https://doi.org/10.1177/1748006X21991038
2025-12-03 13:28:56,905 - INFO - Accessing: https://doi.org/10.1080/15332861.2021.1875766
2025-12-03 13:28:59,114 - INFO - Accessing: https://doi.org/10.1155/2021/8956704
2025-12-03 13:29:01,274 - INFO - Accessing: https://doi.org/10.1016/j.marpolbul.2021.112614
2025-12-03 13:29:04,161 - INFO - Accessing: https://doi.org/10.1016/j.crm.2021.100375
2025-12-03 13:29:06,536 - INFO - Accessing: https://doi.org/10.1016/j.artint.2020.103400
2025-12-03 13:29:08,918 - INFO - Accessing: https://doi.org/10.1080/10686967.2021.1920869
2025-12-03 13:29:11,131 - INFO - Accessing: https://doi.org/10.1016/j.ress.2021.107536
2025-12-03 13:29:13,545 - INFO - Accessing: https://doi.org/10.1108/ITP-12-2018-0560
2025-12-03 13:29:15,810 - INFO - Accessing: https://doi.org/10.36253/rea-13115
2025-12-03 13:29:19,159 - INFO - Extracted 9260 characters from web
2025-12-03 13:29:19,160 - INFO - Web content extracted for marangonConsumersAcceptanceGenome2021: 8000 chars
2025-12-03 13:29:19,162 - INFO - Accessing: https://doi.org/10.3390/app112311415
2025-12-03 13:29:21,353 - INFO - Accessing: https://doi.org/10.1016/j.cie.2021.107727
2025-12-03 13:29:23,731 - INFO - Accessing: https://doi.org/10.1061/(ASCE)NH.1527-6996.0000514
2025-12-03 13:29:25,959 - INFO - Accessing: https://doi.org/10.1186/s12962-021-00291-7
2025-12-03 13:29:28,559 - INFO - Extracted 188094 characters from web
2025-12-03 13:29:28,560 - INFO - Web content extracted for martinCosteffectivenessAnalysisOral2021: 8000 chars
2025-12-03 13:29:28,561 - INFO - Processed 320/562 entries
2025-12-03 13:29:28,561 - INFO - Accessing: https://doi.org/10.1007/s40171-021-00281-x
2025-12-03 13:29:31,218 - INFO - Extracted 421011 characters from web
2025-12-03 13:29:31,219 - INFO - Web content extracted for masudinEffectTraceabilitySystem2021: 8000 chars
2025-12-03 13:29:31,220 - INFO - Accessing: https://doi.org/10.1007/978-3-030-63539-8_9
2025-12-03 13:29:33,939 - INFO - Extracted 105704 characters from web
2025-12-03 13:29:33,940 - INFO - Web content extracted for maxwellDecisionMakingGoing2021: 8000 chars
2025-12-03 13:29:33,941 - INFO - Accessing: https://doi.org/10.1111/risa.13332
2025-12-03 13:29:36,086 - INFO - Accessing: https://doi.org/10.1007/s11837-020-04434-8
2025-12-03 13:29:38,673 - INFO - Extracted 267622 characters from web
2025-12-03 13:29:38,674 - INFO - Web content extracted for mcdowellGapsBarriersSuccessful2021: 8000 chars
2025-12-03 13:29:38,675 - INFO - Accessing: https://doi.org/10.1016/j.oregeorev.2021.104098
2025-12-03 13:29:41,235 - INFO - Accessing: https://doi.org/10.1177/1748006X20987404
2025-12-03 13:29:43,699 - INFO - Accessing: https://doi.org/10.1016/j.tsc.2021.100927
2025-12-03 13:29:46,064 - INFO - Accessing: https://doi.org/10.1016/j.econmod.2021.105653
2025-12-03 13:29:48,448 - INFO - Accessing: https://doi.org/10.1016/j.im.2021.103434
2025-12-03 13:29:50,837 - INFO - Accessing: https://doi.org/10.1016/j.rcim.2020.102001
2025-12-03 13:29:53,214 - INFO - Accessing: https://doi.org/10.1111/cobi.13748
2025-12-03 13:29:55,448 - INFO - Accessing: https://doi.org/10.1016/j.envsoft.2021.105034
2025-12-03 13:29:57,812 - INFO - Accessing: https://doi.org/10.1016/j.autcon.2021.103859
2025-12-03 13:30:03,231 - INFO - Accessing: https://doi.org/10.1007/s10596-021-10084-9
2025-12-03 13:30:05,775 - INFO - Extracted 56300 characters from web
2025-12-03 13:30:05,775 - INFO - Web content extracted for morosovProbabilityElicitationUsing2021: 8000 chars
2025-12-03 13:30:05,776 - INFO - Accessing: https://doi.org/10.1093/jamia/ocaa294
2025-12-03 13:30:08,012 - INFO - Processed 340/562 entries
2025-12-03 13:30:08,012 - INFO - Accessing: https://doi.org/10.1016/j.jobe.2021.102348
2025-12-03 13:30:10,651 - INFO - Accessing: https://doi.org/10.1111/csp2.370
2025-12-03 13:30:12,794 - INFO - Accessing: https://doi.org/10.3233/JAD-200993
2025-12-03 13:30:14,965 - INFO - Accessing: https://doi.org/10.1016/j.measurement.2021.109369
2025-12-03 13:30:17,340 - INFO - Accessing: https://doi.org/10.2514/1.I010832
2025-12-03 13:30:19,578 - INFO - Accessing: https://doi.org/10.1016/j.patcog.2021.108168
2025-12-03 13:30:21,880 - INFO - Accessing: https://doi.org/10.1134/S1054661821040179
2025-12-03 13:30:24,516 - INFO - Extracted 51998 characters from web
2025-12-03 13:30:24,516 - INFO - Web content extracted for murashovInformationModelDigital2021: 8000 chars
2025-12-03 13:30:24,518 - INFO - Accessing: https://doi.org/10.1111/csp2.551
2025-12-03 13:30:26,630 - INFO - Accessing: https://doi.org/10.1016/j.ijrobp.2021.05.110
2025-12-03 13:30:28,954 - INFO - Accessing: https://doi.org/10.1016/j.ecoinf.2021.101444
2025-12-03 13:30:31,276 - INFO - Accessing: https://doi.org/10.1080/14445921.2021.1964196
2025-12-03 13:30:33,476 - INFO - Accessing: https://doi.org/10.1016/j.omega.2019.102121
2025-12-03 13:30:35,818 - INFO - Accessing: https://doi.org/10.1007/s00267-020-01395-1
2025-12-03 13:30:38,445 - INFO - Extracted 76896 characters from web
2025-12-03 13:30:38,446 - INFO - Web content extracted for nicolEvaluatingEcologicalBenefits2021: 8000 chars
2025-12-03 13:30:38,447 - INFO - Accessing: https://doi.org/10.1016/j.ecolmodel.2020.109396
2025-12-03 13:30:40,773 - INFO - Accessing: https://doi.org/10.1016/j.compind.2021.103481
2025-12-03 13:30:43,173 - INFO - Accessing: https://doi.org/10.1016/j.neubiorev.2020.10.022
2025-12-03 13:30:45,480 - INFO - Accessing: https://doi.org/10.1080/00207543.2020.1725171
2025-12-03 13:30:47,675 - INFO - Processed 360/562 entries
2025-12-03 13:30:47,675 - INFO - Accessing: https://doi.org/10.1504/IJICBM.2021.119858
2025-12-03 13:30:50,045 - INFO - Accessing: https://doi.org/10.1097/PTS.0000000000000410
2025-12-03 13:30:52,237 - INFO - Accessing: https://doi.org/10.1007/s40258-021-00661-5
2025-12-03 13:30:54,936 - INFO - Extracted 225181 characters from web
2025-12-03 13:30:54,937 - INFO - Web content extracted for painterAvoidingTroubleAhead2021: 8000 chars
2025-12-03 13:30:54,938 - INFO - Accessing: https://doi.org/10.1108/ITP-01-2019-0008
2025-12-03 13:30:57,143 - INFO - Accessing: https://doi.org/10.1016/j.autcon.2021.103564
2025-12-03 13:30:59,538 - INFO - Accessing: https://doi.org/10.1504/IJTTC.2021.120199
2025-12-03 13:31:02,001 - INFO - Accessing: https://doi.org/10.1007/s40622-020-00266-2
2025-12-03 13:31:04,971 - INFO - Extracted 83141 characters from web
2025-12-03 13:31:04,971 - INFO - Web content extracted for parikhManagingJobApplications2021: 8000 chars
2025-12-03 13:31:04,972 - INFO - Accessing: https://doi.org/10.1016/j.jbusres.2021.08.014
2025-12-03 13:31:07,238 - INFO - Accessing: https://doi.org/10.1016/j.jenvman.2020.111520
2025-12-03 13:31:09,622 - INFO - Accessing: https://doi.org/10.1136/bmjopen-2021-048811
2025-12-03 13:31:11,788 - INFO - Accessing: https://doi.org/10.1007/978-3-030-65117-6_29
2025-12-03 13:31:14,488 - INFO - Extracted 54967 characters from web
2025-12-03 13:31:14,488 - INFO - Web content extracted for pengTrustBuildingCredit2021: 8000 chars
2025-12-03 13:31:14,490 - INFO - Accessing: https://doi.org/10.21107/agrointek.v15i3.9306
2025-12-03 13:31:20,078 - INFO - Extracted 7622 characters from web
2025-12-03 13:31:20,078 - INFO - Web content extracted for perdanaSupplyChainUncertainty2021: 7622 chars
2025-12-03 13:31:20,080 - INFO - Accessing: https://doi.org/10.1016/j.jval.2021.01.004
2025-12-03 13:31:22,432 - INFO - Accessing: https://doi.org/10.1007/978-3-030-74051-1_6
2025-12-03 13:31:25,250 - INFO - Extracted 114263 characters from web
2025-12-03 13:31:25,251 - INFO - Web content extracted for pino-mejiasSurveyMethodsRanking2021: 8000 chars
2025-12-03 13:31:25,252 - INFO - Accessing: https://doi.org/10.1108/JBIM-02-2020-0095
2025-12-03 13:31:27,359 - INFO - Accessing: https://doi.org/10.1007/s10640-021-00598-2
2025-12-03 13:31:30,061 - INFO - Extracted 156355 characters from web
2025-12-03 13:31:30,062 - INFO - Web content extracted for puntSeismicShiftsRegulations2021: 8000 chars
2025-12-03 13:31:30,063 - INFO - Processed 380/562 entries
2025-12-03 13:31:30,063 - INFO - Accessing: https://doi.org/10.5267/j.msl.2021.1.021
2025-12-03 13:31:33,329 - INFO - Accessing: https://doi.org/10.1016/j.energy.2021.120779
2025-12-03 13:31:35,716 - INFO - Accessing: https://doi.org/10.1002/ieam.4355
2025-12-03 13:31:37,952 - INFO - Accessing: https://doi.org/10.1108/TR-11-2020-0542
2025-12-03 13:31:40,135 - INFO - Accessing: https://doi.org/10.1108/BFJ-10-2020-0921
2025-12-03 13:31:42,362 - INFO - Accessing: https://doi.org/10.52650/ejcsit.v7i1.110
2025-12-03 13:32:02,870 - WARNING - Request failed for https://doi.org/10.52650/ejcsit.v7i1.110: HTTPConnectionPool(host='ejcsit.uniten.edu.my', port=80): Max retries exceeded with url: /index.php/ejcsit/article/view/110 (Caused by ConnectTimeoutError(<urllib3.connection.HTTPConnection object at 0x104a3b570>, 'Connection to ejcsit.uniten.edu.my timed out. (connect timeout=15)'))
2025-12-03 13:32:02,871 - INFO - Accessing: https://doi.org/10.1016/j.future.2021.05.033
2025-12-03 13:32:03,254 - INFO - Accessing: https://doi.org/10.2166/ws.2020.333
2025-12-03 13:32:05,504 - INFO - Accessing: https://doi.org/10.1108/BL-11-2020-0071
2025-12-03 13:32:07,882 - INFO - Accessing: https://doi.org/10.1016/j.envsoft.2020.104954
2025-12-03 13:32:10,295 - INFO - Accessing: https://doi.org/10.1186/s13012-020-01068-x
2025-12-03 13:32:12,972 - INFO - Extracted 265600 characters from web
2025-12-03 13:32:12,973 - INFO - Web content extracted for reevesEconomicEvaluationWebbased2021: 8000 chars
2025-12-03 13:32:12,975 - INFO - Accessing: https://doi.org/10.1016/j.ress.2021.107756
2025-12-03 13:32:15,311 - INFO - Accessing: https://doi.org/10.1002/eap.2306
2025-12-03 13:32:17,565 - INFO - Accessing: https://doi.org/10.1007/s10901-020-09815-8
2025-12-03 13:32:20,343 - INFO - Extracted 128851 characters from web
2025-12-03 13:32:20,343 - INFO - Web content extracted for renigier-bilozorGeneticAlgorithmApplication2021: 8000 chars
2025-12-03 13:32:20,344 - INFO - Accessing: https://doi.org/10.1108/IJCHM-12-2020-1480
2025-12-03 13:32:22,539 - INFO - Accessing: https://doi.org/10.1016/j.lrp.2020.101997
2025-12-03 13:32:24,855 - INFO - Accessing: https://doi.org/10.1016/j.jglr.2020.11.003
2025-12-03 13:32:27,286 - INFO - Processed 400/562 entries
2025-12-03 13:32:27,286 - INFO - Accessing: https://doi.org/10.1016/j.jglr.2020.03.018
2025-12-03 13:32:29,570 - INFO - Accessing: https://doi.org/10.1016/j.agsy.2020.103031
2025-12-03 13:32:31,855 - INFO - Accessing: https://doi.org/10.1016/j.euf.2019.09.002
2025-12-03 13:32:34,223 - INFO - Accessing: https://doi.org/10.1111/cobi.13699
2025-12-03 13:32:36,428 - INFO - Accessing: https://doi.org/10.1504/IJBIS.2021.117001
2025-12-03 13:32:38,676 - INFO - Accessing: https://doi.org/10.3390/en14154679
2025-12-03 13:32:40,823 - INFO - Accessing: https://doi.org/10.1016/j.scitotenv.2021.145122
2025-12-03 13:32:43,207 - INFO - Accessing: https://doi.org/10.1051/ro/2021038
2025-12-03 13:32:47,286 - INFO - Extracted 6606 characters from web
2025-12-03 13:32:47,287 - INFO - Web content extracted for safraBeneficialEffectInformation2021: 6606 chars
2025-12-03 13:32:47,288 - INFO - Accessing: https://doi.org/10.1007/s10113-021-01809-8
2025-12-03 13:32:49,933 - INFO - Extracted 123707 characters from web
2025-12-03 13:32:49,934 - INFO - Web content extracted for sahinAssessingHowEcosystembased2021: 8000 chars
2025-12-03 13:32:49,935 - INFO - Accessing: https://doi.org/10.1038/s41598-021-90405-1
2025-12-03 13:32:52,297 - INFO - Extracted 257075 characters from web
2025-12-03 13:32:52,298 - INFO - Web content extracted for salcedoCosteffectivenessHypotheticalCell2021: 8000 chars
2025-12-03 13:32:52,299 - INFO - Accessing: https://doi.org/10.1016/j.jhydrol.2021.126822
2025-12-03 13:32:54,606 - INFO - Accessing: https://doi.org/10.1016/j.eiar.2021.106572
2025-12-03 13:32:56,994 - INFO - Accessing: https://doi.org/10.1142/S0219622021500097
2025-12-03 13:32:59,212 - INFO - Accessing: https://doi.org/10.25300/MISQ/2021/15315
2025-12-03 13:33:01,444 - INFO - Accessing: https://doi.org/10.1108/IJOES-06-2020-0078
2025-12-03 13:33:03,865 - INFO - Accessing: https://doi.org/10.1007/s13218-021-00736-4
2025-12-03 13:33:06,433 - INFO - Extracted 299305 characters from web
2025-12-03 13:33:06,434 - INFO - Web content extracted for schmidAIMethodsCapabilities2021: 8000 chars
2025-12-03 13:33:06,436 - INFO - Accessing: https://doi.org/10.1136/bmjgh-2021-007047
2025-12-03 13:33:08,614 - INFO - Accessing: https://doi.org/10.1016/j.jval.2020.11.020
2025-12-03 13:33:11,001 - INFO - Accessing: https://doi.org/10.1016/j.marpol.2021.104464
2025-12-03 13:33:13,400 - INFO - Processed 420/562 entries
2025-12-03 13:33:13,400 - INFO - Accessing: https://doi.org/10.1111/risa.13580
2025-12-03 13:33:18,761 - INFO - Accessing: https://doi.org/10.19163/2070-1586-2021-2(28)-10-16
2025-12-03 13:33:22,422 - INFO - Extracted 3456 characters from web
2025-12-03 13:33:22,423 - INFO - Web content extracted for sedovaETHICSDECISIONMAKING2021: 3456 chars
2025-12-03 13:33:22,424 - INFO - Accessing: https://doi.org/10.1002/sys.21595
2025-12-03 13:33:24,562 - INFO - Accessing: https://doi.org/10.1002/sys.21593
2025-12-03 13:33:26,759 - INFO - Accessing: https://doi.org/10.3390/jtaer16060137
2025-12-03 13:33:28,901 - INFO - Accessing: https://doi.org/10.1007/s12325-021-01654-5
2025-12-03 13:33:31,304 - INFO - Extracted 285105 characters from web
2025-12-03 13:33:31,305 - INFO - Web content extracted for sheinsonCosteffectivenessFrameworkCOVID192021: 8000 chars
2025-12-03 13:33:31,306 - INFO - Accessing: https://doi.org/10.1016/j.ejor.2020.10.039
2025-12-03 13:33:33,548 - INFO - Accessing: https://doi.org/10.1016/j.nepr.2021.103247
2025-12-03 13:33:35,888 - INFO - Accessing: https://doi.org/10.1016/j.jobe.2021.102794
2025-12-03 13:33:38,205 - INFO - Accessing: https://doi.org/10.1016/j.lssr.2021.07.002
2025-12-03 13:33:40,701 - INFO - Accessing: https://doi.org/10.1016/j.tra.2021.08.003
2025-12-03 13:33:43,063 - INFO - Accessing: https://doi.org/10.17951/h.2021.55.1.51-66
2025-12-03 13:33:47,857 - INFO - Extracted 7792 characters from web
2025-12-03 13:33:47,858 - INFO - Web content extracted for skrzypekDigitalization5G6G2021: 7792 chars
2025-12-03 13:33:47,859 - INFO - Accessing: https://doi.org/10.2196/24883
2025-12-03 13:33:51,208 - INFO - Extracted 211060 characters from web
2025-12-03 13:33:51,208 - INFO - Web content extracted for slavikExaminingTweetContent2021a: 8000 chars
2025-12-03 13:33:51,209 - INFO - Accessing: https://doi.org/10.3310/hta25150
2025-12-03 13:33:53,384 - INFO - Accessing: https://doi.org/10.1007/s10584-021-03108-x
2025-12-03 13:33:55,832 - INFO - Extracted 56347 characters from web
2025-12-03 13:33:55,832 - INFO - Web content extracted for sobelUsableClimateScience2021: 8000 chars
2025-12-03 13:33:55,833 - INFO - Processed 440/562 entries
2025-12-03 13:33:55,833 - INFO - Accessing: https://doi.org/10.1108/IJOPM-07-2020-0485
2025-12-03 13:33:58,000 - INFO - Accessing: https://doi.org/10.1016/j.ipm.2021.102710
2025-12-03 13:34:00,395 - INFO - Accessing: https://doi.org/10.1093/jla/laac003
2025-12-03 13:34:02,801 - INFO - Accessing: https://doi.org/10.3390/economies10010010
2025-12-03 13:34:04,971 - INFO - Accessing: https://doi.org/10.1108/BIJ-09-2020-0502
2025-12-03 13:34:07,188 - INFO - Accessing: https://doi.org/10.3310/hta25520
2025-12-03 13:34:09,341 - INFO - Accessing: https://doi.org/10.1109/TVCG.2019.2940026
2025-12-03 13:34:12,357 - INFO - Accessing: https://doi.org/10.1155/2021/6684031
2025-12-03 13:34:14,481 - INFO - Accessing: https://doi.org/10.3389/fphar.2021.716224
2025-12-03 13:34:17,237 - INFO - Extracted 147859 characters from web
2025-12-03 13:34:17,238 - INFO - Web content extracted for sunCosteffectivenessAnalysisDirect2021: 8000 chars
2025-12-03 13:34:17,239 - INFO - Accessing: https://doi.org/10.1016/j.jval.2020.10.016
2025-12-03 13:34:19,593 - INFO - Accessing: https://doi.org/10.1080/00207543.2020.1868599
2025-12-03 13:34:21,732 - INFO - Accessing: https://doi.org/10.1016/j.forpol.2021.102403
2025-12-03 13:34:24,033 - INFO - Accessing: https://doi.org/10.1108/K-06-2020-0367
2025-12-03 13:34:26,183 - INFO - Accessing: https://doi.org/10.1098/rsif.2020.0933
2025-12-03 13:34:28,346 - INFO - Accessing: https://doi.org/10.1038/s41598-021-99244-6
2025-12-03 13:34:30,778 - INFO - Extracted 245351 characters from web
2025-12-03 13:34:30,779 - INFO - Web content extracted for tendeSpatialAnalysisGeothermal2021: 8000 chars
2025-12-03 13:34:30,780 - INFO - Processed 460/562 entries
2025-12-03 13:34:30,780 - INFO - Accessing: https://doi.org/10.1007/978-981-33-4745-8_16
2025-12-03 13:34:35,499 - INFO - Extracted 23879 characters from web
2025-12-03 13:34:35,499 - INFO - Web content extracted for thakkarStepwiseWeightAssessment2021: 8000 chars
2025-12-03 13:34:35,501 - INFO - Accessing: https://doi.org/10.1186/s12873-021-00404-8
2025-12-03 13:34:38,031 - INFO - Extracted 210686 characters from web
2025-12-03 13:34:38,032 - INFO - Web content extracted for thokalaCosteffectivenessOutofhospitalContinuous2021: 8000 chars
2025-12-03 13:34:38,033 - INFO - Accessing: https://doi.org/10.1108/DTA-12-2020-0298
2025-12-03 13:34:40,128 - INFO - Accessing: https://doi.org/10.1111/csp2.533
2025-12-03 13:34:42,332 - INFO - Accessing: https://doi.org/10.1111/risa.13484
2025-12-03 13:34:46,086 - INFO - Accessing: https://doi.org/10.1016/j.jval.2020.10.002
2025-12-03 13:34:48,441 - INFO - Accessing: https://doi.org/10.1017/bca.2020.33
2025-12-03 13:34:51,658 - INFO - Extracted 246370 characters from web
2025-12-03 13:34:51,659 - INFO - Web content extracted for thriftRiskinformedBenefitCost2021: 8000 chars
2025-12-03 13:34:51,660 - INFO - Accessing: https://doi.org/10.1016/j.cose.2021.102222
2025-12-03 13:34:53,923 - INFO - Accessing: https://doi.org/10.1017/S0266462321000453
2025-12-03 13:34:56,966 - INFO - Extracted 210194 characters from web
2025-12-03 13:34:56,967 - INFO - Web content extracted for trowmanConsideringCommunicatingUncertainty2021a: 8000 chars
2025-12-03 13:34:56,968 - INFO - Accessing: https://doi.org/10.1037/rev0000255
2025-12-03 13:34:59,298 - INFO - Accessing: https://doi.org/10.1016/j.evalprogplan.2021.102013
2025-12-03 13:35:01,678 - INFO - Accessing: https://doi.org/10.1016/j.ijpe.2021.108244
2025-12-03 13:35:04,052 - INFO - Accessing: https://doi.org/10.1007/s40258-021-00662-4
2025-12-03 13:35:06,726 - INFO - Extracted 44000 characters from web
2025-12-03 13:35:06,727 - INFO - Web content extracted for tuffahaReviewWebbasedTools2021: 8000 chars
2025-12-03 13:35:06,729 - INFO - Accessing: https://doi.org/10.1007/s41669-020-00227-6
2025-12-03 13:35:09,172 - INFO - Extracted 82253 characters from web
2025-12-03 13:35:09,173 - INFO - Web content extracted for tuffahaValueInformationAnalysis2021a: 8000 chars
2025-12-03 13:35:09,174 - INFO - Accessing: https://doi.org/10.1016/j.eti.2021.101527
2025-12-03 13:35:11,569 - INFO - Accessing: https://doi.org/10.1016/j.asej.2021.04.023
2025-12-03 13:35:13,948 - INFO - Accessing: https://doi.org/10.3390/su13168683
2025-12-03 13:35:16,177 - INFO - Processed 480/562 entries
2025-12-03 13:35:16,178 - INFO - Accessing: https://doi.org/10.3310/hta25640
2025-12-03 13:35:18,387 - INFO - Accessing: https://doi.org/10.1016/j.drudis.2020.11.024
2025-12-03 13:35:20,793 - INFO - Accessing: https://doi.org/10.3391/mbi.2021.12.1.03
2025-12-03 13:35:24,097 - INFO - Extracted 23775 characters from web
2025-12-03 13:35:24,097 - INFO - Web content extracted for vanpoortenGettingDecisionUsing2021: 8000 chars
2025-12-03 13:35:24,099 - INFO - Accessing: https://doi.org/10.1007/s40273-021-01010-z
2025-12-03 13:35:26,996 - INFO - Extracted 391778 characters from web
2025-12-03 13:35:26,997 - INFO - Web content extracted for vellekoopGuidanceHarmonisationImprovement2021a: 8000 chars
2025-12-03 13:35:26,998 - INFO - Accessing: https://doi.org/10.1016/j.trip.2021.100395
2025-12-03 13:35:29,243 - INFO - Accessing: https://doi.org/10.1139/cjce-2020-0089
2025-12-03 13:35:31,466 - INFO - Accessing: https://doi.org/10.1016/j.patcog.2021.107932
2025-12-03 13:35:33,814 - INFO - Accessing: https://doi.org/10.1177/1478929920917618
2025-12-03 13:35:35,968 - INFO - Accessing: https://doi.org/10.1371/journal.pone.0253668
2025-12-03 13:35:39,080 - INFO - Extracted 140733 characters from web
2025-12-03 13:35:39,081 - INFO - Web content extracted for wangAgriculturalCooperativesParticipating2021: 8000 chars
2025-12-03 13:35:39,082 - INFO - Accessing: https://doi.org/10.1007/s00170-021-06882-1
2025-12-03 13:35:41,774 - INFO - Extracted 159859 characters from web
2025-12-03 13:35:41,775 - INFO - Web content extracted for wangArtificialIntelligenceProduct2021: 8000 chars
2025-12-03 13:35:41,776 - INFO - Accessing: https://doi.org/10.1115/1.4050247
2025-12-03 13:35:43,865 - INFO - Accessing: https://doi.org/10.1016/j.measurement.2021.109667
2025-12-03 13:35:46,241 - INFO - Accessing: https://doi.org/10.1016/j.aei.2021.101257
2025-12-03 13:35:48,629 - INFO - Accessing: https://doi.org/10.1287/deca.2020.0423
2025-12-03 13:35:50,781 - INFO - Accessing: https://doi.org/10.1108/MSCRA-10-2020-0026
2025-12-03 13:35:53,039 - INFO - Accessing: https://doi.org/10.1080/02681102.2020.1827364
2025-12-03 13:35:55,230 - INFO - Accessing: https://doi.org/10.5194/acp-21-13835-2021
2025-12-03 13:35:57,596 - INFO - Extracted 158426 characters from web
2025-12-03 13:35:57,597 - INFO - Web content extracted for wangShipEmissionsChina2021: 8000 chars
2025-12-03 13:35:57,598 - INFO - Accessing: https://doi.org/10.1016/j.techfore.2021.121000
2025-12-03 13:35:59,874 - INFO - Accessing: https://doi.org/10.1080/10402381.2020.1824047
2025-12-03 13:36:02,049 - INFO - Processed 500/562 entries
2025-12-03 13:36:02,049 - INFO - Accessing: https://doi.org/10.1007/s11365-021-00749-3
2025-12-03 13:36:04,800 - INFO - Extracted 111388 characters from web
2025-12-03 13:36:04,802 - INFO - Web content extracted for weimannOldFlamesNever2021: 8000 chars
2025-12-03 13:36:04,803 - INFO - Accessing: https://doi.org/10.1108/JIMA-01-2020-0013
2025-12-03 13:36:06,901 - INFO - Accessing: https://doi.org/10.1111/risa.13699
2025-12-03 13:36:09,042 - INFO - Accessing: https://doi.org/10.1002/sim.8941
2025-12-03 13:36:11,242 - INFO - Accessing: https://doi.org/10.1007/s41669-021-00277-4
2025-12-03 13:36:14,406 - INFO - Extracted 225334 characters from web
2025-12-03 13:36:14,407 - INFO - Web content extracted for wilsonEconomicEvaluationTransperineal2021: 8000 chars
2025-12-03 13:36:14,408 - INFO - Accessing: https://doi.org/10.1016/j.jval.2020.11.005
2025-12-03 13:36:16,808 - INFO - Accessing: https://doi.org/10.1111/risa.13261
2025-12-03 13:36:19,006 - INFO - Accessing: https://doi.org/10.1016/j.geb.2020.10.005
2025-12-03 13:36:21,390 - INFO - Accessing: https://doi.org/10.1007/s00192-021-04804-z
2025-12-03 13:36:23,949 - INFO - Extracted 117995 characters from web
2025-12-03 13:36:23,949 - INFO - Web content extracted for woodleyNarrativeReviewPelvic2021: 8000 chars
2025-12-03 13:36:23,950 - INFO - Accessing: https://doi.org/10.3390/su132011406
2025-12-03 13:36:26,132 - INFO - Accessing: https://doi.org/10.3389/fcvm.2021.675200
2025-12-03 13:36:28,841 - INFO - Extracted 125345 characters from web
2025-12-03 13:36:28,842 - INFO - Web content extracted for wuCosteffectivenessAnalysisDirect2021: 8000 chars
2025-12-03 13:36:28,843 - INFO - Accessing: https://doi.org/10.1080/15732479.2020.1833946
2025-12-03 13:36:31,021 - INFO - Accessing: https://doi.org/10.1016/j.agsy.2021.103241
2025-12-03 13:36:33,434 - INFO - Accessing: https://doi.org/10.3389/fmars.2021.646174
2025-12-03 13:36:35,909 - INFO - Extracted 129375 characters from web
2025-12-03 13:36:35,910 - INFO - Web content extracted for xiaHowCanInformation2021a: 8000 chars
2025-12-03 13:36:35,911 - INFO - Accessing: https://doi.org/10.3390/make3040043
2025-12-03 13:36:37,973 - INFO - Accessing: https://doi.org/10.1109/TNNLS.2020.2984918
2025-12-03 13:36:40,580 - INFO - Accessing: https://doi.org/10.1016/j.ecolmodel.2021.109442
2025-12-03 13:36:42,931 - INFO - Accessing: https://doi.org/10.3390/su132413710
2025-12-03 13:36:45,122 - INFO - Processed 520/562 entries
2025-12-03 13:36:45,122 - INFO - Accessing: https://doi.org/10.1016/j.jclepro.2020.124576
2025-12-03 13:36:47,436 - INFO - Accessing: https://doi.org/10.1108/BPMJ-12-2019-0518
2025-12-03 13:36:49,691 - INFO - Accessing: https://doi.org/10.1080/10410236.2020.1773705
2025-12-03 13:36:51,833 - INFO - Accessing: https://doi.org/10.3391/mbi.2021.12.4.09
2025-12-03 13:36:55,183 - INFO - Extracted 26347 characters from web
2025-12-03 13:36:55,184 - INFO - Web content extracted for yackeladamsCanWeProve2021: 8000 chars
2025-12-03 13:36:55,186 - INFO - Accessing: https://doi.org/10.3390/su13063176
2025-12-03 13:36:57,299 - INFO - Accessing: https://doi.org/10.1016/j.cie.2021.107740
2025-12-03 13:36:59,669 - INFO - Accessing: https://doi.org/10.1108/K-10-2019-0708
2025-12-03 13:37:01,947 - INFO - Accessing: https://doi.org/10.1080/15732479.2021.1907600
2025-12-03 13:37:04,080 - INFO - Accessing: https://doi.org/10.1177/0272989X211009883
2025-12-03 13:37:06,239 - INFO - Accessing: https://doi.org/10.1051/ro/2021166
2025-12-03 13:37:10,219 - INFO - Extracted 6627 characters from web
2025-12-03 13:37:10,219 - INFO - Web content extracted for yanManufacturersCooperationStrategy2021: 6627 chars
2025-12-03 13:37:10,221 - INFO - Accessing: https://doi.org/10.3390/en14196375
2025-12-03 13:37:12,406 - INFO - Accessing: https://doi.org/10.3390/buildings11020059
2025-12-03 13:37:14,530 - INFO - Accessing: https://doi.org/10.1016/j.ress.2020.107325
2025-12-03 13:37:16,855 - INFO - Accessing: https://doi.org/10.22161/ijaers.810.1
2025-12-03 13:37:20,257 - INFO - Extracted 1698 characters from web
2025-12-03 13:37:20,258 - INFO - Web content extracted for younusSmartCityUrban2021: 1698 chars
2025-12-03 13:37:20,258 - INFO - Accessing: https://doi.org/10.1155/2021/3881254
2025-12-03 13:37:22,452 - INFO - Processed 540/562 entries
2025-12-03 13:37:22,452 - INFO - Accessing: https://doi.org/10.1016/j.jclepro.2021.125976
2025-12-03 13:37:24,826 - INFO - Accessing: https://doi.org/10.1007/s11192-021-04105-8
2025-12-03 13:37:27,556 - INFO - Extracted 71875 characters from web
2025-12-03 13:37:27,557 - INFO - Web content extracted for yuKnowledgeDiffusionSupply2021: 8000 chars
2025-12-03 13:37:27,558 - INFO - Accessing: https://doi.org/10.1016/j.jcorpfin.2021.102066
2025-12-03 13:37:29,866 - INFO - Accessing: https://doi.org/10.1177/2381468321990404
2025-12-03 13:37:32,017 - INFO - Accessing: https://doi.org/10.1007/s00521-021-05823-z
2025-12-03 13:37:34,903 - INFO - Extracted 76755 characters from web
2025-12-03 13:37:34,904 - INFO - Web content extracted for zdravkovicEvaluationProfessionalDrivers2021: 8000 chars
2025-12-03 13:37:34,905 - INFO - Accessing: https://doi.org/10.3390/a14120368
2025-12-03 13:37:36,992 - INFO - Accessing: https://doi.org/10.1007/s40747-020-00212-w
2025-12-03 13:37:39,644 - INFO - Extracted 517472 characters from web
2025-12-03 13:37:39,645 - INFO - Web content extracted for zhangArtificialIntelligenceRecommender2021: 8000 chars
2025-12-03 13:37:39,646 - INFO - Accessing: https://doi.org/10.1007/s10660-019-09343-w
2025-12-03 13:37:42,378 - INFO - Extracted 50582 characters from web
2025-12-03 13:37:42,378 - INFO - Web content extracted for zhangAssessingHotelDecisionmaking2021: 8000 chars
2025-12-03 13:37:42,380 - INFO - Accessing: https://doi.org/10.1093/jcde/qwaa094
2025-12-03 13:37:44,504 - INFO - Accessing: https://doi.org/10.3390/buildings11100467
2025-12-03 13:37:46,703 - INFO - Accessing: https://doi.org/10.1016/j.ress.2020.107328
2025-12-03 13:37:49,007 - INFO - Accessing: https://doi.org/10.1371/journal.pone.0257365
2025-12-03 13:37:52,559 - INFO - Extracted 182881 characters from web
2025-12-03 13:37:52,560 - INFO - Web content extracted for zhangStudyEffectDigital2021: 8000 chars
2025-12-03 13:37:52,561 - INFO - Accessing: https://doi.org/10.1016/j.cie.2021.107315
2025-12-03 13:37:54,824 - INFO - Accessing: https://doi.org/10.1186/s43065-021-00027-0
2025-12-03 13:38:01,667 - INFO - Extracted 470030 characters from web
2025-12-03 13:38:01,668 - INFO - Web content extracted for zhangValueInformationAnalysis2021: 8000 chars
2025-12-03 13:38:01,669 - INFO - Accessing: https://doi.org/10.3390/ijerph182413004
2025-12-03 13:38:03,734 - INFO - Accessing: https://doi.org/10.1016/j.eswa.2020.114355
2025-12-03 13:38:06,043 - INFO - Accessing: https://doi.org/10.1109/TASE.2020.2995322
2025-12-03 13:38:09,081 - INFO - Accessing: https://doi.org/10.1504/IJTM.2021.120931
2025-12-03 13:38:11,365 - INFO - Accessing: https://doi.org/10.1016/j.egyr.2021.09.119
2025-12-03 13:38:13,804 - INFO - Processed 560/562 entries
2025-12-03 13:38:13,804 - INFO - Accessing: https://doi.org/10.1007/s10668-021-01278-3
2025-12-03 13:38:16,698 - INFO - Extracted 119610 characters from web
2025-12-03 13:38:16,699 - INFO - Web content extracted for zolghadr-asliReview20yearApplications2021: 8000 chars
2025-12-03 13:38:16,701 - INFO - Accessing: https://doi.org/10.1016/j.ress.2020.107242
2025-12-03 13:38:19,493 - INFO - Processing papers_2022.bib: 567 entries
2025-12-03 13:38:19,493 - INFO - Accessing: https://doi.org/10.1061/(ASCE)BE.1943-5592.0001812
2025-12-03 13:38:21,233 - INFO - Accessing: https://doi.org/10.1061/AJRUA6.0001247
2025-12-03 13:38:23,430 - INFO - Accessing: https://doi.org/10.1111/joes.12455
2025-12-03 13:38:25,646 - INFO - Accessing: https://doi.org/10.1111/add.15773
2025-12-03 13:38:27,872 - INFO - Accessing: https://doi.org/10.1108/IJOPM-11-2021-0684
2025-12-03 13:38:30,152 - INFO - Accessing: https://doi.org/10.1080/23308249.2021.1972086
2025-12-03 13:38:32,290 - INFO - Accessing: https://doi.org/10.1080/15623599.2019.1639126
2025-12-03 13:38:34,609 - INFO - Accessing: https://doi.org/10.1136/bmjopen-2021-058103
2025-12-03 13:38:37,898 - INFO - Accessing: https://doi.org/10.1108/JTF-01-2022-0023
2025-12-03 13:38:40,099 - INFO - Accessing: https://doi.org/10.1080/13669877.2022.2142949
2025-12-03 13:38:42,318 - INFO - Accessing: https://doi.org/10.1016/j.strusafe.2022.102196
2025-12-03 13:38:44,687 - INFO - Accessing: https://doi.org/10.1016/j.techfore.2022.121498
2025-12-03 13:38:47,054 - INFO - Accessing: https://doi.org/10.4018/IJEIS.313050
2025-12-03 13:38:49,319 - WARNING - Request failed for https://doi.org/10.4018/IJEIS.313050: 429 Client Error: Too Many Requests for url: https://services.igi-global.com/resolvedoi/resolve.aspx?doi=10.4018/IJEIS.313050
2025-12-03 13:38:49,320 - INFO - Accessing: https://doi.org/10.18096/TMP.2022.02.01
2025-12-03 13:38:53,520 - INFO - Extracted 18268 characters from web
2025-12-03 13:38:53,520 - INFO - Web content extracted for alamianDecisionmakingExportFinancing2022: 8000 chars
2025-12-03 13:38:53,522 - INFO - Accessing: https://doi.org/10.3390/e24040476
2025-12-03 13:38:55,654 - INFO - Processed 20/567 entries
2025-12-03 13:38:55,654 - INFO - Accessing: https://doi.org/10.1016/j.ress.2021.108309
2025-12-03 13:38:58,059 - INFO - Accessing: https://doi.org/10.2196/31302
2025-12-03 13:39:01,273 - INFO - Extracted 218726 characters from web
2025-12-03 13:39:01,274 - INFO - Web content extracted for albuquerquedealmeidaHomeTelemonitoringDiagnostic2022: 8000 chars
2025-12-03 13:39:01,275 - INFO - Accessing: https://doi.org/10.1061/AJRUA6.0001238
2025-12-03 13:39:03,422 - INFO - Accessing: https://doi.org/10.3389/fpubh.2022.847184
2025-12-03 13:39:06,158 - INFO - Extracted 351694 characters from web
2025-12-03 13:39:06,158 - INFO - Web content extracted for alkhalifahExaminingPredictionCOVID192022: 8000 chars
2025-12-03 13:39:06,160 - INFO - Accessing: https://doi.org/10.18553/jmcp.2022.28.4.390
2025-12-03 13:39:08,317 - INFO - Accessing: https://doi.org/10.1016/j.petrol.2021.109335
2025-12-03 13:39:10,710 - INFO - Accessing: https://doi.org/10.1016/j.jval.2022.04.454
2025-12-03 13:39:13,107 - INFO - Accessing: https://doi.org/10.1016/j.envsoft.2022.105360
2025-12-03 13:39:15,411 - INFO - Accessing: https://doi.org/10.36348/sjodr.2022.v07i09.002
2025-12-03 13:39:19,277 - INFO - Accessing: https://doi.org/10.1108/MD-02-2021-0172
2025-12-03 13:39:21,462 - INFO - Accessing: https://doi.org/10.1007/s10901-021-09879-0
2025-12-03 13:39:24,292 - INFO - Extracted 73267 characters from web
2025-12-03 13:39:24,293 - INFO - Web content extracted for arbelThereEndogeneityProblem2022: 8000 chars
2025-12-03 13:39:24,294 - INFO - Accessing: https://doi.org/10.1177/02683962211016000
2025-12-03 13:39:26,483 - INFO - Accessing: https://doi.org/10.1016/j.infsof.2022.106896
2025-12-03 13:39:28,851 - INFO - Accessing: https://doi.org/10.1007/s13762-021-03763-8
2025-12-03 13:39:31,834 - INFO - Extracted 32430 characters from web
2025-12-03 13:39:31,834 - INFO - Web content extracted for azarimarhabiSustainableEnergyDevelopment2022: 8000 chars
2025-12-03 13:39:31,836 - INFO - Accessing: https://doi.org/10.3389/fevo.2022.792749
2025-12-03 13:39:34,301 - INFO - Extracted 130801 characters from web
2025-12-03 13:39:34,302 - INFO - Web content extracted for bakerClimateChangePandemics2022: 8000 chars
2025-12-03 13:39:34,303 - INFO - Processed 40/567 entries
2025-12-03 13:39:34,303 - INFO - Accessing: https://doi.org/10.1561/116.00000127
2025-12-03 13:39:36,940 - INFO - Extracted 1404 characters from web
2025-12-03 13:39:36,940 - INFO - Web content extracted for barniCombatingMisinformationDisinformation2022: 1404 chars
2025-12-03 13:39:36,941 - INFO - Accessing: https://doi.org/10.1007/s00199-022-01437-1
2025-12-03 13:39:39,724 - INFO - Extracted 40309 characters from web
2025-12-03 13:39:39,724 - INFO - Web content extracted for bastianelloDynamicallyConsistentObjective2022: 8000 chars
2025-12-03 13:39:39,726 - INFO - Accessing: https://doi.org/10.1016/j.petrol.2022.110287
2025-12-03 13:39:42,067 - INFO - Accessing: https://doi.org/10.1080/13696998.2022.2066399
2025-12-03 13:39:44,270 - INFO - Accessing: https://doi.org/10.2147/CEOR.S360049
2025-12-03 13:39:47,805 - INFO - Extracted 51626 characters from web
2025-12-03 13:39:47,805 - INFO - Web content extracted for berdunovCostEffectivenessAnalysisOncotype2022: 8000 chars
2025-12-03 13:39:47,806 - INFO - Accessing: https://doi.org/10.1145/3555642
2025-12-03 13:39:50,006 - INFO - Accessing: https://doi.org/10.1111/exsy.12857
2025-12-03 13:39:52,152 - INFO - Accessing: https://doi.org/10.1002/pst.2217
2025-12-03 13:39:54,362 - INFO - Accessing: https://doi.org/10.1016/j.ress.2022.108521
2025-12-03 13:39:56,774 - INFO - Accessing: https://doi.org/10.1088/2515-7620/ac8917
2025-12-03 13:39:59,639 - INFO - Extracted 164720 characters from web
2025-12-03 13:39:59,641 - INFO - Web content extracted for bistlineCapacityRiskMetric2022: 8000 chars
2025-12-03 13:39:59,642 - INFO - Accessing: https://doi.org/10.1111/ele.14024
2025-12-03 13:40:01,785 - INFO - Accessing: https://doi.org/10.1016/j.eclinm.2021.101268
2025-12-03 13:40:04,092 - INFO - Accessing: https://doi.org/10.1016/j.jmateco.2022.102787
2025-12-03 13:40:06,475 - INFO - Accessing: https://doi.org/10.1002/ieam.4511
2025-12-03 13:40:08,622 - INFO - Accessing: https://doi.org/10.1371/journal.pone.0266244
2025-12-03 13:40:11,901 - INFO - Extracted 84276 characters from web
2025-12-03 13:40:11,902 - INFO - Web content extracted for brownChoosingOptimalTrigger2022: 8000 chars
2025-12-03 13:40:11,903 - INFO - Accessing: https://doi.org/10.1094/PHYTO-05-20-0202-R
2025-12-03 13:40:14,038 - INFO - Processed 60/567 entries
2025-12-03 13:40:14,038 - INFO - Accessing: https://doi.org/10.1007/978-3-030-81716-9_19
2025-12-03 13:40:16,969 - INFO - Extracted 63906 characters from web
2025-12-03 13:40:16,970 - INFO - Web content extracted for bullPartiallySupervisedLearning2022: 8000 chars
2025-12-03 13:40:16,971 - INFO - Accessing: https://doi.org/10.14349/sumneg/2022.V13.N28.A8
2025-12-03 13:40:24,977 - INFO - Extracted 79223 characters from web
2025-12-03 13:40:24,978 - INFO - Web content extracted for burbano-figueroaActiveSearchSolutions2022: 8000 chars
2025-12-03 13:40:24,979 - INFO - Accessing: https://doi.org/10.1007/s10340-021-01409-9
2025-12-03 13:40:27,585 - INFO - Extracted 339008 characters from web
2025-12-03 13:40:27,586 - INFO - Web content extracted for burbano-figueroaProfitabilityFarmscaleManagement2022a: 8000 chars
2025-12-03 13:40:27,587 - INFO - Accessing: https://doi.org/10.1002/hec.4523
2025-12-03 13:40:29,668 - INFO - Accessing: https://doi.org/10.1097/CCE.0000000000000627
2025-12-03 13:40:31,851 - INFO - Accessing: https://doi.org/10.1016/j.envsci.2022.02.018
2025-12-03 13:40:34,721 - INFO - Accessing: https://doi.org/10.1177/0272989X211053794
2025-12-03 13:40:36,931 - INFO - Accessing: https://doi.org/10.1038/s41416-021-01689-z
2025-12-03 13:40:39,897 - INFO - Extracted 116285 characters from web
2025-12-03 13:40:39,898 - INFO - Web content extracted for capobiancoHighdimensionalRoleAI2022: 8000 chars
2025-12-03 13:40:39,899 - INFO - Accessing: https://doi.org/10.1016/j.jval.2021.07.010
2025-12-03 13:40:42,084 - INFO - Accessing: https://doi.org/10.1007/s40258-021-00694-w
2025-12-03 13:40:45,063 - INFO - Extracted 98588 characters from web
2025-12-03 13:40:45,065 - INFO - Web content extracted for cartyPopulationbasedTestingUndiagnosed2022: 8000 chars
2025-12-03 13:40:45,066 - INFO - Accessing: https://doi.org/10.1007/s11135-021-01166-y
2025-12-03 13:40:47,771 - INFO - Extracted 276626 characters from web
2025-12-03 13:40:47,772 - INFO - Web content extracted for changSupplyChainMovement2022: 8000 chars
2025-12-03 13:40:47,773 - INFO - Accessing: https://doi.org/10.1093/phe/phab031
2025-12-03 13:40:49,953 - INFO - Accessing: https://doi.org/10.2196/39794
2025-12-03 13:40:52,982 - INFO - Extracted 129672 characters from web
2025-12-03 13:40:52,984 - INFO - Web content extracted for chartashInformaticsUndergraduateMedical2022: 8000 chars
2025-12-03 13:40:52,985 - INFO - Accessing: https://doi.org/10.1155/2022/2380100
2025-12-03 13:40:55,176 - INFO - Accessing: https://doi.org/10.1142/S0219265921440096
2025-12-03 13:40:57,391 - INFO - Processed 80/567 entries
2025-12-03 13:40:57,391 - INFO - Accessing: https://doi.org/10.1108/JRIM-06-2021-0156
2025-12-03 13:40:59,650 - INFO - Accessing: https://doi.org/10.1007/s10479-022-04536-3
2025-12-03 13:41:02,354 - INFO - Extracted 100858 characters from web
2025-12-03 13:41:02,355 - INFO - Web content extracted for choiAchievingEconomicSustainability2022: 8000 chars
2025-12-03 13:41:02,356 - INFO - Accessing: https://doi.org/10.1016/j.techfore.2022.121802
2025-12-03 13:41:04,700 - INFO - Accessing: https://doi.org/10.1016/j.ijpe.2022.108505
2025-12-03 13:41:07,047 - INFO - Accessing: https://doi.org/10.1038/s41893-022-00940-6
2025-12-03 13:41:10,171 - INFO - Extracted 382581 characters from web
2025-12-03 13:41:10,172 - INFO - Web content extracted for chrysafiQuantifyingEarthSystem2022: 8000 chars
2025-12-03 13:41:10,173 - INFO - Accessing: https://doi.org/10.1016/j.jval.2022.09.380
2025-12-03 13:41:12,591 - INFO - Accessing: https://doi.org/10.1007/978-3-030-87982-2_13
2025-12-03 13:41:15,383 - INFO - Extracted 93785 characters from web
2025-12-03 13:41:15,383 - INFO - Web content extracted for clarkAdaptiveManagementTool2022: 8000 chars
2025-12-03 13:41:15,385 - INFO - Accessing: https://doi.org/10.1007/s40258-022-00745-w
2025-12-03 13:41:18,025 - INFO - Extracted 284614 characters from web
2025-12-03 13:41:18,025 - INFO - Web content extracted for clarkeCostutilityAnalysisMajor2022: 8000 chars
2025-12-03 13:41:18,028 - INFO - Accessing: https://doi.org/10.1108/JSMA-03-2021-0067
2025-12-03 13:41:20,116 - INFO - Accessing: https://doi.org/10.1108/BIJ-06-2021-0336
2025-12-03 13:41:22,260 - INFO - Accessing: https://doi.org/10.3917/rfe.222.0205
2025-12-03 13:41:25,147 - INFO - Accessing: https://doi.org/10.1080/15309576.2022.2036204
2025-12-03 13:41:27,295 - INFO - Accessing: https://doi.org/10.1007/s42452-022-05063-3
2025-12-03 13:41:30,041 - INFO - Extracted 664825 characters from web
2025-12-03 13:41:30,042 - INFO - Web content extracted for contreraslopezCrosssectoralReviewCurrent2022: 8000 chars
2025-12-03 13:41:30,044 - INFO - Accessing: https://doi.org/10.1136/bmjopen-2022-066451
2025-12-03 13:41:32,174 - INFO - Accessing: https://doi.org/10.1590/0101-7438.2022.042.00249414
2025-12-03 13:41:37,839 - INFO - Extracted 136128 characters from web
2025-12-03 13:41:37,840 - INFO - Web content extracted for costaBibliometricStudiesMulticriteria2022: 8000 chars
2025-12-03 13:41:37,841 - INFO - Accessing: https://doi.org/10.1016/j.resourpol.2022.102862
2025-12-03 13:41:40,158 - INFO - Accessing: https://doi.org/10.1016/j.gecco.2022.e02119
2025-12-03 13:41:42,474 - INFO - Processed 100/567 entries
2025-12-03 13:41:42,474 - INFO - Accessing: https://doi.org/10.54808/JSCI.20.01.122
2025-12-03 13:41:45,933 - INFO - Accessing: https://doi.org/10.1111/poms.13850
2025-12-03 13:41:48,076 - INFO - Accessing: https://doi.org/10.1108/JEIM-02-2021-0087
2025-12-03 13:41:50,341 - INFO - Accessing: https://doi.org/10.1007/s12063-021-00200-4
2025-12-03 13:41:53,222 - INFO - Extracted 346172 characters from web
2025-12-03 13:41:53,224 - INFO - Web content extracted for dasBuildingSupplyChain2022: 8000 chars
2025-12-03 13:41:53,225 - INFO - Accessing: https://doi.org/10.1177/0272989X211016307
2025-12-03 13:41:55,340 - INFO - Accessing: https://doi.org/10.1108/EJMBE-05-2021-0160
2025-12-03 13:41:57,577 - INFO - Accessing: https://doi.org/10.1017/S1742170522000023
2025-12-03 13:42:01,944 - INFO - Extracted 264006 characters from web
2025-12-03 13:42:01,946 - INFO - Web content extracted for delongStakeholderdrivenAdaptiveResearch2022: 8000 chars
2025-12-03 13:42:01,947 - INFO - Accessing: https://doi.org/10.1016/j.ijdrr.2022.102798
2025-12-03 13:42:04,135 - INFO - Accessing: https://doi.org/10.1016/j.jval.2022.03.016
2025-12-03 13:42:06,563 - INFO - Accessing: https://doi.org/10.1109/TVCG.2021.3114813
2025-12-03 13:42:09,327 - INFO - Accessing: https://doi.org/10.3390/w14152384
2025-12-03 13:42:11,538 - INFO - Accessing: https://doi.org/10.1016/j.elerap.2022.101216
2025-12-03 13:42:13,837 - INFO - Accessing: https://doi.org/10.1007/978-3-030-93765-2_6
2025-12-03 13:42:16,544 - INFO - Extracted 50250 characters from web
2025-12-03 13:42:16,546 - INFO - Web content extracted for downsClinicalDecisionmaking2022: 8000 chars
2025-12-03 13:42:16,547 - INFO - Accessing: https://doi.org/10.1177/00375497211038755
2025-12-03 13:42:18,715 - INFO - Accessing: https://doi.org/10.5194/adgeo-56-155-2022
2025-12-03 13:42:21,148 - INFO - Extracted 74451 characters from web
2025-12-03 13:42:21,149 - INFO - Web content extracted for drakakiDayaheadEnergyProduction2022: 8000 chars
2025-12-03 13:42:21,150 - INFO - Accessing: https://doi.org/10.1016/j.ijpe.2022.108665
2025-12-03 13:42:23,465 - INFO - Processed 120/567 entries
2025-12-03 13:42:23,465 - INFO - Accessing: https://doi.org/10.1108/MD-01-2021-0030
2025-12-03 13:42:25,724 - INFO - Accessing: https://doi.org/10.1017/S026646232200085X
2025-12-03 13:42:28,820 - INFO - Extracted 17466 characters from web
2025-12-03 13:42:28,821 - INFO - Web content extracted for dzingiraiOP28HealthTechnology2022: 8000 chars
2025-12-03 13:42:28,822 - INFO - Accessing: https://doi.org/10.3390/su141610205
2025-12-03 13:42:30,903 - INFO - Accessing: https://doi.org/10.3389/fpubh.2022.1085319
2025-12-03 13:42:33,654 - INFO - Extracted 122138 characters from web
2025-12-03 13:42:33,656 - INFO - Web content extracted for eckermannGloballyOptimalTrial2022: 8000 chars
2025-12-03 13:42:33,657 - INFO - Accessing: https://doi.org/10.1007/s40273-021-01087-6
2025-12-03 13:42:37,634 - INFO - Extracted 60042 characters from web
2025-12-03 13:42:37,635 - INFO - Web content extracted for edneyEmpiricalEstimatesMarginal2022: 8000 chars
2025-12-03 13:42:37,637 - INFO - Accessing: https://doi.org/10.1002/cpt.2471
2025-12-03 13:42:39,948 - INFO - Accessing: https://doi.org/10.1016/j.jval.2022.09.037
2025-12-03 13:42:42,321 - INFO - Accessing: https://doi.org/10.1093/eurpub/ckac051
2025-12-03 13:42:44,561 - INFO - Accessing: https://doi.org/10.1108/BPMJ-10-2021-0663
2025-12-03 13:42:46,799 - INFO - Accessing: https://doi.org/10.1177/03611981211049134
2025-12-03 13:42:49,028 - INFO - Accessing: https://doi.org/10.1002/hec.4520
2025-12-03 13:42:51,330 - INFO - Accessing: https://doi.org/10.1016/j.jval.2021.11.325
2025-12-03 13:42:53,698 - INFO - Accessing: https://doi.org/10.1080/13675567.2020.1803246
2025-12-03 13:42:55,912 - INFO - Accessing: https://doi.org/10.1016/j.tre.2022.102921
2025-12-03 13:42:58,283 - INFO - Accessing: https://doi.org/10.1002/nafm.10724
2025-12-03 13:43:00,514 - INFO - Accessing: https://doi.org/10.1670/21-065
2025-12-03 13:43:02,854 - INFO - Processed 140/567 entries
2025-12-03 13:43:02,855 - INFO - Accessing: https://doi.org/10.1177/0272989X211045036
2025-12-03 13:43:04,994 - INFO - Accessing: https://doi.org/10.1016/j.cirpj.2022.04.011
2025-12-03 13:43:07,366 - INFO - Accessing: https://doi.org/10.1002/mp.15870
2025-12-03 13:43:09,603 - INFO - Accessing: https://doi.org/10.1016/j.gecco.2022.e02143
2025-12-03 13:43:11,988 - INFO - Accessing: https://doi.org/10.3390/en15197282
2025-12-03 13:43:14,147 - INFO - Accessing: https://doi.org/10.1007/s11146-020-09800-6
2025-12-03 13:43:17,516 - INFO - Extracted 60448 characters from web
2025-12-03 13:43:17,517 - INFO - Web content extracted for foutWhenAppraisersGo2022: 8000 chars
2025-12-03 13:43:17,518 - INFO - Accessing: https://doi.org/10.1109/JSYST.2021.3100286
2025-12-03 13:43:20,208 - INFO - Accessing: https://doi.org/10.1177/09622802211070253
2025-12-03 13:43:22,402 - INFO - Accessing: https://doi.org/10.1080/14737167.2021.1895755
2025-12-03 13:43:24,613 - INFO - Accessing: https://doi.org/10.1162/rest_a_00994
2025-12-03 13:43:26,844 - INFO - Accessing: https://doi.org/10.1093/aler/ahab018
2025-12-03 13:43:29,068 - INFO - Accessing: https://doi.org/10.1016/j.engappai.2022.105372
2025-12-03 13:43:31,448 - INFO - Accessing: https://doi.org/10.1016/j.jhydrol.2022.127464
2025-12-03 13:43:33,820 - INFO - Accessing: https://doi.org/10.1007/s00267-021-01541-3
2025-12-03 13:43:36,432 - INFO - Extracted 314568 characters from web
2025-12-03 13:43:36,434 - INFO - Web content extracted for garcia-diazIdentifyingPrioritiesTargets2022: 8000 chars
2025-12-03 13:43:36,435 - INFO - Accessing: https://doi.org/10.1146/annurev-phyto-021021-042636
2025-12-03 13:43:38,610 - INFO - Accessing: https://doi.org/10.1111/ddi.13292
2025-12-03 13:43:40,837 - INFO - Accessing: https://doi.org/10.3310/RCTI6942
2025-12-03 13:43:43,146 - INFO - Accessing: https://doi.org/10.1108/BJM-09-2021-0332
2025-12-03 13:43:45,340 - INFO - Accessing: https://doi.org/10.1061/(ASCE)CF.1943-5509.0001757
2025-12-03 13:43:47,475 - INFO - Processed 160/567 entries
2025-12-03 13:43:47,476 - INFO - Accessing: https://doi.org/10.3390/s22072810
2025-12-03 13:43:49,618 - INFO - Accessing: https://doi.org/10.1080/09715010.2020.1824621
2025-12-03 13:43:51,754 - INFO - Accessing: https://doi.org/10.1108/JGOSS-06-2021-0045
2025-12-03 13:43:53,982 - INFO - Accessing: https://doi.org/10.1007/s11367-022-02030-3
2025-12-03 13:43:56,569 - INFO - Extracted 513798 characters from web
2025-12-03 13:43:56,570 - INFO - Web content extracted for ghoroghiAdvancesApplicationMachine2022: 8000 chars
2025-12-03 13:43:56,572 - INFO - Accessing: https://doi.org/10.1146/annurev-orgpsych-012420-090506
2025-12-03 13:43:58,729 - INFO - Accessing: https://doi.org/10.1097/CORR.0000000000002001
2025-12-03 13:44:00,894 - INFO - Accessing: https://doi.org/10.3389/fenvs.2022.805214
2025-12-03 13:44:03,866 - INFO - Extracted 360780 characters from web
2025-12-03 13:44:03,867 - INFO - Web content extracted for glynnValueInformationDecision2022a: 8000 chars
2025-12-03 13:44:03,869 - INFO - Accessing: https://doi.org/10.3389/fenvs.2022.805245
2025-12-03 13:44:09,552 - INFO - Extracted 351522 characters from web
2025-12-03 13:44:09,554 - INFO - Web content extracted for glynnValueInformationExploring2022: 8000 chars
2025-12-03 13:44:09,555 - INFO - Accessing: https://doi.org/10.1016/j.ins.2022.04.034
2025-12-03 13:44:12,574 - INFO - Accessing: https://doi.org/10.1017/jme.2022.18
2025-12-03 13:44:16,000 - INFO - Extracted 119570 characters from web
2025-12-03 13:44:16,001 - INFO - Web content extracted for golinghorstAntiselectionGeneticTesting2022: 8000 chars
2025-12-03 13:44:16,002 - INFO - Accessing: https://doi.org/10.1016/j.ejor.2021.07.040
2025-12-03 13:44:18,268 - INFO - Accessing: https://doi.org/10.1016/j.jval.2022.09.381
2025-12-03 13:44:20,648 - INFO - Accessing: https://doi.org/10.1371/journal.pone.0265712
2025-12-03 13:44:24,145 - INFO - Extracted 124623 characters from web
2025-12-03 13:44:24,147 - INFO - Web content extracted for gouldFrameworkAssessingImpact2022: 8000 chars
2025-12-03 13:44:24,150 - INFO - Accessing: https://doi.org/10.1002/csr.2319
2025-12-03 13:44:26,283 - INFO - Accessing: https://doi.org/10.1146/annurev-neuro-092021-125059
2025-12-03 13:44:28,526 - INFO - Accessing: https://doi.org/10.1016/j.jval.2021.12.003
2025-12-03 13:44:30,971 - INFO - Accessing: https://doi.org/10.1002/jwmg.22300
2025-12-03 13:44:33,335 - INFO - Accessing: https://doi.org/10.1016/j.rcim.2021.102222
2025-12-03 13:44:35,718 - INFO - Accessing: https://doi.org/10.1111/poms.13806
2025-12-03 13:44:37,942 - INFO - Processed 180/567 entries
2025-12-03 13:44:37,942 - INFO - Accessing: https://doi.org/10.3390/math10224307
2025-12-03 13:44:40,157 - INFO - Accessing: https://doi.org/10.1016/j.im.2019.103243
2025-12-03 13:44:42,545 - INFO - Accessing: https://doi.org/10.1016/j.envsoft.2022.105552
2025-12-03 13:44:44,872 - INFO - Accessing: https://doi.org/10.1007/s11053-022-10078-z
2025-12-03 13:44:47,760 - INFO - Extracted 97201 characters from web
2025-12-03 13:44:47,762 - INFO - Web content extracted for hallSequentialValueInformation2022a: 8000 chars
2025-12-03 13:44:47,763 - INFO - Accessing: https://doi.org/10.1089/hum.2022.056
2025-12-03 13:44:49,955 - INFO - Accessing: https://doi.org/10.1017/9781108638142.010
2025-12-03 13:44:54,735 - INFO - Extracted 9394 characters from web
2025-12-03 13:44:54,736 - INFO - Web content extracted for harringtonAnimal6tWelfare2022: 8000 chars
2025-12-03 13:44:54,737 - INFO - Accessing: https://doi.org/10.1038/s41598-022-26544-w
2025-12-03 13:44:57,178 - INFO - Extracted 286309 characters from web
2025-12-03 13:44:57,179 - INFO - Web content extracted for harrisTaskevokedPupillaryResponses2022: 8000 chars
2025-12-03 13:44:57,181 - INFO - Accessing: https://doi.org/10.1108/BPMJ-03-2022-0122
2025-12-03 13:44:59,306 - INFO - Accessing: https://doi.org/10.1016/j.foreco.2021.119972
2025-12-03 13:45:01,668 - INFO - Accessing: https://doi.org/10.1002/eap.2635
2025-12-03 13:45:03,899 - INFO - Accessing: https://doi.org/10.1177/0272989X211026292
2025-12-03 13:45:06,040 - INFO - Accessing: https://doi.org/10.2118/203951-PA
2025-12-03 13:45:08,206 - INFO - Accessing: https://doi.org/10.1111/cobi.13868
2025-12-03 13:45:10,492 - INFO - Accessing: https://doi.org/10.1111/risa.13725
2025-12-03 13:45:12,706 - INFO - Accessing: https://doi.org/10.1080/23789689.2020.1871541
2025-12-03 13:45:14,920 - INFO - Accessing: https://doi.org/10.3389/fpsyg.2022.637883
2025-12-03 13:45:17,732 - INFO - Extracted 335625 characters from web
2025-12-03 13:45:17,734 - INFO - Web content extracted for hlongwanePracticalFrameworkValue2022: 8000 chars
2025-12-03 13:45:17,737 - INFO - Accessing: https://doi.org/10.3390/su14031869
2025-12-03 13:45:19,866 - INFO - Processed 200/567 entries
2025-12-03 13:45:19,866 - INFO - Accessing: https://doi.org/10.1016/j.dcn.2022.101151
2025-12-03 13:45:22,602 - INFO - Accessing: https://doi.org/10.3390/en15051929
2025-12-03 13:45:24,800 - INFO - Accessing: https://doi.org/10.1016/j.eastsj.2022.100055
2025-12-03 13:45:27,194 - INFO - Accessing: https://doi.org/10.1016/j.cie.2022.108642
2025-12-03 13:45:29,570 - INFO - Accessing: https://doi.org/10.1016/j.eswa.2022.117668
2025-12-03 13:45:31,947 - INFO - Accessing: https://doi.org/10.1016/j.ijdrr.2022.102816
2025-12-03 13:45:34,270 - INFO - Accessing: https://doi.org/10.1007/s10489-021-02875-5
2025-12-03 13:45:37,683 - INFO - Extracted 64959 characters from web
2025-12-03 13:45:37,683 - INFO - Web content extracted for huangNewMethodEmergency2022: 8000 chars
2025-12-03 13:45:37,685 - INFO - Accessing: https://doi.org/10.1016/j.ymssp.2021.108569
2025-12-03 13:45:40,031 - INFO - Accessing: https://doi.org/10.1016/j.ymssp.2022.109502
2025-12-03 13:45:42,413 - INFO - Accessing: https://doi.org/10.1109/TEM.2020.3040767
2025-12-03 13:45:44,962 - INFO - Accessing: https://doi.org/10.1016/j.ssci.2021.105567
2025-12-03 13:45:47,230 - INFO - Accessing: https://doi.org/10.1029/2021WR031622
2025-12-03 13:45:49,418 - INFO - Accessing: https://doi.org/10.1088/1748-9326/ac7407
2025-12-03 13:45:52,294 - INFO - Extracted 222146 characters from web
2025-12-03 13:45:52,295 - INFO - Web content extracted for hurttNASACarbonMonitoring2022: 8000 chars
2025-12-03 13:45:52,296 - INFO - Accessing: https://doi.org/10.1080/13696998.2022.2101807
2025-12-03 13:45:54,307 - INFO - Accessing: https://doi.org/10.1108/ITP-05-2019-0239
2025-12-03 13:45:56,565 - INFO - Accessing: https://doi.org/10.1002/ieam.4395
2025-12-03 13:45:58,709 - INFO - Processed 220/567 entries
2025-12-03 13:45:58,709 - INFO - Accessing: https://doi.org/10.1108/BIJ-02-2021-0069
2025-12-03 13:46:00,942 - INFO - Accessing: https://doi.org/10.1016/j.landusepol.2021.105962
2025-12-03 13:46:03,342 - INFO - Accessing: https://doi.org/10.1002/hec.4525
2025-12-03 13:46:05,551 - INFO - Accessing: https://doi.org/10.3390/land12010015
2025-12-03 13:46:07,719 - INFO - Accessing: https://doi.org/10.1146/annurev-statistics-040120-010730
2025-12-03 13:46:10,140 - INFO - Accessing: https://doi.org/10.1097/QAI.0000000000002885
2025-12-03 13:46:12,427 - INFO - Accessing: https://doi.org/10.1016/j.ress.2021.108113
2025-12-03 13:46:14,746 - INFO - Accessing: https://doi.org/10.1109/TEM.2020.3018912
2025-12-03 13:46:17,743 - INFO - Accessing: https://doi.org/10.1017/S0266462322000162
2025-12-03 13:46:20,553 - INFO - Extracted 160919 characters from web
2025-12-03 13:46:20,553 - INFO - Web content extracted for jaksaKeyLearningsInstitute2022: 8000 chars
2025-12-03 13:46:20,555 - INFO - Accessing: https://doi.org/10.1016/j.engappai.2022.104972
2025-12-03 13:46:22,786 - INFO - Accessing: https://doi.org/10.1016/j.ejor.2021.09.050
2025-12-03 13:46:25,085 - INFO - Accessing: https://doi.org/10.1108/QRFM-07-2020-0122
2025-12-03 13:46:27,273 - INFO - Accessing: https://doi.org/10.1177/20552076221102773
2025-12-03 13:46:30,991 - INFO - Accessing: https://doi.org/10.3390/sym14091756
2025-12-03 13:46:33,216 - INFO - Accessing: https://doi.org/10.3787/j.issn.1000-0976.2022.12.014
2025-12-03 13:46:40,119 - INFO - Processed 240/567 entries
2025-12-03 13:46:40,121 - INFO - Accessing: https://doi.org/10.1016/j.gim.2021.10.008
2025-12-03 13:46:42,524 - INFO - Accessing: https://doi.org/10.3390/su142416726
2025-12-03 13:46:44,724 - INFO - Accessing: https://doi.org/10.1016/j.advengsoft.2022.103194
2025-12-03 13:46:47,107 - INFO - Accessing: https://doi.org/10.3390/ijerph191811792
2025-12-03 13:46:49,308 - INFO - Accessing: https://doi.org/10.1080/23302674.2021.1922949
2025-12-03 13:46:51,693 - INFO - Accessing: https://doi.org/10.1016/j.oceaneng.2022.113013
2025-12-03 13:46:54,047 - INFO - Accessing: https://doi.org/10.1182/bloodadvances.2021005627
2025-12-03 13:46:56,408 - INFO - Accessing: https://doi.org/10.1108/IJLM-01-2021-0027
2025-12-03 13:46:58,674 - INFO - Accessing: https://doi.org/10.1093/icesjms/fsac043
2025-12-03 13:47:00,902 - INFO - Accessing: https://doi.org/10.1038/s41386-021-01109-z
2025-12-03 13:47:03,605 - INFO - Extracted 272423 characters from web
2025-12-03 13:47:03,606 - INFO - Web content extracted for kenwoodPrefrontalCortexPathological2022: 8000 chars
2025-12-03 13:47:03,608 - INFO - Accessing: https://doi.org/10.1016/j.clscn.2022.100074
2025-12-03 13:47:05,901 - INFO - Accessing: https://doi.org/10.1080/15732479.2021.1890140
2025-12-03 13:47:08,125 - INFO - Accessing: https://doi.org/10.1007/s11269-022-03214-0
2025-12-03 13:47:11,007 - INFO - Extracted 52721 characters from web
2025-12-03 13:47:11,009 - INFO - Web content extracted for kimAdaptiveReservoirManagement2022: 8000 chars
2025-12-03 13:47:11,010 - INFO - Accessing: https://doi.org/10.1016/j.jval.2021.11.1373
2025-12-03 13:47:13,400 - INFO - Accessing: https://doi.org/10.1016/j.ress.2021.108195
2025-12-03 13:47:15,763 - INFO - Processed 260/567 entries
2025-12-03 13:47:15,763 - INFO - Accessing: https://doi.org/10.1002/bse.2941
2025-12-03 13:47:17,967 - INFO - Accessing: https://doi.org/10.1007/978-3-030-88315-7_8
2025-12-03 13:47:20,718 - INFO - Extracted 50302 characters from web
2025-12-03 13:47:20,718 - INFO - Web content extracted for kolischDecisionSupportSystem2022: 8000 chars
2025-12-03 13:47:20,720 - INFO - Accessing: https://doi.org/10.1177/23814683211069988
2025-12-03 13:47:22,851 - INFO - Accessing: https://doi.org/10.3390/systems10020035
2025-12-03 13:47:25,031 - INFO - Accessing: https://doi.org/10.1016/j.epidem.2022.100546
2025-12-03 13:47:27,337 - INFO - Accessing: https://doi.org/10.1080/10937404.2022.2107591
2025-12-03 13:47:29,472 - INFO - Accessing: https://doi.org/10.3205/000314
2025-12-03 13:47:32,546 - INFO - Extracted 486036 characters from web
2025-12-03 13:47:32,546 - INFO - Web content extracted for kuhneCausalEvidenceHealth2022: 8000 chars
2025-12-03 13:47:32,548 - INFO - Accessing: https://doi.org/10.1186/s12889-022-12824-7
2025-12-03 13:47:35,295 - INFO - Extracted 346851 characters from web
2025-12-03 13:47:35,296 - INFO - Web content extracted for kumarCOVID19VaccinePerceptions2022: 8000 chars
2025-12-03 13:47:35,297 - INFO - Accessing: https://doi.org/10.1016/j.jval.2022.09.379
2025-12-03 13:47:37,519 - INFO - Accessing: https://doi.org/10.1093/jnci/djac013
2025-12-03 13:47:39,756 - INFO - Accessing: https://doi.org/10.1177/23800844211020272
2025-12-03 13:47:41,976 - INFO - Accessing: https://doi.org/10.1371/journal.pcbi.1010201
2025-12-03 13:47:45,811 - INFO - Extracted 123940 characters from web
2025-12-03 13:47:45,812 - INFO - Web content extracted for kurtenbachRemovalReinforcementImproves2022: 8000 chars
2025-12-03 13:47:45,813 - INFO - Accessing: https://doi.org/10.1177/09726225221124035
2025-12-03 13:47:47,977 - INFO - Accessing: https://doi.org/10.1186/s12962-022-00367-y
2025-12-03 13:47:50,732 - INFO - Extracted 434262 characters from web
2025-12-03 13:47:50,733 - INFO - Web content extracted for kwonSystematicReviewCritical2022: 8000 chars
2025-12-03 13:47:50,734 - INFO - Accessing: https://doi.org/10.1525/collabra.33267
2025-12-03 13:47:52,913 - INFO - Accessing: https://doi.org/10.1371/journal.pone.0267236
2025-12-03 13:47:56,626 - INFO - Extracted 111973 characters from web
2025-12-03 13:47:56,627 - INFO - Web content extracted for lamuAmalgamRemovalPatients2022: 8000 chars
2025-12-03 13:47:56,628 - INFO - Processed 280/567 entries
2025-12-03 13:47:56,628 - INFO - Accessing: https://doi.org/10.1016/j.jebo.2022.08.006
2025-12-03 13:47:58,918 - INFO - Accessing: https://doi.org/10.1016/j.spasta.2022.100619
2025-12-03 13:48:01,318 - INFO - Accessing: https://doi.org/10.1111/csp2.12732
2025-12-03 13:48:03,531 - INFO - Accessing: https://doi.org/10.3389/fpsyt.2022.835201
2025-12-03 13:48:06,244 - INFO - Extracted 252670 characters from web
2025-12-03 13:48:06,245 - INFO - Web content extracted for lawsonDynamicApproachEconomic2022: 8000 chars
2025-12-03 13:48:06,246 - INFO - Accessing: https://doi.org/10.1093/fpa/orab036
2025-12-03 13:48:08,425 - INFO - Accessing: https://doi.org/10.3389/fncom.2022.1060101
2025-12-03 13:48:11,023 - INFO - Extracted 259024 characters from web
2025-12-03 13:48:11,023 - INFO - Web content extracted for leeImportancePrefrontalMeta2022: 8000 chars
2025-12-03 13:48:11,025 - INFO - Accessing: https://doi.org/10.1371/journal.pbio.3001921
2025-12-03 13:48:14,413 - INFO - Extracted 220162 characters from web
2025-12-03 13:48:14,414 - INFO - Web content extracted for leeThreatManagementPriorities2022: 8000 chars
2025-12-03 13:48:14,415 - INFO - Accessing: https://doi.org/10.1111/csp2.571
2025-12-03 13:48:16,531 - INFO - Accessing: https://doi.org/10.1115/1.4054385
2025-12-03 13:48:18,782 - INFO - Accessing: https://doi.org/10.3390/info13110549
2025-12-03 13:48:20,953 - INFO - Accessing: https://doi.org/10.1111/1365-2664.14203
2025-12-03 13:48:23,295 - INFO - Accessing: https://doi.org/10.1038/s41598-022-11374-7
2025-12-03 13:48:25,927 - INFO - Extracted 205040 characters from web
2025-12-03 13:48:25,928 - INFO - Web content extracted for lewisRiskbenefitAnalysisEmergency2022: 8000 chars
2025-12-03 13:48:25,929 - INFO - Accessing: https://doi.org/10.1111/csp2.12782
2025-12-03 13:48:28,001 - INFO - Accessing: https://doi.org/10.1093/infdis/jiac064
2025-12-03 13:48:30,334 - INFO - Accessing: https://doi.org/10.1016/j.tre.2022.102732
2025-12-03 13:48:33,238 - INFO - Accessing: https://doi.org/10.1016/j.chb.2022.107295
2025-12-03 13:48:35,623 - INFO - Accessing: https://doi.org/10.5194/hess-26-2899-2022
2025-12-03 13:48:38,020 - INFO - Extracted 222787 characters from web
2025-12-03 13:48:38,021 - INFO - Web content extracted for lienertRoleMulticriteriaDecision2022: 8000 chars
2025-12-03 13:48:38,023 - INFO - Accessing: https://doi.org/10.3390/machines10040250
2025-12-03 13:48:40,093 - INFO - Accessing: https://doi.org/10.1016/j.dss.2022.113752
2025-12-03 13:48:42,420 - INFO - Processed 300/567 entries
2025-12-03 13:48:42,421 - INFO - Accessing: https://doi.org/10.1016/j.engappai.2021.104496
2025-12-03 13:48:44,798 - INFO - Accessing: https://doi.org/10.3389/fncom.2022.1048047
2025-12-03 13:48:47,533 - INFO - Extracted 169396 characters from web
2025-12-03 13:48:47,535 - INFO - Web content extracted for lilanIntelligentRecommendationSystem2022: 8000 chars
2025-12-03 13:48:47,536 - INFO - Accessing: https://doi.org/10.1186/s12885-022-09561-w
2025-12-03 13:48:50,217 - INFO - Extracted 232813 characters from web
2025-12-03 13:48:50,218 - INFO - Web content extracted for lindenbergImageguidedNavigationLocally2022: 8000 chars
2025-12-03 13:48:50,219 - INFO - Accessing: https://doi.org/10.1080/09540091.2022.2078279
2025-12-03 13:48:52,393 - INFO - Accessing: https://doi.org/10.1016/j.cosrev.2022.100511
2025-12-03 13:48:54,799 - INFO - Accessing: https://doi.org/10.1016/j.ijdrr.2022.103323
2025-12-03 13:48:57,126 - INFO - Accessing: https://doi.org/10.1016/j.jval.2021.11.568
2025-12-03 13:48:59,512 - INFO - Accessing: https://doi.org/10.1016/j.enconman.2022.115537
2025-12-03 13:49:01,969 - INFO - Accessing: https://doi.org/10.1016/j.arcontrol.2022.03.003
2025-12-03 13:49:04,271 - INFO - Accessing: https://doi.org/10.1115/1.4055088
2025-12-03 13:49:06,429 - INFO - Accessing: https://doi.org/10.1016/j.eswa.2021.116074
2025-12-03 13:49:08,819 - INFO - Accessing: https://doi.org/10.1016/j.eiar.2022.106916
2025-12-03 13:49:11,149 - INFO - Accessing: https://doi.org/10.1111/deci.12486
2025-12-03 13:49:13,372 - INFO - Accessing: https://doi.org/10.1515/erj-2019-0359
2025-12-03 13:49:16,172 - INFO - Extracted 141545 characters from web
2025-12-03 13:49:16,172 - INFO - Web content extracted for liValueCocreationGrowth2022: 8000 chars
2025-12-03 13:49:16,174 - INFO - Processed 320/567 entries
2025-12-03 13:49:16,174 - INFO - Accessing: https://doi.org/10.3390/s22020429
2025-12-03 13:49:18,291 - INFO - Accessing: https://doi.org/10.1287/deca.2022.0460
2025-12-03 13:49:22,013 - INFO - Accessing: https://doi.org/10.1061/(ASCE)WR.1943-5452.0001578
2025-12-03 13:49:24,270 - INFO - Accessing: https://doi.org/10.1016/j.dss.2022.113768
2025-12-03 13:49:26,660 - INFO - Accessing: https://doi.org/10.3389/fpsyg.2022.874639
2025-12-03 13:49:29,517 - INFO - Extracted 168552 characters from web
2025-12-03 13:49:29,518 - INFO - Web content extracted for luoOrganizationalBehaviorGreen2022: 8000 chars
2025-12-03 13:49:29,519 - INFO - Accessing: https://doi.org/10.1016/j.cliser.2022.100313
2025-12-03 13:49:31,853 - INFO - Accessing: https://doi.org/10.1155/2022/1071648
2025-12-03 13:49:34,123 - INFO - Accessing: https://doi.org/10.14573/altex.2201081
2025-12-03 13:49:36,474 - INFO - Accessing: https://doi.org/10.5694/mja2.51696
2025-12-03 13:49:38,691 - INFO - Accessing: https://doi.org/10.1016/j.aime.2022.100086
2025-12-03 13:49:41,086 - INFO - Accessing: https://doi.org/10.1177/0272989X221098409
2025-12-03 13:49:43,323 - INFO - Accessing: https://doi.org/10.1016/j.jval.2021.11.328
2025-12-03 13:49:45,724 - INFO - Accessing: https://doi.org/10.1016/j.marpol.2022.105087
2025-12-03 13:49:48,173 - INFO - Accessing: https://doi.org/10.1080/01944363.2021.1997352
2025-12-03 13:49:50,383 - INFO - Accessing: https://doi.org/10.1016/j.epidem.2022.100588
2025-12-03 13:49:52,772 - INFO - Accessing: https://doi.org/10.1108/JKM-09-2020-0669
2025-12-03 13:49:55,069 - INFO - Accessing: https://doi.org/10.1108/TLO-09-2020-0157
2025-12-03 13:49:57,313 - INFO - Processed 340/567 entries
2025-12-03 13:49:57,313 - INFO - Accessing: https://doi.org/10.1108/JQME-03-2020-0013
2025-12-03 13:49:59,551 - INFO - Accessing: https://doi.org/10.3389/fnbot.2022.864380
2025-12-03 13:50:02,154 - INFO - Extracted 314255 characters from web
2025-12-03 13:50:02,155 - INFO - Web content extracted for massiModelbasedModelfreeReplay2022: 8000 chars
2025-12-03 13:50:02,157 - INFO - Accessing: https://doi.org/10.1175/WCAS-D-22-0019.1
2025-12-03 13:50:04,262 - WARNING - Some characters could not be decoded, and were replaced with REPLACEMENT CHARACTER.
2025-12-03 13:50:04,263 - INFO - Accessing: https://doi.org/10.3389/fenvs.2022.985071
2025-12-03 13:50:06,912 - INFO - Extracted 254061 characters from web
2025-12-03 13:50:06,913 - INFO - Web content extracted for maWouldInformationAcquisition2022: 8000 chars
2025-12-03 13:50:06,914 - INFO - Accessing: https://doi.org/10.1371/journal.pcbi.1010485
2025-12-03 13:50:11,234 - INFO - Extracted 126846 characters from web
2025-12-03 13:50:11,236 - INFO - Web content extracted for mcandrewExpertJudgmentModel2022: 8000 chars
2025-12-03 13:50:11,237 - INFO - Accessing: https://doi.org/10.1016/j.envsci.2022.02.009
2025-12-03 13:50:13,621 - INFO - Accessing: https://doi.org/10.1080/19466315.2021.1918236
2025-12-03 13:50:15,782 - INFO - Accessing: https://doi.org/10.1371/journal.pone.0264428
2025-12-03 13:50:18,823 - INFO - Extracted 203451 characters from web
2025-12-03 13:50:18,825 - INFO - Web content extracted for meinertHowExpertiseHeuristic2022: 8000 chars
2025-12-03 13:50:18,826 - INFO - Accessing: https://doi.org/10.1186/s12913-022-08214-9
2025-12-03 13:50:21,473 - INFO - Extracted 157424 characters from web
2025-12-03 13:50:21,474 - INFO - Web content extracted for mereszCriticalAssessmentFramework2022: 8000 chars
2025-12-03 13:50:21,476 - INFO - Accessing: https://doi.org/10.1080/14778238.2022.2113345
2025-12-03 13:50:23,575 - INFO - Accessing: https://doi.org/10.1111/tbed.14576
2025-12-03 13:50:25,791 - INFO - Accessing: https://doi.org/10.1080/00207543.2021.1896817
2025-12-03 13:50:28,016 - INFO - Accessing: https://doi.org/10.1016/j.jenvman.2022.114453
2025-12-03 13:50:30,322 - INFO - Accessing: https://doi.org/10.1111/ijcs.12814
2025-12-03 13:50:32,537 - INFO - Accessing: https://doi.org/10.1016/j.petrol.2021.109473
2025-12-03 13:50:34,841 - INFO - Accessing: https://doi.org/10.1029/2021EF002239
2025-12-03 13:50:36,982 - INFO - Processed 360/567 entries
2025-12-03 13:50:36,983 - INFO - Accessing: https://doi.org/10.20525/ijrbs.v11i3.1738
2025-12-03 13:50:40,782 - INFO - Extracted 38723 characters from web
2025-12-03 13:50:40,783 - INFO - Web content extracted for mpangaseUnderstandingImpactPolicy2022: 8000 chars
2025-12-03 13:50:40,785 - INFO - Accessing: https://doi.org/10.1155/2022/5140939
2025-12-03 13:50:42,903 - INFO - Accessing: https://doi.org/10.1161/JAHA.121.025236
2025-12-03 13:50:45,169 - INFO - Accessing: https://doi.org/10.1177/23197145211059243
2025-12-03 13:50:47,321 - INFO - Accessing: https://doi.org/10.1007/s11205-022-02952-3
2025-12-03 13:50:50,031 - INFO - Extracted 177047 characters from web
2025-12-03 13:50:50,032 - INFO - Web content extracted for musellaBayesianNetworkModel2022: 8000 chars
2025-12-03 13:50:50,034 - INFO - Accessing: https://doi.org/10.1016/j.jval.2021.11.327
2025-12-03 13:50:52,336 - INFO - Accessing: https://doi.org/10.1016/j.landurbplan.2022.104586
2025-12-03 13:50:54,665 - INFO - Accessing: https://doi.org/10.1016/j.technovation.2021.102364
2025-12-03 13:50:57,006 - INFO - Accessing: https://doi.org/10.1007/s11027-021-09992-z
2025-12-03 13:50:59,555 - INFO - Extracted 346567 characters from web
2025-12-03 13:50:59,556 - INFO - Web content extracted for netterAgroforestryReforestationGold2022d: 8000 chars
2025-12-03 13:50:59,558 - INFO - Accessing: https://doi.org/10.1002/2688-8319.12186
2025-12-03 13:51:01,721 - INFO - Accessing: https://doi.org/10.25300/MISQ/2022/16609
2025-12-03 13:51:04,044 - INFO - Accessing: https://doi.org/10.1016/j.eswa.2022.117092
2025-12-03 13:51:06,361 - INFO - Accessing: https://doi.org/10.1016/j.rineng.2022.100761
2025-12-03 13:51:08,685 - INFO - Accessing: https://doi.org/10.1016/j.ress.2022.108321
2025-12-03 13:51:11,011 - INFO - Accessing: https://doi.org/10.5194/hess-26-4033-2022
2025-12-03 13:51:13,419 - INFO - Extracted 155583 characters from web
2025-12-03 13:51:13,419 - INFO - Web content extracted for ohmerSpatiotemporalOptimizationGroundwater2022: 8000 chars
2025-12-03 13:51:13,420 - INFO - Processed 380/567 entries
2025-12-03 13:51:13,420 - INFO - Accessing: https://doi.org/10.1080/15623599.2020.1774837
2025-12-03 13:51:15,545 - INFO - Accessing: https://doi.org/10.1108/JABS-09-2020-0371
2025-12-03 13:51:17,776 - INFO - Accessing: https://doi.org/10.1007/s10479-021-04136-7
2025-12-03 13:51:20,567 - INFO - Extracted 338193 characters from web
2025-12-03 13:51:20,569 - INFO - Web content extracted for papanagnouMeasuringEliminatingBullwhip2022: 8000 chars
2025-12-03 13:51:20,570 - INFO - Accessing: https://doi.org/10.1016/j.ecolmodel.2022.109879
2025-12-03 13:51:22,874 - INFO - Accessing: https://doi.org/10.1016/j.jlp.2021.104669
2025-12-03 13:51:25,171 - INFO - Accessing: https://doi.org/10.1007/s40273-022-01176-0
2025-12-03 13:51:27,903 - INFO - Extracted 56098 characters from web
2025-12-03 13:51:27,903 - INFO - Web content extracted for patakyToolsEconomicEvaluation2022: 8000 chars
2025-12-03 13:51:27,904 - INFO - Accessing: https://doi.org/10.3389/fpsyt.2022.1028156
2025-12-03 13:51:30,474 - INFO - Extracted 232097 characters from web
2025-12-03 13:51:30,476 - INFO - Web content extracted for patersonDevelopmentDeliveryCost2022: 8000 chars
2025-12-03 13:51:30,477 - INFO - Accessing: https://doi.org/10.1016/j.euroecorev.2021.103965
2025-12-03 13:51:33,739 - INFO - Accessing: https://doi.org/10.1287/mksc.2021.1322
2025-12-03 13:51:35,965 - INFO - Accessing: https://doi.org/10.1002/eap.2628
2025-12-03 13:51:38,216 - INFO - Accessing: https://doi.org/10.1056/NEJMp2202828
2025-12-03 13:51:40,573 - INFO - Accessing: https://doi.org/10.1016/j.ijforecast.2021.11.001
2025-12-03 13:51:42,937 - INFO - Accessing: https://doi.org/10.1016/j.jval.2022.09.309
2025-12-03 13:51:45,408 - INFO - Accessing: https://doi.org/10.1080/17499518.2022.2025541
2025-12-03 13:51:47,623 - INFO - Processed 400/567 entries
2025-12-03 13:51:47,624 - INFO - Accessing: https://doi.org/10.3389/fenvs.2022.805165
2025-12-03 13:51:50,335 - INFO - Extracted 137843 characters from web
2025-12-03 13:51:50,336 - INFO - Web content extracted for pindilliWhatsItWorth2022: 8000 chars
2025-12-03 13:51:50,338 - INFO - Accessing: https://doi.org/10.1108/JFRA-12-2021-0443
2025-12-03 13:51:52,544 - INFO - Accessing: https://doi.org/10.3390/su14106115
2025-12-03 13:51:54,779 - INFO - Accessing: https://doi.org/10.1016/j.jval.2022.09.310
2025-12-03 13:51:57,180 - INFO - Accessing: https://doi.org/10.1007/s00199-020-01328-3
2025-12-03 13:52:00,491 - INFO - Extracted 36148 characters from web
2025-12-03 13:52:00,492 - INFO - Web content extracted for pourbabaeeRobustExperimentationContinuous2022: 8000 chars
2025-12-03 13:52:00,494 - INFO - Accessing: https://doi.org/10.1115/1.4054384
2025-12-03 13:52:02,675 - INFO - Accessing: https://doi.org/10.1007/s10479-020-03523-w
2025-12-03 13:52:05,428 - INFO - Extracted 106132 characters from web
2025-12-03 13:52:05,430 - INFO - Web content extracted for prasadMigrantSupplyChain2022: 8000 chars
2025-12-03 13:52:05,431 - INFO - Accessing: https://doi.org/10.1111/risa.13810
2025-12-03 13:52:07,568 - INFO - Accessing: https://doi.org/10.1111/csp2.546
2025-12-03 13:52:09,739 - INFO - Accessing: https://doi.org/10.1016/j.jii.2021.100263
2025-12-03 13:52:12,054 - INFO - Accessing: https://doi.org/10.2217/rme-2021-0083
2025-12-03 13:52:14,286 - INFO - Accessing: https://doi.org/10.3389/fpubh.2022.773629
2025-12-03 13:52:16,971 - INFO - Extracted 128052 characters from web
2025-12-03 13:52:16,973 - INFO - Web content extracted for qiuGeneTherapyEvidence2022: 8000 chars
2025-12-03 13:52:16,974 - INFO - Accessing: https://doi.org/10.3389/fpubh.2022.1010702
2025-12-03 13:52:19,616 - INFO - Extracted 207521 characters from web
2025-12-03 13:52:19,617 - INFO - Web content extracted for ramponiAssessingPotentialHTA2022: 8000 chars
2025-12-03 13:52:19,619 - INFO - Accessing: https://doi.org/10.1007/s13164-022-00657-7
2025-12-03 13:52:22,077 - INFO - Extracted 285602 characters from web
2025-12-03 13:52:22,078 - INFO - Web content extracted for rigoliDeconstructingConspiratorialMind2022: 8000 chars
2025-12-03 13:52:22,079 - INFO - Processed 420/567 entries
2025-12-03 13:52:22,079 - INFO - Accessing: https://doi.org/10.1108/IJLM-01-2021-0044
2025-12-03 13:52:24,218 - INFO - Accessing: https://doi.org/10.1002/aic.17563
2025-12-03 13:52:26,392 - INFO - Accessing: https://doi.org/10.3354/esr01197
2025-12-03 13:52:28,606 - WARNING - Request failed for https://doi.org/10.3354/esr01197: 401 Client Error: Unauthorized for url: https://www.int-res.com/abstracts/esr/v48/p225-234
2025-12-03 13:52:28,608 - INFO - Accessing: https://doi.org/10.1504/IJISM.2022.121938
2025-12-03 13:52:30,926 - INFO - Accessing: https://doi.org/10.1111/poms.13660
2025-12-03 13:52:33,110 - INFO - Accessing: https://doi.org/10.1007/s11119-022-09909-z
2025-12-03 13:52:39,620 - INFO - Extracted 358025 characters from web
2025-12-03 13:52:39,622 - INFO - Web content extracted for ruettAssessingExpectedUtility2022a: 8000 chars
2025-12-03 13:52:39,623 - INFO - Accessing: https://doi.org/10.1016/j.ress.2022.108785
2025-12-03 13:52:42,529 - INFO - Accessing: https://doi.org/10.14505/jemt.v13.5(61).11
2025-12-03 13:52:45,440 - INFO - Extracted 44505 characters from web
2025-12-03 13:52:45,440 - INFO - Web content extracted for saehuEnvironmentalAwarenessEnvironmental2022: 8000 chars
2025-12-03 13:52:45,443 - INFO - Accessing: https://doi.org/10.1016/j.jval.2022.09.038
2025-12-03 13:52:47,807 - INFO - Accessing: https://doi.org/10.1016/j.eswa.2021.116385
2025-12-03 13:52:51,167 - INFO - Accessing: https://doi.org/10.1007/s40258-022-00730-3
2025-12-03 13:52:53,959 - INFO - Extracted 413892 characters from web
2025-12-03 13:52:53,960 - INFO - Web content extracted for sampsonSupplysideCosteffectivenessThresholds2022: 8000 chars
2025-12-03 13:52:53,962 - INFO - Accessing: https://doi.org/10.3390/buildings12020124
2025-12-03 13:52:56,103 - INFO - Accessing: https://doi.org/10.1016/j.cie.2022.108010
2025-12-03 13:52:58,589 - INFO - Accessing: https://doi.org/10.1155/2022/6358562
2025-12-03 13:53:00,821 - INFO - Accessing: https://doi.org/10.1080/15732479.2021.1899249
2025-12-03 13:53:03,036 - INFO - Accessing: https://doi.org/10.1080/0951192X.2021.1972471
2025-12-03 13:53:05,263 - INFO - Processed 440/567 entries
2025-12-03 13:53:05,263 - INFO - Accessing: https://doi.org/10.1038/s41573-022-00552-x
2025-12-03 13:53:08,119 - INFO - Extracted 220962 characters from web
2025-12-03 13:53:08,120 - INFO - Web content extracted for scannellPredictiveValidityDrug2022: 8000 chars
2025-12-03 13:53:08,121 - INFO - Accessing: https://doi.org/10.1016/j.ifacol.2022.09.427
2025-12-03 13:53:10,392 - INFO - Accessing: https://doi.org/10.3390/su14031624
2025-12-03 13:53:12,623 - INFO - Accessing: https://doi.org/10.3391/mbi.2022.13.2.06
2025-12-03 13:53:16,686 - INFO - Extracted 22447 characters from web
2025-12-03 13:53:16,686 - INFO - Web content extracted for sepulvedaUsingStructuredDecision2022: 8000 chars
2025-12-03 13:53:16,688 - INFO - Accessing: https://doi.org/10.1016/j.epidem.2022.100612
2025-12-03 13:53:19,102 - INFO - Accessing: https://doi.org/10.1080/14786451.2021.2024830
2025-12-03 13:53:21,251 - INFO - Accessing: https://doi.org/10.1016/j.scs.2022.103875
2025-12-03 13:53:23,650 - INFO - Accessing: https://doi.org/10.3310/KSRS2009
2025-12-03 13:53:25,801 - INFO - Accessing: https://doi.org/10.1016/j.jtte.2022.10.001
2025-12-03 13:53:28,202 - INFO - Accessing: https://doi.org/10.1007/s40273-021-01108-4
2025-12-03 13:53:30,945 - INFO - Extracted 62891 characters from web
2025-12-03 13:53:30,945 - INFO - Web content extracted for shieldsFactorsLimitingSubgroup2022: 8000 chars
2025-12-03 13:53:30,946 - INFO - Accessing: https://doi.org/10.1093/jncimonographs/lgac008
2025-12-03 13:53:33,147 - INFO - Accessing: https://doi.org/10.1109/TEM.2020.3038867
2025-12-03 13:53:36,061 - INFO - Accessing: https://doi.org/10.1080/15732479.2020.1857795
2025-12-03 13:53:38,251 - INFO - Processed 460/567 entries
2025-12-03 13:53:38,251 - INFO - Accessing: https://doi.org/10.1371/journal.pone.0275270
2025-12-03 13:53:41,591 - INFO - Extracted 139532 characters from web
2025-12-03 13:53:41,593 - INFO - Web content extracted for smithSimulationModelsSugary2022: 8000 chars
2025-12-03 13:53:41,594 - INFO - Accessing: https://doi.org/10.1016/j.jmp.2021.102632
2025-12-03 13:53:43,841 - INFO - Accessing: https://doi.org/10.1186/s43058-022-00330-1
2025-12-03 13:53:46,779 - INFO - Extracted 299568 characters from web
2025-12-03 13:53:46,780 - INFO - Web content extracted for smithUsingDecisionAnalysis2022: 8000 chars
2025-12-03 13:53:46,781 - INFO - Accessing: https://doi.org/10.1186/s12912-022-01047-1
2025-12-03 13:53:49,546 - INFO - Extracted 307349 characters from web
2025-12-03 13:53:49,548 - INFO - Web content extracted for sondergaardMensPerceptionInformation2022: 8000 chars
2025-12-03 13:53:49,549 - INFO - Accessing: https://doi.org/10.1016/j.jval.2022.09.311
2025-12-03 13:53:51,840 - INFO - Accessing: https://doi.org/10.1111/csp2.12758
2025-12-03 13:53:53,987 - INFO - Accessing: https://doi.org/10.1111/poms.13553
2025-12-03 13:53:56,173 - INFO - Accessing: https://doi.org/10.1093/jfr/fjac001
2025-12-03 13:53:58,393 - INFO - Accessing: https://doi.org/10.1061/(ASCE)NH.1527-6996.0000535
2025-12-03 13:54:00,603 - INFO - Accessing: https://doi.org/10.1017/dsj.2022.7
2025-12-03 13:54:03,638 - INFO - Extracted 527522 characters from web
2025-12-03 13:54:03,638 - INFO - Web content extracted for szajnfarberSolverawareSystemsArchitecting2022: 8000 chars
2025-12-03 13:54:03,639 - INFO - Accessing: https://doi.org/10.1007/s11356-022-22147-0
2025-12-03 13:54:06,501 - INFO - Extracted 78096 characters from web
2025-12-03 13:54:06,502 - INFO - Web content extracted for taheriHeuristicbasedHybridAlgorithm2022: 8000 chars
2025-12-03 13:54:06,503 - INFO - Accessing: https://doi.org/10.1108/IMDS-03-2021-0190
2025-12-03 13:54:08,669 - INFO - Accessing: https://doi.org/10.19040/ECOCYCLES.V8I1.220
2025-12-03 13:54:11,277 - INFO - Extracted 11368 characters from web
2025-12-03 13:54:11,277 - INFO - Web content extracted for takacs-gyorgyClimateSmartAgriculture2022: 8000 chars
2025-12-03 13:54:11,279 - INFO - Accessing: https://doi.org/10.18960/seitai.72.2_109
2025-12-03 13:54:18,505 - INFO - Extracted 1286 characters from web
2025-12-03 13:54:18,507 - INFO - Web content extracted for takeuchiEcologyAgeClimate2022: 1286 chars
2025-12-03 13:54:18,508 - INFO - Processed 480/567 entries
2025-12-03 13:54:18,508 - INFO - Accessing: https://doi.org/10.1007/s10846-022-01776-0
2025-12-03 13:54:21,296 - INFO - Extracted 172293 characters from web
2025-12-03 13:54:21,298 - INFO - Web content extracted for tanEnhancingRobotTask2022: 8000 chars
2025-12-03 13:54:21,299 - INFO - Accessing: https://doi.org/10.3389/fenvs.2022.788843
2025-12-03 13:54:24,088 - INFO - Extracted 213045 characters from web
2025-12-03 13:54:24,089 - INFO - Web content extracted for tassaOnGoingEuropeanSpace2022: 8000 chars
2025-12-03 13:54:24,090 - INFO - Accessing: https://doi.org/10.1097/HS9.0000000000000679
2025-12-03 13:54:26,280 - INFO - Accessing: https://doi.org/10.1016/j.jenvman.2022.116052
2025-12-03 13:54:29,195 - INFO - Accessing: https://doi.org/10.1080/10408398.2021.1915240
2025-12-03 13:54:31,343 - INFO - Accessing: https://doi.org/10.1007/s12517-022-10324-x
2025-12-03 13:54:34,074 - INFO - Extracted 73595 characters from web
2025-12-03 13:54:34,075 - INFO - Web content extracted for tiwariGeospatialAnalysisLand2022: 8000 chars
2025-12-03 13:54:34,076 - INFO - Accessing: https://doi.org/10.1002/hec.4600
2025-12-03 13:54:36,292 - INFO - Accessing: https://doi.org/10.3390/w14091460
2025-12-03 13:54:38,517 - INFO - Accessing: https://doi.org/10.5194/nhess-22-795-2022
2025-12-03 13:54:40,888 - INFO - Extracted 187681 characters from web
2025-12-03 13:54:40,889 - INFO - Web content extracted for tubaldiInvitedPerspectivesChallenges2022: 8000 chars
2025-12-03 13:54:40,890 - INFO - Accessing: https://doi.org/10.1002/ece3.9173
2025-12-03 13:54:43,042 - INFO - Accessing: https://doi.org/10.1145/3510380
2025-12-03 13:54:45,317 - INFO - Accessing: https://doi.org/10.1016/j.advengsoft.2022.103246
2025-12-03 13:54:47,697 - INFO - Accessing: https://doi.org/10.1093/biosci/biab099
2025-12-03 13:54:49,928 - INFO - Accessing: https://doi.org/10.1016/j.ijinfomgt.2021.102440
2025-12-03 13:54:52,258 - INFO - Accessing: https://doi.org/10.1016/j.jhydrol.2021.127313
2025-12-03 13:54:54,651 - INFO - Accessing: https://doi.org/10.1016/j.ecolecon.2021.107220
2025-12-03 13:54:57,127 - INFO - Accessing: https://doi.org/10.1111/birt.12623
2025-12-03 13:54:59,359 - INFO - Accessing: https://doi.org/10.1080/00036846.2021.1998327
2025-12-03 13:55:01,513 - INFO - Accessing: https://doi.org/10.1177/0272989X211068019
2025-12-03 13:55:03,699 - INFO - Processed 500/567 entries
2025-12-03 13:55:03,700 - INFO - Accessing: https://doi.org/10.1080/15732479.2021.1876740
2025-12-03 13:55:05,855 - INFO - Accessing: https://doi.org/10.3390/su14105995
2025-12-03 13:55:08,086 - INFO - Accessing: https://doi.org/10.1007/s40273-021-01081-y
2025-12-03 13:55:10,912 - INFO - Extracted 281150 characters from web
2025-12-03 13:55:10,912 - INFO - Web content extracted for visserPotentialCosteffectivenessCellbased2022: 8000 chars
2025-12-03 13:55:10,914 - INFO - Accessing: https://doi.org/10.18178/ijiet.2022.12.2.1599
2025-12-03 13:55:14,487 - INFO - Extracted 5468 characters from web
2025-12-03 13:55:14,487 - INFO - Web content extracted for wahyuniAHPbasedEvaluationMethod2022: 5468 chars
2025-12-03 13:55:14,489 - INFO - Accessing: https://doi.org/10.1177/0272989X211016427
2025-12-03 13:55:17,748 - INFO - Accessing: https://doi.org/10.1109/TCDS.2020.3035778
2025-12-03 13:55:20,851 - INFO - Accessing: https://doi.org/10.1080/23302674.2020.1859157
2025-12-03 13:55:23,044 - INFO - Accessing: https://doi.org/10.1108/APJML-01-2021-0054
2025-12-03 13:55:25,618 - INFO - Accessing: https://doi.org/10.1016/j.asoc.2022.109769
2025-12-03 13:55:28,475 - INFO - Accessing: https://doi.org/10.1108/MD-09-2020-1203
2025-12-03 13:55:30,727 - INFO - Accessing: https://doi.org/10.1002/wcs.1581
2025-12-03 13:55:33,003 - INFO - Accessing: https://doi.org/10.1016/j.jretconser.2022.103038
2025-12-03 13:55:35,327 - INFO - Accessing: https://doi.org/10.1186/s12962-022-00342-7
2025-12-03 13:55:37,994 - INFO - Extracted 279970 characters from web
2025-12-03 13:55:37,994 - INFO - Web content extracted for wangSystematicReviewEvidence2022: 8000 chars
2025-12-03 13:55:37,995 - INFO - Accessing: https://doi.org/10.1007/s00500-022-07369-1
2025-12-03 13:55:40,651 - INFO - Extracted 62743 characters from web
2025-12-03 13:55:40,652 - INFO - Web content extracted for weihongOnlineWebsitePrivacy2022: 8000 chars
2025-12-03 13:55:40,653 - INFO - Accessing: https://doi.org/10.1016/j.clinthera.2021.11.002
2025-12-03 13:55:44,421 - INFO - Processed 520/567 entries
2025-12-03 13:55:44,421 - INFO - Accessing: https://doi.org/10.1177/0272989X211037921
2025-12-03 13:55:46,574 - INFO - Accessing: https://doi.org/10.1016/j.jval.2022.09.036
2025-12-03 13:55:48,959 - INFO - Accessing: https://doi.org/10.1177/87569728221114002
2025-12-03 13:55:51,124 - INFO - Accessing: https://doi.org/10.3390/earth3010007
2025-12-03 13:55:53,281 - INFO - Accessing: https://doi.org/10.1186/s13063-022-06244-6
2025-12-03 13:55:55,907 - INFO - Extracted 215542 characters from web
2025-12-03 13:55:55,908 - INFO - Web content extracted for williamsCosteffectivenessValueInformation2022: 8000 chars
2025-12-03 13:55:55,910 - INFO - Accessing: https://doi.org/10.1016/j.ecolmodel.2022.110058
2025-12-03 13:55:58,160 - INFO - Accessing: https://doi.org/10.1016/j.ecolmodel.2021.109821
2025-12-03 13:56:00,498 - INFO - Accessing: https://doi.org/10.1016/j.dss.2022.113847
2025-12-03 13:56:02,817 - INFO - Accessing: https://doi.org/10.1016/j.techfore.2022.122019
2025-12-03 13:56:05,138 - INFO - Accessing: https://doi.org/10.6226/NTUMR.202212_32(3).0004
2025-12-03 13:56:12,249 - INFO - Extracted 1352 characters from web
2025-12-03 13:56:12,249 - INFO - Web content extracted for wuHowSystemIntegrators2022: 1352 chars
2025-12-03 13:56:12,250 - INFO - Accessing: https://doi.org/10.1016/j.jclepro.2022.131331
2025-12-03 13:56:14,649 - INFO - Accessing: https://doi.org/10.1108/JEIM-02-2021-0104
2025-12-03 13:56:16,860 - INFO - Accessing: https://doi.org/10.1016/j.jedc.2022.104331
2025-12-03 13:56:19,180 - INFO - Accessing: https://doi.org/10.16097/j.cnki.1009-6744.2022.03.008
2025-12-03 13:56:23,298 - INFO - Accessing: https://doi.org/10.1142/S0219686722500275
2025-12-03 13:56:25,537 - INFO - Accessing: https://doi.org/10.1108/BIJ-01-2021-0061
2025-12-03 13:56:27,716 - INFO - Accessing: https://doi.org/10.1155/2022/5622757
2025-12-03 13:56:29,962 - INFO - Accessing: https://doi.org/10.1061/(ASCE)EM.1943-7889.0002028
2025-12-03 13:56:32,148 - INFO - Accessing: https://doi.org/10.1016/j.ejor.2022.02.033
2025-12-03 13:56:34,528 - INFO - Processed 540/567 entries
2025-12-03 13:56:34,528 - INFO - Accessing: https://doi.org/10.3389/fonc.2022.987546
2025-12-03 13:56:37,167 - INFO - Extracted 148411 characters from web
2025-12-03 13:56:37,168 - INFO - Web content extracted for yeoEarlyEconomicModeling2022: 8000 chars
2025-12-03 13:56:37,170 - INFO - Accessing: https://doi.org/10.1016/j.jval.2022.09.382
2025-12-03 13:56:39,426 - INFO - Accessing: https://doi.org/10.1142/S0219877022500262
2025-12-03 13:56:41,652 - INFO - Accessing: https://doi.org/10.2478/amns.2022.1.00001
2025-12-03 13:56:44,560 - INFO - Extracted 3112 characters from web
2025-12-03 13:56:44,560 - INFO - Web content extracted for yujiePerformanceEvaluationCollege2022: 3112 chars
2025-12-03 13:56:44,562 - INFO - Accessing: https://doi.org/10.1111/risa.13826
2025-12-03 13:56:46,768 - INFO - Accessing: https://doi.org/10.1016/j.jenvman.2022.115659
2025-12-03 13:56:49,199 - INFO - Accessing: https://doi.org/10.1016/j.trc.2022.103866
2025-12-03 13:56:51,559 - INFO - Accessing: https://doi.org/10.1016/j.techfore.2021.121435
2025-12-03 13:56:53,941 - INFO - Accessing: https://doi.org/10.1515/jisys-2022-0064
2025-12-03 13:56:56,923 - INFO - Extracted 162929 characters from web
2025-12-03 13:56:56,925 - INFO - Web content extracted for zhangDeepLearningTechnology2022: 8000 chars
2025-12-03 13:56:56,926 - INFO - Accessing: https://doi.org/10.1016/j.techfore.2022.121570
2025-12-03 13:56:59,279 - INFO - Accessing: https://doi.org/10.1016/j.tourman.2021.104415
2025-12-03 13:57:01,669 - INFO - Accessing: https://doi.org/10.3390/su141811596
2025-12-03 13:57:03,899 - INFO - Accessing: https://doi.org/10.3390/ijerph19073878
2025-12-03 13:57:06,103 - INFO - Accessing: https://doi.org/10.1016/j.erss.2022.102839
2025-12-03 13:57:08,475 - INFO - Processed 560/567 entries
2025-12-03 13:57:08,475 - INFO - Accessing: https://doi.org/10.1177/0272989X221105079
2025-12-03 13:57:10,720 - INFO - Accessing: https://doi.org/10.1371/journal.pone.0271194
2025-12-03 13:57:14,358 - INFO - Extracted 172987 characters from web
2025-12-03 13:57:14,359 - INFO - Web content extracted for zhongSustainableSupplyChain2022: 8000 chars
2025-12-03 13:57:14,360 - INFO - Accessing: https://doi.org/10.1002/jwmg.22158
2025-12-03 13:57:16,465 - INFO - Accessing: https://doi.org/10.24874/IJQR16.04-21
2025-12-03 13:57:19,079 - INFO - Accessing: https://doi.org/10.1111/risa.13846
2025-12-03 13:57:21,301 - INFO - Accessing: https://doi.org/10.3390/math10091462
2025-12-03 13:57:23,433 - INFO - Accessing: https://doi.org/10.1007/s10100-021-00761-6
2025-12-03 13:57:26,255 - INFO - Extracted 222273 characters from web
2025-12-03 13:57:26,255 - INFO - Web content extracted for zweifelPreferenceMeasurementHealth2022: 8000 chars
2025-12-03 13:57:26,690 - INFO - Processing papers_2023.bib: 507 entries
2025-12-03 13:57:26,690 - INFO - Accessing: https://doi.org/10.1111/jbl.12333
2025-12-03 13:57:28,337 - INFO - Accessing: https://doi.org/10.1007/s12063-022-00337-w
2025-12-03 13:57:31,148 - INFO - Extracted 95576 characters from web
2025-12-03 13:57:31,149 - INFO - Web content extracted for adaryaniInformationSharingAntecedents2023: 8000 chars
2025-12-03 13:57:31,151 - INFO - Accessing: https://doi.org/10.1080/0144929X.2022.2093273
2025-12-03 13:57:33,255 - INFO - Accessing: https://doi.org/10.1080/17452007.2021.1881879
2025-12-03 13:57:35,457 - INFO - Accessing: https://doi.org/10.1108/IJMF-11-2021-0554
2025-12-03 13:57:37,664 - INFO - Accessing: https://doi.org/10.1108/BPMJ-08-2022-0368
2025-12-03 13:57:39,920 - INFO - Accessing: https://doi.org/10.3390/en16062816
2025-12-03 13:57:42,079 - INFO - Accessing: https://doi.org/10.1016/j.radonc.2022.11.006
2025-12-03 13:57:46,296 - INFO - Accessing: https://doi.org/10.1080/23311975.2023.2195028
2025-12-03 13:57:48,508 - INFO - Accessing: https://doi.org/10.1007/s43762-023-00090-1
2025-12-03 13:57:51,182 - INFO - Extracted 408441 characters from web
2025-12-03 13:57:51,182 - INFO - Web content extracted for alizadehScalableFloodInundation2023: 8000 chars
2025-12-03 13:57:51,184 - INFO - Accessing: https://doi.org/10.3390/risks11030058
2025-12-03 13:57:53,284 - INFO - Accessing: https://doi.org/10.1016/j.habitatint.2022.102730
2025-12-03 13:57:55,657 - INFO - Accessing: https://doi.org/10.7590/187479823X16970258030172
2025-12-03 13:57:58,913 - INFO - Extracted 5052 characters from web
2025-12-03 13:57:58,914 - INFO - Web content extracted for almadaAutomatedUncertaintyResearch2023: 5052 chars
2025-12-03 13:57:58,915 - INFO - Accessing: https://doi.org/10.3390/su15129233
2025-12-03 13:58:01,202 - INFO - Accessing: https://doi.org/10.1080/23322039.2022.2161773
2025-12-03 13:58:03,423 - INFO - Processed 20/507 entries
2025-12-03 13:58:03,423 - INFO - Accessing: https://doi.org/10.1108/IJLM-05-2021-0305
2025-12-03 13:58:05,685 - INFO - Accessing: https://doi.org/10.3390/su15097623
2025-12-03 13:58:07,916 - INFO - Accessing: https://doi.org/10.3389/fvets.2023.1231711
2025-12-03 13:58:11,098 - INFO - Extracted 379840 characters from web
2025-12-03 13:58:11,100 - INFO - Web content extracted for amenuApproachesDiseasePrioritization2023: 8000 chars
2025-12-03 13:58:11,101 - INFO - Accessing: https://doi.org/10.1007/s11276-023-03568-2
2025-12-03 13:58:13,847 - INFO - Extracted 83208 characters from web
2025-12-03 13:58:13,847 - INFO - Web content extracted for ameurCooperativeParkingSearch2023: 8000 chars
2025-12-03 13:58:13,849 - INFO - Accessing: https://doi.org/10.1016/j.ijindorg.2023.102926
2025-12-03 13:58:16,171 - INFO - Accessing: https://doi.org/10.1145/3580887
2025-12-03 13:58:18,414 - INFO - Accessing: https://doi.org/10.47747/jbm.v1i1.956
2025-12-03 13:58:24,545 - INFO - Extracted 40616 characters from web
2025-12-03 13:58:24,545 - INFO - Web content extracted for anvariGreenClosedLoop2023: 8000 chars
2025-12-03 13:58:24,548 - INFO - Accessing: https://doi.org/10.1016/j.csda.2022.107643
2025-12-03 13:58:26,857 - INFO - Accessing: https://doi.org/10.1108/LBSJMR-09-2022-0052
2025-12-03 13:58:29,120 - INFO - Accessing: https://doi.org/10.1016/j.jhydrol.2023.130398
2025-12-03 13:58:31,524 - INFO - Accessing: https://doi.org/10.1016/j.indmarman.2023.11.003
2025-12-03 13:58:33,898 - INFO - Accessing: https://doi.org/10.1007/s11269-022-03359-y
2025-12-03 13:58:36,899 - INFO - Extracted 67035 characters from web
2025-12-03 13:58:36,900 - INFO - Web content extracted for bahramiOptimalTreatedWastewater2023: 8000 chars
2025-12-03 13:58:36,902 - INFO - Accessing: https://doi.org/10.1086/724322
2025-12-03 13:58:39,086 - INFO - Accessing: https://doi.org/10.1111/nhs.13051
2025-12-03 13:58:41,232 - INFO - Accessing: https://doi.org/10.1007/s10526-023-10181-x
2025-12-03 13:58:44,568 - INFO - Extracted 236927 characters from web
2025-12-03 13:58:44,569 - INFO - Web content extracted for barrattCharacterisingUncertaintyRisk2023: 8000 chars
2025-12-03 13:58:44,571 - INFO - Accessing: https://doi.org/10.1016/j.artint.2022.103844
2025-12-03 13:58:46,913 - INFO - Processed 40/507 entries
2025-12-03 13:58:46,914 - INFO - Accessing: https://doi.org/10.1016/j.jclepro.2023.136437
2025-12-03 13:58:49,301 - INFO - Accessing: https://doi.org/10.1007/s10479-023-05624-8
2025-12-03 13:58:51,941 - INFO - Extracted 150324 characters from web
2025-12-03 13:58:51,943 - INFO - Web content extracted for behlRolePlayedResponsible2023: 8000 chars
2025-12-03 13:58:51,944 - INFO - Accessing: https://doi.org/10.1016/j.healthpol.2022.12.006
2025-12-03 13:58:54,211 - INFO - Accessing: https://doi.org/10.1109/ACCESS.2023.3315588
2025-12-03 13:58:56,890 - INFO - Accessing: https://doi.org/10.1016/j.heliyon.2023.e14893
2025-12-03 13:58:59,174 - INFO - Accessing: https://doi.org/10.3390/jcm12041422
2025-12-03 13:59:01,413 - INFO - Accessing: https://doi.org/10.3389/frai.2023.1014561
2025-12-03 13:59:04,261 - INFO - Extracted 269810 characters from web
2025-12-03 13:59:04,261 - INFO - Web content extracted for blumlAlphaZeAlphaZerolikeBaselines2023: 8000 chars
2025-12-03 13:59:04,263 - INFO - Accessing: https://doi.org/10.1016/j.foodpol.2023.102435
2025-12-03 13:59:06,555 - INFO - Accessing: https://doi.org/10.1016/j.frl.2022.103376
2025-12-03 13:59:08,890 - INFO - Accessing: https://doi.org/10.3389/fsufs.2023.1270331
2025-12-03 13:59:11,410 - INFO - Extracted 203573 characters from web
2025-12-03 13:59:11,412 - INFO - Web content extracted for boonkongChineseThaiConsumers2023: 8000 chars
2025-12-03 13:59:11,413 - INFO - Accessing: https://doi.org/10.1017/dap.2023.12
2025-12-03 13:59:14,241 - INFO - Extracted 346792 characters from web
2025-12-03 13:59:14,242 - INFO - Web content extracted for borowitzExaminingValueSatellite2023: 8000 chars
2025-12-03 13:59:14,243 - INFO - Accessing: https://doi.org/10.1371/journal.pone.0282906
2025-12-03 13:59:17,375 - INFO - Extracted 98458 characters from web
2025-12-03 13:59:17,377 - INFO - Web content extracted for borrePotentialCosteffectivenessNovel2023: 8000 chars
2025-12-03 13:59:17,378 - INFO - Accessing: https://doi.org/10.1007/s40258-022-00774-5
2025-12-03 13:59:20,371 - INFO - Extracted 81096 characters from web
2025-12-03 13:59:20,371 - INFO - Web content extracted for boudewijnsHeadroomAnalysisEarly2023: 8000 chars
2025-12-03 13:59:20,373 - INFO - Accessing: https://doi.org/10.1108/AAAJ-06-2022-5856
2025-12-03 13:59:22,460 - INFO - Accessing: https://doi.org/10.1002/hec.4681
2025-12-03 13:59:24,670 - INFO - Accessing: https://doi.org/10.1080/14737167.2023.2145946
2025-12-03 13:59:26,818 - INFO - Accessing: https://doi.org/10.1175/BAMS-D-21-0262.1
2025-12-03 13:59:29,067 - WARNING - Some characters could not be decoded, and were replaced with REPLACEMENT CHARACTER.
2025-12-03 13:59:29,068 - INFO - Processed 60/507 entries
2025-12-03 13:59:29,068 - INFO - Accessing: https://doi.org/10.1016/j.envint.2023.108097
2025-12-03 13:59:31,932 - INFO - Accessing: https://doi.org/10.1016/j.vhri.2022.11.002
2025-12-03 13:59:34,249 - INFO - Accessing: https://doi.org/10.1016/j.vhri.2023.02.001
2025-12-03 13:59:36,577 - INFO - Accessing: https://doi.org/10.1080/24725854.2022.2089785
2025-12-03 13:59:38,734 - INFO - Accessing: https://doi.org/10.1057/s41278-021-00195-6
2025-12-03 13:59:41,527 - INFO - Extracted 350259 characters from web
2025-12-03 13:59:41,529 - INFO - Web content extracted for buLiteratureReviewComparative2023: 8000 chars
2025-12-03 13:59:41,530 - INFO - Accessing: https://doi.org/10.1109/TEM.2020.3040902
2025-12-03 13:59:44,666 - INFO - Accessing: https://doi.org/10.1007/978-3-031-15959-6_20
2025-12-03 13:59:47,527 - INFO - Extracted 33040 characters from web
2025-12-03 13:59:47,528 - INFO - Web content extracted for cadetMethodologicalCognitiveChoices2023: 8000 chars
2025-12-03 13:59:47,530 - INFO - Accessing: https://doi.org/10.1016/j.yebeh.2023.109441
2025-12-03 13:59:49,891 - INFO - Accessing: https://doi.org/10.1049/sfw2.12109
2025-12-03 13:59:52,136 - INFO - Accessing: https://doi.org/10.1111/csp2.12988
2025-12-03 13:59:54,381 - INFO - Accessing: https://doi.org/10.1111/1365-2664.14345
2025-12-03 13:59:56,629 - INFO - Accessing: https://doi.org/10.1111/faf.12726
2025-12-03 13:59:58,833 - INFO - Accessing: https://doi.org/10.1016/j.technovation.2022.102480
2025-12-03 14:00:01,246 - INFO - Accessing: https://doi.org/10.1016/j.ress.2022.108845
2025-12-03 14:00:03,752 - INFO - Accessing: https://doi.org/10.1108/IJCHM-06-2022-0730
2025-12-03 14:00:06,018 - INFO - Accessing: https://doi.org/10.1007/s12264-022-00960-4
2025-12-03 14:00:08,769 - INFO - Extracted 167317 characters from web
2025-12-03 14:00:08,771 - INFO - Web content extracted for chenBrainSystemsUnderlying2023: 8000 chars
2025-12-03 14:00:08,772 - INFO - Processed 80/507 entries
2025-12-03 14:00:08,772 - INFO - Accessing: https://doi.org/10.1108/K-04-2021-0284
2025-12-03 14:00:10,931 - INFO - Accessing: https://doi.org/10.1371/journal.pone.0280482
2025-12-03 14:00:14,402 - INFO - Extracted 134248 characters from web
2025-12-03 14:00:14,403 - INFO - Web content extracted for chenCustomerKnowledgeManagement2023: 8000 chars
2025-12-03 14:00:14,405 - INFO - Accessing: https://doi.org/10.1080/00207543.2023.2291522
2025-12-03 14:00:16,546 - INFO - Accessing: https://doi.org/10.1016/j.ijpe.2023.108870
2025-12-03 14:00:18,922 - INFO - Accessing: https://doi.org/10.1016/j.fishres.2022.106511
2025-12-03 14:00:21,333 - INFO - Accessing: https://doi.org/10.1016/j.autcon.2023.105147
2025-12-03 14:00:23,721 - INFO - Accessing: https://doi.org/10.1016/j.autcon.2023.104808
2025-12-03 14:00:26,145 - INFO - Accessing: https://doi.org/10.3390/ijerph20065084
2025-12-03 14:00:28,377 - INFO - Accessing: https://doi.org/10.1061/JMENEA.MEENG-5121
2025-12-03 14:00:30,595 - INFO - Accessing: https://doi.org/10.1007/s40273-022-01227-6
2025-12-03 14:00:33,286 - INFO - Extracted 65571 characters from web
2025-12-03 14:00:33,287 - INFO - Web content extracted for chuehCostEffectivenessAnalysisNew2023: 8000 chars
2025-12-03 14:00:33,289 - INFO - Accessing: https://doi.org/10.2118/210290-PA
2025-12-03 14:00:35,452 - INFO - Accessing: https://doi.org/10.51731/cjht.2023.649
2025-12-03 14:00:38,997 - INFO - Extracted 16389 characters from web
2025-12-03 14:00:38,998 - INFO - Web content extracted for coyleExtrapolatingClinicalEvidence2023: 8000 chars
2025-12-03 14:00:39,001 - INFO - Processed 100/507 entries
2025-12-03 14:00:39,001 - INFO - Accessing: https://doi.org/10.1017/S0033291721004529
2025-12-03 14:00:41,962 - INFO - Extracted 271928 characters from web
2025-12-03 14:00:41,963 - INFO - Web content extracted for cuijpersPsychologicalTreatmentPerinatal2023: 8000 chars
2025-12-03 14:00:41,964 - INFO - Accessing: https://doi.org/10.2196/45002
2025-12-03 14:00:45,065 - INFO - Extracted 366314 characters from web
2025-12-03 14:00:45,066 - INFO - Web content extracted for cumynPatientsMembersPublics2023: 8000 chars
2025-12-03 14:00:45,068 - INFO - Accessing: https://doi.org/10.1016/j.tranpol.2023.04.015
2025-12-03 14:00:47,332 - INFO - Accessing: https://doi.org/10.1108/JADEE-01-2021-0025
2025-12-03 14:00:49,527 - INFO - Accessing: https://doi.org/10.21512/commit.v17i1.8505
2025-12-03 14:00:58,113 - INFO - Extracted 51203 characters from web
2025-12-03 14:00:58,113 - INFO - Web content extracted for davidImprovingCompetitiveAdvantages2023: 8000 chars
2025-12-03 14:00:58,115 - INFO - Accessing: https://doi.org/10.1016/j.jtha.2023.02.018
2025-12-03 14:01:00,474 - INFO - Accessing: https://doi.org/10.1504/ijsom.2023.131336
2025-12-03 14:01:06,069 - INFO - Accessing: https://doi.org/10.1016/j.ijcard.2023.05.036
2025-12-03 14:01:08,531 - INFO - Accessing: https://doi.org/10.1002/joom.1242
2025-12-03 14:01:10,746 - INFO - Accessing: https://doi.org/10.1109/TEM.2021.3076603
2025-12-03 14:01:13,555 - INFO - Accessing: https://doi.org/10.1108/BIJ-04-2021-0223
2025-12-03 14:01:15,717 - INFO - Accessing: https://doi.org/10.1080/09638180.2021.1944890
2025-12-03 14:01:17,922 - INFO - Accessing: https://doi.org/10.1108/IMDS-10-2022-0629
2025-12-03 14:01:20,096 - INFO - Accessing: https://doi.org/10.1287/deca.2023.0468
2025-12-03 14:01:22,330 - INFO - Processed 120/507 entries
2025-12-03 14:01:22,330 - INFO - Accessing: https://doi.org/10.1016/j.strusafe.2022.102312
2025-12-03 14:01:24,710 - INFO - Accessing: https://doi.org/10.1016/j.psep.2022.08.072
2025-12-03 14:01:27,058 - INFO - Accessing: https://doi.org/10.1016/j.jclepro.2023.138293
2025-12-03 14:01:29,379 - INFO - Accessing: https://doi.org/10.1016/j.jval.2022.11.002
2025-12-03 14:01:31,712 - INFO - Accessing: https://doi.org/10.1016/j.eswa.2022.119292
2025-12-03 14:01:34,102 - INFO - Accessing: https://doi.org/10.1073/pnas.2221180120
2025-12-03 14:01:36,299 - INFO - Accessing: https://doi.org/10.1079/cabireviews.2023.0002
2025-12-03 14:01:38,520 - INFO - Accessing: https://doi.org/10.1016/j.techfore.2023.122744
2025-12-03 14:01:40,839 - INFO - Accessing: https://doi.org/10.1089/space.2021.0016
2025-12-03 14:01:43,092 - INFO - Accessing: https://doi.org/10.1109/TVCG.2023.3279857
2025-12-03 14:01:45,546 - INFO - Accessing: https://doi.org/10.1108/ECAM-03-2021-0269
2025-12-03 14:01:47,737 - INFO - Accessing: https://doi.org/10.3390/infrastructures8020036
2025-12-03 14:01:49,975 - INFO - Accessing: https://doi.org/10.1017/S0266462323000223
2025-12-03 14:01:53,149 - INFO - Extracted 137677 characters from web
2025-12-03 14:01:53,149 - INFO - Web content extracted for elvidgeHealthTechnologyAssessment2023: 8000 chars
2025-12-03 14:01:53,151 - INFO - Accessing: https://doi.org/10.1108/JIC-04-2020-0133
2025-12-03 14:01:55,246 - INFO - Accessing: https://doi.org/10.1016/j.jgsce.2023.204883
2025-12-03 14:01:57,564 - INFO - Accessing: https://doi.org/10.1109/OJCOMS.2023.3243870
2025-12-03 14:02:00,198 - INFO - Accessing: https://doi.org/10.1016/j.ijar.2022.12.008
2025-12-03 14:02:02,512 - INFO - Accessing: https://doi.org/10.3390/su15043758
2025-12-03 14:02:04,658 - INFO - Processed 140/507 entries
2025-12-03 14:02:04,658 - INFO - Accessing: https://doi.org/10.1016/j.technovation.2022.102666
2025-12-03 14:02:07,472 - INFO - Accessing: https://doi.org/10.1016/j.cose.2023.103268
2025-12-03 14:02:09,848 - INFO - Accessing: https://doi.org/10.1111/1365-2664.14448
2025-12-03 14:02:12,070 - INFO - Accessing: https://doi.org/10.1111/poms.13881
2025-12-03 14:02:14,314 - INFO - Accessing: https://doi.org/10.1093/pastj/gtac045
2025-12-03 14:02:16,566 - INFO - Accessing: https://doi.org/10.1093/schizbullopen/sgac074
2025-12-03 14:02:18,803 - INFO - Accessing: https://doi.org/10.1002/bse.3428
2025-12-03 14:02:21,032 - INFO - Accessing: https://doi.org/10.1016/j.technovation.2022.102598
2025-12-03 14:02:23,401 - INFO - Accessing: https://doi.org/10.1016/j.knosys.2022.110099
2025-12-03 14:02:25,783 - INFO - Accessing: https://doi.org/10.3934/jimo.2022127
2025-12-03 14:02:28,877 - INFO - Extracted 28968 characters from web
2025-12-03 14:02:28,877 - INFO - Web content extracted for gaoCompetitiveInformationSecurity2023: 8000 chars
2025-12-03 14:02:28,879 - INFO - Accessing: https://doi.org/10.1016/j.eswa.2023.120129
2025-12-03 14:02:31,180 - INFO - Accessing: https://doi.org/10.3934/jimo.2022037
2025-12-03 14:02:33,672 - INFO - Extracted 37467 characters from web
2025-12-03 14:02:33,673 - INFO - Web content extracted for gaoUncertainComprehensiveEvaluation2023: 8000 chars
2025-12-03 14:02:33,675 - INFO - Processed 160/507 entries
2025-12-03 14:02:33,675 - INFO - Accessing: https://doi.org/10.1016/j.respol.2022.104627
2025-12-03 14:02:35,980 - INFO - Accessing: https://doi.org/10.1108/IJCHM-01-2022-0087
2025-12-03 14:02:38,181 - INFO - Accessing: https://doi.org/10.1016/j.jclepro.2022.135261
2025-12-03 14:02:40,602 - INFO - Accessing: https://doi.org/10.1108/SCM-02-2021-0057
2025-12-03 14:02:42,861 - INFO - Accessing: https://doi.org/10.1177/0272989X231165985
2025-12-03 14:02:45,110 - INFO - Accessing: https://doi.org/10.1016/j.jval.2023.04.008
2025-12-03 14:02:47,508 - INFO - Accessing: https://doi.org/10.1109/TCE.2023.3240249
2025-12-03 14:02:50,546 - INFO - Accessing: https://doi.org/10.1093/rof/rfac052
2025-12-03 14:02:52,769 - INFO - Accessing: https://doi.org/10.1016/j.ijpe.2022.108722
2025-12-03 14:02:55,165 - INFO - Accessing: https://doi.org/10.1108/CI-06-2021-0115
2025-12-03 14:02:57,408 - INFO - Accessing: https://doi.org/10.1287/deca.2023.0026
2025-12-03 14:02:59,612 - INFO - Accessing: https://doi.org/10.1039/d3se00473b
2025-12-03 14:03:02,228 - INFO - Extracted 8534 characters from web
2025-12-03 14:03:02,229 - INFO - Web content extracted for granacherClosingBalanceRole2023: 8000 chars
2025-12-03 14:03:02,231 - INFO - Accessing: https://doi.org/10.1016/j.ipm.2023.103386
2025-12-03 14:03:04,644 - INFO - Accessing: https://doi.org/10.1111/poms.14018
2025-12-03 14:03:06,884 - INFO - Accessing: https://doi.org/10.1017/S026646232300260X
2025-12-03 14:03:14,253 - INFO - Extracted 64001 characters from web
2025-12-03 14:03:14,255 - INFO - Web content extracted for grimmResponseUNCERTAINTYMANAGEMENT2023: 8000 chars
2025-12-03 14:03:14,256 - INFO - Accessing: https://doi.org/10.1016/j.chb.2022.107521
2025-12-03 14:03:16,575 - INFO - Accessing: https://doi.org/10.3390/ijerph20032276
2025-12-03 14:03:18,816 - INFO - Accessing: https://doi.org/10.1504/ijpspm.2023.131340
2025-12-03 14:03:21,154 - INFO - Accessing: https://doi.org/10.1108/JKM-09-2021-0703
2025-12-03 14:03:23,435 - INFO - Processed 180/507 entries
2025-12-03 14:03:23,436 - INFO - Accessing: https://doi.org/10.1504/IJENM.2023.130775
2025-12-03 14:03:25,805 - INFO - Accessing: https://doi.org/10.1016/j.omega.2023.102936
2025-12-03 14:03:28,122 - INFO - Accessing: https://doi.org/10.1371/journal.pgph.0001074
2025-12-03 14:03:31,547 - INFO - Extracted 78503 characters from web
2025-12-03 14:03:31,548 - INFO - Web content extracted for hagedornEstimatesCostBuild2023: 8000 chars
2025-12-03 14:03:31,550 - INFO - Accessing: https://doi.org/10.1111/risa.13931
2025-12-03 14:03:33,719 - INFO - Accessing: https://doi.org/10.26689/jcer.v7i2.4699
2025-12-03 14:03:38,192 - INFO - Extracted 5700 characters from web
2025-12-03 14:03:38,192 - INFO - Web content extracted for hanResearchIntelligentDistribution2023: 5700 chars
2025-12-03 14:03:38,194 - INFO - Accessing: https://doi.org/10.3389/fmars.2023.1081893
2025-12-03 14:03:40,861 - INFO - Extracted 256914 characters from web
2025-12-03 14:03:40,862 - INFO - Web content extracted for harrisonBiologicallyImportantAreas2023: 8000 chars
2025-12-03 14:03:40,864 - INFO - Accessing: https://doi.org/10.1016/j.biocon.2023.110041
2025-12-03 14:03:43,120 - INFO - Accessing: https://doi.org/10.1007/s10479-023-05731-6
2025-12-03 14:03:46,178 - INFO - Extracted 125256 characters from web
2025-12-03 14:03:46,179 - INFO - Web content extracted for hasaniHealthCareNetwork2023: 8000 chars
2025-12-03 14:03:46,181 - INFO - Accessing: https://doi.org/10.1108/IMDS-01-2023-0013
2025-12-03 14:03:48,299 - INFO - Accessing: https://doi.org/10.3390/s23052549
2025-12-03 14:03:50,478 - INFO - Accessing: https://doi.org/10.1097/SLA.0000000000005295
2025-12-03 14:03:52,773 - INFO - Accessing: https://doi.org/10.31181/dmame622023548
2025-12-03 14:03:55,237 - INFO - Extracted 18385 characters from web
2025-12-03 14:03:55,238 - INFO - Web content extracted for hoayekMeasuringCompetitivenessCommodity2023: 8000 chars
2025-12-03 14:03:55,240 - INFO - Accessing: https://doi.org/10.1017/S0266462323000375
2025-12-03 14:03:59,947 - INFO - Extracted 203108 characters from web
2025-12-03 14:03:59,947 - INFO - Web content extracted for hogervorstUncertaintyManagementRegulatory2023: 8000 chars
2025-12-03 14:03:59,949 - INFO - Accessing: https://doi.org/10.1145/3551388
2025-12-03 14:04:02,101 - INFO - Accessing: https://doi.org/10.1007/s10479-022-04909-8
2025-12-03 14:04:05,183 - INFO - Extracted 158579 characters from web
2025-12-03 14:04:05,184 - INFO - Web content extracted for hosseini-motlaghReverseSupplyChain2023: 8000 chars
2025-12-03 14:04:05,186 - INFO - Accessing: https://doi.org/10.1108/MIP-01-2022-0027
2025-12-03 14:04:07,545 - INFO - Accessing: https://doi.org/10.1136/bmjopen-2022-066249
2025-12-03 14:04:09,820 - INFO - Processed 200/507 entries
2025-12-03 14:04:09,820 - INFO - Accessing: https://doi.org/10.3390/smartcities6020051
2025-12-03 14:04:12,046 - INFO - Accessing: https://doi.org/10.1007/s10479-023-05783-8
2025-12-03 14:04:15,418 - INFO - Extracted 79937 characters from web
2025-12-03 14:04:15,420 - INFO - Web content extracted for hussainiMultiperiodMultiseasonMultiobjective2023: 8000 chars
2025-12-03 14:04:15,421 - INFO - Accessing: https://doi.org/10.1108/JEIM-03-2022-0077
2025-12-03 14:04:17,605 - INFO - Accessing: https://doi.org/10.1016/j.ejor.2022.11.044
2025-12-03 14:04:20,129 - INFO - Accessing: https://doi.org/10.1080/01900692.2021.2004605
2025-12-03 14:04:22,360 - INFO - Accessing: https://doi.org/10.1016/j.hlpt.2023.100745
2025-12-03 14:04:24,742 - INFO - Accessing: https://doi.org/10.1108/MD-07-2022-0976
2025-12-03 14:04:27,024 - INFO - Accessing: https://doi.org/10.1016/B978-0-12-819470-6.00035-4
2025-12-03 14:04:29,420 - INFO - Accessing: https://doi.org/10.1111/1365-2664.14313
2025-12-03 14:04:31,646 - INFO - Accessing: https://doi.org/10.3390/w15020365
2025-12-03 14:04:33,796 - INFO - Accessing: https://doi.org/10.1080/10410236.2021.1956038
2025-12-03 14:04:36,021 - INFO - Accessing: https://doi.org/10.1080/00207543.2021.2009588
2025-12-03 14:04:38,238 - INFO - Accessing: https://doi.org/10.1016/j.ymssp.2022.109708
2025-12-03 14:04:40,611 - INFO - Accessing: https://doi.org/10.1016/j.sca.2023.100005
2025-12-03 14:04:42,997 - INFO - Accessing: https://doi.org/10.2308/TAR-2019-0563
2025-12-03 14:04:45,436 - INFO - Accessing: https://doi.org/10.1016/j.ress.2022.109049
2025-12-03 14:04:47,831 - INFO - Processed 220/507 entries
2025-12-03 14:04:47,831 - INFO - Accessing: https://doi.org/10.1177/03128962231175702
2025-12-03 14:04:50,098 - INFO - Accessing: https://doi.org/10.1111/mice.12890
2025-12-03 14:04:52,339 - INFO - Accessing: https://doi.org/10.1136/bmjopen-2021-053927
2025-12-03 14:04:54,585 - INFO - Accessing: https://doi.org/10.3390/atmos14050767
2025-12-03 14:04:56,821 - INFO - Accessing: https://doi.org/10.1016/j.jbusres.2023.114193
2025-12-03 14:04:59,160 - INFO - Accessing: https://doi.org/10.1016/j.jretconser.2023.103374
2025-12-03 14:05:01,472 - INFO - Accessing: https://doi.org/10.1016/j.aei.2023.101946
2025-12-03 14:05:03,846 - INFO - Accessing: https://doi.org/10.1186/s40246-023-00495-3
2025-12-03 14:05:06,686 - INFO - Extracted 302958 characters from web
2025-12-03 14:05:06,688 - INFO - Web content extracted for koufakiEconomicEvaluationPharmacogenomicguided2023: 8000 chars
2025-12-03 14:05:06,689 - INFO - Accessing: https://doi.org/10.1371/journal.pone.0283977
2025-12-03 14:05:09,754 - INFO - Extracted 144164 characters from web
2025-12-03 14:05:09,755 - INFO - Web content extracted for krautmannModelEstimatingCosts2023: 8000 chars
2025-12-03 14:05:09,757 - INFO - Accessing: https://doi.org/10.1080/09537287.2023.2274920
2025-12-03 14:05:11,838 - INFO - Accessing: https://doi.org/10.1016/j.paid.2022.111966
2025-12-03 14:05:14,239 - INFO - Accessing: https://doi.org/10.1007/s10479-022-04814-0
2025-12-03 14:05:17,213 - INFO - Extracted 138893 characters from web
2025-12-03 14:05:17,214 - INFO - Web content extracted for kumarDecisionFrameworkIncorporating2023: 8000 chars
2025-12-03 14:05:17,215 - INFO - Accessing: https://doi.org/10.1108/JM2-11-2021-0283
2025-12-03 14:05:19,290 - INFO - Accessing: https://doi.org/10.1108/IJCHM-03-2022-0410
2025-12-03 14:05:21,538 - INFO - Accessing: https://doi.org/10.3390/app13020898
2025-12-03 14:05:23,771 - INFO - Processed 240/507 entries
2025-12-03 14:05:23,771 - INFO - Accessing: https://doi.org/10.1016/j.agsy.2023.103755
2025-12-03 14:05:26,141 - INFO - Accessing: https://doi.org/10.1108/BL-04-2021-0058
2025-12-03 14:05:28,390 - INFO - Accessing: https://doi.org/10.1108/JBIM-11-2022-0520
2025-12-03 14:05:30,735 - INFO - Accessing: https://doi.org/10.1016/j.artmed.2022.102473
2025-12-03 14:05:33,154 - INFO - Accessing: https://doi.org/10.1080/10447318.2022.2041910
2025-12-03 14:05:35,376 - INFO - Accessing: https://doi.org/10.1080/24725854.2022.2086326
2025-12-03 14:05:37,594 - INFO - Accessing: https://doi.org/10.1111/ajae.12308
2025-12-03 14:05:39,808 - INFO - Accessing: https://doi.org/10.1016/j.ress.2023.109206
2025-12-03 14:05:42,419 - INFO - Accessing: https://doi.org/10.1007/s43069-023-00275-8
2025-12-03 14:05:45,342 - INFO - Extracted 166273 characters from web
2025-12-03 14:05:45,342 - INFO - Web content extracted for liagkourasSourcesUncertaintyRisk2023: 8000 chars
2025-12-03 14:05:45,344 - INFO - Accessing: https://doi.org/10.1111/poms.13952
2025-12-03 14:05:47,427 - INFO - Accessing: https://doi.org/10.1111/poms.13878
2025-12-03 14:05:49,670 - INFO - Accessing: https://doi.org/10.1108/IMDS-05-2022-0267
2025-12-03 14:05:51,865 - INFO - Accessing: https://doi.org/10.1108/TLO-01-2021-0011
2025-12-03 14:05:54,039 - INFO - Accessing: https://doi.org/10.1108/JEIM-01-2022-0033
2025-12-03 14:05:56,245 - INFO - Accessing: https://doi.org/10.1080/08874417.2022.2052379
2025-12-03 14:05:58,472 - INFO - Accessing: https://doi.org/10.1007/s12351-023-00782-w
2025-12-03 14:06:01,606 - INFO - Extracted 98610 characters from web
2025-12-03 14:06:01,606 - INFO - Web content extracted for liuInformationSharingAgency2023: 8000 chars
2025-12-03 14:06:01,608 - INFO - Processed 260/507 entries
2025-12-03 14:06:01,608 - INFO - Accessing: https://doi.org/10.1007/s11205-022-03023-3
2025-12-03 14:06:04,196 - INFO - Extracted 340383 characters from web
2025-12-03 14:06:04,196 - INFO - Web content extracted for liuNiceYouShare2023: 8000 chars
2025-12-03 14:06:04,198 - INFO - Accessing: https://doi.org/10.1002/ijfe.2650
2025-12-03 14:06:06,284 - INFO - Accessing: https://doi.org/10.22068/ijiepr.34.3.3
2025-12-03 14:06:09,979 - INFO - Extracted 579 characters from web
2025-12-03 14:06:09,979 - INFO - Web content extracted for lotfiDirectingFutureStudies2023: 579 chars
2025-12-03 14:06:09,980 - INFO - Accessing: https://doi.org/10.3390/jmse11020384
2025-12-03 14:06:12,130 - INFO - Accessing: https://doi.org/10.1111/poms.14056
2025-12-03 14:06:14,296 - INFO - Accessing: https://doi.org/10.1057/s41267-022-00519-5
2025-12-03 14:06:17,000 - INFO - Extracted 110140 characters from web
2025-12-03 14:06:17,001 - INFO - Web content extracted for madanPrivacyPleasePower2023: 8000 chars
2025-12-03 14:06:17,003 - INFO - Accessing: https://doi.org/10.1016/j.ress.2022.109073
2025-12-03 14:06:19,447 - INFO - Accessing: https://doi.org/10.1016/j.eswa.2022.119251
2025-12-03 14:06:21,791 - INFO - Accessing: https://doi.org/10.1016/j.ijpe.2023.109045
2025-12-03 14:06:24,095 - INFO - Accessing: https://doi.org/10.1016/j.jbusres.2022.113485
2025-12-03 14:06:26,488 - INFO - Accessing: https://doi.org/10.1093/comjnl/bxab183
2025-12-03 14:06:28,673 - INFO - Accessing: https://doi.org/10.1016/j.heliyon.2023.e14044
2025-12-03 14:06:30,970 - INFO - Accessing: https://doi.org/10.1287/mnsc.2022.4428
2025-12-03 14:06:33,166 - INFO - Accessing: https://doi.org/10.5751/ES-13696-280150
2025-12-03 14:06:37,651 - INFO - Extracted 315648 characters from web
2025-12-03 14:06:37,652 - INFO - Web content extracted for martinDecisionScienceFramework2023b: 8000 chars
2025-12-03 14:06:37,653 - INFO - Accessing: https://doi.org/10.1061/JCEMD4.COENG-12521
2025-12-03 14:06:39,849 - INFO - Accessing: https://doi.org/10.1016/j.envsci.2022.12.017
2025-12-03 14:06:42,172 - INFO - Processed 280/507 entries
2025-12-03 14:06:42,173 - INFO - Accessing: https://doi.org/10.1177/0272989X221125418
2025-12-03 14:06:44,412 - INFO - Accessing: https://doi.org/10.1146/annurev-anchem-100322-040914
2025-12-03 14:06:46,678 - INFO - Accessing: https://doi.org/10.1080/10810730.2023.2175278
2025-12-03 14:06:48,899 - INFO - Accessing: https://doi.org/10.1016/j.jue.2022.103514
2025-12-03 14:06:51,215 - INFO - Accessing: https://doi.org/10.1016/j.tust.2022.104815
2025-12-03 14:06:53,700 - INFO - Accessing: https://doi.org/10.1017/S0376892923000176
2025-12-03 14:06:56,684 - INFO - Extracted 169031 characters from web
2025-12-03 14:06:56,684 - INFO - Web content extracted for michaelsConservationUncertaintyIntellectual2023: 8000 chars
2025-12-03 14:06:56,686 - INFO - Accessing: https://doi.org/10.1093/hcr/hqac027
2025-12-03 14:06:58,804 - INFO - Accessing: https://doi.org/10.1016/j.biocon.2023.110275
2025-12-03 14:07:01,124 - INFO - Accessing: https://doi.org/10.3934/jimo.2022078
2025-12-03 14:07:04,214 - INFO - Extracted 71390 characters from web
2025-12-03 14:07:04,215 - INFO - Web content extracted for modaresVendormanagedInventoryModel2023a: 8000 chars
2025-12-03 14:07:04,216 - INFO - Accessing: https://doi.org/10.1108/SASBE-07-2021-0129
2025-12-03 14:07:06,328 - INFO - Accessing: https://doi.org/10.1007/s12063-022-00301-8
2025-12-03 14:07:09,208 - INFO - Extracted 391722 characters from web
2025-12-03 14:07:09,209 - INFO - Web content extracted for moktadirStrategicDriversOvercome2023: 8000 chars
2025-12-03 14:07:09,210 - INFO - Accessing: https://doi.org/10.1016/j.techfore.2022.122270
2025-12-03 14:07:11,412 - INFO - Accessing: https://doi.org/10.1108/IJLM-02-2021-0115
2025-12-03 14:07:13,632 - INFO - Accessing: https://doi.org/10.1007/s13132-023-01193-0
2025-12-03 14:07:16,680 - INFO - Extracted 175983 characters from web
2025-12-03 14:07:16,682 - INFO - Web content extracted for morshediMotivationalFactorsAffecting2023: 8000 chars
2025-12-03 14:07:16,683 - INFO - Processed 300/507 entries
2025-12-03 14:07:16,683 - INFO - Accessing: https://doi.org/10.1017/S1744137422000169
2025-12-03 14:07:21,445 - INFO - Extracted 78347 characters from web
2025-12-03 14:07:21,445 - INFO - Web content extracted for murphyCascadingExpertFailure2023: 8000 chars
2025-12-03 14:07:21,447 - INFO - Accessing: https://doi.org/10.1016/j.ijpe.2023.108871
2025-12-03 14:07:23,757 - INFO - Accessing: https://doi.org/10.1002/ece3.10269
2025-12-03 14:07:25,969 - INFO - Accessing: https://doi.org/10.1109/TGRS.2023.3236500
2025-12-03 14:07:28,546 - INFO - Accessing: https://doi.org/10.14569/IJACSA.2023.0140208
2025-12-03 14:07:31,283 - INFO - Extracted 14498 characters from web
2025-12-03 14:07:31,283 - INFO - Web content extracted for okadaSupplyChainNetwork2023: 8000 chars
2025-12-03 14:07:31,285 - INFO - Accessing: https://doi.org/10.1504/EG.2023.129412
2025-12-03 14:07:33,646 - INFO - Accessing: https://doi.org/10.1108/BJM-06-2022-0210
2025-12-03 14:07:35,874 - INFO - Accessing: https://doi.org/10.1080/14241277.2023.2272864
2025-12-03 14:07:38,092 - INFO - Accessing: https://doi.org/10.1016/j.energy.2023.128038
2025-12-03 14:07:40,471 - INFO - Accessing: https://doi.org/10.1007/s10729-022-09621-4
2025-12-03 14:07:43,828 - INFO - Extracted 87079 characters from web
2025-12-03 14:07:43,830 - INFO - Web content extracted for otero-leonMonitoringPolicyContext2023: 8000 chars
2025-12-03 14:07:43,832 - INFO - Accessing: https://doi.org/10.1145/3579645
2025-12-03 14:07:45,970 - INFO - Processed 320/507 entries
2025-12-03 14:07:45,975 - INFO - Accessing: https://doi.org/10.1177/0309524X221124031
2025-12-03 14:07:48,188 - INFO - Accessing: https://doi.org/10.1016/j.ijinfomgt.2023.102663
2025-12-03 14:07:50,673 - INFO - Accessing: https://doi.org/10.1302/0301-620X.105B1.BJJ-2022-1119
2025-12-03 14:07:53,684 - INFO - Extracted 34111 characters from web
2025-12-03 14:07:53,685 - INFO - Web content extracted for petrouInterpretingDecisionanalyticModellingbased2023: 8000 chars
2025-12-03 14:07:53,686 - INFO - Accessing: https://doi.org/10.3390/info14060302
2025-12-03 14:07:55,787 - INFO - Accessing: https://doi.org/10.1007/s40258-022-00773-6
2025-12-03 14:07:58,516 - INFO - Extracted 72631 characters from web
2025-12-03 14:07:58,518 - INFO - Web content extracted for phamCostEffectivenessValueInformation2023: 8000 chars
2025-12-03 14:07:58,519 - INFO - Accessing: https://doi.org/10.1016/j.ress.2023.109204
2025-12-03 14:08:00,863 - INFO - Accessing: https://doi.org/10.3390/ijerph20065224
2025-12-03 14:08:03,099 - INFO - Accessing: https://doi.org/10.3389/fsufs.2023.1267346
2025-12-03 14:08:05,847 - INFO - Extracted 191042 characters from web
2025-12-03 14:08:05,849 - INFO - Web content extracted for piot-lepetitDigitainabilityOpenInnovation2023: 8000 chars
2025-12-03 14:08:05,851 - INFO - Accessing: https://doi.org/10.1108/SCM-03-2021-0120
2025-12-03 14:08:08,068 - INFO - Accessing: https://doi.org/10.1371/journal.pmed.1004068
2025-12-03 14:08:12,193 - INFO - Extracted 136944 characters from web
2025-12-03 14:08:12,194 - INFO - Web content extracted for procterMaternalImmunisationGroup2023a: 8000 chars
2025-12-03 14:08:12,196 - INFO - Accessing: https://doi.org/10.1016/j.eiar.2022.107014
2025-12-03 14:08:14,534 - INFO - Accessing: https://doi.org/10.1108/IJCHM-01-2022-0005
2025-12-03 14:08:16,767 - INFO - Accessing: https://doi.org/10.3390/buildings13112801
2025-12-03 14:08:18,937 - INFO - Processed 340/507 entries
2025-12-03 14:08:18,937 - INFO - Accessing: https://doi.org/10.1108/MEQ-04-2022-0122
2025-12-03 14:08:21,178 - INFO - Accessing: https://doi.org/10.1080/16258312.2023.2253524
2025-12-03 14:08:23,336 - INFO - Accessing: https://doi.org/10.3390/jmse11020368
2025-12-03 14:08:25,470 - INFO - Accessing: https://doi.org/10.1287/deca.2023.intro.v20.n4
2025-12-03 14:08:27,716 - INFO - Accessing: https://doi.org/10.1287/deca.2023.0015
2025-12-03 14:08:29,859 - INFO - Accessing: https://doi.org/10.1089/tmj.2023.0010
2025-12-03 14:08:32,113 - INFO - Accessing: https://doi.org/10.1016/j.erss.2023.103214
2025-12-03 14:08:34,446 - INFO - Accessing: https://doi.org/10.1186/s13063-023-07194-3
2025-12-03 14:08:37,323 - INFO - Extracted 408552 characters from web
2025-12-03 14:08:37,324 - INFO - Web content extracted for rosanCOSITrialStudy2023: 8000 chars
2025-12-03 14:08:37,325 - INFO - Accessing: https://doi.org/10.1016/j.techfore.2023.122432
2025-12-03 14:08:39,652 - INFO - Accessing: https://doi.org/10.1287/deca.2023.0474
2025-12-03 14:08:41,861 - INFO - Accessing: https://doi.org/10.1108/JBIM-07-2021-0349
2025-12-03 14:08:44,122 - INFO - Accessing: https://doi.org/10.1080/14737167.2023.2263647
2025-12-03 14:08:48,833 - INFO - Accessing: https://doi.org/10.1016/j.neubiorev.2023.105123
2025-12-03 14:08:51,205 - INFO - Accessing: https://doi.org/10.2903/sp.efsa.2023.e210201
2025-12-03 14:08:53,767 - INFO - Processed 360/507 entries
2025-12-03 14:08:53,767 - INFO - Accessing: https://doi.org/10.1016/j.bcra.2022.100110
2025-12-03 14:08:56,158 - INFO - Accessing: https://doi.org/10.1177/02783649231170893
2025-12-03 14:08:58,379 - INFO - Accessing: https://doi.org/10.1037/cap0000358
2025-12-03 14:09:00,627 - INFO - Accessing: https://doi.org/10.1007/s10479-021-04509-y
2025-12-03 14:09:03,250 - INFO - Extracted 144930 characters from web
2025-12-03 14:09:03,251 - INFO - Web content extracted for seddighApproachingSustainableSupply2023a: 8000 chars
2025-12-03 14:09:03,252 - INFO - Accessing: https://doi.org/10.1080/00207543.2021.1946194
2025-12-03 14:09:05,407 - INFO - Accessing: https://doi.org/10.1108/JFC-08-2019-0110
2025-12-03 14:09:07,552 - INFO - Accessing: https://doi.org/10.1016/j.technovation.2023.102819
2025-12-03 14:09:09,934 - INFO - Accessing: https://doi.org/10.1073/pnas.2207537120
2025-12-03 14:09:12,170 - INFO - Accessing: https://doi.org/10.3233/JIFS-230870
2025-12-03 14:09:14,320 - INFO - Accessing: https://doi.org/10.1016/j.technovation.2022.102459
2025-12-03 14:09:16,692 - INFO - Accessing: https://doi.org/10.1108/JBIM-02-2023-0122
2025-12-03 14:09:18,871 - INFO - Accessing: https://doi.org/10.1111/cobi.14031
2025-12-03 14:09:21,093 - INFO - Accessing: https://doi.org/10.3390/app13020737
2025-12-03 14:09:23,321 - INFO - Accessing: https://doi.org/10.1016/j.jval.2022.07.006
2025-12-03 14:09:25,763 - INFO - Processed 380/507 entries
2025-12-03 14:09:25,763 - INFO - Accessing: https://doi.org/10.3390/su15086492
2025-12-03 14:09:27,905 - INFO - Accessing: https://doi.org/10.1108/TQM-02-2021-0051
2025-12-03 14:09:30,331 - INFO - Accessing: https://doi.org/10.1002/ieam.4662
2025-12-03 14:09:32,733 - INFO - Accessing: https://doi.org/10.1080/13696998.2023.2194805
2025-12-03 14:09:34,935 - INFO - Accessing: https://doi.org/10.3390/jintelligence11030048
2025-12-03 14:09:37,162 - INFO - Accessing: https://doi.org/10.1002/eap.2824
2025-12-03 14:09:39,394 - INFO - Accessing: https://doi.org/10.3390/en16062531
2025-12-03 14:09:41,597 - INFO - Accessing: https://doi.org/10.1093/icc/dtad008
2025-12-03 14:09:43,822 - INFO - Accessing: https://doi.org/10.3390/machines11020184
2025-12-03 14:09:45,962 - INFO - Accessing: https://doi.org/10.1007/978-981-19-6778-8_22
2025-12-03 14:09:48,953 - INFO - Extracted 54044 characters from web
2025-12-03 14:09:48,954 - INFO - Web content extracted for subramanianLeveragingDigitalizationImproving2023: 8000 chars
2025-12-03 14:09:48,956 - INFO - Accessing: https://doi.org/10.1080/1331677X.2023.2180417
2025-12-03 14:09:51,112 - INFO - Accessing: https://doi.org/10.3390/su15032191
2025-12-03 14:09:53,317 - INFO - Accessing: https://doi.org/10.3390/jmse11040755
2025-12-03 14:09:55,503 - INFO - Accessing: https://doi.org/10.1371/journal.pbio.3002031
2025-12-03 14:09:58,912 - INFO - Extracted 191451 characters from web
2025-12-03 14:09:58,913 - INFO - Web content extracted for suzukiIndividualsProblemGambling2023: 8000 chars
2025-12-03 14:09:58,915 - INFO - Accessing: https://doi.org/10.1016/j.eswa.2022.119160
2025-12-03 14:10:01,658 - INFO - Accessing: https://doi.org/10.3390/su15118670
2025-12-03 14:10:03,908 - INFO - Processed 400/507 entries
2025-12-03 14:10:03,909 - INFO - Accessing: https://doi.org/10.1016/j.dajour.2023.100172
2025-12-03 14:10:06,293 - INFO - Accessing: https://doi.org/10.32479/ijefi.13903
2025-12-03 14:10:08,897 - INFO - Extracted 6074 characters from web
2025-12-03 14:10:08,897 - INFO - Web content extracted for talaHowOilPrice2023: 6074 chars
2025-12-03 14:10:08,898 - INFO - Accessing: https://doi.org/10.1016/j.ejrh.2023.101435
2025-12-03 14:10:11,202 - INFO - Accessing: https://doi.org/10.1061/JCEMD4.COENG-12821
2025-12-03 14:10:13,403 - INFO - Accessing: https://doi.org/10.3389/fspor.2022.1066378
2025-12-03 14:10:16,351 - INFO - Extracted 231283 characters from web
2025-12-03 14:10:16,352 - INFO - Web content extracted for taylor3PsToolCoach2023: 8000 chars
2025-12-03 14:10:16,354 - INFO - Accessing: https://doi.org/10.1016/j.soildyn.2022.107654
2025-12-03 14:10:18,607 - INFO - Accessing: https://doi.org/10.19040/ecocycles.v9i1.267
2025-12-03 14:10:21,125 - INFO - Extracted 16496 characters from web
2025-12-03 14:10:21,125 - INFO - Web content extracted for ternellPossibilitiesChallengesLandscape2023: 8000 chars
2025-12-03 14:10:21,127 - INFO - Accessing: https://doi.org/10.1504/IJASS.2023.129070
2025-12-03 14:10:23,440 - INFO - Accessing: https://doi.org/10.1016/j.ssci.2023.106129
2025-12-03 14:10:25,766 - INFO - Accessing: https://doi.org/10.1016/j.tre.2022.103012
2025-12-03 14:10:28,159 - INFO - Accessing: https://doi.org/10.1016/j.iswa.2022.200151
2025-12-03 14:10:30,564 - INFO - Accessing: https://doi.org/10.1080/00207543.2022.2062580
2025-12-03 14:10:32,712 - INFO - Accessing: https://doi.org/10.3390/fi15040123
2025-12-03 14:10:34,858 - INFO - Accessing: https://doi.org/10.1080/21681015.2023.2170481
2025-12-03 14:10:37,000 - INFO - Accessing: https://doi.org/10.3389/fenvs.2023.1067559
2025-12-03 14:10:39,634 - INFO - Extracted 231729 characters from web
2025-12-03 14:10:39,635 - INFO - Web content extracted for tulerProspectsChallengesRegional2023b: 8000 chars
2025-12-03 14:10:39,636 - INFO - Accessing: https://doi.org/10.1145/3561971
2025-12-03 14:10:44,259 - INFO - Accessing: https://doi.org/10.1093/forestry/cpac028
2025-12-03 14:10:46,491 - INFO - Accessing: https://doi.org/10.1108/EJIM-08-2021-0382
2025-12-03 14:10:48,768 - INFO - Processed 420/507 entries
2025-12-03 14:10:48,769 - INFO - Accessing: https://doi.org/10.1177/0272989X231184175
2025-12-03 14:10:50,996 - INFO - Accessing: https://doi.org/10.1111/ele.14212
2025-12-03 14:10:53,233 - INFO - Accessing: https://doi.org/10.1146/annurev-linguistics-031220-010345
2025-12-03 14:10:55,505 - INFO - Accessing: https://doi.org/10.1111/iwj.13924
2025-12-03 14:10:57,673 - INFO - Accessing: https://doi.org/10.1108/JEIM-06-2021-0279
2025-12-03 14:10:59,911 - INFO - Accessing: https://doi.org/10.1177/0272989X231162069
2025-12-03 14:11:02,135 - INFO - Accessing: https://doi.org/10.1007/s12065-021-00666-y
2025-12-03 14:11:04,993 - INFO - Extracted 65286 characters from web
2025-12-03 14:11:04,994 - INFO - Web content extracted for vikramFogfireFogAssisted2023: 8000 chars
2025-12-03 14:11:04,995 - INFO - Accessing: https://doi.org/10.1016/j.ejor.2022.06.048
2025-12-03 14:11:07,779 - INFO - Accessing: https://doi.org/10.1016/j.watres.2023.119806
2025-12-03 14:11:10,147 - INFO - Accessing: https://doi.org/10.1093/icesjms/fsad031
2025-12-03 14:11:12,379 - INFO - Accessing: https://doi.org/10.1080/23311916.2023.2196823
2025-12-03 14:11:14,586 - INFO - Accessing: https://doi.org/10.1016/j.engstruct.2022.115172
2025-12-03 14:11:16,981 - INFO - Accessing: https://doi.org/10.1016/j.eswa.2023.120988
2025-12-03 14:11:19,350 - INFO - Accessing: https://doi.org/10.1016/j.cie.2023.109570
2025-12-03 14:11:21,729 - INFO - Accessing: https://doi.org/10.1016/j.cie.2023.109090
2025-12-03 14:11:24,056 - INFO - Accessing: https://doi.org/10.3390/systems11120572
2025-12-03 14:11:26,218 - INFO - Accessing: https://doi.org/10.1108/BPMJ-07-2022-0323
2025-12-03 14:11:28,628 - INFO - Processed 440/507 entries
2025-12-03 14:11:28,628 - INFO - Accessing: https://doi.org/10.1108/ECAM-01-2021-0048
2025-12-03 14:11:30,864 - INFO - Accessing: https://doi.org/10.1017/S026646232200335X
2025-12-03 14:11:33,823 - INFO - Extracted 206557 characters from web
2025-12-03 14:11:33,823 - INFO - Web content extracted for wangUsingEarlyHealth2023a: 8000 chars
2025-12-03 14:11:33,825 - INFO - Accessing: https://doi.org/10.1136/bmjopen-2022-067496
2025-12-03 14:11:38,997 - INFO - Accessing: https://doi.org/10.1108/K-04-2021-0296
2025-12-03 14:11:41,237 - INFO - Accessing: https://doi.org/10.1016/j.eswa.2022.119346
2025-12-03 14:11:43,551 - INFO - Accessing: https://doi.org/10.1007/s11356-023-25569-6
2025-12-03 14:11:46,300 - INFO - Extracted 62891 characters from web
2025-12-03 14:11:46,300 - INFO - Web content extracted for weiUnlockingEffectsOptimization2023: 8000 chars
2025-12-03 14:11:46,302 - INFO - Accessing: https://doi.org/10.1079/searchRxiv.2023.00096
2025-12-03 14:11:48,547 - INFO - Accessing: https://doi.org/10.1080/13523260.2023.2180882
2025-12-03 14:11:50,756 - INFO - Accessing: https://doi.org/10.1146/annurev-statistics-033021-112628
2025-12-03 14:11:52,928 - INFO - Accessing: https://doi.org/10.1002/ece3.10052
2025-12-03 14:11:55,073 - INFO - Accessing: https://doi.org/10.1017/S0266267121000389
2025-12-03 14:11:58,041 - INFO - Extracted 364784 characters from web
2025-12-03 14:11:58,042 - INFO - Web content extracted for williamsMarketplaceRationalizations2023: 8000 chars
2025-12-03 14:11:58,044 - INFO - Accessing: https://doi.org/10.1017/ext.2023.3
2025-12-03 14:12:01,173 - INFO - Extracted 230879 characters from web
2025-12-03 14:12:01,174 - INFO - Web content extracted for wilsonPrioritisationPreventExtinction2023: 8000 chars
2025-12-03 14:12:01,175 - INFO - Accessing: https://doi.org/10.1287/orsc.2022.1632
2025-12-03 14:12:03,182 - INFO - Accessing: https://doi.org/10.1016/j.socscimed.2023.115863
2025-12-03 14:12:05,661 - INFO - Accessing: https://doi.org/10.1177/23814683231171363
2025-12-03 14:12:07,879 - INFO - Processed 460/507 entries
2025-12-03 14:12:07,879 - INFO - Accessing: https://doi.org/10.1002/nav.22093
2025-12-03 14:12:10,096 - INFO - Accessing: https://doi.org/10.1108/APJML-11-2021-0822
2025-12-03 14:12:12,353 - INFO - Accessing: https://doi.org/10.1016/j.cie.2023.108994
2025-12-03 14:12:14,718 - INFO - Accessing: https://doi.org/10.3390/ijerph20053886
2025-12-03 14:12:16,944 - INFO - Accessing: https://doi.org/10.3390/su15097507
2025-12-03 14:12:19,144 - INFO - Accessing: https://doi.org/10.1108/JCM-12-2020-4278
2025-12-03 14:12:21,373 - INFO - Accessing: https://doi.org/10.1016/j.trf.2023.03.018
2025-12-03 14:12:23,738 - INFO - Accessing: https://doi.org/10.1108/APJML-08-2022-0723
2025-12-03 14:12:25,968 - INFO - Accessing: https://doi.org/10.1007/s12652-023-04523-x
2025-12-03 14:12:29,316 - INFO - Extracted 62788 characters from web
2025-12-03 14:12:29,316 - INFO - Web content extracted for yangUncertainRetailerledSupply2023a: 8000 chars
2025-12-03 14:12:29,318 - INFO - Accessing: https://doi.org/10.1108/IJPHM-05-2021-0056
2025-12-03 14:12:31,519 - INFO - Accessing: https://doi.org/10.1111/1365-2664.14377
2025-12-03 14:12:33,889 - INFO - Accessing: https://doi.org/10.3390/su15043560
2025-12-03 14:12:36,120 - INFO - Accessing: https://doi.org/10.1080/14737167.2023.2144838
2025-12-03 14:12:38,371 - INFO - Processed 480/507 entries
2025-12-03 14:12:38,372 - INFO - Accessing: https://doi.org/10.3390/a16090416
2025-12-03 14:12:40,567 - INFO - Accessing: https://doi.org/10.1093/rcfs/cfac012
2025-12-03 14:12:42,785 - INFO - Accessing: https://doi.org/10.1115/1.4062173
2025-12-03 14:12:44,975 - INFO - Accessing: https://doi.org/10.1108/INTR-09-2021-0672
2025-12-03 14:12:47,198 - INFO - Accessing: https://doi.org/10.1016/j.ijpe.2022.108751
2025-12-03 14:12:49,571 - INFO - Accessing: https://doi.org/10.3390/s23094418
2025-12-03 14:12:51,769 - INFO - Accessing: https://doi.org/10.1016/j.cie.2022.108917
2025-12-03 14:12:54,113 - INFO - Accessing: https://doi.org/10.54097/hbem.v5i.5078
2025-12-03 14:12:57,285 - INFO - Extracted 10012 characters from web
2025-12-03 14:12:57,287 - INFO - Web content extracted for zhangPortfolioManagementMultiindustry2023: 8000 chars
2025-12-03 14:12:57,289 - INFO - Accessing: https://doi.org/10.1080/13675567.2021.1948978
2025-12-03 14:12:59,479 - INFO - Accessing: https://doi.org/10.1109/TBDATA.2023.3254152
2025-12-03 14:13:02,077 - INFO - Accessing: https://doi.org/10.1071/AN23180
2025-12-03 14:13:05,678 - INFO - Accessing: https://doi.org/10.3390/su15076197
2025-12-03 14:13:07,891 - INFO - Accessing: https://doi.org/10.3390/designs7050111
2025-12-03 14:13:10,088 - INFO - Accessing: https://doi.org/10.1371/journal.pone.0284803
2025-12-03 14:13:13,585 - INFO - Extracted 187643 characters from web
2025-12-03 14:13:13,585 - INFO - Web content extracted for zhengDigitalTransformationIndustrial2023: 8000 chars
2025-12-03 14:13:13,587 - INFO - Accessing: https://doi.org/10.1371/journal.pone.0284144
2025-12-03 14:13:16,820 - INFO - Extracted 120837 characters from web
2025-12-03 14:13:16,823 - INFO - Web content extracted for zhongEnsembleAHPEWAERNN2023: 8000 chars
2025-12-03 14:13:16,824 - INFO - Processed 500/507 entries
2025-12-03 14:13:16,824 - INFO - Accessing: https://doi.org/10.1016/j.ssci.2022.105942
2025-12-03 14:13:19,026 - INFO - Accessing: https://doi.org/10.3390/s23229240
2025-12-03 14:13:21,220 - INFO - Accessing: https://doi.org/10.1016/j.seta.2023.103489
2025-12-03 14:13:23,597 - INFO - Accessing: https://doi.org/10.1016/j.ress.2022.109044
2025-12-03 14:13:25,962 - INFO - Accessing: https://doi.org/10.1108/IMDS-05-2022-0309
2025-12-03 14:13:28,238 - INFO - Accessing: https://doi.org/10.22306/al.v10i1.339
2025-12-03 14:13:30,750 - INFO - Accessing: https://doi.org/10.1080/15309576.2022.2130946
2025-12-03 14:13:33,026 - INFO - Processing papers_2024.bib: 71 entries
2025-12-03 14:13:33,027 - INFO - Accessing: https://doi.org/10.1002/jrsm.1700
2025-12-03 14:13:35,183 - INFO - Accessing: https://doi.org/10.1016/j.ecolind.2024.111828
2025-12-03 14:13:37,485 - INFO - Accessing: https://doi.org/10.1016/j.ijcip.2023.100646
2025-12-03 14:13:39,873 - INFO - Accessing: https://doi.org/10.3390/w16060909
2025-12-03 14:13:42,087 - INFO - Accessing: https://doi.org/10.1007/s11846-024-00725-5
2025-12-03 14:13:44,806 - INFO - Extracted 84038 characters from web
2025-12-03 14:13:44,807 - INFO - Web content extracted for battistiDecodingSuccessEquity2024: 8000 chars
2025-12-03 14:13:44,809 - INFO - Accessing: https://doi.org/10.1080/01446193.2023.2239381
2025-12-03 14:13:46,982 - INFO - Accessing: https://doi.org/10.1016/j.ress.2024.110127
2025-12-03 14:13:49,355 - INFO - Accessing: https://doi.org/10.1371/journal.pcbi.1011950
2025-12-03 14:13:53,341 - INFO - Extracted 548464 characters from web
2025-12-03 14:13:53,342 - INFO - Web content extracted for colasActiveReinforcementLearning2024: 8000 chars
2025-12-03 14:13:53,344 - INFO - Accessing: https://doi.org/10.1016/j.geothermics.2024.102983
2025-12-03 14:13:55,469 - INFO - Accessing: https://doi.org/10.1002/jwmg.22573
2025-12-03 14:13:57,915 - INFO - Accessing: https://doi.org/10.3310/DFWT3873
2025-12-03 14:14:00,145 - INFO - Accessing: https://doi.org/10.1016/j.animal.2024.101124
2025-12-03 14:14:02,516 - INFO - Accessing: https://doi.org/10.1002/bdm.2364
2025-12-03 14:14:04,670 - INFO - Accessing: https://doi.org/10.1002/ecs2.4738
2025-12-03 14:14:06,871 - INFO - Accessing: https://doi.org/10.1016/j.engappai.2023.107256
2025-12-03 14:14:09,157 - INFO - Accessing: https://doi.org/10.1007/s00442-024-05518-x
2025-12-03 14:14:11,870 - INFO - Extracted 303229 characters from web
2025-12-03 14:14:11,872 - INFO - Web content extracted for ferreiraRelationshipWinteringSite2024: 8000 chars
2025-12-03 14:14:11,873 - INFO - Accessing: https://doi.org/10.1111/isj.12495
2025-12-03 14:14:14,012 - INFO - Accessing: https://doi.org/10.1002/hec.4834
2025-12-03 14:14:16,218 - INFO - Accessing: https://doi.org/10.1111/csp2.13085
2025-12-03 14:14:18,354 - INFO - Processed 20/71 entries
2025-12-03 14:14:18,354 - INFO - Accessing: https://doi.org/10.1016/j.ijpe.2024.109230
2025-12-03 14:14:20,807 - INFO - Accessing: https://doi.org/10.1016/j.tre.2024.103535
2025-12-03 14:14:23,175 - INFO - Accessing: https://doi.org/10.1016/j.tbs.2023.100701
2025-12-03 14:14:25,476 - INFO - Accessing: https://doi.org/10.1177/02683962231170891
2025-12-03 14:14:27,634 - INFO - Accessing: https://doi.org/10.3310/AWTW6200
2025-12-03 14:14:29,804 - INFO - Accessing: https://doi.org/10.1016/j.scs.2023.105123
2025-12-03 14:14:32,167 - INFO - Accessing: https://doi.org/10.1080/23302674.2024.2328783
2025-12-03 14:14:34,318 - INFO - Accessing: https://doi.org/10.1016/j.jii.2024.100581
2025-12-03 14:14:36,685 - INFO - Accessing: https://doi.org/10.1007/s10479-023-05604-y
2025-12-03 14:14:39,472 - INFO - Extracted 630651 characters from web
2025-12-03 14:14:39,472 - INFO - Web content extracted for jeganjosephjeromeAchievingCompetitiveAdvantage2024: 8000 chars
2025-12-03 14:14:39,474 - INFO - Accessing: https://doi.org/10.1002/ece3.11059
2025-12-03 14:14:41,543 - INFO - Accessing: https://doi.org/10.1186/s40691-024-00379-7
2025-12-03 14:14:45,140 - INFO - Extracted 348603 characters from web
2025-12-03 14:14:45,141 - INFO - Web content extracted for jungSustainableThreadsAnalyzing2024: 8000 chars
2025-12-03 14:14:45,143 - INFO - Accessing: https://doi.org/10.1016/j.jii.2024.100576
2025-12-03 14:14:47,446 - INFO - Accessing: https://doi.org/10.1016/j.rsase.2023.101119
2025-12-03 14:14:49,811 - INFO - Accessing: https://doi.org/10.1007/s40273-023-01341-z
2025-12-03 14:14:52,509 - INFO - Extracted 93104 characters from web
2025-12-03 14:14:52,510 - INFO - Web content extracted for kunstGuideIterativeApproach2024: 8000 chars
2025-12-03 14:14:52,512 - INFO - Accessing: https://doi.org/10.1016/j.autcon.2024.105302
2025-12-03 14:14:54,855 - INFO - Accessing: https://doi.org/10.1016/j.dss.2024.114185
2025-12-03 14:14:57,225 - INFO - Accessing: https://doi.org/10.1016/j.oceaneng.2024.117619
2025-12-03 14:14:59,585 - INFO - Accessing: https://doi.org/10.1007/s40258-023-00842-4
2025-12-03 14:15:02,382 - INFO - Extracted 177154 characters from web
2025-12-03 14:15:02,383 - INFO - Web content extracted for liMethodsEconomicEvaluations2024: 8000 chars
2025-12-03 14:15:02,384 - INFO - Accessing: https://doi.org/10.1016/j.envsci.2024.103715
2025-12-03 14:15:04,674 - INFO - Accessing: https://doi.org/10.1016/j.ijpe.2023.109105
2025-12-03 14:15:07,030 - INFO - Processed 40/71 entries
2025-12-03 14:15:07,030 - INFO - Accessing: https://doi.org/10.1111/joes.12550
2025-12-03 14:15:09,236 - INFO - Accessing: https://doi.org/10.1002/1438-390X.12181
2025-12-03 14:15:11,408 - INFO - Accessing: https://doi.org/10.3390/systems12020047
2025-12-03 14:15:13,614 - INFO - Accessing: https://doi.org/10.1016/j.accinf.2024.100678
2025-12-03 14:15:15,982 - INFO - Accessing: https://doi.org/10.1177/09637214241242465
2025-12-03 14:15:18,227 - INFO - Accessing: https://doi.org/10.1080/01605682.2023.2253852
2025-12-03 14:15:20,361 - INFO - Accessing: https://doi.org/10.1007/s10669-023-09940-z
2025-12-03 14:15:23,368 - INFO - Extracted 134124 characters from web
2025-12-03 14:15:23,369 - INFO - Web content extracted for piczakStructuredDecisionMaking2024: 8000 chars
2025-12-03 14:15:23,370 - INFO - Accessing: https://doi.org/10.1038/s41598-024-57800-w
2025-12-03 14:15:25,948 - INFO - Extracted 368042 characters from web
2025-12-03 14:15:25,950 - INFO - Web content extracted for pope-caldwellVariabilityHarshnessShape2024: 8000 chars
2025-12-03 14:15:25,951 - INFO - Accessing: https://doi.org/10.1016/j.jval.2024.03.006
2025-12-03 14:15:28,250 - INFO - Accessing: https://doi.org/10.1016/j.advwatres.2024.104638
2025-12-03 14:15:30,634 - INFO - Accessing: https://doi.org/10.1016/j.ejor.2023.12.031
2025-12-03 14:15:33,001 - INFO - Accessing: https://doi.org/10.1016/j.jretconser.2023.103701
2025-12-03 14:15:35,293 - INFO - Accessing: https://doi.org/10.1007/s13593-023-00943-3
2025-12-03 14:15:38,043 - INFO - Extracted 452696 characters from web
2025-12-03 14:15:38,043 - INFO - Web content extracted for siatwiindaOptionsReduceRanges2024: 8000 chars
2025-12-03 14:15:38,044 - INFO - Accessing: https://doi.org/10.1016/j.jmp.2024.102844
2025-12-03 14:15:40,473 - INFO - Accessing: https://doi.org/10.1108/JGOSS-04-2023-0032
2025-12-03 14:15:42,703 - INFO - Accessing: https://doi.org/10.1108/JEIM-09-2023-0477
2025-12-03 14:15:44,939 - INFO - Accessing: https://doi.org/10.1016/j.jenvman.2023.119787
2025-12-03 14:15:47,470 - INFO - Accessing: https://doi.org/10.1111/risa.14300
2025-12-03 14:15:49,600 - INFO - Accessing: https://doi.org/10.1007/s10732-023-09520-z
2025-12-03 14:15:52,340 - INFO - Extracted 72631 characters from web
2025-12-03 14:15:52,341 - INFO - Web content extracted for teimouryHybridVariableNeighborhood2024: 8000 chars
2025-12-03 14:15:52,342 - INFO - Accessing: https://doi.org/10.1038/s41562-023-01798-0
2025-12-03 14:15:54,774 - INFO - Extracted 148295 characters from web
2025-12-03 14:15:54,776 - INFO - Web content extracted for tsayLargescaleCitizenScience2024: 8000 chars
2025-12-03 14:15:54,777 - INFO - Processed 60/71 entries
2025-12-03 14:15:54,777 - INFO - Accessing: https://doi.org/10.1016/j.scitotenv.2024.169881
2025-12-03 14:15:57,144 - INFO - Accessing: https://doi.org/10.1007/s41669-023-00454-7
2025-12-03 14:15:59,839 - INFO - Extracted 249397 characters from web
2025-12-03 14:15:59,840 - INFO - Web content extracted for verbeekEarlyCosteffectivenessAnalysis2024: 8000 chars
2025-12-03 14:15:59,841 - INFO - Accessing: https://doi.org/10.1016/j.cobeha.2024.101374
2025-12-03 14:16:02,201 - INFO - Accessing: https://doi.org/10.1029/2023EF003757
2025-12-03 14:16:04,379 - INFO - Accessing: https://doi.org/10.1016/j.jclepro.2023.139899
2025-12-03 14:16:06,812 - INFO - Accessing: https://doi.org/10.3390/vaccines12030232
2025-12-03 14:16:08,965 - INFO - Accessing: https://doi.org/10.1016/j.neuropsychologia.2023.108740
2025-12-03 14:16:11,347 - INFO - Accessing: https://doi.org/10.1016/j.rser.2023.113945
2025-12-03 14:16:13,745 - INFO - Accessing: https://doi.org/10.1016/j.tra.2024.104046
2025-12-03 14:16:16,215 - INFO - Accessing: https://doi.org/10.1016/j.ress.2023.109599
2025-12-03 14:16:18,591 - INFO - Accessing: https://doi.org/10.1093/icesjms/fsad199
2025-12-03 14:16:20,914 - INFO - Accessing: https://doi.org/10.31181/dmame722024930
2025-12-03 14:16:23,448 - INFO - Extracted 24619 characters from web
2025-12-03 14:16:23,449 - INFO - Web content extracted for zhangPerformanceEvaluationIntelligent2024: 8000 chars
2025-12-03 14:16:23,676 - INFO - Processing papers_low_info.bib: 342 entries
2025-12-03 14:16:23,679 - INFO - Processed 20/342 entries
2025-12-03 14:16:23,680 - INFO - Accessing: https://doi.org/10.1016/j.jksuci.2022.06.016
2025-12-03 14:16:25,804 - INFO - Accessing: https://doi.org/10.31219/osf.io/4a2fw
2025-12-03 14:16:28,141 - INFO - Processed 40/342 entries
2025-12-03 14:16:28,142 - INFO - Accessing: https://doi.org/10.2139/ssrn.4419831
2025-12-03 14:16:30,624 - INFO - Processed 60/342 entries
2025-12-03 14:16:30,624 - INFO - Accessing: https://doi.org/10.21203/rs.3.rs-887204/v1
2025-12-03 14:16:33,175 - INFO - Extracted 3843 characters from web
2025-12-03 14:16:33,176 - INFO - Web content extracted for chenOptimalAllocationPolicy2021: 3843 chars
2025-12-03 14:16:33,177 - INFO - Accessing: https://doi.org/10.24251/HICSS.2022.735
2025-12-03 14:16:38,990 - INFO - Extracted 2290 characters from web
2025-12-03 14:16:38,992 - INFO - Web content extracted for chikhiGoingBlockchainAdoption2022: 2290 chars
2025-12-03 14:16:38,993 - INFO - Accessing: https://doi.org/10.3205/000313
2025-12-03 14:16:41,874 - INFO - Extracted 293456 characters from web
2025-12-03 14:16:41,875 - INFO - Web content extracted for conrads-frankDecisionanalyticModelingEarly2022: 8000 chars
2025-12-03 14:16:41,879 - INFO - Accessing: https://doi.org/10.2139/ssrn.3625798
2025-12-03 14:16:44,016 - INFO - Processed 80/342 entries
2025-12-03 14:16:44,016 - INFO - Accessing: https://doi.org/10.47577/technium.v4i2.6070
2025-12-03 14:16:46,397 - INFO - Accessing: https://doi.org/10.1371/journal.pone.0260978
2025-12-03 14:16:50,371 - INFO - Extracted 82894 characters from web
2025-12-03 14:16:50,373 - INFO - Web content extracted for egmondEfficacyCostminimizationBudget2022: 8000 chars
2025-12-03 14:16:50,376 - INFO - Processed 100/342 entries
2025-12-03 14:16:50,376 - INFO - Accessing: https://doi.org/10.2139/ssrn.3780610
2025-12-03 14:16:52,581 - INFO - Processed 120/342 entries
2025-12-03 14:16:52,581 - INFO - Accessing: https://doi.org/10.21203/rs.3.rs-2609006/v1
2025-12-03 14:16:55,063 - INFO - Extracted 107025 characters from web
2025-12-03 14:16:55,064 - INFO - Web content extracted for hafnerTaxonomyBusinessCapabilities2023: 8000 chars
2025-12-03 14:16:55,065 - INFO - Accessing: https://doi.org/10.24247/ijmperdjun2020575
2025-12-03 14:16:57,414 - INFO - Accessing: https://doi.org/10.18045/zbefri.2020.2.585
2025-12-03 14:17:00,232 - INFO - Accessing: https://doi.org/10.20944/preprints202105.0541.v1
2025-12-03 14:17:02,492 - INFO - Processed 140/342 entries
2025-12-03 14:17:02,494 - INFO - Accessing: https://doi.org/10.31838/jcr.07.08.165
2025-12-03 14:17:05,057 - INFO - Accessing: https://doi.org/10.1007/978-981-16-6695-7
2025-12-03 14:17:07,832 - INFO - Extracted 14446 characters from web
2025-12-03 14:17:07,832 - INFO - Web content extracted for kawanoTheoryHistoryRegional: 8000 chars
2025-12-03 14:17:07,833 - INFO - Accessing: https://doi.org/10.2139/ssrn.4132442
2025-12-03 14:17:09,990 - INFO - Processed 160/342 entries
2025-12-03 14:17:09,993 - INFO - Processed 180/342 entries
2025-12-03 14:17:09,995 - INFO - Accessing: https://doi.org/10.21203/rs.3.rs-1777434/v1
2025-12-03 14:17:12,337 - INFO - Extracted 48081 characters from web
2025-12-03 14:17:12,337 - INFO - Web content extracted for mathiasPRECISEValueInteractiveWeb2022: 8000 chars
2025-12-03 14:17:12,339 - INFO - Processed 200/342 entries
2025-12-03 14:17:12,340 - INFO - Accessing: https://doi.org/10.2139/ssrn.3799186
2025-12-03 14:17:14,505 - INFO - Processed 220/342 entries
2025-12-03 14:17:14,506 - INFO - Accessing: https://doi.org/10.17559/TV-20190828170533
2025-12-03 14:17:16,914 - INFO - Extracted 7657 characters from web
2025-12-03 14:17:16,914 - INFO - Web content extracted for pangDatadrivenConditionMonitoring2020: 7657 chars
2025-12-03 14:17:16,918 - INFO - Accessing: https://doi.org/10.31219/osf.io/muxn8
2025-12-03 14:17:19,132 - INFO - Accessing: https://doi.org/10.21203/rs.3.rs-2747088/v1
2025-12-03 14:17:21,362 - INFO - Extracted 108485 characters from web
2025-12-03 14:17:21,362 - INFO - Web content extracted for pope-caldwellVariabilityHarshnessShape2023: 8000 chars
2025-12-03 14:17:21,365 - INFO - Processed 240/342 entries
2025-12-03 14:17:21,366 - INFO - Processed 260/342 entries
2025-12-03 14:17:21,368 - INFO - Accessing: https://doi.org/10.18782/2582-2845.7997
2025-12-03 14:17:24,366 - INFO - Extracted 2635 characters from web
2025-12-03 14:17:24,367 - INFO - Web content extracted for singlaModellingChangeRiver2020: 2635 chars
2025-12-03 14:17:24,370 - INFO - Processed 280/342 entries
2025-12-03 14:17:24,371 - INFO - Accessing: https://doi.org/10.1093/icesjms/fsad005
2025-12-03 14:17:26,579 - INFO - Accessing: https://doi.org/10.21203/rs.3.rs-512626/v1
2025-12-03 14:17:28,953 - INFO - Extracted 807 characters from web
2025-12-03 14:17:28,953 - INFO - Web content extracted for tolEstimatesSocialCost2021a: 807 chars
2025-12-03 14:17:28,954 - INFO - Accessing: https://doi.org/10.19103/AS.2021.0095.05
2025-12-03 14:17:31,335 - INFO - Extracted 7321 characters from web
2025-12-03 14:17:31,336 - INFO - Web content extracted for vanninenAdvancesInsectPest2022: 7321 chars
2025-12-03 14:17:31,339 - INFO - Processed 300/342 entries
2025-12-03 14:17:31,341 - INFO - Processed 320/342 entries
2025-12-03 14:17:31,341 - INFO - Accessing: https://doi.org/10.32942/OSF.IO/Y86AR
2025-12-03 14:17:34,288 - INFO - Extracted 8305 characters from web
2025-12-03 14:17:34,288 - INFO - Web content extracted for xiaoSynergiesComplementaritiesEcosystem2022: 8000 chars
2025-12-03 14:17:34,291 - INFO - Accessing: https://doi.org/10.1080/10807030601105373
2025-12-03 14:17:36,493 - INFO - Processed 340/342 entries
2025-12-03 14:17:36,759 - INFO - Processing papers_pre1990.bib: 208 entries
2025-12-03 14:17:36,759 - INFO - Accessing: https://doi.org/10.1111/j.1540-5915.1984.tb01195.x
2025-12-03 14:17:38,708 - INFO - Accessing: https://doi.org/10.1080/02693798908941502
2025-12-03 14:17:40,947 - INFO - Accessing: https://doi.org/10.1111/j.1745-6606.1972.tb00509.x
2025-12-03 14:17:43,088 - INFO - Accessing: https://doi.org/10.1016/0048-7333(89)90054-1
2025-12-03 14:17:45,871 - INFO - Accessing: https://doi.org/10.1016/0889-1583(89)90008-7
2025-12-03 14:17:48,229 - INFO - Accessing: https://doi.org/10.2307/796722
2025-12-03 14:17:50,438 - INFO - Accessing: https://doi.org/10.1287/mnsc.31.9.1150
2025-12-03 14:17:52,662 - INFO - Accessing: https://doi.org/10.1016/0361-3682(78)90004-1
2025-12-03 14:17:55,034 - INFO - Accessing: https://doi.org/10.2307/248855
2025-12-03 14:17:57,332 - INFO - Accessing: https://doi.org/10.1287/opre.8.1.90
2025-12-03 14:17:59,536 - INFO - Accessing: https://doi.org/10.2307/3311961
2025-12-03 14:18:01,785 - INFO - Accessing: https://doi.org/10.1111/j.1477-9552.1976.tb00823.x
2025-12-03 14:18:03,931 - INFO - Accessing: https://doi.org/10.1177/0272989X8300300403
2025-12-03 14:18:06,152 - INFO - Accessing: https://doi.org/10.1287/opre.33.1.1
2025-12-03 14:18:08,367 - INFO - Accessing: https://doi.org/10.1287/inte.13.6.4
2025-12-03 14:18:10,568 - INFO - Accessing: https://doi.org/10.1287/opre.30.5.961
2025-12-03 14:18:12,701 - INFO - Accessing: https://doi.org/10.2307/2582305
2025-12-03 14:18:15,869 - INFO - Processed 20/208 entries
2025-12-03 14:18:15,869 - INFO - Accessing: https://doi.org/10.1287/opre.36.4.532
2025-12-03 14:18:18,074 - INFO - Accessing: https://doi.org/10.2307/3665006
2025-12-03 14:18:20,506 - INFO - Accessing: https://doi.org/10.1111/j.1467-6281.1971.tb00400.x
2025-12-03 14:18:22,711 - INFO - Accessing: https://doi.org/10.1109/TSE.1984.5010193
2025-12-03 14:18:25,340 - INFO - Accessing: https://doi.org/10.1109/TEM.1985.6447630
2025-12-03 14:18:27,700 - INFO - Accessing: https://doi.org/10.1287/mnsc.34.7.816
2025-12-03 14:18:29,887 - INFO - Accessing: https://doi.org/10.1002/smj.4250050305
2025-12-03 14:18:32,043 - INFO - Accessing: https://doi.org/10.1287/mnsc.9.2.310
2025-12-03 14:18:34,245 - INFO - Accessing: https://doi.org/10.1177/009539978701900204
2025-12-03 14:18:36,456 - INFO - Accessing: https://doi.org/10.1287/mnsc.31.6.647
2025-12-03 14:18:38,659 - INFO - Accessing: https://doi.org/10.3233/EFI-1984-2304
2025-12-03 14:18:40,821 - INFO - Accessing: https://doi.org/10.2307/3480372
2025-12-03 14:18:43,062 - INFO - Accessing: https://doi.org/10.2307/2130895
2025-12-03 14:18:45,399 - INFO - Accessing: https://doi.org/10.1007/BF00051829
2025-12-03 14:18:48,153 - INFO - Extracted 46112 characters from web
2025-12-03 14:18:48,154 - INFO - Web content extracted for carleyKnowledgeAcquisitionSocial1986: 8000 chars
2025-12-03 14:18:48,156 - INFO - Processed 40/208 entries
2025-12-03 14:18:48,156 - INFO - Accessing: https://doi.org/10.2307/1228706
2025-12-03 14:18:50,371 - INFO - Accessing: https://doi.org/10.1287/mnsc.6.1.73
2025-12-03 14:18:52,576 - INFO - Accessing: https://doi.org/10.1287/opre.11.1.18
2025-12-03 14:18:54,782 - INFO - Accessing: https://doi.org/10.1287/mnsc.6.4.475
2025-12-03 14:18:57,020 - INFO - Accessing: https://doi.org/10.1109/TSMC.1985.6313460
2025-12-03 14:18:59,423 - INFO - Accessing: https://doi.org/10.1016/0749-5978(88)90020-9
2025-12-03 14:19:02,153 - INFO - Accessing: https://doi.org/10.1016/0749-5978(87)90031-8
2025-12-03 14:19:04,535 - INFO - Accessing: https://doi.org/10.1016/0149-7189(80)90061-0
2025-12-03 14:19:06,913 - INFO - Accessing: https://doi.org/10.1016/0361-3682(77)90012-5
2025-12-03 14:19:09,201 - INFO - Accessing: https://doi.org/10.1111/j.1539-6924.1987.tb00978.x
2025-12-03 14:19:11,405 - INFO - Accessing: https://doi.org/10.1177/001100007600600302
2025-12-03 14:19:13,642 - INFO - Accessing: https://doi.org/10.1287/opre.5.2.266
2025-12-03 14:19:15,844 - INFO - Accessing: https://doi.org/10.1287/mnsc.1.3-4.197
2025-12-03 14:19:18,038 - INFO - Accessing: https://doi.org/10.1080/17442508808833530
2025-12-03 14:19:20,298 - INFO - Accessing: https://doi.org/10.2307/3151759
2025-12-03 14:19:22,491 - INFO - Accessing: https://doi.org/10.2307/3151527
2025-12-03 14:19:24,656 - INFO - Accessing: https://doi.org/10.1016/0021-9681(87)90181-0
2025-12-03 14:19:27,043 - INFO - Processed 60/208 entries
2025-12-03 14:19:27,043 - INFO - Accessing: https://doi.org/10.1287/opre.27.4.810
2025-12-03 14:19:29,246 - INFO - Accessing: https://doi.org/10.1287/mnsc.28.8.875
2025-12-03 14:19:31,398 - INFO - Accessing: https://doi.org/10.1007/BF01874732
2025-12-03 14:19:34,038 - INFO - Extracted 24761 characters from web
2025-12-03 14:19:34,038 - INFO - Web content extracted for dyerUsingMultipleObjectives1984: 8000 chars
2025-12-03 14:19:34,040 - INFO - Accessing: https://doi.org/10.2307/1341016
2025-12-03 14:19:36,271 - INFO - Accessing: https://doi.org/10.1287/mnsc.12.3.180
2025-12-03 14:19:38,473 - INFO - Accessing: https://doi.org/10.1287/mnsc.24.10.1064
2025-12-03 14:19:40,669 - INFO - Accessing: https://doi.org/10.2307/3172530
2025-12-03 14:19:42,901 - INFO - Accessing: https://doi.org/10.1016/0198-9715(89)90015-X
2025-12-03 14:19:45,263 - INFO - Accessing: https://doi.org/10.1080/08940630.1988.10466477
2025-12-03 14:19:47,494 - INFO - Accessing: https://doi.org/10.3233/ISU-1989-9404
2025-12-03 14:19:49,858 - INFO - Accessing: https://doi.org/10.1287/mnsc.30.1.69
2025-12-03 14:19:52,065 - INFO - Accessing: https://doi.org/10.2307/2392467
2025-12-03 14:19:54,316 - INFO - Accessing: https://doi.org/10.1080/03768358508439154
2025-12-03 14:19:56,550 - INFO - Accessing: https://doi.org/10.1037/0033-295X.90.3.239
2025-12-03 14:19:58,933 - INFO - Accessing: https://doi.org/10.2307/975557
2025-12-03 14:20:01,165 - INFO - Accessing: https://doi.org/10.1287/mnsc.20.5.822
2025-12-03 14:20:03,362 - INFO - Processed 80/208 entries
2025-12-03 14:20:03,362 - INFO - Accessing: https://doi.org/10.1287/opre.14.6.1045
2025-12-03 14:20:05,505 - INFO - Accessing: https://doi.org/10.2307/1073080
2025-12-03 14:20:07,745 - INFO - Accessing: https://doi.org/10.1086/467614
2025-12-03 14:20:09,894 - INFO - Accessing: https://doi.org/10.1287/mnsc.8.4.383
2025-12-03 14:20:12,047 - INFO - Accessing: https://doi.org/10.1086/467836
2025-12-03 14:20:14,185 - INFO - Accessing: https://doi.org/10.1007/BF00145902
2025-12-03 14:20:16,884 - INFO - Extracted 4729 characters from web
2025-12-03 14:20:16,884 - INFO - Web content extracted for grunfeldComputersValues1970: 4729 chars
2025-12-03 14:20:16,885 - INFO - Accessing: https://doi.org/10.4018/irmj.1988100102
2025-12-03 14:20:19,067 - WARNING - Request failed for https://doi.org/10.4018/irmj.1988100102: 429 Client Error: Too Many Requests for url: http://services.igi-global.com/resolvedoi/resolve.aspx?doi=10.4018/irmj.1988100102
2025-12-03 14:20:19,069 - INFO - Accessing: https://doi.org/10.1287/mnsc.33.11.1383
2025-12-03 14:20:21,273 - INFO - Accessing: https://doi.org/10.1177/003591577707001009
2025-12-03 14:20:23,522 - INFO - Accessing: https://doi.org/10.1016/0301-4207(84)90017-5
2025-12-03 14:20:25,894 - INFO - Accessing: https://doi.org/10.1287/mnsc.14.5.320
2025-12-03 14:20:28,026 - INFO - Accessing: https://doi.org/10.2307/1191734
2025-12-03 14:20:30,268 - INFO - Accessing: https://doi.org/10.1111/j.1539-6924.1985.tb00170.x
2025-12-03 14:20:32,417 - INFO - Accessing: https://doi.org/10.2307/1372502
2025-12-03 14:20:34,597 - INFO - Accessing: https://doi.org/10.1287/mnsc.27.2.115
2025-12-03 14:20:36,830 - INFO - Accessing: https://doi.org/10.1287/mnsc.34.6.679
2025-12-03 14:20:38,959 - INFO - Accessing: https://doi.org/10.1126/science.176.4040.1191
2025-12-03 14:20:41,191 - INFO - Accessing: https://doi.org/10.1061/(ASCE)0733-9364(1988)114:4(532)
2025-12-03 14:20:43,418 - INFO - Processed 100/208 entries
2025-12-03 14:20:43,418 - INFO - Accessing: https://doi.org/10.1145/1056563.1056571
2025-12-03 14:20:45,648 - INFO - Accessing: https://doi.org/10.1016/0736-5845(88)90039-7
2025-12-03 14:20:47,949 - INFO - Accessing: https://doi.org/10.1080/02681102.1988.9627119
2025-12-03 14:20:50,205 - INFO - Accessing: https://doi.org/10.1111/j.1540-5915.1987.tb01500.x
2025-12-03 14:20:52,403 - INFO - Accessing: https://doi.org/10.1080/01972243.1986.9960035
2025-12-03 14:20:54,557 - INFO - Accessing: https://doi.org/10.1080/00207548608919718
2025-12-03 14:20:56,710 - INFO - Accessing: https://doi.org/10.2307/1191733
2025-12-03 14:20:58,918 - INFO - Accessing: https://doi.org/10.1177/0022002787031001008
2025-12-03 14:21:01,139 - INFO - Accessing: https://doi.org/10.1287/mnsc.29.5.595
2025-12-03 14:21:03,341 - INFO - Accessing: https://doi.org/10.1287/opre.30.5.803
2025-12-03 14:21:05,543 - INFO - Accessing: https://doi.org/10.1111/j.1539-6924.1986.tb00954.x
2025-12-03 14:21:07,739 - INFO - Accessing: https://doi.org/10.1016/0024-6301(89)90177-5
2025-12-03 14:21:10,074 - INFO - Accessing: https://doi.org/10.1086/295282
2025-12-03 14:21:13,253 - INFO - Accessing: https://doi.org/10.2307/3003352
2025-12-03 14:21:15,496 - INFO - Accessing: https://doi.org/10.1016/0361-3682(77)90015-0
2025-12-03 14:21:17,868 - INFO - Accessing: https://doi.org/10.1002/ep.670060406
2025-12-03 14:21:20,079 - INFO - Accessing: https://doi.org/10.1016/0040-1625(73)90015-2
2025-12-03 14:21:22,458 - INFO - Processed 120/208 entries
2025-12-03 14:21:22,458 - INFO - Accessing: https://doi.org/10.1016/0016-3287(82)90005-2
2025-12-03 14:21:24,833 - INFO - Accessing: https://doi.org/10.2307/1289204
2025-12-03 14:21:27,051 - INFO - Accessing: https://doi.org/10.2307/825704
2025-12-03 14:21:29,281 - INFO - Accessing: https://doi.org/10.60082/2817-5069.1868
2025-12-03 14:21:33,496 - INFO - Extracted 402 characters from web
2025-12-03 14:21:33,497 - INFO - Web content extracted for macintoshShareholdersAppraisalRight1986: 402 chars
2025-12-03 14:21:33,497 - INFO - Accessing: https://doi.org/10.1016/0040-1625(83)90053-7
2025-12-03 14:21:35,875 - INFO - Accessing: https://doi.org/10.1287/mnsc.34.5.583
2025-12-03 14:21:38,067 - INFO - Accessing: https://doi.org/10.1177/002188638602200207
2025-12-03 14:21:40,317 - INFO - Accessing: https://doi.org/10.1108/eb026743
2025-12-03 14:21:42,731 - INFO - Accessing: https://doi.org/10.1108/eb013601
2025-12-03 14:21:44,972 - INFO - Accessing: https://doi.org/10.1109/TSMC.1987.6499281
2025-12-03 14:21:48,227 - INFO - Accessing: https://doi.org/10.2307/1911865
2025-12-03 14:21:50,439 - INFO - Accessing: https://doi.org/10.1016/0304-4068(82)90008-8
2025-12-03 14:21:52,801 - INFO - Accessing: https://doi.org/10.1287/mnsc.29.3.352
2025-12-03 14:21:54,993 - INFO - Accessing: https://doi.org/10.1016/0045-7906(81)90027-6
2025-12-03 14:21:57,423 - INFO - Accessing: https://doi.org/10.1287/mnsc.24.9.934
2025-12-03 14:21:59,624 - INFO - Accessing: https://doi.org/10.1287/mnsc.28.1.1
2025-12-03 14:22:01,824 - INFO - Processed 140/208 entries
2025-12-03 14:22:01,825 - INFO - Accessing: https://doi.org/10.1016/0167-9236(86)90001-1
2025-12-03 14:22:04,218 - INFO - Accessing: https://doi.org/10.2307/3151696
2025-12-03 14:22:06,485 - INFO - Accessing: https://doi.org/10.1016/0160-4120(80)90033-1
2025-12-03 14:22:08,775 - INFO - Accessing: https://doi.org/10.1177/0148558X8800300309
2025-12-03 14:22:11,016 - INFO - Accessing: https://doi.org/10.1086/259995
2025-12-03 14:22:13,207 - INFO - Accessing: https://doi.org/10.1108/EUM0000000000817
2025-12-03 14:22:15,443 - INFO - Accessing: https://doi.org/10.1016/S0308-5961(80)80007-3
2025-12-03 14:22:17,795 - INFO - Accessing: https://doi.org/10.1080/07350015.1987.10509579
2025-12-03 14:22:19,971 - INFO - Accessing: https://doi.org/10.1086/260107
2025-12-03 14:22:22,163 - INFO - Accessing: https://doi.org/10.1080/03081078908935029
2025-12-03 14:22:24,380 - INFO - Accessing: https://doi.org/10.1080/09332480.1989.10554953
2025-12-03 14:22:26,612 - INFO - Accessing: https://doi.org/10.1287/opre.34.1.137
2025-12-03 14:22:28,845 - INFO - Processed 160/208 entries
2025-12-03 14:22:28,845 - INFO - Accessing: https://doi.org/10.2307/248989
2025-12-03 14:22:31,068 - INFO - Accessing: https://doi.org/10.1007/BF00411632
2025-12-03 14:22:33,886 - INFO - Extracted 46059 characters from web
2025-12-03 14:22:33,887 - INFO - Web content extracted for russoIntelligentProductInformation1987: 8000 chars
2025-12-03 14:22:33,888 - INFO - Accessing: https://doi.org/10.1109/TSMC.1986.289254
2025-12-03 14:22:36,735 - INFO - Accessing: https://doi.org/10.1016/S1474-6670(17)66735-1
2025-12-03 14:22:39,111 - INFO - Accessing: https://doi.org/10.1109/TSMC.1981.4308761
2025-12-03 14:22:41,622 - INFO - Accessing: https://doi.org/10.1109/TSMC.1987.6499304
2025-12-03 14:22:44,439 - INFO - Accessing: https://doi.org/10.1109/TSMC.1980.4308532
2025-12-03 14:22:47,410 - INFO - Accessing: https://doi.org/10.1108/eb026698
2025-12-03 14:22:49,842 - INFO - Accessing: https://doi.org/10.5860/crl_50_03_328
2025-12-03 14:22:53,304 - INFO - Extracted 645 characters from web
2025-12-03 14:22:53,304 - INFO - Web content extracted for schwartzBookSelectionCollection1989: 645 chars
2025-12-03 14:22:53,305 - INFO - Accessing: https://doi.org/10.1108/eb027894
2025-12-03 14:22:55,461 - INFO - Accessing: https://doi.org/10.1016/0030-5073(71)90033-X
2025-12-03 14:22:57,849 - INFO - Accessing: https://doi.org/10.1287/opre.21.5.1071
2025-12-03 14:23:00,066 - INFO - Accessing: https://doi.org/10.1016/0361-3682(86)90018-8
2025-12-03 14:23:02,449 - INFO - Accessing: https://doi.org/10.2307/1287821
2025-12-03 14:23:04,738 - INFO - Processed 180/208 entries
2025-12-03 14:23:04,739 - INFO - Accessing: https://doi.org/10.1287/mnsc.22.3.340
2025-12-03 14:23:06,937 - INFO - Accessing: https://doi.org/10.1177/107118137702100610
2025-12-03 14:23:09,161 - INFO - Accessing: https://doi.org/10.1287/mnsc.35.3.321
2025-12-03 14:23:11,293 - INFO - Accessing: https://doi.org/10.1016/0198-9715(81)90004-1
2025-12-03 14:23:13,679 - INFO - Accessing: https://doi.org/10.2307/3003572
2025-12-03 14:23:15,953 - INFO - Accessing: https://doi.org/10.1287/mnsc.33.4.509
2025-12-03 14:23:18,165 - INFO - Accessing: https://doi.org/10.2307/2674675
2025-12-03 14:23:20,331 - INFO - Accessing: https://doi.org/10.1016/0749-5978(87)90038-0
2025-12-03 14:23:22,710 - INFO - Accessing: https://doi.org/10.1057/jors.1986.43
2025-12-03 14:23:24,915 - INFO - Accessing: https://doi.org/10.1080/0950069880100501
2025-12-03 14:23:27,160 - INFO - Accessing: https://doi.org/10.1086/406755
2025-12-03 14:23:29,391 - INFO - Accessing: https://doi.org/10.1287/mnsc.11.5.525
2025-12-03 14:23:31,600 - INFO - Accessing: https://doi.org/10.1287/mnsc.12.3.206
2025-12-03 14:23:33,734 - INFO - Accessing: https://doi.org/10.1287/mnsc.35.8.942
2025-12-03 14:23:35,937 - INFO - Accessing: https://doi.org/10.2307/3150269
2025-12-03 14:23:38,099 - INFO - Accessing: https://doi.org/10.1057/gpp.1986.16
2025-12-03 14:23:40,652 - INFO - Extracted 4869 characters from web
2025-12-03 14:23:40,652 - INFO - Web content extracted for weinsteinRiskyChoicesMedical1986: 4869 chars
2025-12-03 14:23:40,653 - INFO - Accessing: https://doi.org/10.2307/975571
2025-12-03 14:23:42,874 - INFO - Accessing: https://doi.org/10.2307/1251294
2025-12-03 14:23:45,082 - INFO - Processed 200/208 entries
2025-12-03 14:23:45,082 - INFO - Accessing: https://doi.org/10.1108/EUM0000000004994
2025-12-03 14:23:47,332 - INFO - Accessing: https://doi.org/10.1111/j.1540-5915.1982.tb01176.x
2025-12-03 14:23:49,488 - INFO - Accessing: https://doi.org/10.1016/0001-6918(80)90022-0
2025-12-03 14:23:52,213 - INFO - Accessing: https://doi.org/10.1017/S026646230000845X
2025-12-03 14:23:55,704 - INFO - Extracted 35086 characters from web
2025-12-03 14:23:55,705 - INFO - Web content extracted for wolpertElicitingCombiningSubjective1989: 8000 chars
2025-12-03 14:23:55,706 - INFO - Accessing: https://doi.org/10.1016/0361-3682(82)90026-5
2025-12-03 14:23:57,941 - INFO - Accessing: https://doi.org/10.1287/inte.5.4.35
2025-12-03 14:24:00,184 - INFO - Accessing: https://doi.org/10.1287/mnsc.25.10.966
2025-12-03 14:24:03,424 - INFO - Processing reports.bib: 1550 entries
2025-12-03 14:24:03,424 - INFO - Accessing: https://doi.org/10.21203/rs.3.rs-16737/v1
2025-12-03 14:24:05,003 - INFO - Extracted 3063 characters from web
2025-12-03 14:24:05,003 - INFO - Web content extracted for abebeModelingForecastingMacroeconomic2020: 3063 chars
2025-12-03 14:24:05,004 - INFO - Accessing: https://doi.org/10.1017/S0951007900002655
2025-12-03 14:24:07,591 - INFO - Extracted 1842 characters from web
2025-12-03 14:24:07,591 - INFO - Web content extracted for acharyaAbbottThomasIll2009: 1842 chars
2025-12-03 14:24:07,592 - INFO - Accessing: https://doi.org/10.3929/ETHZ-B-000171372
2025-12-03 14:24:11,292 - INFO - Extracted 2933 characters from web
2025-12-03 14:24:11,294 - INFO - Web content extracted for adeyProcessEnableAutomation2017: 2933 chars
2025-12-03 14:24:11,295 - INFO - Processed 20/1550 entries
2025-12-03 14:24:11,296 - INFO - Accessing: https://doi.org/10.2139/ssrn.834565
2025-12-03 14:24:13,717 - INFO - Accessing: https://doi.org/10.1016/j.vhri.2018.05.003
2025-12-03 14:24:16,133 - INFO - Processed 40/1550 entries
2025-12-03 14:24:16,135 - INFO - Accessing: https://doi.org/10.2139/ssrn.2340104
2025-12-03 14:24:18,318 - INFO - Processed 60/1550 entries
2025-12-03 14:24:18,320 - INFO - Accessing: https://doi.org/10.4337/9781785366475
2025-12-03 14:24:20,478 - WARNING - Some characters could not be decoded, and were replaced with REPLACEMENT CHARACTER.
2025-12-03 14:24:20,479 - INFO - Accessing: https://doi.org/10.2139/ssrn.2263447
2025-12-03 14:24:22,741 - INFO - Processed 80/1550 entries
2025-12-03 14:24:22,741 - INFO - Accessing: https://doi.org/10.5220/0006292602540260
2025-12-03 14:24:26,503 - INFO - Extracted 6915 characters from web
2025-12-03 14:24:26,503 - INFO - Web content extracted for atlamOverviewRiskEstimation2017: 6915 chars
2025-12-03 14:24:26,505 - INFO - Processed 100/1550 entries
2025-12-03 14:24:26,505 - INFO - Accessing: https://doi.org/10.2139/ssrn.931225
2025-12-03 14:24:28,665 - INFO - Accessing: https://doi.org/10.14264/uql.2017.560
2025-12-03 14:24:31,431 - INFO - Processed 120/1550 entries
2025-12-03 14:24:31,431 - INFO - Accessing: https://doi.org/10.2139/ssrn.771227
2025-12-03 14:24:33,602 - INFO - Accessing: https://doi.org/10.2139/ssrn.731644
2025-12-03 14:24:35,851 - INFO - Accessing: https://doi.org/10.1016/bs.hesind.2021.11.008
2025-12-03 14:24:38,283 - INFO - Processed 140/1550 entries
2025-12-03 14:24:38,283 - INFO - Accessing: https://doi.org/10.1016/j.jval.2011.12.010
2025-12-03 14:24:40,584 - INFO - Accessing: https://doi.org/10.48550/arXiv.1206.3551
2025-12-03 14:24:42,770 - INFO - Extracted 3853 characters from web
2025-12-03 14:24:42,770 - INFO - Web content extracted for bhattacharjyaSensitivityAnalysisDecision2012: 3853 chars
2025-12-03 14:24:42,771 - INFO - Accessing: https://doi.org/10.1093/yiel/13.1.439
2025-12-03 14:24:44,976 - INFO - Processed 160/1550 entries
2025-12-03 14:24:44,977 - INFO - Accessing: https://doi.org/10.2139/ssrn.871953
2025-12-03 14:24:47,408 - INFO - Accessing: https://doi.org/10.2139/ssrn.1737614
2025-12-03 14:24:49,586 - INFO - Accessing: https://doi.org/10.2139/ssrn.771245
2025-12-03 14:24:51,838 - INFO - Accessing: https://doi.org/10.2139/ssrn.871442
2025-12-03 14:24:54,082 - INFO - Processed 180/1550 entries
2025-12-03 14:24:54,082 - INFO - Accessing: https://doi.org/10.1016/j.jval.2019.01.004
2025-12-03 14:24:56,451 - INFO - Accessing: https://doi.org/10.1016/j.jval.2012.04.014
2025-12-03 14:24:58,813 - INFO - Accessing: https://doi.org/10.1177/0272989X12458348
2025-12-03 14:25:01,033 - INFO - Accessing: https://doi.org/10.3386/w18102
2025-12-03 14:25:04,259 - INFO - Processed 200/1550 entries
2025-12-03 14:25:04,259 - INFO - Accessing: https://doi.org/10.2172/1046328
2025-12-03 14:25:12,838 - INFO - Accessing: https://doi.org/10.3929/ETHZ-B-000503443
2025-12-03 14:25:16,303 - INFO - Extracted 1295 characters from web
2025-12-03 14:25:16,304 - INFO - Web content extracted for burkhalterFORESEED47Final2020: 1295 chars
2025-12-03 14:25:16,305 - INFO - Accessing: https://doi.org/10.14264/uql.2016.969
2025-12-03 14:25:19,053 - INFO - Processed 220/1550 entries
2025-12-03 14:25:19,053 - INFO - Accessing: https://doi.org/10.1177/0272989X12454577
2025-12-03 14:25:21,259 - INFO - Accessing: https://doi.org/10.1016/j.energy.2019.06.122
2025-12-03 14:25:23,632 - INFO - Processed 240/1550 entries
2025-12-03 14:25:23,632 - INFO - Accessing: https://doi.org/10.20944/preprints202007.0441.v1
2025-12-03 14:25:25,784 - INFO - Accessing: https://doi.org/10.25148/etd.FI13080506
2025-12-03 14:25:28,989 - INFO - Extracted 3108 characters from web
2025-12-03 14:25:28,989 - INFO - Web content extracted for chatterjeeFourEssaysEnvironmental2013: 3108 chars
2025-12-03 14:25:28,991 - INFO - Processed 260/1550 entries
2025-12-03 14:25:28,992 - INFO - Accessing: https://doi.org/10.5539/ijbm.v7n24p35
2025-12-03 14:25:32,037 - INFO - Extracted 1018 characters from web
2025-12-03 14:25:32,037 - INFO - Web content extracted for cisnerosCreditInformationEmerging2012: 1018 chars
2025-12-03 14:25:32,038 - INFO - Accessing: https://doi.org/10.3310/hta16460
2025-12-03 14:25:34,232 - INFO - Accessing: https://doi.org/10.2172/6109636
2025-12-03 14:25:48,348 - INFO - Processed 280/1550 entries
2025-12-03 14:25:48,350 - INFO - Accessing: https://doi.org/10.1038/srep02922
2025-12-03 14:25:50,904 - INFO - Extracted 265688 characters from web
2025-12-03 14:25:50,905 - INFO - Web content extracted for convertinoEnhancedAdaptiveManagement2013: 8000 chars
2025-12-03 14:25:50,907 - INFO - Processed 300/1550 entries
2025-12-03 14:25:50,908 - INFO - Accessing: https://doi.org/10.1024/1010-0652/a000085
2025-12-03 14:25:53,073 - INFO - Processed 320/1550 entries
2025-12-03 14:25:53,073 - INFO - Accessing: https://doi.org/10.2139/ssrn.1732755
2025-12-03 14:25:55,285 - INFO - Accessing: https://doi.org/10.21008/J.2083-4950.2017.7.5.3
2025-12-03 14:26:02,815 - INFO - Extracted 2368 characters from web
2025-12-03 14:26:02,815 - INFO - Web content extracted for czwajdaChallengesConceptMultiechelon2017: 2368 chars
2025-12-03 14:26:02,817 - INFO - Processed 340/1550 entries
2025-12-03 14:26:02,817 - INFO - Accessing: https://doi.org/10.21236/ADA181147
2025-12-03 14:26:07,301 - WARNING - Request failed for https://doi.org/10.21236/ADA181147: HTTPConnectionPool(host='www.dtic.mil', port=80): Max retries exceeded with url: /docs/citations/ADA181147 (Caused by NameResolutionError("<urllib3.connection.HTTPConnection object at 0x104a38c00>: Failed to resolve 'www.dtic.mil' ([Errno 8] nodename nor servname provided, or not known)"))
2025-12-03 14:26:07,301 - INFO - Accessing: https://doi.org/10.1306/06040808074
2025-12-03 14:26:07,605 - INFO - Accessing: https://doi.org/10.2139/ssrn.773927
2025-12-03 14:26:09,846 - INFO - Processed 360/1550 entries
2025-12-03 14:26:09,846 - INFO - Accessing: https://doi.org/10.21236/ADA491814
2025-12-03 14:26:11,908 - WARNING - Request failed for https://doi.org/10.21236/ADA491814: HTTPConnectionPool(host='www.dtic.mil', port=80): Max retries exceeded with url: /docs/citations/ADA491814 (Caused by NameResolutionError("<urllib3.connection.HTTPConnection object at 0x104a38c00>: Failed to resolve 'www.dtic.mil' ([Errno 8] nodename nor servname provided, or not known)"))
2025-12-03 14:26:11,909 - INFO - Accessing: https://doi.org/10.23970/AHRQEPCCER200
2025-12-03 14:26:12,088 - INFO - Accessing: https://doi.org/10.2139/ssrn.2628601
2025-12-03 14:26:14,280 - INFO - Accessing: https://doi.org/10.2139/ssrn.849025
2025-12-03 14:26:16,530 - INFO - Processed 380/1550 entries
2025-12-03 14:26:16,530 - INFO - Accessing: https://doi.org/10.1145/1458082.1458165
2025-12-03 14:26:18,683 - INFO - Accessing: https://doi.org/10.11647/OBP.0321.09
2025-12-03 14:26:20,912 - INFO - Extracted 385 characters from web
2025-12-03 14:26:20,912 - INFO - Web content extracted for downeyCreatingEvidenceBasedPolicy2022: 385 chars
2025-12-03 14:26:20,914 - INFO - Processed 400/1550 entries
2025-12-03 14:26:20,916 - INFO - Accessing: https://doi.org/10.1115/1.2943295
2025-12-03 14:26:23,051 - INFO - Processed 420/1550 entries
2025-12-03 14:26:23,054 - INFO - Accessing: https://doi.org/10.2139/ssrn.3811761
2025-12-03 14:26:25,334 - INFO - Accessing: https://doi.org/10.2139/ssrn.2821088
2025-12-03 14:26:27,586 - INFO - Accessing: https://doi.org/10.2139/ssrn.1916029
2025-12-03 14:26:29,826 - INFO - Accessing: https://doi.org/10.17169/refubium-11573
2025-12-03 14:26:32,240 - INFO - Extracted 6669 characters from web
2025-12-03 14:26:32,240 - INFO - Web content extracted for engberding-krugelNeuronaleGrundlagenBelohnungsabhangiger2012: 6669 chars
2025-12-03 14:26:32,242 - INFO - Accessing: https://doi.org/10.1038/s41598-021-99542-z
2025-12-03 14:26:34,786 - INFO - Extracted 159651 characters from web
2025-12-03 14:26:34,786 - INFO - Web content extracted for ezakiModelRetrainingInformation2021: 8000 chars
2025-12-03 14:26:34,787 - INFO - Processed 440/1550 entries
2025-12-03 14:26:34,787 - INFO - Accessing: https://doi.org/10.2172/1015762
2025-12-03 14:26:39,908 - INFO - Accessing: https://doi.org/10.1016/j.jval.2012.05.006
2025-12-03 14:26:42,869 - INFO - Accessing: https://doi.org/10.1037/0000342-007
2025-12-03 14:26:45,025 - INFO - Accessing: https://doi.org/10.1016/j.jval.2020.01.001
2025-12-03 14:26:47,389 - INFO - Accessing: https://doi.org/10.2172/1506118
2025-12-03 14:26:50,203 - INFO - Processed 460/1550 entries
2025-12-03 14:26:50,204 - INFO - Accessing: https://doi.org/10.1016/j.jval.2020.01.003
2025-12-03 14:26:52,513 - INFO - Accessing: https://doi.org/10.1016/j.ocecoaman.2010.04.009
2025-12-03 14:26:54,836 - INFO - Processed 480/1550 entries
2025-12-03 14:26:54,838 - INFO - Accessing: https://doi.org/10.31235/osf.io/9utyh
2025-12-03 14:26:57,124 - INFO - Accessing: https://doi.org/10.1002/csr.1858
2025-12-03 14:26:59,331 - INFO - Processed 500/1550 entries
2025-12-03 14:26:59,331 - INFO - Accessing: https://doi.org/10.2139/ssrn.840564
2025-12-03 14:27:01,589 - INFO - Accessing: https://doi.org/10.2139/ssrn.847604
2025-12-03 14:27:03,788 - INFO - Accessing: https://doi.org/10.2139/ssrn.846311
2025-12-03 14:27:05,990 - INFO - Accessing: https://doi.org/10.36487/ACG_rep/1915_66_Getty
2025-12-03 14:27:09,466 - INFO - Processed 520/1550 entries
2025-12-03 14:27:09,466 - INFO - Accessing: https://doi.org/10.1016/j.jval.2016.03.1950
2025-12-03 14:27:11,767 - INFO - Accessing: https://doi.org/10.1038/s41598-022-08193-1
2025-12-03 14:27:14,317 - INFO - Extracted 248201 characters from web
2025-12-03 14:27:14,317 - INFO - Web content extracted for gohApplicationChoosingAdvantages2022: 8000 chars
2025-12-03 14:27:14,319 - INFO - Accessing: https://doi.org/10.2139/ssrn.856006
2025-12-03 14:27:16,448 - INFO - Processed 540/1550 entries
2025-12-03 14:27:16,449 - INFO - Accessing: https://doi.org/10.3310/hta12310
2025-12-03 14:27:18,648 - INFO - Accessing: https://doi.org/10.2139/ssrn.2813992
2025-12-03 14:27:20,947 - INFO - Accessing: https://doi.org/10.1007/s40273-013-0092-z
2025-12-03 14:27:23,903 - INFO - Extracted 50425 characters from web
2025-12-03 14:27:23,904 - INFO - Web content extracted for grigoreMethodsElicitProbability2013: 8000 chars
2025-12-03 14:27:23,906 - INFO - Processed 560/1550 entries
2025-12-03 14:27:23,907 - INFO - Accessing: https://doi.org/10.14264/uql.2016.778
2025-12-03 14:27:26,718 - INFO - Accessing: https://doi.org/10.2139/ssrn.2258347
2025-12-03 14:27:28,952 - INFO - Accessing: https://doi.org/10.2172/975377
2025-12-03 14:27:49,708 - INFO - Processed 580/1550 entries
2025-12-03 14:27:49,708 - INFO - Accessing: https://doi.org/10.20525/ijrbs.v9i3.681
2025-12-03 14:27:53,201 - INFO - Extracted 19070 characters from web
2025-12-03 14:27:53,202 - INFO - Web content extracted for harmadjiStrategyPracticeQuality2020: 8000 chars
2025-12-03 14:27:53,205 - INFO - Accessing: https://doi.org/10.2139/ssrn.3477380
2025-12-03 14:27:55,471 - INFO - Processed 600/1550 entries
2025-12-03 14:27:55,473 - INFO - Accessing: https://doi.org/10.1289/EHP6745
2025-12-03 14:28:01,166 - WARNING - Request failed for https://doi.org/10.1289/EHP6745: HTTPSConnectionPool(host='ehp.niehs.nih.gov', port=443): Max retries exceeded with url: /doi/10.1289/EHP6745 (Caused by NameResolutionError("<urllib3.connection.HTTPSConnection object at 0x113d687d0>: Failed to resolve 'ehp.niehs.nih.gov' ([Errno 8] nodename nor servname provided, or not known)"))
2025-12-03 14:28:01,166 - INFO - Processed 620/1550 entries
2025-12-03 14:28:01,167 - INFO - Accessing: https://doi.org/10.1007/978-1-4899-7586-7_5-1
2025-12-03 14:28:02,107 - INFO - Extracted 115374 characters from web
2025-12-03 14:28:02,108 - INFO - Web content extracted for hoffmanaComparativeEffectivenessResearch2015: 8000 chars
2025-12-03 14:28:02,109 - INFO - Processed 640/1550 entries
2025-12-03 14:28:02,110 - INFO - Accessing: https://doi.org/10.20944/preprints202008.0307.v1
2025-12-03 14:28:04,226 - INFO - Accessing: https://doi.org/10.2139/ssrn.2748673
2025-12-03 14:28:06,486 - INFO - Accessing: https://doi.org/10.1026/0932-4089/a000360
2025-12-03 14:28:08,674 - INFO - Accessing: https://doi.org/10.1038/s41598-021-81478-z
2025-12-03 14:28:11,144 - INFO - Extracted 316871 characters from web
2025-12-03 14:28:11,145 - INFO - Web content extracted for hostetlerReconstructingPopulationDynamics2021: 8000 chars
2025-12-03 14:28:11,147 - INFO - Processed 660/1550 entries
2025-12-03 14:28:11,148 - INFO - Accessing: https://doi.org/10.2139/ssrn.1929078
2025-12-03 14:28:13,271 - INFO - Accessing: https://doi.org/10.2139/ssrn.849044
2025-12-03 14:28:15,527 - INFO - Accessing: https://doi.org/10.17760/d20002808
2025-12-03 14:28:19,442 - INFO - Extracted 10316 characters from web
2025-12-03 14:28:19,443 - INFO - Web content extracted for ilginKanbancontrolledDisassemblyLine2010: 8000 chars
2025-12-03 14:28:19,445 - INFO - Processed 680/1550 entries
2025-12-03 14:28:19,445 - INFO - Accessing: https://doi.org/10.2139/ssrn.1653919
2025-12-03 14:28:21,682 - INFO - Accessing: https://doi.org/10.2118/134612-PA
2025-12-03 14:28:23,808 - INFO - Processed 700/1550 entries
2025-12-03 14:28:23,809 - INFO - Accessing: https://doi.org/10.14264/uql.2017.53
2025-12-03 14:28:26,585 - INFO - Processed 720/1550 entries
2025-12-03 14:28:26,585 - INFO - Accessing: https://doi.org/10.1115/1.2844398
2025-12-03 14:28:28,720 - INFO - Accessing: https://doi.org/10.2172/1398865
2025-12-03 14:28:35,924 - INFO - Processed 740/1550 entries
2025-12-03 14:28:35,925 - INFO - Accessing: https://doi.org/10.1177/0272989X12455462
2025-12-03 14:28:38,138 - INFO - Processed 760/1550 entries
2025-12-03 14:28:38,140 - INFO - Accessing: https://doi.org/10.1177/0272989X18797590
2025-12-03 14:28:40,441 - INFO - Processed 780/1550 entries
2025-12-03 14:28:40,441 - INFO - Accessing: https://doi.org/10.1007/s40725-021-00138-7
2025-12-03 14:28:43,148 - INFO - Extracted 484896 characters from web
2025-12-03 14:28:43,150 - INFO - Web content extracted for knokeInventoryForestAttributes2021: 8000 chars
2025-12-03 14:28:43,152 - INFO - Accessing: https://doi.org/10.1257/aer.103.7.2875
2025-12-03 14:28:45,315 - INFO - Processed 800/1550 entries
2025-12-03 14:28:45,315 - INFO - Accessing: https://doi.org/10.5755/j01.ee.31.3.22715
2025-12-03 14:28:48,938 - INFO - Extracted 5500 characters from web
2025-12-03 14:28:48,938 - INFO - Web content extracted for krajnakFinancialStatementAccording2020: 5500 chars
2025-12-03 14:28:48,939 - INFO - Accessing: https://doi.org/10.1007/s11904-021-00550-5
2025-12-03 14:28:51,692 - INFO - Extracted 86083 characters from web
2025-12-03 14:28:51,692 - INFO - Web content extracted for krebsCosteffectivenessAnalysisImplementation2021: 8000 chars
2025-12-03 14:28:51,694 - INFO - Accessing: https://doi.org/10.2172/1408086
2025-12-03 14:28:57,388 - INFO - Accessing: https://doi.org/10.2139/ssrn.825585
2025-12-03 14:28:59,632 - INFO - Accessing: https://doi.org/10.21203/rs.3.rs-34358/v1
2025-12-03 14:29:02,169 - INFO - Extracted 87051 characters from web
2025-12-03 14:29:02,170 - INFO - Web content extracted for lakaFactorsThatImpact2020: 8000 chars
2025-12-03 14:29:02,173 - INFO - Processed 820/1550 entries
2025-12-03 14:29:02,174 - INFO - Accessing: https://doi.org/10.26481/dis.20131112jl
2025-12-03 14:29:05,008 - INFO - Extracted 5815 characters from web
2025-12-03 14:29:05,009 - INFO - Web content extracted for lalValorizationPublicHealth2013: 5815 chars
2025-12-03 14:29:05,010 - INFO - Accessing: https://doi.org/10.21236/ADA458439
2025-12-03 14:29:07,423 - WARNING - Request failed for https://doi.org/10.21236/ADA458439: HTTPConnectionPool(host='www.dtic.mil', port=80): Max retries exceeded with url: /docs/citations/ADA458439 (Caused by NameResolutionError("<urllib3.connection.HTTPConnection object at 0x1203c0270>: Failed to resolve 'www.dtic.mil' ([Errno 8] nodename nor servname provided, or not known)"))
2025-12-03 14:29:07,424 - INFO - Accessing: https://doi.org/10.31234/osf.io/g5qwc
2025-12-03 14:29:07,703 - INFO - Processed 840/1550 entries
2025-12-03 14:29:07,705 - INFO - Processed 860/1550 entries
2025-12-03 14:29:07,707 - INFO - Processed 880/1550 entries
2025-12-03 14:29:07,707 - INFO - Accessing: https://doi.org/10.21236/ADA473276
2025-12-03 14:29:09,828 - WARNING - Request failed for https://doi.org/10.21236/ADA473276: HTTPConnectionPool(host='www.dtic.mil', port=80): Max retries exceeded with url: /docs/citations/ADA473276 (Caused by NameResolutionError("<urllib3.connection.HTTPConnection object at 0x1203c0e20>: Failed to resolve 'www.dtic.mil' ([Errno 8] nodename nor servname provided, or not known)"))
2025-12-03 14:29:09,828 - INFO - Accessing: https://doi.org/10.2139/ssrn.855967
2025-12-03 14:29:10,080 - INFO - Accessing: https://doi.org/10.2139/ssrn.861885
2025-12-03 14:29:12,254 - INFO - Accessing: https://doi.org/10.1061/9780784482865.018
2025-12-03 14:29:14,490 - INFO - Accessing: https://doi.org/10.2139/ssrn.1651762
2025-12-03 14:29:16,656 - INFO - Accessing: https://doi.org/10.2139/ssrn.2650452
2025-12-03 14:29:19,009 - INFO - Processed 900/1550 entries
2025-12-03 14:29:19,009 - INFO - Accessing: https://doi.org/10.2172/803868
2025-12-03 14:29:22,752 - INFO - Accessing: https://doi.org/10.5281/ZENODO.5105848
2025-12-03 14:29:25,507 - INFO - Extracted 8640 characters from web
2025-12-03 14:29:25,507 - INFO - Web content extracted for maitrithakurReportInformationMaterial2020: 8000 chars
2025-12-03 14:29:25,509 - INFO - Accessing: https://doi.org/10.29392/001c.12530
2025-12-03 14:29:28,681 - INFO - Extracted 146518 characters from web
2025-12-03 14:29:28,683 - INFO - Web content extracted for manheimReviewPotentialHighleverage2020: 8000 chars
2025-12-03 14:29:28,685 - INFO - Accessing: https://doi.org/10.2172/5626021
2025-12-03 14:29:37,589 - INFO - Processed 920/1550 entries
2025-12-03 14:29:37,589 - INFO - Accessing: https://doi.org/10.1144/petgeo2012-057
2025-12-03 14:29:40,871 - INFO - Accessing: https://doi.org/10.2139/ssrn.856044
2025-12-03 14:29:43,401 - INFO - Processed 940/1550 entries
2025-12-03 14:29:43,401 - INFO - Accessing: https://doi.org/10.2139/ssrn.855924
2025-12-03 14:29:45,638 - INFO - Accessing: https://doi.org/10.3310/hta19410
2025-12-03 14:29:47,776 - INFO - Accessing: https://doi.org/10.2139/ssrn.4367161
2025-12-03 14:29:49,969 - INFO - Processed 960/1550 entries
2025-12-03 14:29:49,969 - INFO - Accessing: https://doi.org/10.5267/j.msl.2019.11.019
2025-12-03 14:29:53,243 - INFO - Accessing: https://doi.org/10.2139/ssrn.856005
2025-12-03 14:29:55,486 - INFO - Accessing: https://doi.org/10.25944/znmwse.2019.04.143162
2025-12-03 14:29:58,606 - INFO - Extracted 9565 characters from web
2025-12-03 14:29:58,607 - INFO - Web content extracted for mikosRozrachunkiPracownikamiTytulu2019: 8000 chars
2025-12-03 14:29:58,609 - INFO - Processed 980/1550 entries
2025-12-03 14:29:58,609 - INFO - Accessing: https://doi.org/10.1016/j.zefq.2011.04.006
2025-12-03 14:30:01,383 - INFO - Accessing: https://doi.org/10.1108/JIABR-05-2017-0065
2025-12-03 14:30:03,606 - INFO - Accessing: https://doi.org/10.2139/ssrn.840445
2025-12-03 14:30:05,859 - INFO - Processed 1000/1550 entries
2025-12-03 14:30:05,860 - INFO - Accessing: https://doi.org/10.1016/j.jclepro.2012.08.023
2025-12-03 14:30:08,162 - INFO - Accessing: https://doi.org/10.33915/etd.7459
2025-12-03 14:30:11,473 - INFO - Extracted 3918 characters from web
2025-12-03 14:30:11,473 - INFO - Web content extracted for muhondaMultidimensionalAnalysisVulnerability2019: 3918 chars
2025-12-03 14:30:11,474 - INFO - Accessing: https://doi.org/10.1201/9780429289095
2025-12-03 14:30:14,511 - INFO - Extracted 4906 characters from web
2025-12-03 14:30:14,511 - INFO - Web content extracted for mukherjeeGuideResearchMethodology2019: 4906 chars
2025-12-03 14:30:14,513 - INFO - Processed 1020/1550 entries
2025-12-03 14:30:14,514 - INFO - Accessing: https://doi.org/10.21236/ADA431023
2025-12-03 14:30:16,598 - WARNING - Request failed for https://doi.org/10.21236/ADA431023: HTTPConnectionPool(host='www.dtic.mil', port=80): Max retries exceeded with url: /docs/citations/ADA431023 (Caused by NameResolutionError("<urllib3.connection.HTTPConnection object at 0x113624380>: Failed to resolve 'www.dtic.mil' ([Errno 8] nodename nor servname provided, or not known)"))
2025-12-03 14:30:16,598 - INFO - Processed 1040/1550 entries
2025-12-03 14:30:16,598 - INFO - Accessing: https://doi.org/10.1016/j.cpa.2008.09.007
2025-12-03 14:30:16,984 - INFO - Accessing: https://doi.org/10.2139/ssrn.762184
2025-12-03 14:30:19,176 - INFO - Accessing: https://doi.org/10.1007/s00187-008-0056-1
2025-12-03 14:30:21,897 - INFO - Extracted 67984 characters from web
2025-12-03 14:30:21,898 - INFO - Web content extracted for obermaierManagementAccountingResearch2008: 8000 chars
2025-12-03 14:30:21,899 - INFO - Processed 1060/1550 entries
2025-12-03 14:30:21,899 - INFO - Accessing: https://doi.org/10.11647/OBP.0321.10
2025-12-03 14:30:24,061 - INFO - Extracted 385 characters from web
2025-12-03 14:30:24,061 - INFO - Web content extracted for ockendon10HowConservation2022: 385 chars
2025-12-03 14:30:24,061 - INFO - Accessing: https://doi.org/10.1787/9789264271036-10-en
2025-12-03 14:30:26,332 - INFO - Accessing: https://doi.org/10.1787/9789264054196-en
2025-12-03 14:30:28,531 - INFO - Processed 1080/1550 entries
2025-12-03 14:30:28,532 - INFO - Accessing: https://doi.org/10.21236/ADA183118
2025-12-03 14:30:30,872 - WARNING - Request failed for https://doi.org/10.21236/ADA183118: HTTPConnectionPool(host='www.dtic.mil', port=80): Max retries exceeded with url: /docs/citations/ADA183118 (Caused by NameResolutionError("<urllib3.connection.HTTPConnection object at 0x1203c1150>: Failed to resolve 'www.dtic.mil' ([Errno 8] nodename nor servname provided, or not known)"))
2025-12-03 14:30:30,873 - INFO - Accessing: https://doi.org/10.1136/bmj.n71
2025-12-03 14:30:31,149 - INFO - Accessing: https://doi.org/10.21236/ADA574352
2025-12-03 14:30:33,214 - WARNING - Request failed for https://doi.org/10.21236/ADA574352: HTTPConnectionPool(host='www.dtic.mil', port=80): Max retries exceeded with url: /docs/citations/ADA574352 (Caused by NameResolutionError("<urllib3.connection.HTTPConnection object at 0x113d7fce0>: Failed to resolve 'www.dtic.mil' ([Errno 8] nodename nor servname provided, or not known)"))
2025-12-03 14:30:33,215 - INFO - Processed 1100/1550 entries
2025-12-03 14:30:33,216 - INFO - Accessing: https://doi.org/10.2217/17410541.6.1.103
2025-12-03 14:30:33,416 - INFO - Processed 1120/1550 entries
2025-12-03 14:30:33,417 - INFO - Accessing: https://doi.org/10.2139/ssrn.771264
2025-12-03 14:30:35,663 - INFO - Accessing: https://doi.org/10.1038/s41598-020-77711-w
2025-12-03 14:30:38,200 - INFO - Extracted 250918 characters from web
2025-12-03 14:30:38,200 - INFO - Web content extracted for peredaCompetingCongestibleGoods2020: 8000 chars
2025-12-03 14:30:38,202 - INFO - Accessing: https://doi.org/10.1787/6e5e4c0f-en
2025-12-03 14:30:40,293 - INFO - Accessing: https://doi.org/10.21236/ADA463942
2025-12-03 14:30:42,357 - WARNING - Request failed for https://doi.org/10.21236/ADA463942: HTTPConnectionPool(host='www.dtic.mil', port=80): Max retries exceeded with url: /docs/citations/ADA463942 (Caused by NameResolutionError("<urllib3.connection.HTTPConnection object at 0x104a3a140>: Failed to resolve 'www.dtic.mil' ([Errno 8] nodename nor servname provided, or not known)"))
2025-12-03 14:30:42,357 - INFO - Processed 1140/1550 entries
2025-12-03 14:30:42,357 - INFO - Accessing: https://doi.org/10.14264/uql.2016.464
2025-12-03 14:30:43,246 - INFO - Processed 1160/1550 entries
2025-12-03 14:30:43,247 - INFO - Accessing: https://doi.org/10.1016/j.jval.2015.02.001
2025-12-03 14:30:45,976 - INFO - Accessing: https://doi.org/10.3261212/10.378838124
2025-12-03 14:30:48,208 - INFO - Accessing: https://doi.org/10.1080/10999922.2016.1139530
2025-12-03 14:30:50,404 - INFO - Processed 1180/1550 entries
2025-12-03 14:30:50,405 - INFO - Accessing: https://doi.org/10.1201/9781315374987-182
2025-12-03 14:30:52,590 - WARNING - Request failed for https://doi.org/10.1201/9781315374987-182: HTTPConnectionPool(host='www.crcnetbase.com', port=80): Max retries exceeded with url: /doi/10.1201/9781315374987-182 (Caused by NameResolutionError("<urllib3.connection.HTTPConnection object at 0x112ee6580>: Failed to resolve 'www.crcnetbase.com' ([Errno 8] nodename nor servname provided, or not known)"))
2025-12-03 14:30:52,591 - INFO - Accessing: https://doi.org/10.4324/9780203794982
2025-12-03 14:30:53,516 - INFO - Extracted 10490 characters from web
2025-12-03 14:30:53,516 - INFO - Web content extracted for richardsComplexInterventionsHealth2015: 8000 chars
2025-12-03 14:30:53,518 - INFO - Accessing: https://doi.org/10.1002/aris.2007.1440410114
2025-12-03 14:30:55,843 - INFO - Processed 1200/1550 entries
2025-12-03 14:30:55,844 - INFO - Accessing: https://doi.org/10.1038/s41598-019-52241-2
2025-12-03 14:30:58,369 - INFO - Extracted 176027 characters from web
2025-12-03 14:30:58,370 - INFO - Web content extracted for rodewaldTradeoffsValueBiodiversity2019: 8000 chars
2025-12-03 14:30:58,371 - INFO - Accessing: https://doi.org/10.1108/AEAT-01-2018-0031
2025-12-03 14:31:00,589 - INFO - Accessing: https://doi.org/10.13009/EUCASS2019-381
2025-12-03 14:31:03,282 - INFO - Accessing: https://doi.org/10.1016/j.jval.2020.01.004
2025-12-03 14:31:05,664 - INFO - Accessing: https://doi.org/10.1016/j.jacceco.2019.101246
2025-12-03 14:31:08,038 - INFO - Processed 1220/1550 entries
2025-12-03 14:31:08,038 - INFO - Accessing: https://doi.org/10.3133/sir20155176
2025-12-03 14:31:12,187 - INFO - Extracted 29181 characters from web
2025-12-03 14:31:12,188 - INFO - Web content extracted for rungeDecisionAnalysisSupport2015: 8000 chars
2025-12-03 14:31:12,190 - INFO - Processed 1240/1550 entries
2025-12-03 14:31:12,190 - INFO - Accessing: https://doi.org/10.2139/ssrn.871444
2025-12-03 14:31:14,433 - INFO - Processed 1260/1550 entries
2025-12-03 14:31:14,434 - INFO - Accessing: https://doi.org/10.2139/ssrn.827085
2025-12-03 14:31:16,643 - INFO - Accessing: https://doi.org/10.21236/ADA552536
2025-12-03 14:31:18,784 - WARNING - Request failed for https://doi.org/10.21236/ADA552536: HTTPConnectionPool(host='www.dtic.mil', port=80): Max retries exceeded with url: /docs/citations/ADA552536 (Caused by NameResolutionError("<urllib3.connection.HTTPConnection object at 0x112ee6580>: Failed to resolve 'www.dtic.mil' ([Errno 8] nodename nor servname provided, or not known)"))
2025-12-03 14:31:18,784 - INFO - Accessing: https://doi.org/10.21236/ADA534878
2025-12-03 14:31:22,298 - INFO - Accessing: https://doi.org/10.21236/ADA570387
2025-12-03 14:31:24,439 - WARNING - Request failed for https://doi.org/10.21236/ADA570387: HTTPConnectionPool(host='www.dtic.mil', port=80): Max retries exceeded with url: /docs/citations/ADA570387 (Caused by NameResolutionError("<urllib3.connection.HTTPConnection object at 0x1136245a0>: Failed to resolve 'www.dtic.mil' ([Errno 8] nodename nor servname provided, or not known)"))
2025-12-03 14:31:24,440 - INFO - Processed 1280/1550 entries
2025-12-03 14:31:24,440 - INFO - Accessing: https://doi.org/10.1038/s41598-017-00450-y
2025-12-03 14:31:25,093 - INFO - Extracted 218948 characters from web
2025-12-03 14:31:25,094 - INFO - Web content extracted for scottZerotoleranceBiosecurityProtects2017: 8000 chars
2025-12-03 14:31:25,095 - INFO - Accessing: https://doi.org/10.25560/86003
2025-12-03 14:31:27,604 - INFO - Extracted 5887 characters from web
2025-12-03 14:31:27,605 - INFO - Web content extracted for seakhoa-kingEnhancingValueTimesensitive2019: 5887 chars
2025-12-03 14:31:27,607 - INFO - Accessing: https://doi.org/10.2139/ssrn.2032100
2025-12-03 14:31:29,845 - INFO - Accessing: https://doi.org/10.2139/ssrn.855985
2025-12-03 14:31:32,040 - INFO - Accessing: https://doi.org/10.2139/ssrn.889311
2025-12-03 14:31:34,296 - INFO - Accessing: https://doi.org/10.2172/1762366
2025-12-03 14:35:16,339 - INFO - Accessing: https://doi.org/10.2139/ssrn.2030376
2025-12-03 14:35:18,633 - INFO - Accessing: https://doi.org/10.1037/e519292015-001
2025-12-03 14:35:20,810 - INFO - Processed 1300/1550 entries
2025-12-03 14:35:20,810 - INFO - Accessing: https://doi.org/10.2139/ssrn.2835753
2025-12-03 14:35:23,072 - INFO - Accessing: https://doi.org/10.1016/j.zefq.2015.06.012
2025-12-03 14:35:25,531 - INFO - Accessing: https://doi.org/10.1177/0272989X12455463
2025-12-03 14:35:27,766 - INFO - Accessing: https://doi.org/10.1016/j.jval.2012.06.014
2025-12-03 14:35:30,137 - INFO - Accessing: https://doi.org/10.1016/j.zefq.2013.10.020
2025-12-03 14:35:32,517 - INFO - Processed 1320/1550 entries
2025-12-03 14:35:32,517 - INFO - Accessing: https://doi.org/10.1007/s11886-015-0618-4
2025-12-03 14:35:35,272 - INFO - Extracted 52670 characters from web
2025-12-03 14:35:35,272 - INFO - Web content extracted for singhCosteffectivenessNovelOral2015: 8000 chars
2025-12-03 14:35:35,274 - INFO - Accessing: https://doi.org/10.2139/ssrn.825587
2025-12-03 14:35:37,488 - INFO - Processed 1340/1550 entries
2025-12-03 14:35:37,488 - INFO - Accessing: https://doi.org/10.1214/088342304000000080
2025-12-03 14:35:40,259 - INFO - Processed 1360/1550 entries
2025-12-03 14:35:40,260 - INFO - Accessing: https://doi.org/10.1007/BF00140504
2025-12-03 14:35:43,007 - INFO - Extracted 47029 characters from web
2025-12-03 14:35:43,007 - INFO - Web content extracted for stewartExpertJudgmentClimate1985: 8000 chars
2025-12-03 14:35:43,010 - INFO - Processed 1380/1550 entries
2025-12-03 14:35:43,010 - INFO - Accessing: https://doi.org/10.1016/j.enpol.2012.07.034
2025-12-03 14:35:45,363 - INFO - Accessing: https://doi.org/10.7172/1689-9024.YARS.2021.14.24.2
2025-12-03 14:35:48,338 - INFO - Extracted 1343 characters from web
2025-12-03 14:35:48,339 - INFO - Web content extracted for sznajderNoStringsAttached2021: 1343 chars
2025-12-03 14:35:48,340 - INFO - Accessing: https://doi.org/10.1115/1.2976455
2025-12-03 14:35:50,571 - INFO - Accessing: https://doi.org/10.1115/1.4001974
2025-12-03 14:35:52,795 - INFO - Processed 1400/1550 entries
2025-12-03 14:35:52,795 - INFO - Accessing: https://doi.org/10.3310/hta13080
2025-12-03 14:35:54,998 - INFO - Processed 1420/1550 entries
2025-12-03 14:35:54,998 - INFO - Accessing: https://doi.org/10.21622/ibl.2021.01.1.006
2025-12-03 14:35:58,592 - INFO - Extracted 45520 characters from web
2025-12-03 14:35:58,593 - INFO - Web content extracted for tipiConsiderationsSustainableResilient2021: 8000 chars
2025-12-03 14:35:58,595 - INFO - Accessing: https://doi.org/10.2139/ssrn.812788
2025-12-03 14:36:00,799 - INFO - Processed 1440/1550 entries
2025-12-03 14:36:00,801 - INFO - Accessing: https://doi.org/10.2139/ssrn.1868687
2025-12-03 14:36:03,054 - INFO - Accessing: https://doi.org/10.2139/ssrn.855984
2025-12-03 14:36:05,353 - INFO - Processed 1460/1550 entries
2025-12-03 14:36:05,353 - INFO - Accessing: https://doi.org/10.26481/dis.20121005ag
2025-12-03 14:36:08,136 - INFO - Extracted 13363 characters from web
2025-12-03 14:36:08,137 - INFO - Web content extracted for vangestelGlaucomaManagementEconomic2012: 8000 chars
2025-12-03 14:36:08,140 - INFO - Accessing: https://doi.org/10.2139/ssrn.812986
2025-12-03 14:36:10,488 - INFO - Processed 1480/1550 entries
2025-12-03 14:36:10,489 - INFO - Accessing: https://doi.org/10.2172/1367494
2025-12-03 14:36:15,941 - INFO - Accessing: https://doi.org/10.1016/j.istr.2011.12.003
2025-12-03 14:36:18,337 - INFO - Processed 1500/1550 entries
2025-12-03 14:36:18,337 - INFO - Accessing: https://doi.org/10.1007/s40264-019-00851-0
2025-12-03 14:36:21,128 - INFO - Extracted 90966 characters from web
2025-12-03 14:36:21,129 - INFO - Web content extracted for wangTransparentReportingResearch2019: 8000 chars
2025-12-03 14:36:21,132 - INFO - Accessing: https://doi.org/10.1201/9780429329326
2025-12-03 14:36:24,611 - INFO - Extracted 5499 characters from web
2025-12-03 14:36:24,611 - INFO - Web content extracted for wendtGreenSocialEconomy2021: 5499 chars
2025-12-03 14:36:24,613 - INFO - Accessing: https://doi.org/10.1787/6e5e4c0f-en
2025-12-03 14:36:26,784 - INFO - Accessing: https://doi.org/10.21236/AD0649468
2025-12-03 14:36:29,257 - WARNING - Request failed for https://doi.org/10.21236/AD0649468: HTTPConnectionPool(host='www.dtic.mil', port=80): Max retries exceeded with url: /docs/citations/AD0649468 (Caused by NameResolutionError("<urllib3.connection.HTTPConnection object at 0x113626e00>: Failed to resolve 'www.dtic.mil' ([Errno 8] nodename nor servname provided, or not known)"))
2025-12-03 14:36:29,258 - INFO - Processed 1520/1550 entries
2025-12-03 14:36:29,260 - INFO - Accessing: https://doi.org/10.5716/WP18001.PDF
2025-12-03 14:36:32,474 - INFO - Accessing: https://doi.org/10.7916/D851452D
2025-12-03 14:36:39,044 - INFO - Extracted 1396 characters from web
2025-12-03 14:36:39,045 - INFO - Web content extracted for williamsSustainableDevelopmentAfrica2005: 1396 chars
2025-12-03 14:36:39,049 - INFO - Accessing: https://doi.org/10.11647/OBP.0321.05
2025-12-03 14:36:41,361 - INFO - Extracted 385 characters from web
2025-12-03 14:36:41,362 - INFO - Web content extracted for wintleImprovingReliabilityJudgements2022: 385 chars
2025-12-03 14:36:41,363 - INFO - Processed 1540/1550 entries
2025-12-03 14:36:41,363 - INFO - Accessing: https://doi.org/10.2172/1491235
2025-12-03 14:36:52,424 - INFO - Accessing: https://doi.org/10.2139/ssrn.849127
2025-12-03 14:36:55,250 - INFO - Processing software.bib: 15 entries
2025-12-03 14:36:55,251 - INFO - Accessing: https://doi.org/10.2139/ssrn.2484462
2025-12-03 14:36:57,011 - INFO - Accessing: https://doi.org/10.1037/e519292015-001
2025-12-03 14:36:59,426 - INFO - Processed 12625 total entries
2025-12-03 14:36:59,569 - INFO - Results saved to practical_fulltext_analysis.csv
