id,key,source,our_title,our_year,our_author,cand_title,cand_year,cand_authors,cand_doi,sim,year_ok,author_ok,author_state,year_gap,dup_of,dup_in_weak,ygap_ok,decision
4,acarAccountabilityPublicprivatePartnerships2001,openalex,Accountability in Public-Private Partnerships,2001,"Acar, Muhittin",Accountability in public -private partnerships,2016,Muhittin Acar,10.25549/usctheses-c16-186927,1,FALSE,TRUE,confirmed,15,NA,FALSE,FALSE,human_year_gap_edition
15,bakerIncreasingInformativenessIncreasing2002,openalex,Increasing Informativeness and Increasing Risk: Equivalence Theorems,2002,"Baker, Erin Denise",Increasing Risk and Increasing Informativeness: Equivalence Theorems,2006,Erin D. Baker,10.1287/opre.1050.0213,0.9253731343283582,FALSE,TRUE,confirmed,4,NA,FALSE,FALSE,human_other
19,bedfordProbabilisticRiskAnalysis2001,openalex,Probabilistic Risk Analysis: Foundations and Methods,2001,"Bedford, Tim and Cooke, Roger",Probabilistic Risk Analysis: Foundations and Methods,2002,Uwe Jensen,10.1198/016214502760301264,1,TRUE,FALSE,different,1,NA,FALSE,TRUE,reject_author_different
20,blythGreatTransformationsEconomic2002,openalex,Great Transformations: Economic Ideas and Institutional Change in the Twentieth Century,2002,"Blyth, Mark",Great Transformations: Economic Ideas and Institutional Change in the Twentieth Century,2003,A. Scott Henderson,10.1080/03612759.2003.10527623,1,TRUE,FALSE,different,1,NA,FALSE,TRUE,reject_author_different
22,boardTransformingRemoteSensing2001,openalex,Transforming Remote Sensing Data into Information and Applications,2001,"Board, Ocean Studies and Board, Space Studies and Council, National Research",Transforming Remote Sensing Data into Information and Applications,2001,National Research Council,10.17226/10257,1,TRUE,FALSE,different,0,NA,FALSE,TRUE,reject_author_different
23,boehmSoftwareEngineeringEconomics2002,openalex,Software Engineering Economics,2002,"Boehm, Barry W.",Software Engineering Economics,1984,BARRY W. BOEHM,10.1007/978-3-642-48354-7_5,1,FALSE,TRUE,confirmed,18,NA,FALSE,FALSE,human_year_gap_edition
32,campbellBusinessStrategyIntroduction2002,openalex,Business Strategy: An Introduction,2002,"Campbell, David and Stonehouse, George and Houston, Bill",Business Strategy: An Introduction,2011,David J. Campbell; David Alex Edgar; George H. Stonehouse,NA,1,FALSE,TRUE,confirmed,9,NA,TRUE,FALSE,reject_no_doi
35,chandanManagementTheoryPractice2002,openalex,Management Theory \& Practice,2002,"Chandan, J. S.",Management Theory & Practice,1998,P. oyd; Rosalie A. Boyce,NA,1,FALSE,FALSE,different,4,NA,TRUE,FALSE,reject_no_doi
36,chooInformationManagementIntelligent2002,openalex,Information Management for the Intelligent Organization: The Art of Scanning the Environment,2002,"Choo, Chun Wei",Information management for the intelligent organization: the art of scanning the environment,1998,NA,10.5860/choice.36-2238,1,FALSE,FALSE,candidate_missing,4,NA,FALSE,FALSE,human_candidate_has_no_authors
40,councilMeasuringSustainingNew2002,openalex,Measuring and Sustaining the New Economy: Report of a Workshop,2002,"Council, National Research",Measuring and sustaining the New Economy : report of a workshop,2002,Dale W. Jorgenson; Charles W Wessner,NA,1,TRUE,FALSE,different,0,NA,TRUE,TRUE,reject_no_doi
41,cowenMarketFailureSuccess2002,openalex,Market Failure or Success,2002,"Cowen, Tyler and Crampton, Eric",Market Failure or Success,2002,NA,10.4337/9781781950005,1,TRUE,FALSE,candidate_missing,0,NA,FALSE,TRUE,accept_title_year_only
46,divannaThinkingTechnologyCreating2002,openalex,Thinking beyond Technology: Creating New Value in Business,2002,"DiVanna, J.",Thinking beyond technology: creating new value in business,2003,NA,10.5860/choice.41-1009,1,TRUE,FALSE,candidate_missing,1,NA,FALSE,TRUE,accept_title_year_only
49,elligDynamicCompetitionPublic2001,openalex,"Dynamic Competition and Public Policy: Technology, Innovation, and Antitrust Issues",2001,"Ellig, Jerome","Dynamic competition and public policy: technology, innovation, and antitrust issues",2001,NA,10.5860/choice.39-2297,1,TRUE,FALSE,candidate_missing,0,NA,FALSE,TRUE,accept_title_year_only
51,fischbeckImprovingRegulationCases2001,openalex,"Improving Regulation: Cases in Environment, Health, and Safety",2001,"Fischbeck, Paul Stelling and Farrow, R. Scott","Improving Regulation: Cases in Environment, Health, and Safety",2002,Cary Coglianese,10.1080/00139157.2002.10543569,1,TRUE,FALSE,different,1,NA,FALSE,TRUE,reject_author_different
69,heringsWorldwidewelfareMicroeconomicAnalysis2001,openalex,World-Wide-Welfare: A Micro-Economic Analysis of the New Economy,2001,"Herings, P. Jean-Jacques and Schinkel, Maarten Pieter",World-Wide-Welfare: A Micro-Economic Analysis of the New Economy,2005,P. Jean‐Jacques Herings; Maarten Pieter Schinkel,10.2139/ssrn.319223,1,FALSE,TRUE,confirmed,4,NA,FALSE,FALSE,human_year_gap_edition
79,kennedyHistoricalGuideEdgar2001,openalex,A Historical Guide to Edgar Allan Poe,2001,"Kennedy, J. Gerald",A Historical Guide to Edgar Allan Poe,2001,NA,10.1093/oso/9780195121490.001.0001,1,TRUE,FALSE,candidate_missing,0,NA,FALSE,TRUE,accept_title_year_only
81,kleinjrEffectsSymmetricInformation2002,openalex,The Effects of Symmetric Information Sharing Practices in E-Business Client/Vendor Relationships,2002,"Klein Jr, Richard Eugene",The effects of symmetric information sharing practices in e-business client/vendor relationships,2002,Arun Rai; Detmar W. Straub; Richard E. Klein,NA,1,TRUE,FALSE,confirmed,0,NA,TRUE,TRUE,reject_no_doi
86,korzyksrConceptualDesignModel2002,openalex,A Conceptual Design Model for Integrative Information System Security,2002,"Korzyk Sr, Alexander Dennis",A conceptual design model for integrative information system security,2002,Alexander D. Korzyk; Heinz Roland Weistroffer; John W. Sutherland,NA,1,TRUE,FALSE,confirmed,0,NA,TRUE,TRUE,reject_no_doi
95,lickteigApplyingDigitalTechnologies2001,openalex,Applying Digital Technologies to Evaluation: A Focus on Command and Control,2001,"Lickteig, Carl W.",Applying Digital Technologies to Evaluation: A Focus on Command and Control,2001,Carl W. Licktelg; Kathleen A. Quinkert,10.21236/ada395160,1,TRUE,FALSE,different,0,NA,FALSE,TRUE,reject_author_different
104,meyerElicitingAnalyzingExpert2001,openalex,Eliciting and Analyzing Expert Judgment: A Practical Guide,2001,"Meyer, Mary A. and Booker, Jane M.",Eliciting and analyzing expert judgment: A practical guide,1990,M Meyer; NRC; NM (United States) Los Alamos National Lab.; J Booker,10.2172/5088782,1,FALSE,TRUE,confirmed,11,NA,FALSE,FALSE,human_year_gap_edition
105,mirelReshapingTechnicalCommunication2002,openalex,Reshaping Technical Communication: New Directions and Challenges for the 21st Century,2002,"Mirel, Barbara and Spilka, Rachel",Reshaping Technical Communication: New Directions and Challenges for the 21st Century,2004,Tracy Bridgeford,10.1207/s15427625tcq1301_12,1,FALSE,FALSE,different,2,NA,FALSE,TRUE,reject_author_different
110,mowshowitzVirtualOrganizationTheory2002,openalex,Virtual Organization: Toward a Theory of Societal Transformation Stimulated by Information Technology,2002,"Mowshowitz, Abbe",Virtual organization: toward a theory of societal transformation stimulated by information technology,2002,NA,10.5860/choice.40-1619,1,TRUE,FALSE,candidate_missing,0,NA,FALSE,TRUE,accept_title_year_only
111,murphyAchievingBusinessValue2002,openalex,Achieving Business Value from Technology: A Practical Guide for Today's Executive,2002,"Murphy, Tony",Achieving Business Value from Technology : A Practical Guide for Today's Executive,2007,Tony Murphy,NA,1,FALSE,TRUE,confirmed,5,NA,TRUE,FALSE,reject_no_doi
125,pricewaterhousecoopersEbusinessWorkplaceDiscovering2001,openalex,The E-Business Workplace: Discovering the Power of Enterprise Portals,2001,"PricewaterhouseCoopers, L. L. P.",The E-Business WorkPlace: Discovering the Power of Enterprise Portals,2001,Matthias Vering,NA,1,TRUE,FALSE,different,0,NA,TRUE,TRUE,reject_no_doi
133,riahi-belkaouiBehavioralManagementAccounting2002,openalex,Behavioral Management Accounting,2002,"Riahi-Belkaoui, Ahmed",Behavioral management accounting,2002,NA,10.5860/choice.39-6517,1,TRUE,FALSE,candidate_missing,0,NA,FALSE,TRUE,human_candidate_has_no_authors
140,sapersteinCreatingRegionalWealth2002,openalex,"Creating Regional Wealth in the Innovation Economy: Models, Perspectives, and Best Practices",2002,"Saperstein, Jeff and Rouach, Daniel","Creating regional wealth in the innovation economy: models, perspectives, and best practices",2003,NA,10.5860/choice.40-5922,1,TRUE,FALSE,candidate_missing,1,NA,FALSE,TRUE,accept_title_year_only
145,shoreWhatHitlerKnew2002,openalex,What Hitler Knew: The Battle for Information in Nazi Foreign Policy,2002,"Shore, Zachary",What Hitler knew: the battle for information in Nazi foreign policy,2004,NA,10.5860/choice.41-3672,1,FALSE,FALSE,candidate_missing,2,NA,FALSE,TRUE,human_candidate_has_no_authors
153,tonshoffReachingPreventionProfessionals2002a,openalex,Reaching Prevention Professionals: The Mentor Portal,2002,"T\onshoff, Silke and van Beusekom, Ineke and van de Voort, Maarten",Reaching prevention professionals: The mentor portal cost-benefit analysis of a drug misuse prevention portal,2002,Silke Tönshoff; Ineke van Beusekom; Maarten van de Voort,10.1037/e435272005-001,1,TRUE,FALSE,confirmed,0,NA,FALSE,TRUE,accept
160,vardyEssaysAppliedGame2001,openalex,Essays in Applied Game Theory,2001,"Vardy, Felix Johannes Jozsef",Essays in applied game theory,2001,Felix Várdy,NA,1,TRUE,FALSE,confirmed,0,NA,TRUE,TRUE,reject_no_doi
163,wattsInnovativeEnergyStrategies2002,openalex,Innovative Energy Strategies for CO2 Stabilization,2002,"Watts, Robert G.","Innovative energy strategies for CO2 stabilization edited by Robert G. Watts, hardbound. Cambridge University Press (UK) 2002, ISBN 0 521 80725 5",2003,S Hirai,10.1016/j.energy.2003.08.006,1,TRUE,FALSE,different,1,NA,FALSE,TRUE,reject_author_different
173,bailyPurchasingPrinciplesManagement2005,openalex,Purchasing Principles and Management,2005,"Baily, Peter",Purchasing: Principles and management,1990,NA,10.1016/0024-6301(90)90131-m,1,FALSE,FALSE,candidate_missing,15,NA,FALSE,FALSE,human_candidate_has_no_authors
174,baronRationalityIntelligence2005,openalex,Rationality and Intelligence,2005,"Baron, Jonathan",Rationality and Intelligence,1985,Jonathan Baron,10.1017/cbo9780511571275,1,FALSE,TRUE,confirmed,20,NA,FALSE,FALSE,human_year_gap_edition
184,carmichaelPensionPowerUnions2005,openalex,"Pension Power: Unions, Pension Funds, and Social Investment in Canada",2005,"Carmichael, I.","Pension Power: Unions, Pension Funds and Social Investment in Canada",2006,Glenn Drover,10.1017/s0008423906449969,1,TRUE,FALSE,different,1,NA,FALSE,TRUE,reject_author_different
187,chenMultiscaleForecastingMethod2005,openalex,A Multiscale Forecasting Method for Power Plant Fleet Management,2005,"Chen, Hongmei",A Multiscale Forecasting Methodology for Power Plant Fleet Management,2005,Hongmei Chen,NA,0.9107412439613528,TRUE,TRUE,confirmed,0,NA,TRUE,TRUE,reject_no_doi
188,choiDigitalizationTelevisionJapan2005,openalex,"Digitalization of Television in Japan: State, Economy, and Discourse",2005,"Choi, Jung-Bong",Digitalization of Television in Japan,2008,JungBong Choi,NA,1,FALSE,TRUE,confirmed,3,NA,TRUE,TRUE,reject_no_doi
194,fox-rushbyEconomicEvaluation2005,openalex,Economic Evaluation,2005,"Fox-Rushby, Julia and Cairns, John",Economic Evaluation in Clinical Trials,2014,Henry A. Glick; Jalpa A. Doshi; Seema S. Sonnad; Daniel E. Polsky,10.1093/med/9780199685028.001.0001,1,FALSE,FALSE,different,9,NA,TRUE,FALSE,human_same_doi_for_two_records
197,ghoshManagementControlSystems2005,openalex,Management Control Systems,2005,"Ghosh, Nirmalmay",Management control systems,2017,Takashi Shimizu,10.4324/9781315200019-2,1,FALSE,FALSE,different,12,NA,FALSE,FALSE,reject_author_different
199,greenbergTortureDebateAmerica2005,openalex,The Torture Debate in America,2005,"Greenberg, Karen J.",The Torture Debate in America,2008,Karen J. Greenberg,10.1017/cbo9780511511110,1,FALSE,TRUE,confirmed,3,NA,FALSE,TRUE,accept
208,krauseOptimalNonmyopicValue2005,openalex,Optimal Nonmyopic Value of Information in Graphical Models: Efficient Algorithms and Theoretical Limits,2005,"Krause, Andreas and Guestrin, Carlos",Optimal nonmyopic value of information in graphical models : efficient algorithms and theoretical limits,2018,Andreas Krause; Carlos Guestrin,10.1184/r1/6608123,1,FALSE,TRUE,confirmed,13,NA,FALSE,FALSE,human_year_gap_edition
213,linkovComparativeRiskAssessment2004,openalex,Comparative Risk Assessment and Environmental Decision Making,2004,"Linkov, Igor",Comparative Risk Assessment and Environmental Decision Making,2004,Serkan Girgin; Kahraman Ünlü; Ülkü Yetış,10.1007/1-4020-2243-3,1,TRUE,FALSE,different,0,NA,FALSE,TRUE,reject_author_different
221,proctorEssentialsMarketingResearch2005,openalex,Essentials of Marketing Research,2005,"Proctor, Tony",Essentials of Marketing Research,2007,Joseph F. Hair,NA,1,FALSE,FALSE,different,2,NA,TRUE,TRUE,reject_no_doi
231,scottRacingGame2005,openalex,The Racing Game,2005,"Scott, Marvin B.",The Racing Game,1968,Marvin B. Scott,NA,1,FALSE,TRUE,confirmed,37,NA,TRUE,FALSE,reject_no_doi
234,slomanCausalModelsHow2005,openalex,Causal Models: How People Think about the World and Its Alternatives,2005,"Sloman, Steven",Causal Models: How People Think About the World and Its Alternatives,2009,Steven A. Sloman,10.1093/acprof:oso/9780195183115.001.0001,1,FALSE,TRUE,confirmed,4,NA,FALSE,FALSE,human_year_gap_edition
249,abellCompetingKnowledgeInformation2006,openalex,Competing with Knowledge: The Information Professional in the Knowledge Management Age,2006,"Abell, Angela and Oxbrow, Nigel",Competing with Knowledge: The Information Professional in the Knowledge Management Age,2001,NA,10.1108/el.2001.19.4.261.1,1,FALSE,FALSE,candidate_missing,5,NA,FALSE,FALSE,human_candidate_has_no_authors
250,abramowiczPredictocracyMarketMechanisms2008,openalex,Predictocracy: Market Mechanisms for Public and Private Decision Making,2008,"Abramowicz, M.",Predictocracy: market mechanisms for public and private decision making,2008,NA,10.5860/choice.45-6890,1,TRUE,FALSE,candidate_missing,0,NA,FALSE,TRUE,accept_title_year_only
283,baskaradaInformationQualityManagement2009,openalex,Information Quality Management Capability Maturity Model,2009,"Baskarada, Sasa",Information Quality Management Capability Maturity Model,2009,Saša Baškarada,10.1007/978-3-8348-9634-6,1,TRUE,FALSE,confirmed,0,NA,FALSE,TRUE,accept
289,bgEndogenousSocialInteractions2006,openalex,Endogenous Social Interactions,2006,"Bg, Martin",Endogenous Social Interactions with Unobserved Networks,2021,Marco Battaglini; Eleonora Patacchini; Edoardo Rainone,10.1093/restud/rdab058,1,FALSE,FALSE,different,15,NA,FALSE,FALSE,reject_author_different
295,billenDynamicMobileGIS2006,openalex,Dynamic and Mobile GIS: Investigating Changes in Space and Time,2006,"Billen, Roland and Joao, Elsa and Forrest, David",Dynamic and Mobile GIS,2006,NA,10.1201/9781420008609,1,TRUE,FALSE,candidate_missing,0,NA,FALSE,TRUE,accept_title_year_only
298,boardmanCostBenefitAnalysis2008,openalex,Cost Benefit Analysis,2008,"Boardman, Anthony E.",Cost-Benefit Analysis,2020,Ezra J. Mishan; Euston Quah,10.4324/9781351029780,1,FALSE,FALSE,different,12,NA,FALSE,FALSE,reject_author_different
305,brynjolfssonWiredInnovationHow2009,openalex,Wired for Innovation: How Information Technology Is Reshaping the Economy,2009,"Brynjolfsson, Erik and Saunders, Adam",Wired for innovation: how information technology is reshaping the economy,2010,NA,10.5860/choice.47-3916,1,TRUE,FALSE,candidate_missing,1,NA,FALSE,TRUE,accept_title_year_only
308,burnsDeadlyDecisionsHow2009,openalex,"Deadly Decisions: How False Knowledge Sank the Titanic, Blew up the Shuttle, and Led America into War",2009,"Burns, Christopher","Deadly decisions: how false knowledge sank the Titanic, blew up the shuttle, and led America into war",2009,NA,10.5860/choice.46-4489,1,TRUE,FALSE,candidate_missing,0,NA,FALSE,TRUE,accept_title_year_only
325,councilAssessingResearchDevelopment2008,openalex,Assessing the Research and Development Plan for the next Generation Air Transportation System: Summary of a Workshop,2008,"Council, National Research",Assessing the Research and Development Plan for the Next Generation Air Transportation System: Summary of a Workshop,2008,Deborah A. Boehm‐Davis,NA,1,TRUE,FALSE,different,0,NA,TRUE,TRUE,reject_no_doi
327,councilCompletingForecastCharacterizing2006,openalex,Completing the Forecast: Characterizing and Communicating Uncertainty for Better Decisions Using Weather and Climate Forecasts,2006,"Council, National Research","「Completing the Forecast : Characterizing and Communicating Uncertainty for Better Decisions Using Weather and Climate Forecasts」, National Research Council著, The National Academies Press, 2006年, 112頁, 25.88ドル, ISBN-13:978-0-309-10255-1(本だな)",2007,芳幸 冨山,NA,1,TRUE,FALSE,different,1,NA,TRUE,TRUE,reject_no_doi
328,councilEnhancingProductivityGrowth2007,openalex,Enhancing Productivity Growth in the Information Age: Measuring and Sustaining the New Economy,2007,"Council, National Research",Enhancing productivity growth in the information age,2007,Dale W. Jorgenson; Charles W Wessner,NA,1,TRUE,FALSE,different,0,NA,TRUE,TRUE,reject_no_doi
332,councilNewDirectionsUnderstanding2007,openalex,New Directions for Understanding Systemic Risk: A Report on a Conference Cosponsored by the Federal Reserve Bank of New York and the National Academy of Sciences,2007,"Council, National Research",New Directions for Understanding Systemic Risk: A Report on a Conference Cosponsored by the Federal Reserve Bank of New York and the National Academy of Sciences,2008,John Kambhu; Scott T. Weidman; Neel Krishnan,NA,1,TRUE,FALSE,different,1,NA,TRUE,TRUE,reject_no_doi
333,councilSocioeconomicEffectsPublic2009,openalex,The Socioeconomic Effects of Public Sector Information on Digital Networks: Toward a Better Understanding of Different Access and Reuse Policies: Workshop Summary,2009,"Council, National Research",The Socioeconomic Effects of Public Sector Information on Digital Networks: Toward a Better Understanding of Different Access and Reuse Policies Workshop Summary,2009,Paul F. Uhlir,NA,1,TRUE,FALSE,different,0,NA,TRUE,TRUE,reject_no_doi
334,councilSurveyingVictimsOptions2008,openalex,Surveying Victims: Options for Conducting the National Crime Victimization Survey,2008,"Council, National Research",Surveying Victims: Options for Conducting the National Crime Victimization Survey,2008,Robert M. Groves; Daniel Cork,NA,1,TRUE,FALSE,different,0,NA,TRUE,TRUE,reject_no_doi
343,curtisBusinessInformationSystems2008,openalex,"Business Information Systems: Analysis, Design and Practice",2008,"Curtis, Graham and Cobham, David and Cobham, David P.","Business information systems—analysis, design and practice",1992,NA,10.1016/0950-5849(92)90116-7,1,FALSE,FALSE,candidate_missing,16,NA,FALSE,FALSE,human_candidate_has_no_authors
344,daleyExploringRelationshipSupply2008,openalex,"Exploring the Relationship between Supply Network Configuration, Inter-Organizational Information Sharing and Performance",2008,"Daley, Marcia","Exploring the Relationship between Supply Network Configuration, Interorganizational Information Sharing and Performance",2022,Marcia Daley,10.57709/1059019,0.9426003734827264,FALSE,TRUE,confirmed,14,NA,FALSE,FALSE,human_other
347,debonsInformationScience1012008,openalex,Information Science 101,2008,"Debons, Anthony",Information Science 101,2009,Chaim Zins,10.1002/asi.21174,1,TRUE,FALSE,different,1,NA,FALSE,TRUE,reject_author_different
352,donohueGoodEnoughRelease2006,openalex,``Good Enough'' to Release: A Probabilistic Assessment Methodology for Computer-Based Systems,2006,"Donohue, Susan K.","""Good Enough"" to Release: A Probabilistic Assessment Methodology for Computer-Based Systems",2010,J.B. Dugan; Susan K. Donohue,NA,1,FALSE,TRUE,confirmed,4,NA,TRUE,FALSE,reject_no_doi
355,dudekCollaborativePlanningSupply2009,openalex,Collaborative Planning in Supply Chains: A Negotiation-Based Approach,2009,"Dudek, Gregor",Collaborative Planning in Supply Chains: A Negotiation-Based Approach,2004,Gregor Dudek,10.1007/978-3-540-92176-9,1,FALSE,TRUE,confirmed,5,NA,FALSE,FALSE,human_year_gap_edition
363,ephraimSurpriseAttackVictims2009,openalex,"Surprise Attack: The Victim's Perspective, with a New Preface",2009,"Ephraim, Kam and Kam, Ephraim","Surprise Attack: The Victim’s Perspective, With a New Preface",2004,Ephraim Kam,NA,1,FALSE,TRUE,confirmed,5,NA,TRUE,FALSE,reject_no_doi
364,ericksonKnowledgeManagement2007,openalex,Knowledge Management,2007,"Erickson, Thomas",Knowledge Management Systems: Information and Communication Technologies for Knowledge Management,2014,Ronald K. Maier,10.1007/978-3-540-24779-1,1,FALSE,FALSE,different,7,NA,FALSE,FALSE,reject_author_different
367,farmerInformationLiteracyAssessment2008,openalex,Information Literacy Assessment in K-12 Settings,2008,"Farmer, Lesley SJ and Henri, James",Information literacy assessment in K-12 settings,2008,NA,10.5860/choice.46-1618,1,TRUE,FALSE,candidate_missing,0,NA,FALSE,TRUE,accept_title_year_only
371,fiorinoNewEnvironmentalRegulation2006,openalex,The New Environmental Regulation,2006,"Fiorino, Daniel J.",The new environmental regulation,2007,NA,10.5860/choice.45-0538,1,TRUE,FALSE,candidate_missing,1,NA,FALSE,TRUE,accept_title_year_only
374,fredholmCapitalMarketsDeveloping2006,openalex,"Capital Markets in Developing Countries: A Model for Capital Market Diagnostics, with a Field Study Implementation in Georgia",2006,"Fredholm, Johan and Taghavi-Awal, Benjamin","Capital Markets in Developing Countries: A model for capital market diagnostics, with a field study implementation in Georgia",2009,Johan Fredholm; Benjamin Taghavi-Awal,NA,1,FALSE,TRUE,confirmed,3,NA,TRUE,TRUE,reject_no_doi
377,gajosAutomaticallyGeneratingPersonalized2008,openalex,Automatically Generating Personalized User Interfaces,2008,"Gajos, Krzysztof Z.",Automatically generating personalized user interfaces with Supple,2010,Krzysztof Z. Gajos; Daniel S. Weld; Jacob O. Wobbrock,10.1016/j.artint.2010.05.005,1,FALSE,TRUE,confirmed,2,NA,FALSE,TRUE,accept
381,goddenAgriculturalResourcePolicy2006,openalex,Agricultural and Resource Policy: Principles and Practice,2006,"Godden, David",Agricultural and Resource Policy: Principles and Practice,1998,David P. Godden,NA,1,FALSE,TRUE,confirmed,8,NA,TRUE,FALSE,reject_no_doi
384,gonzalezTransactionCostsApproach2006,openalex,A Transaction Costs Approach to Community Participatory Development: Orthodox Theory vs Reality in Traditional Communities in Mexico,2006,"Gonzalez, Natal Alejandro Martinez",A transaction costs approach to community participatory development: Orthodox theory vs reality in traditional communities in Mexico.,2006,Martínez González; Alejandro Natal,NA,1,TRUE,FALSE,confirmed,0,NA,TRUE,TRUE,reject_no_doi
387,grimseyPublicPrivatePartnerships2007,openalex,Public Private Partnerships: The Worldwide Revolution in Infrastructure Provision and Project Finance,2007,"Grimsey, Darrin and Lewis, Mervyn",Public Private Partnerships: The Worldwide Revolution In Infrastructure Provision And Project Finance,2004,Darrin Grimsey; Mervyn K. Lewis,NA,1,FALSE,TRUE,confirmed,3,NA,TRUE,TRUE,reject_no_doi
389,guptaManagementInformationSystem2008,openalex,Management Information System,2008,"Gupta, A. K.",management information system,2000,Martin H. Weik,10.1007/1-4020-0613-6_11001,1,FALSE,FALSE,different,8,NA,TRUE,FALSE,human_same_doi_for_two_records
403,hjort-af-ornasTurningHydropowerSocial2007,openalex,Turning Hydropower Social: Where Global Sustainability Conventions Matter,2007,"Hjort-af-Ornas, Anders",Turning Hydropower Social: Where Global Sustainability Conventions Matter,2008,Anders Hjort af Ornäs,NA,1,TRUE,FALSE,confirmed,1,NA,TRUE,TRUE,reject_no_doi
408,hunsingerTortureMoralIssue2008,openalex,"Torture Is a Moral Issue: Christians, Jews, Muslims, and People of Conscience Speak Out",2008,"Hunsinger, George","Torture Is a Moral Issue: Christians, Jews, Muslims, and People of Conscience Speak Out",2009,William Werpehowski,NA,1,TRUE,FALSE,different,1,NA,TRUE,TRUE,reject_no_doi
412,isikIntegratedProbabilitybasedApproach2009,openalex,An Integrated Probability-Based Approach for Multiple Response Surface Optimization,2009,"Isik, Okay",An Integrated Probability-Based Approach for Multiple Response Surface Optimization,2009,Okay IŞIK,10.25777/a21s-1n41,1,TRUE,FALSE,confirmed,0,NA,FALSE,TRUE,accept
414,janakiramanDecisionSupportSystems2008,openalex,Decision Support Systems,2008,"Janakiraman, V. S. and Sarukesi, K.",Decision support systems and intelligent systems,1997,Efraim Turban; Jay E. Aronson,NA,1,FALSE,FALSE,different,11,NA,TRUE,FALSE,reject_no_doi
420,jovicicSupportingSelfmanagementPatients2008,openalex,Supporting Self-Management in Patients with Congestive Heart Failure,2008,"Jovicic, Aleksandra",Supporting self-management in patients with congestive heart failure,2008,Aleksandra Jovičić,NA,1,TRUE,FALSE,confirmed,0,NA,TRUE,TRUE,reject_no_doi
426,kangasDecisionSupportForest2008,openalex,Decision Support for Forest Management,2008,"Kangas, Annika and Kangas, Jyrki and Kurttila, Mikko",Decision Support for Forest Management,2015,Annika Susanna Kangas; Mikko Kurttila; Teppo Hujala; Kyle Eyvindson; Jyrki Kangas,10.1007/978-3-319-23522-6,1,FALSE,TRUE,confirmed,7,1108,FALSE,FALSE,human_possible_duplicate_record
429,katsioloudesStrategicManagement2009,openalex,Strategic Management,2009,"Katsioloudes, Marios and Abouhanian, Arpi K.",Strategic Management,2010,R. Edward Freeman,10.1017/cbo9781139192675,1,TRUE,FALSE,different,1,NA,FALSE,TRUE,reject_author_different
436,khosrow-pourCasesDatabaseTechnologies2006,openalex,Cases on Database Technologies and Applications,2006,"Khosrow-Pour, D. B. A.",Cases on Database Technologies and Applications,2006,NA,10.4018/978-1-59904-399-9,1,TRUE,FALSE,candidate_missing,0,NA,FALSE,TRUE,accept_title_year_only
457,lewisiiiIdentifyingCriticalDimensions2009,openalex,Identifying Critical Dimensions That Shape the Business and Information Technology Alignment Process: A Case Study of a University,2009,"Lewis III, Nathan",Identifying critical dimensions that shape the business and information technology alignment process: A case study of a university,2009,Nathan E. Lewis,NA,1,TRUE,FALSE,confirmed,0,NA,TRUE,TRUE,reject_no_doi
462,loenenDevelopingGeographicInformation2006,openalex,Developing Geographic Information Infrastructures: The Role of Information Policies,2006,"Loenen, Bastiaan",Developing geographic information infrastructure: The role of information policies,2006,B. van Loenen,NA,0.9280337247816922,TRUE,TRUE,confirmed,0,NA,TRUE,TRUE,reject_no_doi
464,lucasInformationTechnologyStrategic2008,openalex,Information Technology: Strategic Decision Making for Managers,2008,"Lucas, Henry C.",Information Technology: Strategic Decision Making for Managers,2006,Egon W. Berghout,10.1057/palgrave.ejis.3000550,1,FALSE,FALSE,different,2,NA,FALSE,TRUE,reject_author_different
469,maleckiDigitalEconomyBusiness2007,openalex,"The Digital Economy: Business Organization, Production Processes and Regional Developments",2007,"Malecki, Edward J. and Moriset, Bruno","The Digital Economy, Business Organization, Production Processes and Regional Developments",2009,Gerhard Fuchs,10.1080/13691180902865994,1,FALSE,FALSE,different,2,NA,FALSE,TRUE,reject_author_different
480,maUncertaintyManagementRemanufacturing2008,openalex,Uncertainty Management in Remanufacturing,2008,"Ma, Huafan",Uncertainty management in remanufacturing: A review,2012,Ying Tang; Congbo Li,10.1109/coase.2012.6386365,1,FALSE,FALSE,different,4,NA,FALSE,FALSE,reject_author_different
485,mcginnisLearningHealthcareSystem2007,openalex,The Learning Healthcare System: Workshop Summary,2007,"McGinnis, J. Michael and Aisner, Dara and Olsen, LeighAnne",The Learning Healthcare System: Workshop Summary,2013,LeighAnne Olsen; Dara L. Aisner; James Michael McGinnis,NA,1,FALSE,TRUE,confirmed,6,NA,TRUE,FALSE,reject_no_doi
499,moghadamImpactAutomationEfficiency2006,openalex,The Impact of Automation on the Efficiency and Cost Effectiveness of the Quayside and Container Yard Cranes and the Selection Decision for the Yard Operating Systems,2006,"Moghadam, Mansour Kiani",The impact of automation on the efficiency and cost effectiveness of the quayside and container yard cranes and the selection decision for the yard operating systems,2017,Mansour Kiani Moghadam,10.24377/ljmu.t.00005841,1,FALSE,TRUE,confirmed,11,NA,FALSE,FALSE,human_year_gap_edition
513,nicksonITProcurementHandbook2008,openalex,IT Procurement Handbook for SMEs,2008,"Nickson, David",IT Procurement Handbook for SMEs,2008,NA,10.1108/k.2008.06737hae.003,1,TRUE,FALSE,candidate_missing,0,NA,FALSE,TRUE,accept_title_year_only
515,novakBerekNovaksGynecology2007,openalex,Berek \& Novak's Gynecology,2007,"Novak, Emil",Berek & Novak's Gynecology,2019,Jonathan S. Berek,NA,1,FALSE,FALSE,different,12,NA,TRUE,FALSE,reject_no_doi
517,ogusCostsCautionaryTales2006,openalex,Costs and Cautionary Tales: Economic Insights for the Law,2006,"Ogus, Anthony I.",Costs and Cautionary Tales : Economic Insights for the Law,2006,NA,10.5040/9781472563637,1,TRUE,FALSE,candidate_missing,0,NA,FALSE,TRUE,accept_title_year_only
519,olascoagaDynamicStrategicAlignment2006,openalex,Dynamic Strategic Alignment: An Integrated Method,2006,"Olascoaga, Ernesto",Dynamic Strategic Alignment: An Integrated Method,2013,Ernesto Olascoaga; Ed Kur,10.4135/9781412976671.n12,1,FALSE,TRUE,confirmed,7,NA,FALSE,FALSE,human_year_gap_edition
520,organizationPrinciplesModellingDoseresponse2009,openalex,Principles for Modelling Dose-Response for the Risk Assessment of Chemicals,2009,"Organization, World Health and of Chemicals, Inter-Organization Programme for the Sound Management",Principles for Modelling Dose-Response for the Risk Assessment of Chemicals,2009,Ipcs,NA,1,TRUE,FALSE,different,0,NA,TRUE,TRUE,reject_no_doi
522,palaSelectiveExposureInformation2008,openalex,Selective Exposure to Information in the Context of Excalation of Commitment,2008,"Pala, O.",Selective exposure to information in the context of excalation of commitment,2001,Ozan PALA,NA,1,FALSE,TRUE,confirmed,7,NA,TRUE,FALSE,reject_no_doi
526,parmigianiDecisionTheoryPrinciples2009,openalex,Decision Theory: Principles and Approaches,2009,"Parmigiani, Giovanni and Inoue, Lurdes",Decision theory: principles and approaches,2010,NA,10.5860/choice.47-4475,1,TRUE,FALSE,candidate_missing,1,NA,FALSE,TRUE,accept_title_year_only
534,pijpersInformationUsageBehavior2006,openalex,Information Usage Behavior,2006,"Pijpers, Guus",Information Usage Behavior and Importance: Korean Scientist and Engineer Users of a Personalized Recommendation Service,2019,Jung‐Hoon Park; Seong Eun Park; Heeseok Choi; Yun-Young Hwang,10.3390/info10050181,1,FALSE,FALSE,different,13,NA,FALSE,FALSE,reject_author_different
536,popeSynthesisingQualitativeQuantitative2007,openalex,Synthesising Qualitative and Quantitative Health Evidence: A Guide to Methods: A Guide to Methods,2007,"Pope, Catherine and Mays, Nicholas and Popay, Jennie",Synthesizing qualitative and quantitative health evidence: a guide to methods,2007,Catherine J. Pope; Nicholas Mays; Jennie Popay,NA,0.925438596491228,TRUE,TRUE,confirmed,0,NA,TRUE,TRUE,reject_no_doi
541,reddyMarketingResearch2009,openalex,Marketing Research,2009,"Reddy, P. Narayana and Acharyulu, Gvrk",Marketing Research,1970,David A. Aaker; V. Kumar; George S. Day; David J. Luck,NA,1,FALSE,FALSE,different,39,NA,TRUE,FALSE,reject_no_doi
555,salgadoEssaysAppliedMicroeconomics2006,openalex,Essays in Applied Microeconomics and Econometrics,2006,"Salgado, Maria",Essays in applied microeconomics and econometrics,2010,Hannes Ullrich,10.5167/uzh-163979,1,FALSE,FALSE,different,4,NA,FALSE,FALSE,reject_author_different
559,savageFlawAveragesWhy2009,openalex,The Flaw of Averages: Why We Underestimate Risk in the Face of Uncertainty,2009,"Savage, Sam L. and Markowitz, Harry M.",The flaw of averages: why we underestimate risk in the face of uncertainty,2010,NA,10.5860/choice.47-3267,1,TRUE,FALSE,candidate_missing,1,NA,FALSE,TRUE,accept_title_year_only
563,schnellnhuberAvoidingDangerousClimate2006,openalex,Avoiding Dangerous Climate Change,2006,"Schnellnhuber, Hans Joachim",Avoiding dangerous climate change,2006,Hans Joachim Schellnhuber; W. Cramer; N. Nakićenović; T.M.L. Wigley; G. W. Yohe,10.5860/choice.44-0979,1,TRUE,FALSE,different,0,NA,FALSE,TRUE,reject_author_different
564,schonTaxCorporateGovernance2008,openalex,Tax and Corporate Governance,2008,"Sch\on, Wolfgang",Tax and Corporate Governance,2008,Wolfgang Schön,10.1007/978-3-540-77276-7,1,TRUE,FALSE,confirmed,0,NA,FALSE,TRUE,accept
569,shaqadanDecisionAnalysisConsidering2008,openalex,Decision Analysis Considering Welfare Impacts in Water Resources Using the Benefit Transfer Approach,2008,"Shaqadan, Ashraf A.",Decision Analysis Considering Welfare Impacts in Water Resources Using the Benefit Transfer Approach,2021,Ashraf Adel Shaqadan,10.26076/663d-d680,1,FALSE,TRUE,confirmed,13,NA,FALSE,FALSE,human_year_gap_edition
572,shiEssaysApplicationsInformation2007,openalex,Essays on Applications of Information Economics,2007,"Shi, Yan",Essays on applications of information economics,2019,"Shi, Yan",10.17615/1jr8-5561,1,FALSE,TRUE,confirmed,12,NA,FALSE,FALSE,human_year_gap_edition
574,siddiquiTeachingHomeScience2007,openalex,Teaching of Home Science,2007,"Siddiqui, Mujibul Hasan",Teaching of Home Science,1984,Binita Ray; Rohit Das,NA,1,FALSE,FALSE,different,23,NA,TRUE,FALSE,reject_no_doi
585,stahljrValuationEcologicalResources2007,openalex,Valuation of Ecological Resources: Integration of Ecology and Socioeconomics in Environmental Decision Making,2007,"Stahl Jr, Ralph G. and Kapustka, Lawrence A. and Munns Jr, Wayne R. and Bruins, Randall JF",Valuation of Ecological Resources: Integration of Ecology and Socioeconomics in Environmental Decision Making,2007,Ralph G. Stahl; Lawrence A. Kapustka; Wayne R. Munns; Randall J. F. Bruins,NA,1,TRUE,FALSE,confirmed,0,NA,TRUE,TRUE,reject_no_doi
587,steynUseCorporateBusiness2009,openalex,The Use of Corporate Business Incubators in the Knowledge Economy,2009,"Steyn, Pieter Dirk",The use of corporate business incubators in the knowledge economy,2003,Pieter Dirk Steyn,NA,1,FALSE,TRUE,confirmed,6,NA,TRUE,FALSE,reject_no_doi
589,suvarierolMythNationalityStudy2007,openalex,Beyond the Myth of Nationality: A Study of the Networks of European Commission Officials,2007,"Suvarierol, Semin",Beyond the Myth of Nationality: A Study on the Networks of European Commission Officials,2003,Semin Suvarierol,NA,0.9845852267664617,FALSE,TRUE,confirmed,4,NA,TRUE,FALSE,reject_no_doi
594,tennantTeachingLearningResearch2009,openalex,"Teaching, Learning and Research in Higher Education: A Critical Approach",2009,"Tennant, Mark and McMullen, Cathi and Kaczynski, Dan","Teaching, learning and research in higher education: a critical approach",2011,Giedre Kligyte,10.1080/03075079.2011.594604,1,FALSE,FALSE,different,2,NA,FALSE,TRUE,reject_author_different
596,TheoryGamesEconomic2007,openalex,Theory of Games and Economic Behavior,2007,"Von Neumann, John and Morgenstern, Oskar",Theory of games and economic behavior,2019,Stephan Ramon Garcia; Steven J. Miller,10.1090/mbk/121/32,1,FALSE,FALSE,different,12,NA,FALSE,FALSE,reject_author_different
605,vanbrunschotRiskBalanceSecurity2007,openalex,Risk Balance and Security,2007,"Van Brunschot, Erin Gibbs and Kennedy, Leslie W.",Risk Balance & Security,2008,NA,10.4135/9781452204079,0.9466666666666664,TRUE,FALSE,candidate_missing,1,NA,FALSE,TRUE,human_candidate_has_no_authors
611,vermaBusinessProcessManagement2009,openalex,Business Process Management: Profiting from Process,2009,"Verma, Naresh",Business process management: profiting from process,2001,Roger Burlton,NA,1,FALSE,FALSE,different,8,NA,TRUE,FALSE,reject_no_doi
612,videiraIntegratedEvaluationSustainable2007,openalex,Integrated Evaluation for Sustainable River Basin Governance,2007,"Videira, Nuno and Kallis, Giorgos and Antunes, Paula and Santos, Rui and Vanrolleghem, Peter A. and Copp, John B.",Integrated evaluation for sustainable river basin governance,2002,Nuno Videira; Paula Antunes; Rui Ferrerira dos Santos; Gonçalo Lobo,NA,1,FALSE,TRUE,confirmed,5,NA,TRUE,FALSE,reject_no_doi
614,voseRiskAnalysisQuantitative2008,openalex,Risk Analysis: A Quantitative Guide,2008,"Vose, David",Risk Analysis: A Quantitative Guide,2000,David Vose,NA,1,FALSE,TRUE,confirmed,8,NA,TRUE,FALSE,reject_no_doi
618,watsonDataManagementDatabases2008,openalex,"Data Management, Databases and Organizations",2008,"Watson, Richard T.",Data Management: Databases & Organizations,2007,Richard Thomas Watson,NA,0.917710196779964,TRUE,TRUE,confirmed,1,NA,TRUE,TRUE,reject_no_doi
619,webbStrategicInformationManagement2008,openalex,Strategic Information Management: A Practitioner's Guide,2008,"Webb, Jela",Strategic Information Management: A Practitioner's Guide.,2009,Linda M. Nix,NA,1,TRUE,FALSE,different,1,NA,TRUE,TRUE,reject_no_doi
620,wegarAdoptiveFamiliesDiverse2006,openalex,Adoptive Families in a Diverse Society,2006,"Wegar, Katarina",Adoptive Families in a Diverse Society,2009,Linda J. Seligmann,10.1177/009430610903800436,1,FALSE,FALSE,different,3,NA,FALSE,TRUE,reject_author_different
622,wickramasingheValueRelevanceEnterprise2007,openalex,The Value Relevance of Enterprise Resource Planning Information,2007,"Wickramasinghe, Jayantha",The value relevance of enterprise resource planning information,2011,Jayantha Wickramasinghe; Ray McNamara,NA,1,FALSE,TRUE,confirmed,4,NA,TRUE,FALSE,reject_no_doi
624,willanStatisticalAnalysisCosteffectiveness2006,openalex,Statistical Analysis of Cost-Effectiveness Data,2006,"Willan, Andrew R. and Briggs, Andrew H.",Statistical Analysis of Cost-Effectiveness Data.,2013,Samuel J. Frame; Andrew R. Willan; Andrew H. Briggs Chichester,NA,1,FALSE,TRUE,confirmed,7,NA,TRUE,FALSE,reject_no_doi
631,zhangEvaluationEparticipation2008,openalex,Evaluation of E-Participation,2008,"Zhang, Nan",Evaluation of e-participation systems: a citizen-centered approach,2016,Bruno da Silva Gonçalves,NA,1,FALSE,FALSE,different,8,NA,TRUE,FALSE,reject_no_doi
640,anandEssentialsSarbanesOxley2011,openalex,Essentials of Sarbanes-Oxley,2011,"Anand, Sanjay",Essentials of Sarbanes‐Oxley,2007,Sanjay Anand,10.1002/9781118384596,1,FALSE,TRUE,confirmed,4,NA,FALSE,FALSE,human_year_gap_edition
641,andersenEDIDataNetworking2012,openalex,EDI and Data Networking in the Public Sector,2012,"Andersen, Kim Viborg",EDI and Data Networking in the Public Sector,1998,Kim Viborg Andersen,10.1007/978-1-4615-5487-5,1,FALSE,TRUE,confirmed,14,NA,FALSE,FALSE,human_year_gap_edition
645,atrillFinancialAccountingDecision2011,openalex,Financial Accounting for Decision Makers,2011,"Atrill, Peter and McLaney, Eddie",Financial Accounting For Decision Makers,2004,Peter Atrill; Eddie McLaney,NA,1,FALSE,TRUE,confirmed,7,NA,TRUE,FALSE,reject_no_doi
650,badkeTeachingResearchProcesses2012,openalex,Teaching Research Processes: The Faculty Role in the Development of Skilled Student Researchers,2012,"Badke, William",Teaching Research Processes: The Faculty Role in the Development of Skilled Student Researchers,2026,C. J. Garcia,10.1080/15424065.2026.2699412,1,FALSE,FALSE,different,14,NA,FALSE,FALSE,reject_author_different
652,balmerSecrecyScienceHistorical2012,openalex,Secrecy and Science: A Historical Sociology of Biological and Chemical Warfare,2012,"Balmer, Brian",Secrecy and Science: A Historical Sociology of Biological and Chemical Warfare,2012,Brian Bàlmer,NA,1,TRUE,FALSE,confirmed,0,NA,TRUE,TRUE,reject_no_doi
653,bandeljSocialismVanquishedSocialism2012,openalex,"Socialism Vanquished, Socialism Challenged: Eastern Europe and China, 1989-2009",2012,"Bandelj, Nina and Solinger, Dorothy J.","Socialism vanquished, socialism challenged: Eastern Europe and China, 1989-2009",2013,NA,10.5860/choice.50-6420,1,TRUE,FALSE,candidate_missing,1,NA,FALSE,TRUE,accept_title_year_only
661,beauchampStandingPrinciplesCollected2010,openalex,Standing on Principles: Collected Essays,2010,"Beauchamp, Tom L.",Standing on Principles: Collected Essays,2011,Laurence B. McCullough,10.1001/jama.2011.390,1,TRUE,FALSE,different,1,NA,FALSE,TRUE,reject_author_different
663,belangerInformationSystemsBusiness2011,openalex,Information Systems for Business: An Experiential Approach,2011,"Belanger, France and Van Slyke, Craig",Information Systems for Business: An Experiential Approach,2011,Craig Van Slyke,NA,1,TRUE,FALSE,confirmed,0,NA,TRUE,TRUE,reject_no_doi
665,berwickConnectedHealthUsing2010,openalex,Connected for Health: Using Electronic Health Records to Transform Care Delivery,2010,"Berwick, Donald M.",Connected for Health: Using Electronic Health Records to Transform Care Delivery,2011,Robert W. Hogan,10.7812/tpp/11-026,1,TRUE,FALSE,different,1,NA,FALSE,TRUE,reject_author_different
671,binBiotechInnovationsFundamental2012,openalex,Biotech Innovations and Fundamental Rights,2012,"Bin, Roberto and Lorenzon, Sara and Lucchi, Nicola",Biotech Innovations and Fundamental Rights,2012,"Busatta, Lucia",10.1007/978-88-470-2032-0,1,TRUE,FALSE,different,0,NA,FALSE,TRUE,reject_author_different
672,blackmonIncentiveRegulationRegulation2012,openalex,Incentive Regulation and the Regulation of Incentives,2012,"Blackmon, Glenn",Incentive Regulation and the Regulation of Incentives,1994,Glenn Blackmon,10.1007/978-1-4615-2706-0,1,FALSE,TRUE,confirmed,18,NA,FALSE,FALSE,human_year_gap_edition
673,blumLawsOutlawsTerrorists2010,openalex,"Laws, Outlaws, and Terrorists: Lessons from the War on Terrorism",2010,"Blum, Gabriella and Heymann, Philip B.","Laws, outlaws, and terrorists: lessons from the war on terrorism",2011,NA,10.5860/choice.48-5340,1,TRUE,FALSE,candidate_missing,1,NA,FALSE,TRUE,accept_title_year_only
676,boselloClimateChangeAdaptation2012,openalex,"Climate Change, Adaptation",2012,"Bosello, Francesco and Carraro, Carlo and De Cian, E.",Climate change adaptation in aquaculture,2020,Eranga Kokila Galappaththi; Stephanie T. Ichien; Amanda A. Hyman; Charlotte Aubrac; James D. Ford,10.1111/raq.12427,1,FALSE,FALSE,different,8,NA,FALSE,FALSE,reject_author_different
679,bouchlaghemCollaborativeWorkingConstruction2012,openalex,Collaborative Working in Construction,2012,"Bouchlaghem, Dino",Collaborative Working in Construction,2012,Paul S. Chinowsky,10.1080/01446193.2012.667136,1,TRUE,FALSE,different,0,NA,FALSE,TRUE,reject_author_different
680,bowmanInformedConsentPrimer2011,openalex,Informed Consent: A Primer for Clinical Practice,2011,"Bowman, Deborah and Spicer, John and Iqbal, Rehana",Informed Consent: A Primer for Clinical Practice,2012,NA,10.1108/ijhcqa.2012.06225daa.016,1,TRUE,FALSE,candidate_missing,1,NA,FALSE,TRUE,accept_title_year_only
683,brickleyContractDurationEvidence2012,openalex,Contract Duration: Evidence from Franchise Contracts,2012,"Brickley, James A. and Misra, Sanjog and Van Horn, L.",Contract Duration: Evidence from Franchise Contracts,2003,James A. Brickley; Sanjog Misra; R. Lawrence Van Horn,10.2139/ssrn.383700,1,FALSE,TRUE,confirmed,9,NA,FALSE,FALSE,human_year_gap_edition
685,brightGroupDynamicsDecision2010,openalex,Group Dynamics and Decision Making: Backcountry Recreationists in Avalanche Terrain,2010,"Bright, Leslie Shay",Group dynamics and decision making: backcountry recreationists in avalanche terrain,2007,"Leslie Shay Bright; Gilley, Jerry W.; Chermack, Tom; Makela, Carole J.; Thompson, Jessica Leigh",10.25675/3.022211,1,FALSE,TRUE,confirmed,3,NA,FALSE,TRUE,accept
686,bruceUnderstandingDecisionmakingProcesses2012,openalex,Understanding Decision-Making Processes in Airline Operations Control,2012,"Bruce, P.J.",Understanding Decision-making Processes in Airline Operations Control,2016,Peter J. Bruce,10.4324/9781315549231,1,FALSE,TRUE,confirmed,4,NA,FALSE,FALSE,human_year_gap_edition
693,caticKnowledgebasedEngineeringProduct2011,openalex,"Knowledge-Based Engineering in Product Development Processes: Process, IT and Knowledge Management Perspectives",2011,"\'Cati\'c, Amer","Knowledge-based Engineering in Product Development Processes - Process, IT and Knowledge Management perspectives",2011,Amer Ćatić,NA,1,TRUE,FALSE,confirmed,0,NA,TRUE,TRUE,reject_no_doi
701,clarkPowerCommunication2010,openalex,Power Communication,2010,"Clark, Tom",Power Communication,2003,Carolyn Peluso Atkins,10.1300/j001v21n02_13,1,FALSE,FALSE,different,7,NA,FALSE,FALSE,reject_author_different
702,clementsMedicalGeneticsCasebook2012,openalex,Medical Genetics Casebook: A Clinical Introduction to Medical Ethics Systems Theory,2012,"Clements, Colleen D.",Medical Genetics Casebook: A Clinical Introduction to Medical Ethics Systems Theory,1983,Mary-Carroll Sullivan,10.1001/jama.1983.03330310068037,1,FALSE,FALSE,different,29,NA,FALSE,FALSE,reject_author_different
703,coleNetworkSecurityBible2011,openalex,Network Security Bible,2011,"Cole, Eric",Network Security Bible,2005,Eric Cole; Ronald L. Krutz; James W. Conley,NA,1,FALSE,TRUE,confirmed,6,NA,TRUE,FALSE,reject_no_doi
706,cookeStatisticsScienceFoundations2012,openalex,"Statistics in Science: The Foundations of Statistical Methods in Biology, Physics and Economics",2012,"Cooke, Roger and Costantini, Domenico","Statistics in Science : The Foundations of Statistical Methods in Biology, Physics and Economics",1990,Roger Cooke; Domenico Costantini,10.1007/978-94-009-0619-8,1,FALSE,TRUE,confirmed,22,NA,FALSE,FALSE,human_year_gap_edition
707,cordoba-pachonSystemsPracticeInformation2010,openalex,Systems Practice in the Information Society,2010,"C\'ordoba-Pach\'on, Jos\'e-Rodrigo",Systems Practice in the Information Society,2010,José‐Rodrigo Córdoba‐Pachón,10.4324/9780203893159,1,TRUE,FALSE,confirmed,0,NA,FALSE,TRUE,accept
708,councilModelingEconomicsGreenhouse2011,openalex,Modeling the Economics of Greenhouse Gas Mitigation: Summary of a Workshop,2011,"Council, National Research",Modeling the economics of greenhouse gas mitigation : summary of a workshop,2011,K. John Holmes,NA,1,TRUE,FALSE,different,0,NA,TRUE,TRUE,reject_no_doi
711,coxjrRiskAnalysisFoundations2012,openalex,"Risk Analysis Foundations, Models, and Methods",2012,"Cox Jr, Louis Anthony","Risk Analysis Foundations, Models, and Methods",2002,Louis Anthony Cox,10.1007/978-1-4615-0847-2,1,FALSE,FALSE,confirmed,10,NA,FALSE,FALSE,human_year_gap_edition
712,culyerDictionaryHealthEconomics2010,openalex,"The Dictionary of Health Economics, Second Edition",2010,"Culyer, A.J.","The Dictionary of Health Economics, Second Edition",2012,Anthony J. Culyer,10.4337/9781849806626,1,FALSE,TRUE,confirmed,2,NA,FALSE,TRUE,accept
714,davisMonsterBed2011,openalex,Monster under the Bed,2011,"Davis, Stan",Monster Under The Bed,1994,Stanley M. Davis,NA,1,FALSE,TRUE,confirmed,17,NA,TRUE,FALSE,reject_no_doi
716,deakinBattlespaceTechnologiesNetworkenabled2010,openalex,Battlespace Technologies: Network-Enabled Information Dominance,2010,"Deakin, Richard S.","Battlespace Technologies: Network-Enabled Information Dominance, R. S. Deakin, Artech House, 16 Sussex Street, London, SW1V 4RW. 2010. 509pp. Illustrated. £95. ISBN 978-1-59693-337-8.",2012,Peter J. Crozier,10.1017/s0001924000007387,1,FALSE,FALSE,different,2,NA,FALSE,TRUE,reject_author_different
722,dimitrakopoulosGeostatisticsNextCentury2012,openalex,"Geostatistics for the next Century: An International Forum in Honour of Michel David's Contribution to Geostatistics, Montreal, 1993",2012,"Dimitrakopoulos, Roussos","Geostatistics for the next century : an international forum in honour of Michel David's contribution to geostatistics, Montreal, 1993",1994,Michel David; Roussos G. Dimitrakopoulos,NA,1,FALSE,TRUE,confirmed,18,NA,TRUE,FALSE,reject_no_doi
735,fennellyHandbookLossPrevention2012,openalex,Handbook of Loss Prevention and Crime Prevention,2012,"Fennelly, Lawrence J.",Handbook of Loss Prevention and Crime Prevention,2012,NA,10.1016/c2010-0-66453-4,1,TRUE,FALSE,candidate_missing,0,NA,FALSE,TRUE,accept_title_year_only
736,fergusonClosedloopSupplyChains2010,openalex,Closed-Loop Supply Chains: New Developments to Improve the Sustainability of Business Practices,2010,"Ferguson, Mark E. and Souza, Gilvan C.","Closed‐Loop Supply Chains: New Developments to Improve the Sustainability of Business Practices , edited by Mark E. Ferguson and Gilvan C. Souza.",2011,Vered Doctori Blass,10.1111/j.1530-9290.2011.00412.x,1,TRUE,FALSE,different,1,NA,FALSE,TRUE,reject_author_different
737,ferreiraAdministrativeManagement2010,openalex,Administrative Management,2010,"Ferreira, Edmund John and Erasmus, Annatjie W. and Groenewald, Darelle",Administrative management.,2007,Marietta Stevenson,10.1037/11407-008,1,FALSE,FALSE,different,3,NA,FALSE,TRUE,reject_author_different
742,flaspohlerEngagingFirstyearStudents2011,openalex,Engaging First-Year Students in Meaningful Library Research: A Practical Guide for Teaching Faculty,2011,"Flaspohler, Molly",Engaging First-year Students in Meaningful Library Research: A Practical Guide for Teaching Faculty,2013,Julia Ulyannikova,10.1080/00048623.2013.794446,1,FALSE,FALSE,different,2,NA,FALSE,TRUE,reject_author_different
747,ganzhornBridgingInformationGap2012,openalex,Bridging the Information Gap: For Small and Medium Enterprises,2012,"Ganzhorn, Karl and Faustoferri, Sergio",Bridging the information gap for small and medium enterprises,1990,Medium Enterprises; Karl E. Ganzhorn; Sergio Faustoferri,NA,1,FALSE,TRUE,confirmed,22,NA,TRUE,FALSE,reject_no_doi
749,ghonaimySecurityInformationSociety2012,openalex,Security in the Information Society: Visions and Perspectives,2012,"Ghonaimy, M. Adeeb and El-Hadidi, Mahmoud T. and Aslan, Heba K.","Security in the information society : visions and perspectives : IFIP TC11 17th International Conference on Information Security (SEC 2002), May 7-9, 2002, Cairo, Egypt",2002,M.A.R. Ghonaimy; Mahmoud T. El‐Hadidi; Heba Kamal Aslan,NA,1,FALSE,TRUE,confirmed,10,NA,TRUE,FALSE,reject_no_doi
757,groverStrategicEconomicDecisionmaking2012,openalex,Strategic Economic Decision-Making: Using Bayesian Belief Networks to Solve Complex Problems,2012,"Grover, Jeff",Strategic Economic Decision-Making: Using Bayesian Belief Networks to Solve Complex Problems,2019,Stan Lipovetsky,10.1080/00401706.2019.1629740,1,FALSE,FALSE,different,7,NA,FALSE,FALSE,reject_author_different
758,gucluInformationseekingBehaviorPolice2011,openalex,The Information-Seeking Behavior of Police Officers in Turkish National Police,2011,"Guclu, Idris",The Information-Seeking Behavior of Police Officers in Turkish National Police,2011,İdris Güçlü,10.12794/metadc84210,1,TRUE,FALSE,confirmed,0,NA,FALSE,TRUE,accept
760,guptaManagementInformationSystem2011,openalex,Management Information System,2011,"Gupta, Hitesh",management information system,2000,Martin H. Weik,10.1007/1-4020-0613-6_11001,1,FALSE,FALSE,different,11,NA,TRUE,FALSE,human_same_doi_for_two_records
770,hirschEssaysPoliticalInstitutions2010,openalex,Essays on Political Institutions,2010,"Hirsch, Alexander V.",Essays on political institutions and macroeconomics,2007,Pierre Yared,NA,1,FALSE,FALSE,different,3,NA,TRUE,TRUE,reject_no_doi
771,hobbsEnergyDecisionsEnvironment2012,openalex,Energy Decisions and the Environment: A Guide to the Use of Multicriteria Methods,2012,"Hobbs, Benjamin F. and Meier, Peter",Energy decisions and the environment : a guide to the use of multicriteria methods,2000,Benjamin F. Hobbs; Peter Meier,NA,1,FALSE,TRUE,confirmed,12,NA,TRUE,FALSE,reject_no_doi
780,jalilCustomerInformationDriven2011,openalex,Customer Information Driven after Sales Service Management: Lessons from Spare Parts Logistics,2011,"Jalil, Muhammad",Customer Information Driven After Sales Service Management: Lessons from Spare Parts Logistics,2006,Muhammad Naiman Jalil,NA,1,FALSE,TRUE,confirmed,5,NA,TRUE,FALSE,reject_no_doi
781,jammerneggSequentialBinaryInvestment2012,openalex,Sequential Binary Investment Decisions: A Bayesian Approach,2012,"Jammernegg, Werner",Sequential Binary Investment Decisions: A Bayesian Approach,1988,Werner Jammernegg,NA,1,FALSE,TRUE,confirmed,24,NA,TRUE,FALSE,reject_no_doi
788,kalbMultipleSclerosisQuestions2011,openalex,"Multiple Sclerosis: The Questions You Have, the Answers You Need",2011,"Kalb, Rosalind C.",Multiple Sclerosis: the Questions You Have---the Answers You Need.,2000,D Bates,10.1136/jnnp.69.5.707f,1,FALSE,FALSE,different,11,NA,FALSE,FALSE,reject_author_different
791,katsioloudesGlobalStrategicPlanning2012,openalex,Global Strategic Planning,2012,"Katsioloudes, Marios",Global Strategic Planning,2019,John D. Pessima; Bart Dietz,10.1002/9781119227793.ch8,1,FALSE,FALSE,different,7,NA,FALSE,FALSE,reject_author_different
794,kennedyCrimeTerrorismRisk2012,openalex,Crime and Terrorism Risk: Studies in Criminology and Criminal Justice,2012,"Kennedy, Leslie W. and McGarrell, Edmund F.",Crime and Terrorism Risk: Studies in Criminology and Criminal Justice,2012,Jason Manning,10.1177/0094306112457769x,1,TRUE,FALSE,different,0,NA,FALSE,TRUE,reject_author_different
795,keScalabilityFindabilityDecentralized2010,openalex,Scalability of Findability: Decentralized Search and Retrieval in Large Information Networks,2010,"Ke, Weimao",Scalability of findability: decentralized search and retrieval in large information networks,2019,Weimao Ke,10.17615/hh1n-tw77,1,FALSE,TRUE,confirmed,9,NA,FALSE,FALSE,human_year_gap_edition
797,khaderValueInformationDesign2012,openalex,Value of Information in Design of Groundwater Quality Monitoring Network under Uncertainty,2012,"Khader, Abdelhaleem",Value of Information in Design of Groundwater Quality Monitoring Network under Uncertainty,2021,Abdelhaleem Khader,10.26076/05dc-e4fe,1,FALSE,TRUE,confirmed,9,NA,FALSE,FALSE,human_year_gap_edition
803,knottnerusEvidenceBaseClinical2011,openalex,The Evidence Base of Clinical Diagnosis: Theory and Methods of Diagnostic Research,2011,"Knottnerus, J. Andr\'e and Buntinx, Frank",The evidence base of clinical diagnosis : theory and methods of diagnostic research,2009,J. André Knottnerus; Frank Buntinx,NA,1,FALSE,TRUE,confirmed,2,NA,TRUE,TRUE,reject_no_doi
807,kramarenkoFractalApproachMultiple2010,openalex,Fractal Approach for Multiple Project Management in Manufacturing Enterprises,2010,"Kramarenko, Sergei",Fractal Approach for Multiple Project Management in Manufacturing Enterprises. Fraktaalne lähenemine multiprojekti juhtimisel tööstusettevõtetes,2010,Tatyana Karaulova,NA,1,TRUE,FALSE,different,0,NA,TRUE,TRUE,reject_no_doi
814,latimerPromotingInformationMarketplace2010,openalex,Promoting Information in the Marketplace for Financial Services,2010,"Latimer, Paul and Maume, Philipp",Promoting Information in the Marketplace for Financial Services,2014,Paul Latimer; Philipp Maume,10.1007/978-3-319-09459-5,1,FALSE,TRUE,confirmed,4,NA,FALSE,FALSE,human_year_gap_edition
827,luFundamentalsSupplyChain,openalex,Fundamentals of Supply Chain Management,2011,"Lu, Dr Dawei",Fundamentals of supply chain management,2011,Dawei Lü,NA,1,TRUE,FALSE,confirmed,0,NA,TRUE,TRUE,reject_no_doi
833,marquezDynamicModellingSupply2010,openalex,"Dynamic Modelling for Supply Chain Management: Dealing with Front-End, Back-End and Integration Issues",2010,"M\'arquez, Adolfo Crespo","Dynamic modelling for supply chain management : dealing with front-end, back-end and integration issues",2010,Adolfo Crespo Márquez,NA,1,TRUE,FALSE,confirmed,0,NA,TRUE,TRUE,reject_no_doi
846,munRealOptionsAnalysis2012,openalex,Real Options Analysis: Tools and Techniques for Valuing Strategic Investments and Decisions,2012,"Mun, Johnathan",Real options analysis : tools and techniques for valuing strategic investments and decisions,2002,Johnathan C. Mun,NA,1,FALSE,TRUE,confirmed,10,NA,TRUE,FALSE,reject_no_doi
852,nationalresearchcouncilusandinstituteofmedicineuscommitteeonrankingfdaproductcategoriesbasedonhealthconsequencesphaseiiRiskCharacterizationFrameworkDecisionMaking2011,openalex,A Risk-Characterization Framework for Decision-Making at the Food and Drug Administration,2011,"National Research Council (US) and Institute of Medicine (US) Committee on Ranking FDA Product Categories Based on Health Consequences, Phase II",A Risk-Characterization Framework for Decision-Making at the Food and Drug Administration,2011,National Research Council and Institute of Medicine,10.17226/13156,1,TRUE,FALSE,different,0,NA,FALSE,TRUE,reject_author_different
854,nguyenMarketingDecisionsUncertainty2012,openalex,Marketing Decisions under Uncertainty,2012,"Nguyen, Dung",Marketing Decisions Under Uncertainty,1997,Dung Tien Nguyen,10.1007/978-1-4615-6209-2,1,FALSE,TRUE,confirmed,15,NA,FALSE,FALSE,human_year_gap_edition
857,nicholsonMicroeconomicTheoryBasic2012,openalex,Microeconomic Theory: Basic Principles and Extensions,2012,"Nicholson, Walter and Snyder, Christopher M.",Microeconomic theory: basic principles and extensions,1972,Walter Nicholson,NA,1,FALSE,TRUE,confirmed,40,NA,TRUE,FALSE,reject_no_doi
858,nirmalyaManagementInformationSystems2010,openalex,Management Information Systems,2010,"Nirmalya, Bagchi",management information system,2000,Martin H. Weik,10.1007/1-4020-0613-6_11001,1,FALSE,FALSE,different,10,NA,TRUE,FALSE,human_same_doi_for_two_records
859,nystromEvaluationBenefitsValue2011,openalex,An Evaluation of the Benefits and Value of Libraries,2011,"Nystr\om, Viveca and Sj\ogren, Linn\'ea",An Evaluation of the Benefits and Value of Libraries,2012,Viveca Nyström; Linnéa Sjögren,10.1533/9781780632933,1,TRUE,FALSE,confirmed,1,NA,FALSE,TRUE,accept
874,perez-miraValidityDeLoneMcLeans2010,openalex,Validity of DeLone and McLean's Model of Information Systems Success at the Web Site Level of Analysis,2010,"P\'erez-Mira, Bego\~na",Validity of DeLone and McLean's Model of Information Systems success at the web site level of analysis,2010,Begoña Pérez-Mira,10.31390/gradschool_dissertations.3531,1,TRUE,FALSE,confirmed,0,NA,FALSE,TRUE,accept
875,pfeifferDiffusionElectronicData2012,openalex,The Diffusion of Electronic Data Interchange,2012,"Pfeiffer, Hagen K. C.",The Diffusion of Electronic Data Interchange,1992,Hagen K. C. Pfeiffer,10.1007/978-3-642-51559-0,1,FALSE,TRUE,confirmed,20,NA,FALSE,FALSE,human_year_gap_edition
876,phadtareStrategicManagementConcepts2010,openalex,Strategic Management: Concepts and Cases,2010,"Phadtare, Milind T.",Strategic management: Concepts and cases,1996,NA,10.1016/s0024-6301(97)82835-x,1,FALSE,FALSE,candidate_missing,14,NA,FALSE,FALSE,human_candidate_has_no_authors
880,podolnyStatusSignalsSociological2010,openalex,Status Signals: A Sociological Study of Market Competition,2010,"Podolny, J.M.",Status Signals: A Sociological Study of Market Competition,2005,Joel M. Podolny,10.1515/9781400837878,1,FALSE,TRUE,confirmed,5,NA,FALSE,FALSE,human_year_gap_edition
884,powellOptimalLearning2012,openalex,Optimal Learning,2012,"Powell, Warren B. and Ryzhov, Ilya O.",Optimal Learning by Experimentation,1991,Philippe Aghion; Patrick G M Bolton; Christopher Harris; Bruno Jullien,10.2307/2297825,1,FALSE,FALSE,different,21,NA,TRUE,FALSE,human_same_doi_for_two_records
894,robinsonModelingDecisionMaking2010,openalex,Modeling Decision Making Related to Incident Delays during Hurricane Evacuations,2010,"Robinson, Robert Michael",Modeling Decision Making Related to Incident Delays During Hurricane Evacuations,2019,R. Michael Robinson,10.25777/cf0d-r534,1,FALSE,TRUE,confirmed,9,NA,FALSE,FALSE,human_year_gap_edition
898,roseEconomicsConceptDesign2012,openalex,"The Economics, Concept, and Design of Information Intermediaries: A Theoretic Approach",2012,"Rose, Frank","The Economics, Concept, and Design of Information Intermediaries: A Theoretic Approach",1998,Frank Rose,10.1007/978-3-642-99805-8,1,FALSE,TRUE,confirmed,14,NA,FALSE,FALSE,human_year_gap_edition
899,rossettJobAidsPerformance2012,openalex,Job Aids and Performance Support: Moving from Knowledge in the Classroom to Knowledge Everywhere,2012,"Rossett, Allison and Schafer, Lisa","Job aids and performance support: Moving from knowledge in the classroom to knowledge everywhere by Allison Rossett, and Lisa Schafer",2008,Dave Font; John Duncan,10.1002/pfi.186,1,FALSE,FALSE,different,4,NA,FALSE,FALSE,reject_author_different
906,sarkarCompanionPhilosophyBiology2010,openalex,A Companion to the Philosophy of Biology,2010,"Sarkar, Sahotra and Plutynski, Anya",A Companion to the Philosophy of Biology,2007,NA,10.1002/9780470696590,1,FALSE,FALSE,candidate_missing,3,NA,FALSE,TRUE,human_candidate_has_no_authors
907,sarraCorporateGovernanceGlobal2011a,openalex,Corporate Governance in Global Capital Markets,2011,"Sarra, Janis",Corporate Governance in Global Capital Markets,2007,NA,10.59962/9780774851824,1,FALSE,FALSE,candidate_missing,4,NA,FALSE,FALSE,human_candidate_has_no_authors
910,scoonesAvianInfluenzaScience2010,openalex,"Avian Influenza: Science, Policy and Politics",2010,"Scoones, Ian","Avian Influenza: Science, Policy and Politics",2011,Kathleen F. Gensheimer,10.3201/eid1702.101702,1,TRUE,FALSE,different,1,NA,FALSE,TRUE,reject_author_different
914,sethiFisheriesManagementPeople2010,openalex,Fisheries Management with People in Mind: Assessing and Managing Risk,2010,"Sethi, Suresh Andrew",Fisheries Management with People in Mind: Assessing and Managing Risk.,2014,Suresh A. Sethi; Suresh Andrew Sethi; Fishery Sciences; Suresh Andrew Sethi; Ray Hilborn; Ray Hilborn; Mike Dalton,NA,1,FALSE,TRUE,confirmed,4,NA,TRUE,FALSE,reject_no_doi
920,shermanSupplyChainTransformation2012,openalex,Supply Chain Transformation: Practical Roadmap to Best Practice Results,2012,"Sherman, Richard J.",Supply Chain Transformation: Practical Roadmap to Best Practice Results,2013,Ted Farris,10.5325/transportationj.52.3.0412,1,TRUE,FALSE,different,1,NA,FALSE,TRUE,reject_author_different
931,southerlandEngagementAdultUndergraduates2010,openalex,Engagement of Adult Undergraduates: Insights from the National Survey of Student Engagement,2010,"Southerland, J. Nathaniel",Engagement of adult undergraduates: insights from the National Survey of Student Engagement,2012,J. Nathaniel Southerland,10.26053/0h-bbsd-bn00,1,FALSE,TRUE,confirmed,2,NA,FALSE,TRUE,accept
942,talbotSecurityRiskManagement2011,openalex,Security Risk Management Body of Knowledge,2011,"Talbot, Julian and Jakeman, Miles",Security Risk Management Body of Knowledge,2009,Julian Talbot; Miles Jakeman,NA,1,FALSE,TRUE,confirmed,2,NA,TRUE,TRUE,reject_no_doi
951,tiroleTheoryCorporateFinance2010,openalex,The Theory of Corporate Finance,2010,"Tirole, J.",The Theory of Corporate Finance,2006,Jean Tirole,NA,1,FALSE,TRUE,confirmed,4,NA,TRUE,FALSE,reject_no_doi
962,vermeuleLawLimitsReason2012,openalex,Law and the Limits of Reason,2012,"Vermeule, Adrian",Law and the Limits of Reason,2008,Adrian Vermeule,10.1093/acprof:oso/9780195383768.001.0001,1,FALSE,TRUE,confirmed,4,NA,FALSE,FALSE,human_year_gap_edition
964,wangConsumptionAssetAllocation2011,openalex,Consumption and Asset Allocation with Unknown Income Growth,2011,"Wang, Neng",Consumption and Asset Allocation with Unknown Income Growth,2005,Neng Wang,10.2139/ssrn.847785,1,FALSE,TRUE,confirmed,6,NA,FALSE,FALSE,human_year_gap_edition
978,willkeiiReliableGroupCommunications2010,openalex,Reliable Group Communications for Vehicular Networks and Aircraft Safety Applications,2010,"Willke II, Theodore Lawrence",Reliable group communications for vehicular networks and aircraft safety applications,2010,II Theodore Lawrence Willke,NA,1,TRUE,FALSE,confirmed,0,NA,TRUE,TRUE,reject_no_doi
979,wisloffSystematicReviewEconomic2011,openalex,A Systematic Review and Economic Evaluation of Prasugrel Compared to Clopidogrel after PCI,2011,"Wisl\off, Torbj\orn and Ringerike, Tove and Klemp, Marianne",A systematic review and economic evaluation of prasugrel compared to clopidogrel after PCI,2011,Torbjørn Fosen Wisløff; Tove Ringerike; Marianne Klemp,NA,1,TRUE,FALSE,confirmed,0,NA,TRUE,TRUE,reject_no_doi
983,yusofInternationalJournalEconomics2011,openalex,"International Journal of Economics, Management \& Accounting",2011,"Yusof, Sa","International Journal of Economics, Accounting, and Management",2024,NA,10.60076/ijeam,0.9242063492063493,FALSE,FALSE,candidate_missing,13,NA,FALSE,FALSE,human_candidate_has_no_authors
984,zhuMetadataManagementIBM2011,openalex,Metadata Management with IBM InfoSphere Information Server,2011,"Zhu, Wei-Dong and Alon, Tuvia and Arkus, Gregory and Duran, Randy and Haber, Marc and Liebke, Robert and Morreale Jr, Frank and Roth, Itzhak and Sumano, Alan",Metadata Management With IBM Infosphere Information Server,2011,Ibm Redbooks,NA,1,TRUE,FALSE,different,0,NA,TRUE,TRUE,reject_no_doi
987,aleksanderDecisionIntelligence2013,openalex,Decision and Intelligence,2013,"Aleksander, Igor",Decision and Intelligence,1986,Igor Aleksander; Henri Farreny; Malik Ghallab,10.1007/978-1-4615-9893-0,1,FALSE,TRUE,confirmed,27,NA,FALSE,FALSE,human_year_gap_edition
994,baarsFoundationsInformationSecurity2015,openalex,Foundations of Information Security Based on ISO27001 and ISO27002,2015,"Baars, Hans and Hintzbergen, Jule and Smulders, Andr\'e and Hintzbergen, Kees",Foundations of Information Security Based on ISO27001 and ISO27002,2010,Hans Baars; Kees Hintzbergen; Jule Hintzbergen; Andr Smulders,NA,1,FALSE,TRUE,confirmed,5,NA,TRUE,FALSE,reject_no_doi
995,babinExploringMarketingResearch2015,openalex,Exploring Marketing Research,2015,"Babin, Barry J. and Zikmund, William G.",Exploring marketing research,1982,William G. Zikmund,NA,1,FALSE,FALSE,confirmed,33,NA,TRUE,FALSE,reject_no_doi
1004,berangerMedicalInformationSystems2015,openalex,Medical Information Systems Ethics,2015,"B\'eranger, J\'er\^ome",Medical Information Systems Ethics,2015,Jérôme Béranger,NA,1,TRUE,FALSE,confirmed,0,NA,TRUE,TRUE,reject_no_doi
1010,blythInformationAssuranceSurviving2013,openalex,Information Assurance: Surviving in the Information Environment,2013,"Blyth, Andrew and Kovacich, Gerald L.",Information Assurance: Surviving in the Information Environment,2001,Andrew Blyth; Gerald L. Kovacich,NA,1,FALSE,TRUE,confirmed,12,NA,TRUE,FALSE,reject_no_doi
1018,brugmannModellingImplementationMicroscopic2015,openalex,Modelling and Implementation of a Microscopic Traffic Simulation System,2015,"Br\ugmann, Johannes",Modelling and Implementation of a Microscopic Traffic Simulation System,2015,Johannes Brügmann,NA,1,TRUE,FALSE,confirmed,0,NA,TRUE,TRUE,reject_no_doi
1021,campbellDecisionmakingAmplificationUncertainty2013,openalex,Decision-Making Amplification under Uncertainty: An Exploratory Study of Behavioral Similarity and Intelligent Decision Support Systems,2013,"Campbell, Merle Wayne",Decision-Making Amplification Under Uncertainty: An Exploratory Study of Behavioral Similarity and Intelligent Decision Support Systems,2022,Merle Campbell,10.57709/4101629,1,FALSE,TRUE,confirmed,9,NA,FALSE,FALSE,human_year_gap_edition
1029,coatesBIMImplementationStrategy2013,openalex,BIM Implementation Strategy Framework for Small Architectural Practices,2013,"Coates, Stephen Paul",BIM IMPLEMENTATION STRATEGY FRAMEWORK FOR SMALL ARCHITECTURAL PRACTICES,2020,S. Coates,10.13140/rg.2.2.34655.69288,1,FALSE,TRUE,confirmed,7,NA,FALSE,FALSE,human_year_gap_edition
1043,desaullesInformation20New2015,openalex,"Information 2.0: New Models of Information Production, Distribution and Consumption",2015,"De Saulles, Martin","Information 2.0: New Models of Information Production, Distribution and Consumption",2017,John Rodzvilla,10.1080/19322909.2017.1338061,1,FALSE,FALSE,different,2,NA,FALSE,TRUE,reject_author_different
1046,doswellFoundationsBusinessInformation2013,openalex,Foundations of Business Information Systems,2013,"Doswell, Andrew",Foundations of Business Information Systems,1985,Andrew Doswell,10.1007/978-1-4613-2395-2,1,FALSE,TRUE,confirmed,28,NA,FALSE,FALSE,human_year_gap_edition
1050,egelnEmpiricalInvestigationImpacts2015,openalex,An Empirical Investigation of the Impacts of Website Quality on Consumer Loyalty: A Case of Baby Boomers,2015,"Egeln, Laura",An Empirical Investigation of the Impacts of Website Quality on Consumer Loyalty: A Case of Baby Boomers,2021,Kittichai Watchravesringkan; Laura Egeln,NA,1,FALSE,TRUE,confirmed,6,NA,TRUE,FALSE,reject_no_doi
1055,erlandsonMeasurementEvaluation2013,openalex,Measurement and Evaluation,2013,"Erlandson, David A. and Mc Namara, James and Mc Namara, Maryanne",Measurement and Evaluation,1991,NA,10.1016/b978-0-444-88378-0.50014-x,1,FALSE,FALSE,candidate_missing,22,NA,FALSE,FALSE,human_candidate_has_no_authors
1061,featherInformationSocietyStudy2013,openalex,The Information Society: A Study of Continuity and Change,2013,"Feather, John",The Information Society: A Study of Continuity and Change,2014,Catherine Gilbert,10.1080/00048623.2014.915503,1,TRUE,FALSE,different,1,NA,FALSE,TRUE,reject_author_different
1065,fragoulakisEconomicEvaluationGenomic2015,openalex,Economic Evaluation in Genomic Medicine,2015,"Fragoulakis, Vasilios and Mitropoulou, Christina and Williams, Marc and Patrinos, George P.",Economic Evaluation in Genomic Medicine,2015,NA,10.1016/c2013-0-23169-x,1,TRUE,FALSE,candidate_missing,0,NA,FALSE,TRUE,accept_title_year_only
1068,gasparskiPraxiologicalStudiesPolish2013,openalex,Praxiological Studies: Polish Contributions to the Science of Efficient Action,2013,"Gasparski, Wojciech and Pszczolowski, Tadeusz",Praxiological Studies Polish Contributions to the Science of Efficient Action,1983,Wojciech W. Gasparski; Tadeusz Pszczołowski,NA,1,FALSE,TRUE,confirmed,30,NA,TRUE,FALSE,reject_no_doi
1082,heltenEnvironment21stCentury2013,openalex,Environment in the 21st Century and New Development Patterns,2013,"Helten, Randal",Environment in the 21st Century and New Development Patterns,2001,NA,10.1007/978-94-015-9670-1,1,FALSE,FALSE,candidate_missing,12,NA,FALSE,FALSE,human_candidate_has_no_authors
1087,humbleLeanEnterprise2015,openalex,Lean Enterprise,2015,"Humble, Jez and Molesky, Joanne and O'Reilly, Barry",Lean Enterprise Value: Insights from MIT's Lean Aerospace Initiative,2002,Earll M. Murman; Joel Cutcher‐Gershenfeld; Tom Allen,10.1057/9781403907509,1,FALSE,FALSE,different,13,NA,FALSE,FALSE,reject_author_different
1097,jimenezCosteffectivenessHPVvaccinationBoys2015,openalex,Cost-Effectiveness of HPV-vaccination of Boys Aged 12 in a Norwegian Setting,2015,"Jim\'enez, Enrique and Torkilseng, Einar Bj\orner and Klemp, Marianne",Cost-effectiveness of HPV-vaccination of boys aged 12 in a Norwegian setting,2015,Enrique Jiménez; Einar Bjørner Torkilseng; Marianne Klemp,NA,1,TRUE,FALSE,confirmed,0,NA,TRUE,TRUE,reject_no_doi
1103,jonesDesignCareInnovating2013,openalex,Design for Care: Innovating Healthcare Experience,2013,"Jones, Peter","Design for care: innovating healthcare experience, by Peter Jones",2017,Claire Craig,10.1080/24735132.2017.1295541,1,FALSE,FALSE,different,4,NA,FALSE,FALSE,reject_author_different
1105,kahnClimatopolisHowOur2013,openalex,Climatopolis: How Our Cities Will Thrive in the Hotter Future,2013,"Kahn, Matthew E.",Climatopolis: how our cities will thrive in the hotter future,2011,NA,10.5860/choice.48-5764,1,FALSE,FALSE,candidate_missing,2,NA,FALSE,TRUE,human_candidate_has_no_authors
1113,kimmelPeopleProductsConsumer2015,openalex,People and Products: Consumer Behavior and Product Design,2015,"Kimmel, Allan J.",People and Products: Consumer Behavior and Product Design,2015,Allan J. Kimmėl,NA,1,TRUE,FALSE,confirmed,0,NA,TRUE,TRUE,reject_no_doi
1114,kleinDecisionanalyticIntelligentSystems2013,openalex,Decision-Analytic Intelligent Systems: Automated Explanation and Knowledge Acquisition,2013,"Klein, David A.",Decision-Analytic Intelligent Systems: Automated Explanation and Knowledge Acquisition,1994,David A. Klein,NA,1,FALSE,TRUE,confirmed,19,NA,TRUE,FALSE,reject_no_doi
1118,kumarExploitingDomainStructure2013,openalex,Exploiting Domain Structure in Multiagent Decision-Theoretic Planning and Reasoning,2013,"Kumar, Akshat",Exploiting Domain Structure in Multiagent Decision-Theoretic Planning and Reasoning,2019,Akshat Kumar,10.7275/smq4-z028,1,FALSE,TRUE,confirmed,6,NA,FALSE,FALSE,human_year_gap_edition
1124,lescaWeakSignalsStrategic2013,openalex,Weak Signals for Strategic Intelligence: Anticipation Tool for Managers,2013,"Lesca, Humbert and Lesca, Nicolas",Weak Signals for Strategic Intelligence: Anticipation Tool for Managers,2011,Humbert Lesca; Nicolas Lesca,NA,1,FALSE,TRUE,confirmed,2,NA,TRUE,TRUE,reject_no_doi
1127,liuOptimizingPatientTreatment2013,openalex,Optimizing Patient Treatment Decisions in an Era of Rapid Technological Advances: Models and Insights,2013,"Liu, Shan",Optimizing patient treatment decisions in an era of rapid technological advances: the case of hepatitis C treatment,2015,Shan Liu; Margaret L. Brandeau; Jeremy D. Goldhaber‐Fiebert,10.1007/s10729-015-9330-6,0.9020169217369663,FALSE,TRUE,confirmed,2,NA,FALSE,TRUE,human_other
1128,loaderCybercrimeLawEnforcement2013,openalex,"Cybercrime: Law Enforcement, Security and Surveillance in the Information Age",2013,"Loader, Brian D. and Thomas, Douglas","Cybercrime : law enforcement, security and surveillance in the information age",2000,Douglas Thomas; Brian D. Loader,NA,1,FALSE,TRUE,confirmed,13,NA,TRUE,FALSE,reject_no_doi
1130,lorenziOrganizationalAspectsHealth2013,openalex,Organizational Aspects of Health Informatics: Managing Technological Change,2013,"Lorenzi, Nancy M. and Riley, Robert T.",Organizational Aspects of Health Informatics: Managing Technological Change,1994,Nancy M. Lorenzi; Robert T. Riley,NA,1,FALSE,TRUE,confirmed,19,NA,TRUE,FALSE,reject_no_doi
1135,marschakStrategyRDStudies2013,openalex,Strategy for R\&D: Studies in the Microeconomics of Development,2013,"Marschak, Thomas A. and Glennan, Thomas Keith and Summers, Robert S.",Strategy for R&D: Studies in the Microeconomics of Development,1967,Thomas A. Marschak; Thomas Keith Glennan; Robert J. Summers,10.1007/978-3-662-40413-3,1,FALSE,TRUE,confirmed,46,NA,FALSE,FALSE,human_year_gap_edition
1160,penfoldChangeManagementInformation2013,openalex,Change Management for Information Services,2013,"Penfold, Sharon",Change Management for Information Services,1999,Sharon Penfold,10.1515/9783110968361,1,FALSE,TRUE,confirmed,14,NA,FALSE,FALSE,human_year_gap_edition
1165,podofilliniSafetyReliabilityComplex2015,openalex,Safety and Reliability of Complex Engineered Systems: ESREL 2015,2015,"Podofillini, Luca and Sudret, Bruno and Stojadinovic, Bozidar and Zio, Enrico and Kr\oger, Wolfgang","Safety and Reliability of Complex Engineered Systems: ESREL 2015, 7-10 September, Zurich, Switzerland",2015,T.I. Laakso; Michele Compare; Alessandro Mancuso; Ahti A. Salo; Enrico Zio,NA,1,TRUE,FALSE,different,0,NA,TRUE,TRUE,reject_no_doi
1166,poppCommercialisedHistoryPopular2015,openalex,Commercialised History: Popular History Magazines in Europe,2015,"Popp, Susanne and Schumann, Jutta and Hannig, Miriam",Commercialised History: Popular History Magazines in Europe,2015,NA,NA,1,TRUE,FALSE,candidate_missing,0,NA,TRUE,TRUE,reject_no_doi
1177,sarkisGreenSupplyChain2013,openalex,Green Supply Chain Management,2013,"Sarkis, Joseph",Green supply chain management in the electronic industry,2008,Chia‐Wei Hsu; A. H. Hu,10.1007/bf03326014,1,FALSE,FALSE,different,5,NA,FALSE,FALSE,reject_author_different
1180,sharmaManagementInformationSystem2015,openalex,Management Information System,2015,"Sharma, Sourabh and Thakur, K. S.",management information system,2000,Martin H. Weik,10.1007/1-4020-0613-6_11001,1,FALSE,FALSE,different,15,NA,TRUE,FALSE,human_same_doi_for_two_records
1185,simonStreamRestorationDynamic2013,openalex,"Stream Restoration in Dynamic Fluvial Systems: Scientific Approaches, Analyses, and Tools",2013,"Simon, Andrew and Bennett, Sean J. and Castro, Janine M.","Stream Restoration in Dynamic Fluvial Systems: Scientific Approaches, Analyses, and Tools",2011,NA,10.1029/gm194,1,FALSE,FALSE,candidate_missing,2,NA,FALSE,TRUE,human_candidate_has_no_authors
1187,simpsonjrCommandControlInformation2015,openalex,Command and Control in the Information Age: A Case Study of a Representative Air Power Command and Control Node,2015,"Simpson Jr, Marvin Leo",Command and Control in the Information Age: A Case Study of a Representative Air Power Command and Control Node,2015,Marvin Leo Simpson,10.25777/qwkd-gm63,1,TRUE,FALSE,confirmed,0,NA,FALSE,TRUE,accept
1189,skoldungerDementiaUseDrugs2015,openalex,Dementia and Use of Drugs: Economic Modelling and Population-Based Studies,2015,"Sk\oldunger, Anders",Dementia and use of drugs : economic modelling and population-based studies,2015,Anders Sköldunger,NA,1,TRUE,FALSE,confirmed,0,NA,TRUE,TRUE,reject_no_doi
1192,sofroniouInformationTechnologyManagement2015,openalex,Information Technology and Management,2015,"Sofroniou, Andreas",Information Technology And Management,2005,NA,10.1111/j.1835-2561.2005.tb00252.x,1,FALSE,FALSE,candidate_missing,10,NA,FALSE,FALSE,human_candidate_has_no_authors
1207,walkerBigDataBig2015,openalex,From Big Data to Big Profits: Success with Data and Analytics,2015,"Walker, Russell",From big data to big profits: success with data and analytics,2015,NA,10.5860/choice.193961,1,TRUE,FALSE,candidate_missing,0,NA,FALSE,TRUE,accept_title_year_only
1218,wisloffEfficacyCosteffectivenessNew2013,openalex,Efficacy and Cost-Effectiveness of New Oral Anticoagulants Compared to Warfarin for the Prevention of Stroke in Patients with Atrial Fibrillation,2013,"Wisl\off, Torbj\orn and Ringerike, Tove and Hagen, Gunhild and Reikvam, \AAsmund and Klemp, Marianne",Efficacy and cost-effectiveness of new oral anticoagulants compared to warfarin for the prevention of stroke in patients with atrial fibrillation,2013,Torbjørn Fosen Wisløff; Tove Ringerike; Gunhild Hagen; Åsmund Reikvam; Marianne Klemp,NA,1,TRUE,FALSE,confirmed,0,NA,TRUE,TRUE,reject_no_doi
1225,zikmundEssentialsMarketingResearch2015,openalex,Essentials of Marketing Research,2015,"Zikmund, William G. and Babin, Barry J.",Essentials of Marketing Research,2007,Joseph F. Hair,NA,1,FALSE,FALSE,different,8,NA,TRUE,FALSE,reject_no_doi
1228,abelkopPersistentBioaccumulativeToxic2016,openalex,"Persistent, Bioaccumulative, and Toxic (PBT) Chemicals: Technical Aspects, Policies, and Practices",2016,"Abelkop, A.D.K. and Graham, J.D. and Royer, T.V.","Persistent, bioaccumulative, and toxic (PBT) chemicals: technical aspects, policies, and practices",2016,NA,10.5860/choice.195365,1,TRUE,FALSE,candidate_missing,0,NA,FALSE,TRUE,accept_title_year_only
1230,abrahamsBrandRiskAdding2016,openalex,Brand Risk: Adding Risk Literacy to Brand Management,2016,"Abrahams, David",Brand Risk: Adding Risk Literacy to Brand Management,2008,David Abrahams,NA,1,FALSE,TRUE,confirmed,8,NA,TRUE,FALSE,reject_no_doi
1235,andressBuildingPracticalInformation2016,openalex,Building a Practical Information Security Program,2016,"Andress, Jason and Leary, Mark",Building a Practical Information Security Program,2016,NA,10.1016/c2014-0-01691-7,1,TRUE,FALSE,candidate_missing,0,NA,FALSE,TRUE,accept_title_year_only
1236,arasDurableCorporationStrategies2016,openalex,The Durable Corporation: Strategies for Sustainable Development,2016,"Aras, G\uler and Crowther, David",The Durable Corporation: Strategies for Sustainable Development,2009,Güler Aras; David Crowther,10.4324/9781315615714,1,FALSE,TRUE,confirmed,7,NA,FALSE,FALSE,human_year_gap_edition
1242,batesonSmallArcsLarger2016,openalex,Small Arcs of Larger Circles,2016,"Bateson, Nora",Small arcs of larger circles: framing through other patterns,2017,Sylwyn Guilbaud,10.1080/21594937.2017.1283720,1,TRUE,FALSE,different,1,NA,FALSE,TRUE,reject_author_different
1244,bellLeanITEnabling2016,openalex,Lean IT: Enabling and Sustaining Your Lean Transformation,2016,"Bell, Steven C. and Orzen, Michael A.",Lean IT: Enabling and Sustaining Your Lean Transformation,2010,Steven C. Bell; Michael A. Orzen,NA,1,FALSE,TRUE,confirmed,6,NA,TRUE,FALSE,reject_no_doi
1250,blackEarlyInformationSociety2016,openalex,The Early Information Society: Information Management in Britain before the Computer,2016,"Black, Alistair and Muddiman, Dave",The Early Information Society: Information Management in Britain before the Computer,2007,Alistair Black; David C. Muddiman; Helen Plant,NA,1,FALSE,TRUE,confirmed,9,NA,TRUE,FALSE,reject_no_doi
1263,charlesworthDecisionAnalysisManagers2017,openalex,Decision Analysis for Managers: A Guide for Making Better Personal and Business Decisions,2017,"Charlesworth, David",Decision Analysis for Managers: A Guide for Making Better Personal and Business Decisions,2013,D Charlesworth,NA,1,FALSE,TRUE,confirmed,4,NA,TRUE,FALSE,reject_no_doi
1266,choiInformationSystemsFashion2016,openalex,Information Systems for the Fashion and Apparel Industry,2016,"Choi, Tsan-Ming Jason",Information Systems for the Fashion and Apparel Industry,2016,NA,10.1016/c2014-0-04302-x,1,TRUE,FALSE,candidate_missing,0,NA,FALSE,TRUE,accept_title_year_only
1267,christouSocialMediaTravel2016,openalex,"Social Media in Travel, Tourism and Hospitality: Theory, Practice and Cases",2016,"Christou, Evangelos","Social media in travel, tourism and hospitality: theory, practice and cases",2013,Bistra Nikiforova,10.1080/1755182x.2012.758973,1,FALSE,FALSE,different,3,NA,FALSE,TRUE,reject_author_different
1268,cimbalaArmsUncertaintyNuclear2016,openalex,Arms for Uncertainty: Nuclear Weapons in US and Russian Security Policy,2016,"Cimbala, Stephen J.",Arms for Uncertainty: Nuclear Weapons in US and Russian Security Policy,2013,Stephen J. Cimbala,NA,1,FALSE,TRUE,confirmed,3,NA,TRUE,TRUE,reject_no_doi
1269,connellFlexibleWorkOrganizations2016,openalex,Flexible Work Organizations: The Challenges of Capacity Building in Asia,2016,"Connell, Julia and Burgess, John",Flexible Work Organizations,2016,"Afrianty, Tri; Issa, Theodora; John Burgess",10.1007/978-81-322-2834-9,1,TRUE,FALSE,confirmed,0,NA,FALSE,TRUE,accept
1274,dacostaAttitudesHabitsNorms2016,openalex,"Attitudes, Habits, Norms and Policies Regarding Co-Authorship among Forest Scientists in Brazil",2016,"da Costa, Mariano Senna","Attitudes, habits, norms and policies regarding co-authorship among forest scientists in Brazil",2018,Mariano Senna da Costa,10.18452/19270,1,FALSE,TRUE,confirmed,2,NA,FALSE,TRUE,accept
1283,dorac-kakabadseCreatingFuturesLeading2017,openalex,Creating Futures: Leading Change through Information Systems,2017,"Dorac-Kakabadse, Andrew",Creating Futures: Leading Change Through Information Systems,2017,NADA KORAC KAKABADSE; Andrew K. Kakabadse,10.4324/9781315184692,1,TRUE,FALSE,confirmed,0,NA,FALSE,TRUE,accept
1285,ellisAchievingRegulatoryExcellence2016,openalex,Achieving Regulatory Excellence,2016,"Ellis, Jim",Achieving Regulatory Excellence,2016,Cary Coglianese,10.5040/9780815750864,1,TRUE,FALSE,different,0,NA,FALSE,TRUE,reject_author_different
1287,feiwelArrowAscentModern2016,openalex,Arrow and the Ascent of Modern Economic Theory,2016,"Feiwel, George R.",Arrow and the Ascent of Modern Economic Theory,1987,George R. Feiwel,10.1007/978-1-349-07239-2,1,FALSE,TRUE,confirmed,29,NA,FALSE,FALSE,human_year_gap_edition
1288,fentonRiskAssessmentDecision2018,openalex,Risk Assessment and Decision Analysis with Bayesian Networks,2018,"Fenton, Norman and Neil, Martin",Risk Assessment and Decision Analysis with Bayesian Networks,2012,Norman Fenton; Martin Neil,10.1201/9780367803018,1,FALSE,TRUE,confirmed,6,NA,FALSE,FALSE,human_year_gap_edition
1289,flowersExplainingPolicyDifferences2016,openalex,Explaining Policy Differences as a Function of Diverse Governance Institutions,2016,"Flowers, Jim",Explaining Policy Differences As A Function of Diverse Governance Institutions,2022,"Flowers, Jim",10.57709/8454830,1,FALSE,TRUE,confirmed,6,NA,FALSE,FALSE,human_year_gap_edition
1291,fouratiMultisensorDataFusion2017,openalex,Multisensor Data Fusion: From Algorithms and Architectural Design to Applications,2017,"Fourati, Hassen",Multisensor Data Fusion: From Algorithms and Architectural Design to Applications (Book),2015,Hassen Fourati,NA,1,FALSE,TRUE,confirmed,2,NA,TRUE,TRUE,reject_no_doi
1293,frantzenRiskbasedAnalysisEnvironmental2016,openalex,Risk-Based Analysis for Environmental Managers,2016,"Frantzen, Kurt A.",Risk-Based Analysis for Environmental Managers,2010,NA,10.1201/9781420032901,1,FALSE,FALSE,candidate_missing,6,NA,FALSE,FALSE,human_candidate_has_no_authors
1297,frodemanOxfordHandbookInterdisciplinarity2017,openalex,The Oxford Handbook of Interdisciplinarity,2017,"Frodeman, Robert and Klein, Julie Thompson and Pacheco, Roberto Carlos Dos Santos",The Oxford handbook of interdisciplinarity,2011,"GarcÃ­a Bravo, MarÃ­a HaydeÃ©; Centro de Investigaciones Interdisciplinarias en Ciencias y HumanidadesâUNAM.",10.5860/choice.48-2406,1,FALSE,FALSE,different,6,NA,FALSE,FALSE,reject_author_different
1300,gervaisGlobalOutsourcingStrategies2017,openalex,Global Outsourcing Strategies: An International Reference on Effective Outsourcing Relationships,2017,"Gervais, Roxane",Global Outsourcing Strategies: An International Reference on Effective Outsourcing Relationships,2006,Peter Barrar; R. Gervais,NA,1,FALSE,TRUE,confirmed,11,NA,TRUE,FALSE,reject_no_doi
1305,grochlaInformationSystemsOrganizational2018,openalex,Information Systems and Organizational Structure,2018,"Grochla, Erwin and Szyperski, Norbert",Information Systems and Organizational Structure,1975,NA,10.1515/9783110833485,1,FALSE,FALSE,candidate_missing,43,NA,FALSE,FALSE,human_candidate_has_no_authors
1308,hallDistributedDataFusion2017,openalex,Distributed Data Fusion for Network-Centric Operations,2017,"Hall, David and Chong, Chee-Yee and Llinas, James and Ii, Martin Liggins",Distributed Data Fusion for Network-Centric Operations,2013,NA,10.1201/b10124,1,FALSE,FALSE,candidate_missing,4,NA,FALSE,FALSE,human_candidate_has_no_authors
1314,humphreysImplementingISOIEC2016,openalex,Implementing the ISO/IEC 27001: 2013 ISMS Standard,2016,"Humphreys, Edward","Implementing the ISO/IEC 27001:2013 ISMS Standard, 2/E.",2021,Edward Humphreys,NA,1,FALSE,TRUE,confirmed,5,NA,TRUE,FALSE,reject_no_doi
1317,jamesExperimentsPublicManagement2017,openalex,Experiments in Public Management Research: Challenges and Contributions,2017,"James, Oliver and Jilke, Sebastian R. and Ryzin, Gregg G. Van","Experiments in Public Management Research. Challenges and Contributions, de Oliver James, Sebastian R. Jilke y Gregg G. Van Ryzin (eds.)",2019,Elisa Fernanda Barreto Pérez,10.15174/remap.v8i16.308,1,FALSE,FALSE,different,2,NA,FALSE,TRUE,reject_author_different
1334,liebowitzSuccessesFailuresKnowledge2016,openalex,Successes and Failures of Knowledge Management,2016,"Liebowitz, Jay",Successes and Failures of Knowledge Management,2016,NA,10.1016/c2015-0-04274-5,1,TRUE,FALSE,candidate_missing,0,NA,FALSE,TRUE,accept_title_year_only
1337,loaizaAnytimeActiveLearning2016,openalex,Anytime Active Learning,2016,"Loaiza, Maria E. Ramirez",Anytime Active Learning,2014,Maria E. Ramirez-Loaiza; Aron Culotta; Mustafa Bilgic,10.1609/aaai.v28i1.9015,1,FALSE,TRUE,confirmed,2,NA,FALSE,TRUE,accept
1343,mayerHandbookResearchLearning2016,openalex,Handbook of Research on Learning and Instruction,2016,"Mayer, Richard E. and Alexander, Patricia A.",Handbook of Research on Learning and Instruction,2016,NA,10.4324/9781315736419,1,TRUE,FALSE,candidate_missing,0,NA,FALSE,TRUE,accept_title_year_only
1348,meyerDecisionQualityValue2016,openalex,Decision Quality: Value Creation from Better Business Decisions,2016,"Meyer, Jennifer and Spetzler, Carl and Winter, Hannah",Decision Quality Value Creation from Better Business Decisions,2016,NA,10.1002/9781119176657,1,TRUE,FALSE,candidate_missing,0,NA,FALSE,TRUE,accept_title_year_only
1355,nazimKnowledgeManagementLibraries2016,openalex,"Knowledge Management in Libraries: Concepts, Tools and Approaches",2016,"Nazim, Mohammad and Mukherjee, Bhaskar",Knowledge Management in Libraries,2024,Yogesh Surwade; Daya T Patil; Hitendra Janardan Patil,10.2139/ssrn.4889976,1,FALSE,FALSE,different,8,NA,FALSE,FALSE,reject_author_different
1358,obarStrategiesMediaReform2016,openalex,Strategies for Media Reform: International Perspectives,2016,"Obar, Jonathan A. and Martens, Cheryl and McChesney, Robert W.",Strategies for Media Reform: International Perspectives,2016,Kevin Jack Hagopian,10.5325/jinfopoli.6.2016.512,1,TRUE,FALSE,different,0,NA,FALSE,TRUE,reject_author_different
1370,raiTrendsFoodSafety2017,openalex,Trends in Food Safety and Protection,2017,"Rai, V. Ravishankar and Bai, Jamuna A.",Trends in Food Safety and Protection,2017,V. Ravishankar; Jamuna A. Bai,10.1201/9781315114859,1,TRUE,FALSE,confirmed,0,NA,FALSE,TRUE,accept
1373,robertsRealisingParticipationElderly2017,openalex,Realising Participation: Elderly People as Active Users of Health and Social Care,2017,"Roberts, Kathryn and Chapman, Tom",Realising Participation: Elderly People as Active Users of Health and Social Care,2002,Kathryn Roberts; Tom Chapman,NA,1,FALSE,TRUE,confirmed,15,NA,TRUE,FALSE,reject_no_doi
1380,sanchezIntegratingInformationBuilt2017,openalex,Integrating Information in Built Environments,2017,"Sanchez, Adriana X. and Hampson, Keith and London, Geoffrey",Integrating Information in Built Environments,2017,W. Yi; Peng Wu; Xiangyu Wang; A. Chan,10.4324/9781315201863,1,TRUE,FALSE,different,0,NA,FALSE,TRUE,reject_author_different
1384,scherlingPracticalRiskManagement2016,openalex,Practical Risk Management for the CIO,2016,"Scherling, Mark",Practical Risk Management for the CIO,2011,Mark Scherling,10.1201/b10874,1,FALSE,TRUE,confirmed,5,NA,FALSE,FALSE,human_year_gap_edition
1388,sharotInfluentialMindWhat2017,openalex,The Influential Mind: What the Brain Reveals about Our Power to Change Others,2017,"Sharot, Tali",The Influential Mind: What the Brain Reveals About Our Power to Change Others,2018,Ulf Zimmermann,10.1080/10999922.2018.1511668,1,TRUE,FALSE,different,1,NA,FALSE,TRUE,reject_author_different
1389,shtembariEvaluatingITProjects2017,openalex,Evaluating IT Projects,2017,"Sht\embari, Eriona",Evaluating IT Projects,2017,Eriona Shtëmbari,10.4324/9781315102320,1,TRUE,FALSE,confirmed,0,NA,FALSE,TRUE,accept
1394,soniOrganizationalRestructuring2016,openalex,Organizational Restructuring,2016,"Soni, Yash Paul",Organizational Restructuring,1988,Deborah A. Olson; Lois E. Tetrick,10.1177/105960118801300308,1,FALSE,FALSE,different,28,NA,FALSE,FALSE,reject_author_different
1402,suterEcologicalRiskAssessment2016,openalex,Ecological Risk Assessment: Second Edition,2016,"Suter, G.",Ecological Risk Assessment,2010,Glenn W. Suter,10.1201/9781420012569,1,FALSE,TRUE,confirmed,6,NA,FALSE,FALSE,human_year_gap_edition
1408,trimCyberSecurityCulture2016,openalex,Cyber Security Culture: Counteracting Cyber Threats through Organizational Learning and Training,2016,"Trim, Peter and Upton, David",Cyber Security Culture: Counteracting Cyber Threats through Organizational Learning and Training,2013,Peter R.J. Trim; David Upton,NA,1,FALSE,TRUE,confirmed,3,NA,TRUE,TRUE,reject_no_doi
1412,ventreInformationWarfare2016,openalex,Information Warfare,2016,"Ventre, Daniel",Information Warfare And Security,2000,Dorothy E. Denning,10.1201/1079/43255.27.9.20000301/30321.7,1,FALSE,FALSE,different,16,NA,FALSE,FALSE,reject_author_different
1414,viswanathanBottomUpEnterprise2016,openalex,Bottom-up Enterprise,2016,"Viswanathan, Madhu",Bottom-up enterprise information systems,2016,Cecil Eng Huang Chua; Veda C. Storey,10.1145/2950044,1,TRUE,FALSE,different,0,NA,FALSE,TRUE,reject_author_different
1416,watkissEconomicsAdaptationClimateresilient2016,openalex,The Economics of Adaptation and Climate-Resilient Development: Lessons from Projects for Key Adaptation Challenges,2016,"Watkiss, Paul and Cimato, Federica",The economics of adaptation and climate-resilient development: lessons from projects for key adaptation challenges,2018,Paul Watkiss; Federica Cimato,10.1163/9789004322714_cclc_2016-0148-023,1,FALSE,TRUE,confirmed,2,NA,FALSE,TRUE,accept
1430,bajgoricEnhancingBusinessContinuity2020,openalex,Enhancing Business Continuity and IT Capability: System Administration and Server Operating Platforms,2020,"Bajgori\'c, Nijaz and Turulja, Lejla and Ibrahimovi\'c, Semir and Alagi\'c, Amra",Enhancing business continuity and IT capability: system administration and server operating platforms,2020,Nijaz Bajgorić; Lejla Turulja; Semir Ibrahimović; Amra Alagić,NA,1,TRUE,FALSE,confirmed,0,NA,TRUE,TRUE,reject_no_doi
1432,baumeMisinformationReferenda2020,openalex,Misinformation in Referenda,2020,"Baume, Sandrine and Boillet, V\'eronique and Martenet, Vincent",Misinformation in referenda,2020,Krista Nadakavukaren Schefer,10.4324/9780429274725-1,1,TRUE,FALSE,different,0,NA,FALSE,TRUE,reject_author_different
1436,bougieResearchMethodsBusiness2019,openalex,Research Methods for Business: A Skill Building Approach,2019,"Bougie, Roger and Sekaran, Uma",Research methods for business : a skill-building approach 6th ed.,2013,Uma Sekaran; Roger Bougie,NA,1,FALSE,TRUE,confirmed,6,NA,TRUE,FALSE,reject_no_doi
1438,bystromInformationWorkInformation2019,openalex,Information at Work: Information Management in the Workplace,2019,"Bystr\om, Katriina and Heinstr\om, Jannica and Ruthven, Ian",Information at Work: Information Management In the Workplace.,2020,David W. Petersen,10.1080/02763869.2020.1727284,1,TRUE,FALSE,different,1,NA,FALSE,TRUE,reject_author_different
1441,crosbyBehavioralInvestor2019,openalex,Behavioral Investor,2019,"Crosby, Daniel",Behavioral Investor Types,2012,Michael Pompian,10.1002/9781119202400.ch27,1,FALSE,FALSE,different,7,NA,FALSE,FALSE,reject_author_different
1446,diakopoulosAutomatingNewsHow2019,openalex,Automating the News: How Algorithms Are Rewriting the Media,2019,"Diakopoulos, Nicholas",Automating the News: How Algorithms are Rewriting the Media,2020,Olga Dovbysh,10.1080/21670811.2020.1777883,1,TRUE,FALSE,different,1,NA,FALSE,TRUE,reject_author_different
1449,durantiTrustingRecordsCloud2019,openalex,Trusting Records in the Cloud,2019,"Duranti, Luciana and Rogers, Corinne",Trusting records in the Cloud,2020,Chris Meech,10.26686/arch.10367,1,TRUE,FALSE,different,1,NA,FALSE,TRUE,reject_author_different
1451,edwardsAppliedHealthEconomics2019,openalex,Applied Health Economics for Public Health Practice and Research,2019,"Edwards, Rhiannon Tudor and McIntosh, Emma",Applied Health Economics for Public Health Practice and Research,2019,NA,10.1093/med/9780198737483.001.0001,1,TRUE,FALSE,candidate_missing,0,NA,FALSE,TRUE,accept_title_year_only
1453,erringtonShoutingZerosOnes2020,openalex,"Shouting Zeros and Ones: Digital Technology, Ethics and Policy in New Zealand",2020,"Errington, Kathy and Rahman, Anjum and Barraclough, Tom and Barnes, Curtis and Kukutai, Tahu and Cormack, Donna and Cormack, Chris and Macleod, Merrin and Moses, Caleb and Judd, Stephen","Shouting Zeros and Ones: Digital Technology, Ethics and Policy in New Zealand",2020,NA,10.7810/9781988587387,1,TRUE,FALSE,candidate_missing,0,NA,FALSE,TRUE,accept_title_year_only
1455,europeancommission.jointresearchcentre.AIWatchAssessing2020,openalex,"AI Watch, Assessing Technology Readiness Levels for Artificial Intelligence",2020,European Commission. Joint Research Centre.,AI Watch: Assessing Technology Readiness Levels for Artificial Intelligence,2020,Martinez Plumed Fernando; Gomez Gutierrez Emilia; José Hernández‐Orallo,10.2760/15025,1,TRUE,FALSE,different,0,NA,FALSE,TRUE,reject_author_different
1459,frenchReadingsDecisionAnalysis2020,openalex,Readings in Decision Analysis,2020,"French, S.",Readings in Decision Analysis.,1989,S French,10.2307/2531802,1,FALSE,TRUE,confirmed,31,NA,FALSE,FALSE,human_year_gap_edition
1474,kimCitiesClimateChange2020,openalex,"Cities, Climate Change, and Public Health: Building Human Resilience to Climate Change at the Local Level",2020,"Kim, Ella Jisun","Cities, climate change, and public health: Building human resilience to climate change at the local level, by Ella Jisun Kim",2022,Débora Sotto,10.1080/07352166.2022.2044243,1,FALSE,FALSE,different,2,NA,FALSE,TRUE,reject_author_different
1479,kundzewiczChangesFloodRisk2019,openalex,Changes in Flood Risk in Europe,2019,"Kundzewicz, Zbigniew W.",Changes in Flood Risk in Europe,2012,"Kundzewicz, Zbigniew W.",10.1201/b12348,1,FALSE,TRUE,confirmed,7,NA,FALSE,FALSE,human_year_gap_edition
1481,lambertComputerApplicationsLibrary2020,openalex,Computer Applications to Library,2020,"Lambert, Kole",Computer Applications in Libraries,1993,Anne Clyde,NA,0.902489012846518,FALSE,FALSE,different,27,NA,TRUE,FALSE,reject_no_doi
1483,lawlessHumanmachineSharedContexts2020,openalex,Human-Machine Shared Contexts,2020,"Lawless, William and Mittu, Ranjeev and Sofge, Donald",Human-Machine Shared Contexts,2020,NA,10.1016/c2018-0-05386-4,1,TRUE,FALSE,candidate_missing,0,NA,FALSE,TRUE,human_candidate_has_no_authors
1494,maunderHumanImpactClimate2019,openalex,"The Human Impact of Climate Uncertainty: Weather Information, Economic Planning, and Business Management",2019,"Maunder, W. J.","The human impact of climate uncertainty: weather information, economic planning, and business management",1990,NA,10.5860/choice.27-2730,1,FALSE,FALSE,candidate_missing,29,NA,FALSE,FALSE,human_candidate_has_no_authors
1495,maunderUncertaintyBusinessRisks2019,openalex,The Uncertainty Business: Risks and Opportunities in Weather and Climate,2019,"Maunder, W. J.",The Uncertainty Business: Risks and Opportunities in Weather and Climate,1987,Allen Perry; W. J. Maunder,10.2307/622417,1,FALSE,TRUE,confirmed,32,NA,FALSE,FALSE,human_year_gap_edition
1497,medicineCharacterizationModelingMonitoring2020,openalex,"Characterization, Modeling, Monitoring, and Remediation of Fractured Rock",2020,"Medicine, Engineering, and, National Academies of Sciences and Studies, Division on Earth and Life and and Resources, Board on Earth Sciences and Engineering, Committee on Geological and Geotechnical and Rock, Modeling, Monitoring, and Remediation of Fractured, Committee on Subsurface Characterization","Characterization, Modeling, Monitoring, and Remediation of Fractured Rock",2015,"Board on Earth Sciences and Resources; Division on Earth and Life Studies; National Academies of Sciences, Engineering, and Medicine",10.17226/21742,1,FALSE,TRUE,confirmed,5,NA,FALSE,FALSE,human_year_gap_edition
1500,morssGovernmentInformationManagement2019,openalex,Government Information Management: A Counterreport of the Commission on Federal Paperwork,2019,"Morss, Elliott R.",Government Information Management: A Counterreport Of The Commission On Federal Paperwork,1980,Elliott R. Morss; Robert F. Rich; THOMAS A. GROOMS; Victoria Sorsby,NA,1,FALSE,TRUE,confirmed,39,NA,TRUE,FALSE,reject_no_doi
1504,myersonProbabilityModelsEconomic2019a,openalex,Probability Models for Economic Decisions,2019,"Myerson, Roger B. and Zambrano, Eduardo",Probability Models for Economic Decisions,2004,Roger B. Myerson,NA,1,FALSE,TRUE,confirmed,15,NA,TRUE,FALSE,reject_no_doi
1513,podgorskiNewOpportunitiesChallenges2020,openalex,New Opportunities and Challenges in Occupational Safety and Health Management,2020,"Podg\'orski, Daniel",New Opportunities and Challenges in Occupational Safety and Health Management,2020,Daniel Podgórski,10.1201/9781003050247,1,TRUE,FALSE,confirmed,0,NA,FALSE,TRUE,accept
1523,roweManagingAirQuality2019,openalex,Managing Air Quality and Scenic Resources At National Parks and Wilderness Areas,2019,"Rowe, Robert D.",Managing Air Quality And Scenic Resources At National Parks And Wilderness Areas,1982,Robert D. Rowe; Lauraine G. Chestnut,NA,1,FALSE,TRUE,confirmed,37,NA,TRUE,FALSE,reject_no_doi
1531,schmidHandbookMetaanalysis2020,openalex,Handbook of Meta-Analysis,2020,"Schmid, Christopher H. and Stijnen, Theo and White, Ian",Handbook of Meta-analysis in Ecology and Evolution,2013,NA,10.1515/9781400846184,1,FALSE,FALSE,candidate_missing,7,NA,FALSE,FALSE,human_candidate_has_no_authors
1532,schwartzReindeerChroniclesOther2020,openalex,The Reindeer Chronicles: And Other Inspiring Stories of Working with Nature to Heal the Earth,2020,"Schwartz, Judith D.",The reindeer chronicles and other inspiring stories of working with nature to heal the earth,2021,Meredith Root‐Bernstein,10.1080/14888386.2021.1937317,1,TRUE,FALSE,different,1,NA,FALSE,TRUE,reject_author_different
1538,smallwoodInformationGovernanceConcepts2019,openalex,"Information Governance: Concepts, Strategies and Best Practices",2019,"Smallwood, Robert F.","Information Governance: Concepts, Strategies, and Best Practices",2014,Robert F. Smallwood,NA,1,FALSE,TRUE,confirmed,5,NA,TRUE,FALSE,reject_no_doi
1545,wijekoonOptimisingAdoptionBuilding2020,openalex,Optimising the Adoption of Building Information Modeliing (BIM) in Facilities Mnagement (FM): A Model for Value Enhancement,2020,"Wijekoon, Kannangara Arachchige Don Nimanka Christaline",Optimising the adoption of Building Information Modeliing (BIM) in Facilities Mnagement (FM): A model for value enhancement,2022,Ken Wijekoon,10.24377/ljmu.t.00012157,1,FALSE,TRUE,confirmed,2,NA,FALSE,TRUE,accept
1567,cheeArchitectureAffectPrecarious2023,openalex,Architecture and Affect: Precarious Spaces,2023,"Chee, Lilian",Architecture and Affect: Precarious Spaces,2025,Will Davis,10.1525/jsah.2025.84.4.593,1,FALSE,FALSE,different,2,NA,FALSE,TRUE,reject_author_different
1572,codyNewsEventPopular2023,openalex,The News Event: Popular Sovereignty in the Age of Deep Mediatization,2023,"Cody, Francis",The News Event: Popular Sovereignty in the Age of Deep Mediatization,2025,Kartik Nair,10.1215/00219118-12043488,1,FALSE,FALSE,different,2,NA,FALSE,TRUE,reject_author_different
1581,dimitrovDictatorshipInformationAuthoritarian2023,openalex,Dictatorship and Information: Authoritarian Regime Resilience in Communist Europe and China,2023,"Dimitrov, Martin K.",Dictatorship and information: authoritarian regime resilience in communist Europe and China,2023,Ioana Ioanes,10.1080/13510347.2023.2226066,1,TRUE,FALSE,different,0,NA,FALSE,TRUE,reject_author_different
1594,gouManualDigitalEarth2023,openalex,Manual of Digital Earth,2023,"dong Gou, Hua",Manual of Digital Earth,2019,Huadong Guo; Michael F. Goodchild; Alessandro Annoni,10.1007/978-981-32-9915-3,1,FALSE,FALSE,different,4,NA,FALSE,FALSE,reject_author_different
1601,ibrahimInternationalEnergyAgency2021,openalex,International Energy Agency,2021,"Ibrahim, Imad Antoine and \Otv\os, Tivadar and Gilmanova, Alina and Rocca, Enrica and Ghanem, Christelle and Wanat, Martyna",International Energy Agency,2014,Thijs Van de Graaf,10.4337/9781781953174.00038,1,FALSE,FALSE,different,7,NA,FALSE,FALSE,reject_author_different
1608,kochenderferAlgorithmsDecisionMaking2022,openalex,Algorithms for Decision Making,2022,"Kochenderfer, Mykel J. and Wheeler, Tim A. and Wray, Kyle H.",Algorithms for decision making,2018,Asbjørn Nilsen Riseth,10.5287/ora-rjb50ebd8,1,FALSE,FALSE,different,4,NA,FALSE,FALSE,reject_author_different
1627,perkinBuildingAgileBusiness2021,openalex,Building the Agile Business through Digital Transformation,2021,"Perkin, Neil and Abraham, Peter",Building the Agile Business through Digital Transformation: How to Lead Digital Transformation,2017,Neil Perkin; Peter Abraham,NA,1,FALSE,TRUE,confirmed,4,NA,TRUE,FALSE,reject_no_doi
1634,savicLendingHandPolitical2021,openalex,Lending a Hand: The Political Economy of International Financial Crisis Response,2021,"Savic, Ivan",Lending a Hand: The Political Economy of International Financial Crisis Response,2021,Ivan Savić,10.7916/d8-e78m-2742,1,TRUE,FALSE,confirmed,0,NA,FALSE,TRUE,accept
1644,valeevProcessSafetyBig2021,openalex,Process Safety and Big Data,2021,"Valeev, Sagit and Kondratyeva, Natalya",Process Safety and Big Data,2021,NA,10.1016/c2019-0-03546-7,1,TRUE,FALSE,candidate_missing,0,NA,FALSE,TRUE,accept_title_year_only
1645,vamvoudakisHandbookReinforcementLearning2021,openalex,Handbook of Reinforcement Learning and Control,2021,"Vamvoudakis, Kyriakos G. and Wan, Yan and Lewis, Frank L. and Cansever, Derya",Handbook of Reinforcement Learning and Control,2021,NA,10.1007/978-3-030-60990-0,1,TRUE,FALSE,candidate_missing,0,NA,FALSE,TRUE,accept_title_year_only
1647,weisbrodPublicInterestLaw2021,openalex,Public Interest Law: An Economic and Institutional Analysis,2021,"Weisbrod, Burton A. and Handler, Joel F. and Komesar, Neil K.",Public Interest Law: An Economic and Institutional Analysis,1979,Burton Allen Weisbrod; Joel F. Handler; Neil K. Komesar,10.2307/1340510,1,FALSE,TRUE,confirmed,42,NA,FALSE,FALSE,human_year_gap_edition
1648,whitmanPrinciplesIncidentResponse2021,openalex,Principles of Incident Response and Disaster Recovery,2021,"Whitman, Michael E. and Mattord, Herbert J.",Principles of Incident Response and Disaster Recovery,2006,Michael E. Whitman; Herbert J. Mattord,NA,1,FALSE,TRUE,confirmed,15,NA,TRUE,FALSE,reject_no_doi
1649,wickensInformationProcessing2021,openalex,Information Processing,2021,"Wickens, Christopher D. and Carswell, C. Melody",Information Processing,1960,NA,10.1093/comjnl/3.2.75,1,FALSE,FALSE,candidate_missing,61,NA,FALSE,FALSE,human_candidate_has_no_authors
1656,airforceAirForceJournal1988,openalex,Air Force Journal of Logistics,1988,Air Force,"Air Force Journal of Logistics. Volume 24, Number 3, Fall 2000",2000,NA,NA,1,FALSE,FALSE,candidate_missing,12,NA,TRUE,FALSE,reject_no_doi
1657,airforcelogisticsmanagementcenterAirForceJournal1980,openalex,Air Force Journal of Logistics,1980,Air Force Logistics Management Center,"Air Force Journal of Logistics. Volume 24, Number 3, Fall 2000",2000,NA,NA,1,FALSE,FALSE,candidate_missing,20,NA,TRUE,FALSE,reject_no_doi
1661,assessmentIntellectualPropertyRights1986,openalex,Intellectual Property Rights in an Age of Electronics and Information,1986,"Assessment, United States Congress Office of Technology",Intellectual property rights in an age of electronics and information,1987,Thomas A. Karel,10.1016/0277-9390(87)90091-4,1,TRUE,FALSE,different,1,NA,FALSE,TRUE,reject_author_different
1671,canadaBrundtlandChallengeCost1988,openalex,The Brundtland Challenge and the Cost of Inaction,1988,"of Canada, Royal Society and Policy, Institute for Research on Public",The Brundtland Challenge and the Cost of Inaction,1989,Elizabeth A. Wilman; Victoria J. Stewart; Alex Davidson; Michael Dence,10.2307/3550367,1,TRUE,FALSE,different,1,NA,FALSE,TRUE,reject_author_different
1674,congressComputerbasedNationalInformation1981,openalex,Computer-Based National Information Systems: Technology and Public Policy Issues,1981,"Congress, Granada",Computer-Based National Information Systems: Technology and Public Policy Issues,1982,Millett Granger Morgan,10.2307/3324406,1,TRUE,FALSE,different,1,NA,FALSE,TRUE,reject_author_different
1675,cookeExpertsUncertaintyOpinion1991,openalex,Experts in Uncertainty: Opinion and Subjective Probability in Science,1991,"Cooke, Roger",Experts in uncertainty: opinion and subjective probability in science,1992,NA,10.5860/choice.29-5666,1,TRUE,FALSE,candidate_missing,1,NA,FALSE,TRUE,accept_title_year_only
1676,councilToxicityTestingStrategies1984,openalex,Toxicity Testing: Strategies to Determine Needs and Priorities,1984,"Council, National Research and Studies, Division on Earth and Life and Sciences, Commission on Life and Program, Steering Committee on Identification of Toxic and Potentially Toxic Chemicals for Consideration by the National Toxicology",Toxicity testing: Strategies to determine needs and priorities,1985,NA,10.1016/0278-6915(85)90254-6,1,TRUE,FALSE,candidate_missing,1,NA,FALSE,TRUE,accept_title_year_only
1680,dhewAdministrationMentalHealth1972,openalex,Administration in Mental Health,1972,Dhew,Administration in mental health,1985,"Stephen L. White, Ph.D. Guest Editor",10.1007/bf00819229,1,FALSE,FALSE,different,13,NA,FALSE,FALSE,reject_author_different
1681,elsterSolomonicJudgementsStudies1989,openalex,Solomonic Judgements: Studies in the Limitation of Rationality,1989,"Elster, Jon",Solomonic Judgements: Studies in the Limitations of Rationality,1992,NA,10.1111/j.1468-0149.1992.tb02303.x,0.9946236559139784,FALSE,FALSE,candidate_missing,3,NA,FALSE,TRUE,human_candidate_has_no_authors
1684,faustLimitsScientificReasoning1984,openalex,The Limits of Scientific Reasoning,1984,"Faust, David",The Limits of Scientific Reasoning,1986,Karin Knorr Cetina; David Faust,10.2307/1981258,1,FALSE,TRUE,confirmed,2,NA,FALSE,TRUE,accept
1687,greenChronicleHistoryEssay1972,openalex,Chronicle into History: An Essay on the Interpretation of History in Florentine Fourteenth-Century Chronicles,1972,"Green, Louis",Chronicle into History: An Essay on the Interpretation of History in Florentine Fourteenth-century Chronicles,1969,Louis Green; Marcella T. Grendler,10.33137/rr.v10i2.13749,1,FALSE,TRUE,confirmed,3,NA,FALSE,TRUE,accept
1692,jeffreyLogicDecision1990,openalex,The Logic of Decision,1990,"Jeffrey, Richard C.",The Logic of Decision,1965,Richard C. Jeffrey,NA,1,FALSE,TRUE,confirmed,25,NA,TRUE,FALSE,reject_no_doi
1696,kimmelEthicsValuesApplied1988,openalex,Ethics and Values in Applied Social Research,1988,"Kimmel, Allan J.",Ethics and Values in Applied Social Research,1989,David R. Rudy; Allan J. Kimmėl,10.2307/1318435,1,TRUE,FALSE,confirmed,1,NA,FALSE,TRUE,accept
1697,laffontEconomieLincertainLinformation1989,openalex,Economie de l'incertain et de l'information,1989,"Laffont, Jean-Jacques",Economie de l'incertain et de l'information,1991,Jean‐Jacques Laffont,NA,1,FALSE,TRUE,confirmed,2,NA,TRUE,TRUE,reject_no_doi
1708,roweAnatomyRisk1975,openalex,An Anatomy of Risk,1975,"Rowe, W. D.",An Anatomy of Risk,1977,William D. Rowe,NA,1,FALSE,TRUE,confirmed,2,NA,TRUE,TRUE,reject_no_doi
1714,somogyiStrategicInformationSystems1987,openalex,Towards Strategic Information Systems,1987,"Somogyi, Elizabeth K. and Galliers, Robert",Towards strategic information systems,1988,Richard Veryard,10.1016/0950-5849(88)90105-x,1,TRUE,FALSE,different,1,NA,FALSE,TRUE,reject_author_different
1720,watsonDecisionSynthesisPrinciples1987,openalex,Decision Synthesis: The Principles and Practice of Decision Analysis,1987,"Watson, Stephen R. and Buede, Dennis M.",Decision Synthesis: The Principles and Practice of Decision Analysis,1989,William Cooper; Stephen R. Watson; Dennis M. Buede; K. Jim Radford,10.2307/1423310,1,FALSE,TRUE,confirmed,2,NA,FALSE,TRUE,accept
1723,alfirevicAssessmentCosteffectiveness2016,openalex,Assessment of Cost-Effectiveness,2016,"Alfirevic, Zarko and Keeney, Edna and Dowswell, Therese and Welton, Nicky J. and Medley, Nancy and Dias, Sofia and Jones, Leanne V. and Gyte, Gillian and Caldwell, Deborah M.",Assessment of cost-effectiveness,2011,Noel Fleeman; Carlos Martín Saborido; Krista K. Payne; Angela Boland; R Dickson; Yenal Dundar; A Fernández Santander; Shawn Howell; W Newman; James Oyee; Thomas Walley,NA,1,FALSE,FALSE,different,5,NA,TRUE,FALSE,reject_no_doi
1724,allianceukManagementStrategies2017,openalex,Management Strategies,2017,"Alliance (UK), National Guideline",Management strategies for information technology,1990,NA,10.1016/0024-6301(90)90040-b,1,FALSE,FALSE,candidate_missing,27,NA,FALSE,FALSE,human_candidate_has_no_authors
1729,beniniManagingHumanitarianInformation2010,openalex,Managing Humanitarian Information in Iraq,2010,"Benini, Aldo and Conley, Charles and Donahue, Joseph M. and Messick, Shawn",Managing humanitarian information in Iraq,2015,Aldo A. Benini; Charles E. Conley; Joseph M. Donahue; Shawn Messick,10.4324/9780203844335.ch11,1,FALSE,TRUE,confirmed,5,NA,FALSE,FALSE,human_year_gap_edition
1733,bhattacharyaEconomicEvaluation2016,openalex,Economic Evaluation,2016,"Bhattacharya, Debi and Aldus, Clare F. and Barton, Garry and Bond, Christine M. and Boonyaprapa, Sathon and Charles, Ian S. and Fleetcroft, Robert and Holland, Richard and Jerosch-Herold, Christina and Salter, Charlotte",Economic Evaluation in Clinical Trials,2014,Henry A. Glick; Jalpa A. Doshi; Seema S. Sonnad; Daniel E. Polsky,10.1093/med/9780199685028.001.0001,1,FALSE,FALSE,different,2,NA,TRUE,TRUE,human_same_doi_for_two_records
1741,burrEconomicEvaluation2012,openalex,Economic Evaluation,2012,"Burr, J. M. and Botello-Pinzon, P. and Takwoingi, Y. and Hern\'andez, R. and Vazquez-Montes, M. and Elders, A. and Asaoka, R. and Banister, K. and van der Schoot, J. and Fraser, C.",Economic Evaluation in Clinical Trials,2014,Henry A. Glick; Jalpa A. Doshi; Seema S. Sonnad; Daniel E. Polsky,10.1093/med/9780199685028.001.0001,1,FALSE,FALSE,different,2,NA,TRUE,TRUE,human_same_doi_for_two_records
1744,cardholmIdentifyingBusinessValue2015,openalex,Identifying the Business Value of Information Security,2015,"Cardholm, Lucas",Identifying the Business Value of Information Security,2013,Lucas Cardholm,10.4018/978-1-4666-4983-5.ch010,1,FALSE,TRUE,confirmed,2,NA,FALSE,TRUE,accept
1747,cassPreservingCompetitionEconomic2002,openalex,"Preserving Competition: Economic Analysis, Legal Standards, and Microsoft",2002,"Cass, Ronald A. and Hylton, Keith N.","Preserving Competition: Economic Analysis, Legal Standards and Microsoft",2000,Ronald A. Cass; Keith N. Hylton,10.2139/ssrn.202738,1,FALSE,TRUE,confirmed,2,NA,FALSE,TRUE,accept
1750,choiCollaborativeDecisionMaking2005,openalex,Collaborative Decision Making,2005,"Choi, Beomjin and Raghu, T. S. and Ramesh, R. and Whinston, Andrew B.",Collaborative Decision Making,2015,Daniel Owen,10.1287/deca.2014.0307,1,FALSE,FALSE,different,10,NA,FALSE,FALSE,reject_author_different
1764,councilVariabilityUncertainty2001,openalex,Variability and Uncertainty,2001,"Council, National Research",Variability and Uncertainty Meet Risk Management and Risk Communication,2002,Kimberly M. Thompson,10.1111/0272-4332.00044,1,TRUE,FALSE,different,1,NA,FALSE,TRUE,reject_author_different
1779,ergunSupplyChainResilience2022,openalex,Supply Chain Resilience: Impact of Stakeholder Behavior and Trustworthy Information Sharing with a Case Study on Pharmaceutical Supply Chains,2022,"Ergun, \Ozlem and Griffin, Jacqueline and Chicoine, Noah and Gong, Min and Mohaddesi, Omid and Raziei, Zohreh and Harteveld, Casper and Kaeli, David and Marsella, Stacy",Supply Chain Resilience: Impact of Stakeholder Behavior and Trustworthy Information Sharing with a Case Study on Pharmaceutical Supply Chains,2022,Özlem Ergün; Jacqueline A. Griffin; Noah Chicoine; Min Gong; Omid Mohaddesi; Zohreh Raziei; Casper Harteveld; David R Kaeli; Stacy Marsella,10.1287/educ.2022.0246,1,TRUE,FALSE,confirmed,0,NA,FALSE,TRUE,accept
1787,frantzenEnvironmentalRiskManagement2016,openalex,Environmental Risk Management,2016,"Frantzen, Kurt A.",Environmental risk management and the cost of capital,2008,Mark P. Sharfman; Chitru S. Fernando,10.1002/smj.678,1,FALSE,FALSE,different,8,NA,FALSE,FALSE,reject_author_different
1788,gabrielsEmpiricalEvidencePerceived2008,openalex,Empirical Evidence on the (Perceived) Value of Information for Performance Measurement Purposes in an ERPS Environment,2008,"Gabri\els, Xavier and Jorissen, Ann",Empirical evidence on the (perceived) value of information for performance measurement purposes in an ERPS environment,2008,Xavier Gabriëls; Ann Jorissen,10.1016/s1479-3512(08)18007-8,1,TRUE,FALSE,confirmed,0,NA,FALSE,TRUE,accept
1792,gunasekaranInformationTechnologySystems2008,openalex,Information Technology and Systems Justification,2008,"Gunasekaran, Angappa and Ngai, Eric WT and McGAUGHEY, Ronald E.",Information technology and systems justification: A review for research and applications,2005,A. Gunasekaran; Eric W.T. Ngai; Ronald E. McGaughey,10.1016/j.ejor.2005.06.002,1,FALSE,TRUE,confirmed,3,NA,FALSE,TRUE,accept
1798,handzicDebiasingDecisionMakers2008,openalex,Debiasing Decision Makers through Knowledge Management,2008,"Handzic, Meliha",Debiasing Decision Makers Through Knowledge Management,2008,Meliha Handžić,10.4018/978-1-59904-843-7.ch016,1,TRUE,FALSE,confirmed,0,NA,FALSE,TRUE,accept
1801,haslerApplicationsPrinciplesCase2022,openalex,Applications of Principles to Case Studies Focusing on Non-Monetary Surveillance Values,2022,"H\asler, Barbara and Delabouglise, Alexis and Antoine-Moussiaux, Nicolas and Phan, Thang D. and Dao, Duan C. and Nguyen, Thanh T. and Pham, Hoa TT and Truong, Bao D. and Nguyen, Xuan NT and Vu, Ton D.",Applications of Principles to Case Studies Focusing on Non-Monetary Surveillance Values,2022,Barbara Häsler; Alexis Delabouglise; Nicolas Antoine‐Moussiaux; Thang D. Phan; Duan C. Dao; Thành Tiên Nguyễn; Hoa Thi Thanh Pham; Bao Dinh Truong; Xuan N. T. Nguyen; Ton D. Vu; Khong V. Nguyen; Hien T. Le; D. Tatong; Waraphon Phimpraphi; Suwicha Kasemsuwan; Marisa Peyre; Sara Babo Martins,10.1007/978-3-030-82727-4_6,1,TRUE,FALSE,confirmed,0,NA,FALSE,TRUE,accept
1806,kaplowEconomicAnalysisLaw2002,openalex,Economic Analysis of Law,2002,"Kaplow, Louis and Shavell, Steven",Economic Analysis of Law,1974,Richard A. Posner,10.2307/1227682,1,FALSE,FALSE,different,28,NA,FALSE,FALSE,reject_author_different
1815,kuntzExcludedStudies2013,openalex,Excluded Studies,2013,"Kuntz, Karen and Sainfort, Francois and Butler, Mary and Taylor, Brent and Kulasingam, Shalini and Gregory, Sean and Mann, Eric and Anderson, Joseph M. and Kane, Robert L.",Excluded Studies,2020,Ross Julian; Richard Page; Liam David Harper,NA,1,FALSE,FALSE,different,7,NA,TRUE,FALSE,reject_no_doi
1818,laoSecurityRiskManagement2007,openalex,Security Risk Management Strategy of Financial Services Institutions,2007,"Lao, Guoling and Wang, Liping",Security Risk Management Strategy of Financial Services Institutions,2011,Guoling Lao; Liping Wang,10.4018/978-1-59904-171-1.ch005,1,FALSE,TRUE,confirmed,4,NA,FALSE,FALSE,human_year_gap_edition
1823,lenihanRealigningGovernanceEgovernment2005,openalex,Realigning Governance: From e-Government to e-Democracy,2005,"Lenihan, Donald G.",Realigning Governance,2015,Bongani Ngwenya,10.4018/978-1-4666-8430-0.ch002,1,FALSE,FALSE,different,10,NA,FALSE,FALSE,reject_author_different
1833,meadowsCosteffectiveness2013,openalex,Cost-Effectiveness,2013,"Meadows, A. and Kaambwa, B. and Novielli, N. and Huissoon, A. and Fry-Smith, A. and Meads, C. and Barton, P. and Dretzke, J.",Cost-effectiveness analysis.,1993,Ray Robinson,10.1136/bmj.307.6907.793,1,FALSE,FALSE,different,20,NA,FALSE,FALSE,reject_author_different
1835,memmiSocialContextKnowledge2008,openalex,The Social Context of Knowledge,2008,"Memmi, Daniel",The Social Context of Knowledge,2011,Daniel Memmi,10.4018/978-1-59904-543-6.ch011,1,FALSE,TRUE,confirmed,3,NA,FALSE,TRUE,accept
1841,mullinCorporateCrime2009,openalex,Corporate Crime,2009,"Mullin, Wallace P. and Snyder, Christopher M.",Corporate Crime in the Pharmaceutical Industry,1984,Michael Clarke; John Bradford Braithwaite,10.2307/1410045,1,FALSE,FALSE,different,25,NA,FALSE,FALSE,reject_author_different
1842,nationalacademiesofsciencesResponseRecoveryPlanning2017,openalex,Response and Recovery Planning,2017,"National Academies of Sciences, Engineering and Studies, Division on Earth and Life and Division, Health and Medicine and Research, Institute for Laboratory Animal and and Resources, Board on Earth Sciences and Policy, Board on Health Sciences and Communities, Committee on Strengthening the Disaster Resilience of Academic Research and Carlin, Ellen and Brown, Lisa and Benjamin, Georges C.",Response and Recovery Planning,2017,Division on Earth; Ellen P. Carlin; Lisa Brown; Georges C. Benjamin,NA,1,TRUE,FALSE,different,0,NA,TRUE,TRUE,reject_no_doi
1847,palfreyDevelopmentsEconomicEvaluation2012,openalex,Developments in Economic Evaluation,2012,"Palfrey, Colin and Thomas, Paul and Phillips, Ceri",Developments in economic evaluation,2017,NA,10.2307/j.ctt1t89cnv.10,1,FALSE,FALSE,candidate_missing,5,NA,FALSE,FALSE,human_candidate_has_no_authors
1849,pandorAssessmentCosteffectiveness2019,openalex,Assessment of Cost-Effectiveness,2019,"Pandor, Abdullah and Horner, Daniel and Davis, Sarah and Goodacre, Steve and Stevens, John W. and Clowes, Mark and Hunt, Beverley J. and Nokes, Tim and Keenan, Jonathan and de Wit, Kerstin",Assessment of cost-effectiveness,2011,Noel Fleeman; Carlos Martín Saborido; Krista K. Payne; Angela Boland; R Dickson; Yenal Dundar; A Fernández Santander; Shawn Howell; W Newman; James Oyee; Thomas Walley,NA,1,FALSE,FALSE,different,8,NA,TRUE,FALSE,reject_no_doi
1850,payneEconomicEvaluationsComplex2015,openalex,Economic Evaluations of Complex Interventions,2015,"Payne, Katherine and Thompson, Alexander J.",Economic evaluations of complex interventions,2026,Alexander Thompson; Katherine A. Payne,10.4324/9781003495642-27,1,FALSE,TRUE,confirmed,11,NA,FALSE,FALSE,human_year_gap_edition
1853,powellOptimalLearning2008,openalex,Optimal Learning,2008,"Powell, Warren B. and Frazier, Peter",Optimal Learning by Experimentation,1991,Philippe Aghion; Patrick G M Bolton; Christopher Harris; Bruno Jullien,10.2307/2297825,1,FALSE,FALSE,different,17,NA,TRUE,FALSE,human_same_doi_for_two_records
1861,robertsElectronicParticipation2015,openalex,Electronic Participation,2015,"Roberts, Nancy C.",Electronic Participation,2013,"Maria A. Wimmer; Tambouris, Efthimios; Macintosh, Ann",10.1007/978-3-642-40346-0,1,FALSE,FALSE,different,2,NA,FALSE,TRUE,reject_author_different
1862,robertsMathematicalModeling2017,openalex,Mathematical Modeling,2017,"Roberts, Mark S. and Smith, Kenneth J. and Chhatwal, Jagpreet",Mathematical Modeling,1993,Mark M. Meerschaert,NA,1,FALSE,FALSE,different,24,NA,TRUE,FALSE,reject_no_doi
1863,rodgerTelemedicineBusinessProcess2001,openalex,Telemedicine and Business Process Redesign at the Department of Defense,2001,"Rodger, James A. and Pendharkar, Parag C.",Telemedicine and Business Process Redesign at the Department of Defense,2011,James A. Rodgers; Parag C. Pendharkar,10.4018/978-1-61520-592-9.ch019,1,FALSE,TRUE,confirmed,10,NA,FALSE,FALSE,human_year_gap_edition
1872,schwartzHealthServicesResearch2009,openalex,Health Services Research: Translating Discovery and Research into Practice and Policy,2009,"Schwartz, J. Sanford",Health Services Research,2016,Jerome Sanford Schwartz,10.1016/b978-0-12-802101-9.00007-7,1,FALSE,TRUE,confirmed,7,NA,FALSE,FALSE,human_year_gap_edition
1873,scoonesFightingFluRisk2010,openalex,"Fighting the Flu: Risk, Uncertainty and Surveillance",2010,"Scoones, Ian","Fighting the Flu: Risk, Uncertainty and Surveillance",2010,NA,10.4324/9781849776424-13,1,TRUE,FALSE,candidate_missing,0,NA,FALSE,TRUE,accept_title_year_only
1876,sharplesHealthEconomicAnalysis2022,openalex,Health Economic Analysis,2022,"Sharples, Linda and Sastry, Priya and Freeman, Carol and Gray, Joanne and McCarthy, Andrew and Chiu, Yi-Da and Bicknell, Colin and McMeekin, Peter and Vallabhaneni, S. Rao and Cook, Andrew",Health Economic Analysis in Glaucoma,2020,Inhae Park; Jesse Gale; Simon Edward Skalicky,10.1097/ijg.0000000000001462,1,FALSE,FALSE,different,2,NA,FALSE,TRUE,reject_author_different
1877,shinnickRoleInformationDecision2008,openalex,The Role of Information in Decision Making,2008,"Shinnick, Edward and Ryan, Geraldine",The role of information in decision-making with regard to travel,2006,Glenn D. Lyons,10.1049/ip-its:20060001,1,FALSE,FALSE,different,2,NA,FALSE,TRUE,reject_author_different
1878,shortleWayForward2021,openalex,The Way Forward,2021,"Shortle, James and Ollikainen, Markku and Iho, Antti",The way forward,2007,Carla AbouZahr; John G.F. Cleland; Francesca Coullare; Sarah Macfarlane; FRANCIS C. NOTZON; Philip Setel; Simon Szreter,10.1016/s0140-6736(07)61310-5,1,FALSE,FALSE,different,14,NA,FALSE,FALSE,reject_author_different
1889,summersNonaiDecisionMaking2006,openalex,Non-Ai Decision Making,2006,"Summers, Ron and Cramp, Derek G. and Carson, Ewart R.",Non-AI Decision Making,2014,Joseph D. Bronzino; Donald R. Peterson,10.1201/b15468-70,1,FALSE,FALSE,different,8,NA,FALSE,FALSE,reject_author_different
1892,tangIntelligentagentsupportedEnterpriseInformation2007,openalex,Intelligent-Agent-Supported Enterprise Information Portal,2007,"Tang, Zaiyong and Bagchi, Kallol",Intelligent-Agent-Supported Enterprise Information Portal,2011,Zaiyong Tang; Kallol Kumar Bagchi,10.4018/9781591409892.ch084,1,FALSE,TRUE,confirmed,4,NA,FALSE,FALSE,human_year_gap_edition
1894,taylorStakeholderParticipationInvestigating2008,openalex,Stakeholder Participation in Investigating the Impact of E-commerce upon the Value Chain,2008,"Taylor, Richard",Stakeholder Participation in Investigating the Impact of E-Commerce Upon the Value Chain,2011,Richard Taylor,10.4018/9781599045221.ch024,1,FALSE,TRUE,confirmed,3,NA,FALSE,TRUE,accept
1905,valeEconomicEvaluation2021a,openalex,Economic Evaluation,2021,"Vale, Luke and Kunonga, Patience and Coughlan, Diarmuid and Kontogiannis, Vasileios and Astin, Margaret and Beyer, Fiona and Richmond, Catherine and Wilson, Dor and Bajwa, Dalvir and Javanbakht, Mehdi",Economic Evaluation in Clinical Trials,2014,Henry A. Glick; Jalpa A. Doshi; Seema S. Sonnad; Daniel E. Polsky,10.1093/med/9780199685028.001.0001,1,FALSE,FALSE,different,7,NA,TRUE,FALSE,human_same_doi_for_two_records
1912,weissBuildingBlocksOrganizational2007,openalex,Building Blocks of Organizational Design,2007,"Weiss, Marco",Building Blocks of Organizational Design,2007,Marco Weiß,10.1057/9780230287952_3,1,TRUE,FALSE,confirmed,0,NA,FALSE,TRUE,accept
1916,winkleyHealthEconomicAnalyses2020,openalex,Health Economic Analyses,2020,"Winkley, Kirsty and Upsher, Rebecca and Stahl, Daniel and Pollard, Daniel and Kasera, Architaa and Brennan, Alan and Heller, Simon and Ismail, Khalida",Health Economic Analyses of Interventions,2024,Don Tustin,10.1007/978-981-97-6144-9_7,1,FALSE,FALSE,different,4,NA,FALSE,FALSE,reject_author_different
1926,zhouContractualMistakeMisrepresentation2011,openalex,Contractual Mistake and Misrepresentation,2011,"Zhou, Qi",Contractual Mistake and Misrepresentation,2009,Qi Zhou,NA,1,FALSE,TRUE,confirmed,2,NA,TRUE,TRUE,reject_no_doi
3132,kuikkaUncertaintiesClimaticChange1997,openalex,Uncertainties of Climatic Change Impacts in Finnish Watersheds: A Bayesian Network Analysis of Expert Knowledge,1997,"Kuikka, S. and Varis, O.",Uncertainties of climatic change impacts in Finnish watersheds: a Bayesian network analysis of expert knowledge,2024,Sakari Kuikka; Olli Varis,10.60910/77fj-rtdy,1,FALSE,TRUE,confirmed,27,NA,FALSE,FALSE,human_year_gap_edition
3256,ahmadMethodsTools2001,openalex,Methods and Tools,2001,"Ahmad, Q. K. and Warrick, Richard A. and Downing, T. E. and Nishioka, S. and Parikh, K. S. and Parmesan, C. and Schneider, S. H. and Toth, F. and Yohe, G.",Methods and Tools for Ontology Evolution,2004,Ljiljana Stojanović,NA,1,FALSE,FALSE,different,3,NA,TRUE,TRUE,reject_no_doi
3287,brunellAppropriabilityAntitrustHow2001,openalex,Appropriability in Antitrust: How Much Is Enough,2001,"Brunell, Richard M.",Appropriability in Antitrust: How Much is Enough?,2004,Richard M. Brunell,NA,1,FALSE,TRUE,confirmed,3,NA,TRUE,TRUE,reject_no_doi
3303,clemenIntroductionDecisionAnalysis2001,openalex,An Introduction to Decision Analysis,2001,"Clemen, Robert T. and Decisions, Making Harding",AN INTRODUCTION TO DECISION ANALYSIS,1978,Wayne W. Daniel; Sherry A. Terrell,10.1097/00005110-197805000-00018,1,FALSE,FALSE,different,23,NA,FALSE,FALSE,reject_author_different
3323,fenwickImprovingEfficiencyRelevance2000,openalex,Improving the Efficiency and Relevance of Health Technology Assessment: The Role of Iterative Decision Analytic Modelling,2000,"Fenwick, Elisabeth and Claxton, Karl and Sculpher, Mark and Briggs, Andrew",Improving the efficiency and relevance of health technology assessment: the role of iterative decision analytic modelling,2000,NA,10.7748/nm.7.5.39.s13,1,TRUE,FALSE,candidate_missing,0,NA,FALSE,TRUE,accept_title_year_only
3351,henryFormalizationApplicationsPrecautionary2002,openalex,Formalization and Applications of the Precautionary Principles,2002,"Henry, Claude and Henry, Marc",Formalization and Applications of the Precautionary Principles,2011,Claude Henry; Marc Henry,10.2139/ssrn.1084972,1,FALSE,TRUE,confirmed,9,NA,TRUE,FALSE,human_same_doi_for_two_records
3375,kossickEmergingDisharmonyElectronic2001,openalex,The Emerging Disharmony of Electronic Commerce Legislation in Latin America,2001,"Kossick, Robert M.",The Emerging Disharmony of Electronic Commerce Legislation in Latin America,2021,Robert Kossick,NA,1,FALSE,TRUE,confirmed,20,NA,TRUE,FALSE,reject_no_doi
3386,lempertAdaptiveStrategiesClimate2002,openalex,Adaptive Strategies for Climate Change,2002,"Lempert, Robert J. and Schlesinger, Michael E.",Adaptive Strategies for Climate Change,2009,Robert J. Lempert; Michael E. Schlesinger,10.1017/cbo9780511536038.003,1,FALSE,TRUE,confirmed,7,NA,FALSE,FALSE,human_year_gap_edition
3408,monitorAgentbasedTechnologies2002,openalex,Agent-Based Technologies,2002,"Monitor, I. S.",Agent-Based Technologies and Applications for Enterprise Interoperability,2012,"Klaus Fischer; Renato Levy; MÃ¼ller, JÃ¶rg P",10.1007/978-3-642-28563-9,1,FALSE,FALSE,different,10,NA,FALSE,FALSE,reject_author_different
3421,ocanaPotentialInfluenceNatural2000,openalex,The Potential Influence of Natural Climate Variability and Uncertainty in the Design of Optimal Greenhouse Gas Emission Policies,2000,"Ocana, V.",The potential influence of natural climate variability and uncertainty in the design of optimal greenhouse gas emission policies,1999,Víctor Ocaña,10.17617/2.3213625,1,TRUE,FALSE,confirmed,1,NA,FALSE,TRUE,accept
3451,sarkarIndianManagementResearch2002,openalex,Indian Management Research,2002,"Sarkar, Mitali",Indian Management Research,1992,NA,10.1177/0256090919920309,1,FALSE,FALSE,candidate_missing,10,NA,FALSE,FALSE,human_candidate_has_no_authors
3456,schneiderUncertaintyClimateChange2002,openalex,Uncertainty and Climate Change Policy,2002,"Schneider, Stephen H. and Kuntz-Duriseti, Kristin",Uncertainty and Climate Change Policy,2008,John C. Quiggin,10.1016/s0313-5926(08)50017-8,1,FALSE,FALSE,different,6,NA,FALSE,FALSE,reject_author_different
3473,steelRoleScientistsNatural2001,openalex,The Role of Scientists in the Natural Resource and Environmental Policy Process: A Comparison of Canadian and American Publics,2001,"Steel, Brent and Lach, Denise and List, Peter and Shindler, Bruce",The Role of Scientists in the Natural Resource and Environmental Policy Process: A Comparison of Canadian and American Publics,2000,NA,10.2190/83w0-0jj6-nuek-hmdb,1,TRUE,FALSE,candidate_missing,1,NA,FALSE,TRUE,accept_title_year_only
3477,termeProgram2001Meeting2001,openalex,Program of the 2001 (V) Meeting of ``the Society for the Advancement of Economic Theory'',2001,"Terme, Hotel Continental","Program of the 2001 (V) Meeting of ""The Society for the Advancement of Economic Theory""",2002,Not Available Not Available,10.1007/s001990100229,1,TRUE,FALSE,different,1,NA,FALSE,TRUE,reject_author_different
3495,websterCuriousRole2002,openalex,The Curious Role Of,2002,"Webster, Mort",The Curious Role of Cognitive Resources in Leadership,2001,Fred E. Fiedler,10.4324/9781410606495-13,1,TRUE,FALSE,different,1,NA,FALSE,TRUE,reject_author_different
3511,zimmermanRiskAssessmentExtreme2002,openalex,Risk Assessment of Extreme Events,2002,"Zimmerman, Rae and Bier, Vicki M.",Risk Assessment of Extreme Events,2014,Akihiro Sato,10.1007/978-4-431-54974-1_5,1,FALSE,FALSE,different,12,NA,FALSE,FALSE,reject_author_different
3542,brennanExpectedValueSample2005a,openalex,Expected Value of Sample Information in Survival Trials Using Bayesian Approximation with the Weibull Proportional Hazards Model,2005,"Brennan, Alan and Kharroubi, Samer A.",Expected Value of Sample Information in Survival Trials Using Bayesian Approximation With the Weibull Proportional Hazards Model,2007,Alan Brennan; Samer A. Kharroubi,NA,1,FALSE,TRUE,confirmed,2,NA,TRUE,TRUE,reject_no_doi
3583,economyDoingBusinessParadise2005,openalex,Doing Business in Paradise: Infrastructure and Information,2005,"Economy, Developing Island",Doing Business in Paradise,2003,Michelle Lynn Kaarst‐Brown,10.4018/jgim.2003100103,1,FALSE,FALSE,different,2,NA,FALSE,TRUE,reject_author_different
3655,lasutCreativeThinkingModelling2005,openalex,Creative Thinking and Modelling for the Decision Support in Water Management,2005,"Lasut, Anna",Creative Thinking and Modelling for the Decision Support in Water Management,2005,Anna Łasut,NA,1,TRUE,FALSE,confirmed,0,NA,TRUE,TRUE,reject_no_doi
3678,mattessichConciseHistoryAnalytical2005,openalex,A Concise History of Analytical Accounting: Examining the Use of Mathematical Notions in Our Discipline,2005,"Mattessich, Richard",A concise history of analytical accounting,2017,RICHARD V. MATTESSICH,10.26784/issn.1886-1881.v2i2.230,1,FALSE,TRUE,confirmed,12,NA,FALSE,FALSE,human_year_gap_edition
3694,noaillyLocalGlobalInteractions2005,openalex,Local and Global Interactions in an Evolutionary Resource Game,2005,"Noailly, Jo\elle and van den Bergh, Jeroen CJM and Withagen, Cees",Local and Global Interactions in an Evolutionary Resource Game,2008,Joëlle Noailly; Jeroen C.J.M. van den Bergh; Cees A.A.M. Withagen,10.1007/s10614-008-9154-2,1,FALSE,TRUE,confirmed,3,NA,FALSE,TRUE,accept
3734,scherffigItsYourEyes2005,openalex,It's in Your Eyes,2005,"Scherffig, Lasse",It's in your eyes,2008,Andreas Bulling; Daniel Roggen; Gerhard Tröster,10.1145/1409635.1409647,1,FALSE,FALSE,different,3,NA,FALSE,TRUE,reject_author_different
3748,sinclair-desgagnePigouvianTaxRule2005,openalex,The Pigouvian Tax Rule in the Presence of an Eco-Industry,2005,"Sinclair-Desgagn\'e, Bernard and Nimubona, Alain-D\'esir\'e",The Pigouvian Tax Rule in the Presence of an Eco-Industry,2005,Bernard Sinclair‐Désgagné; Alain‐Désiré Nimubona,10.2139/ssrn.705183,1,TRUE,FALSE,confirmed,0,NA,FALSE,TRUE,accept
3768,vanhylckamavliegAccommodatingDifferences2005,openalex,Accommodating Differences,2005,"van Hylckama Vlieg, Elsbeth",Accommodating difference,2015,David E. Clapham,10.2307/j.ctt1t88xbg,1,FALSE,FALSE,different,10,NA,FALSE,FALSE,reject_author_different
3771,voseRiskAssessmentIts2005,openalex,"Risk Assessment and Its Use in Approval, Licensing, and Prudent Use Guidelines",2005,"Vose, David","Risk Assessment and Its Use in Approval, Licensing, and Prudent Use Guidelines",2019,David Vose,10.1128/9781555817534.ch24,1,FALSE,TRUE,confirmed,14,NA,FALSE,FALSE,human_year_gap_edition
3786,abramowiczInformationMarkets2006,openalex,Information Markets,2006,"Abramowicz, Michael and Berg, Joyce E. and Hanson, Robin and Ledyard, John O. and Rietz, Thomas A. and Sunstein, Cass R. and Wolfers, Justin and Zitzewitz, Eric",Information Markets,2011,Frank Linde; Wolfgang G. Stock,10.1515/9783110236101,1,FALSE,FALSE,different,5,NA,FALSE,FALSE,reject_author_different
3841,bruenIntroductionDecisionSupport2006,openalex,Introduction to Decision Support Systems,2006,"Bruen, Michael",Introduction to Decision Support Systems,2020,José Luis González Andújar,10.1007/978-3-030-44402-0_2,1,FALSE,FALSE,different,14,NA,FALSE,FALSE,reject_author_different
3845,cetinGraphicalModelsFusion2007,openalex,Graphical Models and Fusion in Sensor Networks,2007,"\c Cetin, M\ujdat and Chen, Lei and Fisher III, John W. and Ihler, Alexander T. and Kreidl, O. Patrick and Moses, Randolph L. and Wainwright, Martin J. and Williams, Jason L. and Willsky, Alan S.",Graphical Models and Fusion in Sensor Networks,2007,Müjdat Çetin; Lei Chen; John W. Fisher; Alexander Ihler; O. Patrick Kreidl; Randolph L. Moses; Martin J. Wainwright; Jason Williams; Alan S. Willsky,10.1002/9780470061794.ch9,1,TRUE,FALSE,confirmed,0,NA,FALSE,TRUE,accept
3905,forssbaeckTransparencyCapitalFormation2006,openalex,"Transparency, Capital Formation and Economic Growth",2006,"Forssb\aeck, Jens and Oxelheim, Lars","Transparency, Capital Formation, and Economic Growth",2006,Jens Forssbæck; Lars Oxelheim,NA,1,TRUE,FALSE,confirmed,0,NA,TRUE,TRUE,reject_no_doi
3937,hahnInformationMarketsNew2006,openalex,Information Markets: A New Way of Making Decisions,2006,"Hahn, Robert W. and Tetlock, Paul C.",Information Markets: A New Way of Making Decisions,2009,Robert W. Hahn; Paul C. Tetlock,10.2139/ssrn.1385778,1,FALSE,TRUE,confirmed,3,NA,FALSE,TRUE,accept
3948,hoffmannArchitectureEvaluationMethods2007,openalex,Architecture Evaluation Methods,2007,"Hoffmann, Martin",Architecture Evaluation Methods,2025,Soo Dong Kim; M.J. Kim,10.1007/978-3-032-01184-8_13,1,FALSE,FALSE,different,18,NA,FALSE,FALSE,reject_author_different
3953,horakTRANSCATDSSArchitecture2006,openalex,TRANSCAT DSS Architecture and Modelling Services,2006,"Horak, Jiri and Unucka, Jan and Stromsky, Josef and Marsik, Vladimir and Orlik, Antonin",TRANSCAT DSS architecture and modelling services,2006,Jiří Horák; Jan Unucka; J. Stromsky; Vladimir Marsik; Antonin Orlik,NA,1,TRUE,FALSE,confirmed,0,NA,TRUE,TRUE,reject_no_doi
3959,iossaEconomicsPublicprivatePartnerships2007,openalex,The Economics of Public-Private Partnerships,2007,"Iossa, Elisabetta and Martimort, David",The Economics of Public-Private Partnerships,2004,Jean‐Etienne de Bettignies; Thomas W. Ross,10.2307/3552389,1,FALSE,FALSE,different,3,NA,FALSE,TRUE,reject_author_different
3974,kellyDigitalPreservationProjects2006,openalex,Digital Preservation Projects: Some Brief Case Studies,2006,"Kelly, Jasmine and Mason, Elisa",Digital preservation projects: some brief case studies,2018,Jasmine Kelly; Elisa Mason,10.29085/9781856049863.012,1,FALSE,TRUE,confirmed,12,NA,FALSE,FALSE,human_year_gap_edition
3984,kristensenHerdManagementScience2006,openalex,Herd Management Science,2006,"Kristensen, Anders Ringgaard and J\orgensen, Erik and Toft, Nils",Herd management science: II. advanced topics,2008,Anders Ringgaard Kristensen; Erik Jørgensen; Nils Toft,NA,1,FALSE,TRUE,confirmed,2,NA,TRUE,TRUE,reject_no_doi
4001,leviakangasBenefitsMeteorologicalServices2007,openalex,Benefits of Meteorological Services in Croatia,2007,"Leviakangas, Pekka and Hautala, Raine and Rasanen, Jukka and Oorni, Risto and Sonninen, Sanna and Hekkanen, Martti and Ohlstrom, Mikael and Venalainen, Ari and Saku, Seppo",Benefits of Meteorological Services in Croatia,2008,P Leviaekangas; Raine Hautala; J Raesaenen; R Oeoerni; Sanna Sonninen,NA,1,TRUE,FALSE,different,1,NA,TRUE,TRUE,reject_no_doi
4002,leviPrefaceMyReplies2006,openalex,Preface to My Replies,2006,"Levi, Isaac",Preface,2026,Stephen R. Millar,10.1093/9780197686454.002.0007,1,FALSE,FALSE,different,20,NA,FALSE,FALSE,reject_author_different
4024,machovaVariousApproachesWeb2007,openalex,Various Approaches to Web Information Processing,2007,"Machov\'a, Krist\'ina and Bedn\'ar, Peter and Mach, Mari\'an",VARIOUS APPROACHES TO WEB INFORMATION PROCESSING,2007,Kristína Machová; Peter Bednár; Marián Mach,NA,1,TRUE,FALSE,confirmed,0,NA,TRUE,TRUE,reject_no_doi
4050,mureroEhealthResearch2006,openalex,E-Health Research,2006,"Murero, Monica and Rice, Ronald E.",e-Health Research and Patient-Centered Care,2009,Audie A. Atienza; Bradford William Hesse; David H. Gustafson; Robert T. Croyle,10.1016/j.amepre.2009.10.027,1,FALSE,FALSE,different,3,NA,FALSE,TRUE,reject_author_different
4075,poojariDecisionModelNatural2006,openalex,A Decision Model for Natural Oil Buying Policy under Uncertainty,2006,"Poojari, Chandra and Lucas, Cormac and Mitra, Gautam",A decision model for natural oil buying policy under uncertainty,2004,C A Poojari; CA Lucas; Gautam Mitra,NA,1,FALSE,TRUE,confirmed,2,NA,TRUE,TRUE,reject_no_doi
4084,ricciLegalPrinciplesUncertainty2006,openalex,"Legal Principles, Uncertainty, and Variability in Risk Assessment and Management",2006,"Ricci, Paolo F.","Legal Principles, Uncertainty, and Variability in Risk Assessment and Management",2006,NA,10.1007/1-4020-3776-7_1,1,TRUE,FALSE,candidate_missing,0,NA,FALSE,TRUE,accept_title_year_only
4085,ricciPracticalAnalysisDecisions2006,openalex,Practical Analysis of Decisions for Risk Management,2006,"Ricci, Paolo F.",Practical Analysis of Decisions for Risk Management,2006,NA,10.1007/1-4020-3776-7_12,1,TRUE,FALSE,candidate_missing,0,NA,FALSE,TRUE,accept_title_year_only
4087,ricciSustainabilityMakingDecisions2006,openalex,Sustainability and Making Decisions under Uncertainty,2006,"Ricci, Paolo F.",Sustainability and Making Decisions Under Uncertainty,2006,NA,10.1007/1-4020-3776-7_2,1,TRUE,FALSE,candidate_missing,0,NA,FALSE,TRUE,accept_title_year_only
4120,stevensonReverseBifurcation2006,openalex,Reverse Bifurcation,2006,"Stevenson, Drury",Reverse bifurcations in a quartic family,2000,Michael L. Frame; Shontel Meachem,10.1016/s0097-8493(99)00144-2,1,FALSE,FALSE,different,6,NA,FALSE,FALSE,reject_author_different
4136,tolIntegratedAssessmentModelling2006,openalex,Integrated Assessment Modelling,2006,"Tol, Richard SJ",Integrated Assessment Modelling,1999,Joris I. Rotmans; Marjolein van Asselt,10.1007/0-306-47982-6_7,1,FALSE,FALSE,different,7,NA,FALSE,FALSE,reject_author_different
4142,tuomistoOpenRiskAssessment2007a,openalex,Open Risk Assessment,2007,"Tuomisto, Jouni T. and Pohjola, Mikko",Open risk assessment,2020,Brandon L. Garrett; Megan T. Stevenson,10.1002/bsl.2455,1,FALSE,FALSE,different,13,NA,FALSE,FALSE,reject_author_different
4149,vanloenenDevelopingGeographicInformation2006,openalex,Developing Geographic Information Infrastructures,2006,"van Loenen, Bastiaan",Developing geographic information infrastructures for local government: the role of trust,2003,Francis Harvey,10.1111/1541-0064.02e10,1,FALSE,FALSE,different,3,NA,FALSE,TRUE,reject_author_different
4156,walbergPlanningEvaluationEducational2006,openalex,Planning and Evaluation of Educational Evaluations,2006,"Walberg, Hj and Walberg, Herbert J.",Planning and Evaluation of Educational Evaluations,2000,Herbert J. Walberg,10.1108/978-1-60752-781-720251026,1,FALSE,TRUE,confirmed,6,NA,FALSE,FALSE,human_year_gap_edition
4163,wijnandsQuantifyingAgrifoodSupply2006,openalex,Quantifying the Agri-Food Supply Chain: Overview and New Research Directions,2006,"Wijnands, J. H. M. and Ondersteijn, Christien Jm",Quantifying the agri-food supply chain: Overview and research directions,2006,J.H.M. Wijnands; C.J.M. Ondersteijn,10.1007/1-4020-4693-6_1,0.9423161189358372,TRUE,TRUE,confirmed,0,4164,FALSE,TRUE,human_possible_duplicate_record
4185,akcuraPhysicianLearningClinical2008,openalex,Physician Learning and Clinical Decision Support Systems,2008,"Akcura, M. Tolga and Ozdemir, Zafer D.",Physician Learning and Clinical Decision Support Systems,2008,Mevlüt Akçura; Zafer D. Özdemir,NA,1,TRUE,FALSE,confirmed,0,NA,TRUE,TRUE,reject_no_doi
4203,bealesiiiChoiceConsequencesProtecting2008,openalex,Choice or Consequences: Protecting Privacy in Commercial Information,2008,"Beales III, J. Howard and Muris, Timothy J.",Choice or Consequences: Protecting Privacy in Commercial Information,2008,J. Howard Beales; Timothy J. Muris,NA,1,TRUE,FALSE,confirmed,0,NA,TRUE,TRUE,reject_no_doi
4283,dayton-johnsonMigrationEmployment2009,openalex,Migration and Employment,2009,"Dayton-Johnson, Jeff and Pfeiffer, Antje and Schuettler, Kirsten and Schwinn, Johanna",Migration and Employment,2010,OECD,10.1787/factbook-2010-7-en,1,TRUE,FALSE,different,1,NA,FALSE,TRUE,reject_author_different
4306,el-shikhdeebRoleBusinessCommunication2008,openalex,The Role of Business Communication in Decision Making Process: Case Study-Palestinian Telecommunication Company (PalTel),2008,"El-Shikhdeeb, Ziad Rafiq",The Role of Business Communication in Decision Making Process: Case Study - Palestinian Telecommunication Company (PalTel),2008,Islamic University-Gaza,NA,1,TRUE,FALSE,different,0,NA,TRUE,TRUE,reject_no_doi
4317,faustmanRiskAssessment2008,openalex,Risk Assessment,2008,"Faustman, Elaine M. and Omenn, Gilbert S.",Risk Assessment in Conservation Biology.,1994,D. B. A. Thompson; Mark A. Burgman; Scott Ferson; H. Reşi̇t Akçakaya,10.2307/2261313,1,FALSE,FALSE,different,14,NA,FALSE,FALSE,reject_author_different
4320,fernandesPendulumOpinion2008,openalex,The Pendulum of Opinion,2008,"Fernandes, Joe",The Pendulum of Opinion,2013,NA,10.1057/9781137349125.0008,1,FALSE,FALSE,candidate_missing,5,NA,FALSE,FALSE,human_candidate_has_no_authors
4322,filipiukKapitalmarktUndTransparenz2009,openalex,Kapitalmarkt Und Transparenz,2009,"Filipiuk, Bogna",Kapitalmarkt und Transparenz,2009,NA,10.1007/978-3-8349-9959-7_3,1,TRUE,FALSE,candidate_missing,0,NA,FALSE,TRUE,human_candidate_has_no_authors
4351,hallPropertyPrivacyPursuit2009,openalex,"Property, Privacy, and the Pursuit of Interconnected Electronic Medical Records",2009,"Hall, Mark A.","Property, Privacy and the Pursuit of Integrated Electronic Medical Records",2009,Mark A. Hall,10.2139/ssrn.1334963,0.901513272244509,TRUE,TRUE,confirmed,0,NA,FALSE,TRUE,accept
4401,katsonivickyRoleIctsRegional2008,openalex,The Role of Icts in Regional Tourist Development,2008,"Katsoni Vicky, M. B. A.",THE ROLE OF ICTS IN REGIONAL TOURIST DEVELOPMENT,2011,Vicky Katsoni,NA,1,FALSE,FALSE,confirmed,3,NA,TRUE,TRUE,reject_no_doi
4413,kjaerulffBayesianNetworksInfluence2008,openalex,Bayesian Networks and Influence Diagrams,2008,"Kjaerulff, Uffe B. and Madsen, Anders L.",Bayesian Networks and Influence Diagrams,2007,Uffe B. Kjærulff; Anders Læsø Madsen,10.1007/978-0-387-74101-7,1,TRUE,FALSE,confirmed,1,NA,FALSE,TRUE,accept
4488,ozkaynakCharacterizingVariabilityUncertainty2008,openalex,Characterizing Variability and Uncertainty in Exposure Assessments Improves Links to Environmental Decision-Making,2008,"\Ozkaynak, Hal\^uk and Frey, H. Christopher and Hubbell, Bryan",Characterizing Variability and Uncertainty in Exposure Assessments Improves Links to Environmental Decision-Making.,2008,Halûk Özkaynak; H. Christopher Frey; Bryan Hubbell,NA,1,TRUE,FALSE,confirmed,0,NA,TRUE,TRUE,reject_no_doi
4533,resource21stCenturySkills2008,openalex,"21st Century Skills, Education \& Competitiveness",2008,"RESouRCE, A. and GuidE, PoliCy",21st Century Skills,2020,Teresa J. Kennedy; Cheryl White Sundberg,10.1007/978-3-030-43620-9_32,1,FALSE,FALSE,different,12,NA,FALSE,FALSE,reject_author_different
4538,robertMarketingResearch2008,openalex,Marketing Research,2008,"Robert, Peterson A. and Day, P. Leone George S.",Marketing Research,1970,David A. Aaker; V. Kumar; George S. Day; David J. Luck,NA,1,FALSE,FALSE,confirmed,38,NA,TRUE,FALSE,reject_no_doi
4545,rosen-zviJustFeeShifting2009,openalex,Just Fee Shifting,2009,"Rosen-Zvi, Issachar",Just Fee Shifting,2010,Issachar Rosen-Zui,NA,1,TRUE,FALSE,different,1,NA,TRUE,TRUE,reject_no_doi
4563,schwartzClinicalReasoningMedicine2008,openalex,Clinical Reasoning in Medicine,2008,"Schwartz, Alan and Elstein, Arthur S.",Clinical reasoning in medicine.,1995,A S Elstein,NA,1,FALSE,FALSE,confirmed,13,NA,TRUE,FALSE,reject_no_doi
4604,tasoffModelAttentionAnticipation2009,openalex,A Model of Attention and Anticipation,2009,"Tasoff, Joshua and Madarasz, Kristof",A Model of Attention and Anticipation,2015,Joshua Tasoff; Kristóf Madarász,10.2139/ssrn.2629404,1,FALSE,TRUE,confirmed,6,NA,FALSE,FALSE,human_year_gap_edition
4605,tepelusDestinationUnknown2008,openalex,Destination Unknown,2008,"Tepelus, C.",Destination unknown,2014,Ryo Murakami; Luis Yoichi Morales Saiki; Satoru Satake; Takayuki Kanda; Hiroshi Ishiguro,10.1145/2559636.2559665,1,FALSE,FALSE,different,6,NA,FALSE,FALSE,reject_author_different
4607,thompsonAvoidingErrors2009,openalex,Avoiding Errors,2009,"Thompson, Carl and Dowding, Dawn",Avoiding errors about ‘margins of error’,2007,Douglas Mossman; Thomas Sellke,10.1192/bjp.191.6.561,1,FALSE,FALSE,different,2,NA,FALSE,TRUE,reject_author_different
4613,tolSocialCostCarbon2008,openalex,The Social Cost of Carbon,2008,"Tol, R. S.",The social cost of carbon revisited,2019,Robert S. Pindyck,10.1016/j.jeem.2019.02.003,1,FALSE,FALSE,different,11,NA,FALSE,FALSE,reject_author_different
4635,voordegezondheidszorgGuidelinesPharmacoeconomicEvaluations2008,openalex,Guidelines for Pharmacoeconomic Evaluations in Belgium,2008,"voor de Gezondheidszorg, Federaal Kenniscentrum",Guidelines for Pharmacoeconomic Evaluations in Belgium,2008,Irina Cleemput; Philippe Van Wilder; France Vrijens; Michel Huybrechts; Dirk Ramaekers,10.57598/r78c,1,TRUE,FALSE,different,0,NA,FALSE,TRUE,reject_author_different
4654,wisloffNorwegianCardiovascularDisease2008,openalex,Norwegian Cardiovascular Disease Model (NorCaD)--a Simulation Model for Estimating Health Benefi Ts and Cost Consequences of Cardiovascular Interventions,2008,"Wisl\off, Torbj\orn and Selmer, Randi M. and Halvorsen, Sigrun and Kristiansen, Ivar S\onb\o",Norwegian Cardiovascular Disease Model (NorCaD) – a simulation model for estimating health benefi ts and cost consequences of cardiovascular interventions,2008,Torbjørn Fosen Wisløff; Randi Marie Selmer; Sigrun Halvorsen; Ivar Sønbø Kristiansen,NA,1,TRUE,FALSE,confirmed,0,NA,TRUE,TRUE,reject_no_doi
4689,baykal-gursoyForecastingInventoryPlanning2010,openalex,Forecasting for Inventory Planning under Correlated Demand,2010,"Baykal-G\ursoy, Melike and Erkip, Nesim K.",Forecasting for Inventory Planning under Correlated Demand,2011,Melike Baykal‐Gürsoy; Nesim Kohen Erkip,10.1002/9780470400531.eorms0330,1,TRUE,FALSE,confirmed,1,NA,FALSE,TRUE,accept
4697,bhushanSystemDynamicsIntegrative2010,openalex,System Dynamics Integrative Modeling in the Diffusion Dynamics of Indian Telecom Sector,2010,"Bhushan, Sanjay and Shah, Janat",System Dynamics Integrative Modeling in the Diffusion Dynamics of Indian Telecom Sector,2012,Sanjay Bhushan; Janat Shah,10.2139/ssrn.2124786,1,FALSE,TRUE,confirmed,2,NA,FALSE,TRUE,accept
4714,bybeeIntegratingDataMining2010,openalex,Integrating Data Mining and Expert Knowledge for an Artificial-Lift Advisory System,2010,"Bybee, Karen",Integrating Data Mining and Expert Knowledge for an Artificial Lift Advisory System,2010,E. De Vega; G. Sandoval; Marco Vázquez García; G. Nunez; Andreas Al-Kinani; Ralf Holy; H.. Escalona; M.. Mota,10.2118/128636-ms,1,TRUE,FALSE,different,0,NA,FALSE,TRUE,reject_author_different
4741,debarredaCheapTalkTwosided2010,openalex,Cheap Talk with Two-Sided Private Information,2010,"De Barreda, Ines Moreno",Cheap talk with two-sided private information,2024,Inés Moreno de Barreda,10.1016/j.geb.2024.09.001,1,FALSE,TRUE,confirmed,14,NA,FALSE,FALSE,human_year_gap_edition
4766,gilottaConflictDisclosureSecurities2010,openalex,The Conflict between Disclosure in Securities Markets and the Firm's Need for Confidentiality: Theoretical Framework and Regulatory Analysis,2010,"Gilotta, Sergio",The Conflict between Disclosure in Securities Markets and the Firm's Need for Confidentiality: Theoretical Framework and Regulatory Analysis,2012,Sergio Gilotta,10.2139/ssrn.1709334,1,FALSE,TRUE,confirmed,2,NA,FALSE,TRUE,accept
4787,huangResourcebasedAnalysisIT2010,openalex,A Resource-Based Analysis of IT Personnel Capabilities and Strategic Alignment,2010,"Huang, Leelien Ken",A Resource-based Analysis of IT Personnel Capabilities and Strategic Alignment,2014,Leelien Ken Huang,NA,1,FALSE,TRUE,confirmed,4,NA,TRUE,FALSE,reject_no_doi
4798,jonkmanBestPracticesMethods2010,openalex,"Best Practices and Methods in Hydrocarbon Resource Estimation, Production and Emissions Forecasting, Uncertainty Evaluation, and Decision Making",2010,"Jonkman, R. M. and Bos, C. F. M. and Morgan, D. T. K. and Spencer, J. A. and S\ondena, E.","Best Practices and Methods in Hydrocarbon Resource Estimation, Production and Emissions Forecasting, Uncertainty Evaluation and Decision Making",2000,R. M. Jonkman; C.F.M. Bos; J.N. Breunese; D. T. K. Morgan; J. A. Spencer; E. Søndenå,10.2523/65144-ms,1,FALSE,TRUE,confirmed,10,NA,FALSE,FALSE,human_year_gap_edition
4809,kleindorferReflectionsDecisionMaking2010,openalex,Reflections on Decision Making under Uncertainty,2010,"Kleindorfer, Paul R.",Reflections on Decision Making Under Uncertainty,2008,Paul R. Kleindorfer,10.2139/ssrn.1310239,1,FALSE,TRUE,confirmed,2,NA,FALSE,TRUE,accept
4841,missedBayesianModelHuman2010,openalex,The Bayesian Model on Human Papillomavirus Vaccination in Italy,2010,"Missed, Procedures",The Bayesian Model on Human Papillomavirus Vaccination in Italy Lacks Transparency,2013,Livio Garattini; Katelijne van de Vooren,10.1097/mlr.0b013e3182836de8,1,FALSE,FALSE,different,3,NA,FALSE,TRUE,reject_author_different
4850,nwoguguRegretTheoryFraming2010,openalex,"On Regret Theory, and Framing Anomalies in the Net-Present-Value and the Mean-Variance Models",2010,"Nwogugu, Michael CI","On Regret Theory, and Framing Anomalies in the Net-Present-Value and the Mean-Variance Models.",2014,Michael C. I. Nwogugu,10.2139/ssrn.2375022,1,FALSE,TRUE,confirmed,4,NA,FALSE,FALSE,human_year_gap_edition
4856,pardoCollaborativeGovernanceCrossboundary2010,openalex,Collaborative Governance and Cross-Boundary Information Sharing: Envisioning a Networked and IT-enabled Public Administration,2010,"Pardo, Theresa A. and Gil-Garcia, J. Ramon and Luna-Reyes, Luis F.",Collaborative Governance and Cross-Boundary Information Sharing: Envisioning a Networked and IT-Enabled Public Administration,2008,Theresa A. Pardo; J. Ramón Gil-García; Luis F. Luna‐Reyes,NA,1,FALSE,TRUE,confirmed,2,NA,TRUE,TRUE,reject_no_doi
4878,rydzakImpactGlobalEarth2010,openalex,Impact of Global Earth Observation-Systemic View across GEOSS Societal Benefit Area,2010,"Rydzak, Felicjan and Obersteiner, Michael and Kraxner, Florian",Impact of Global Earth Observation – Systemic View across GEOSS Societal Benefit Areas1∗,2015,Felicjan Rydzak; Michael H. Obersteiner; Florian Kraxner,NA,1,FALSE,TRUE,confirmed,5,NA,TRUE,FALSE,reject_no_doi
4885,saxenaMetricsOfflineEvaluation2010,openalex,Metrics for Offline Evaluation of Prognostic Performance,2010,"Saxena, Abhinav and Celaya, Jose and Saha, Bhaskar and Saha, Sankalita and Goebel, Kai",Metrics for Offline Evaluation of Prognostic Performance,2021,Abhinav Saxena; Jose ́ R. Celaya; Bhaskar Saha; Sankalita Saha; Kai Goebel,10.36001/ijphm.2010.v1i1.1336,1,FALSE,TRUE,confirmed,11,NA,FALSE,FALSE,human_year_gap_edition
5006,beyth-maromTeachingDecisionMaking2012,openalex,Teaching Decision Making to Adolescents: A Critical Review,2012,"Beyth-Marom, Ruth and Fischoff, Baruch and Quadrel, Marilyn Jacobs and Furby, Lita",Teaching Decision Making to Adolescents: A Critical Review,2012,Jonathan Baron; Rex V. Brown,10.4324/9780203052310-6,1,TRUE,FALSE,different,0,NA,FALSE,TRUE,reject_author_different
5087,croxsonInformationMarketsDecisionmaking2011,openalex,Information Markets for Decision-Making,2011,"Croxson, Karen",Information markets for decision- making: performance and feasibility,2011,NA,10.4324/9780203815526-9,1,TRUE,FALSE,candidate_missing,0,NA,FALSE,TRUE,accept_title_year_only
5112,dzazaliJournalSystemsInformation2012,openalex,Journal of Systems and Information Technology,2012,"Dzazali, Suhazimah and Zolait, Ali Hussein",Journal of Systems and Information Technology,2023,NA,10.1108/jsit,1,FALSE,FALSE,candidate_missing,11,NA,FALSE,FALSE,human_candidate_has_no_authors
5119,estlundJustFactsCase2011,openalex,Just the Facts: The Case for Workplace Transparency,2011,"Estlund, Cynthia",Just the Facts: The Case for Workplace Transparency,2009,Cynthia Estlund,10.2139/ssrn.1485535,1,FALSE,TRUE,confirmed,2,NA,FALSE,TRUE,accept
5228,jahanshahlooDataEnvelopmentAnalysis2011,openalex,Data Envelopment Analysis with Imprecise Data,2011,"Jahanshahloo, G. R. and Abbasian-Naghneh, S.",Data envelopment analysis with imprecise data,2002,Dimitris K. Despotis; Yiannis Smirlis,10.1016/s0377-2217(01)00200-4,1,FALSE,FALSE,different,9,NA,FALSE,FALSE,reject_author_different
5252,karunasenaInvestigationPublicValue2012,openalex,An Investigation of the Public Value of E-Government in Sri Lanka,2012,"Karunasena, Kanishka",An investigation of the public value of e-government in Sri Lanka,2012,K Thanthri Waththage,10.25439/rmt.27333216,1,TRUE,FALSE,different,0,NA,FALSE,TRUE,reject_author_different
5337,lucenteforteUpdatingDiagnosticTest2011,openalex,"Updating Diagnostic Test Accuracy Systematic Reviews: Which, When and How Should They Be",2011,"Lucenteforte, Ersilia and Bettiol, Alessandra and De Masi, Salvatore and Virgili, Gianni","Updating Diagnostic Test Accuracy Systematic Reviews: Which, When, and How Should They Be Updated?",2018,Ersilia Lucenteforte; Alessandra Bettiol; Salvatore DE MASI; Gianni Virgili,10.1007/978-3-319-78966-8_15,1,FALSE,TRUE,confirmed,7,NA,FALSE,FALSE,human_year_gap_edition
5374,millingtonCounselingFamilies2011,openalex,Counseling Families,2011,"Millington, Michael Jay",Counseling Families in the Community,2017,Michael J. Millington,10.1891/9780826180636.0014,1,FALSE,TRUE,confirmed,6,NA,FALSE,FALSE,human_year_gap_edition
5452,rodriguezErgonomicInterventionReducing2012,openalex,Ergonomic Intervention for Reducing the Exposure to Musculoskeletal Disorders Risk Factors in Pharmaceutical Production Centre,2012,"Rodriguez, Y.",Ergonomic intervention for reducing the exposure to musculoskeletal disorders risk factors in pharmaceutical production centre,2012,Yamir Sánchez Torres; Yordán Rodríguez,NA,1,TRUE,FALSE,confirmed,0,NA,TRUE,TRUE,reject_no_doi
5493,sinhaResolutionInformationAsymmetry2012,openalex,Resolution of Information Asymmetry in Management Accounting: A Game Theoretic Way,2012,"Sinha, Avik",Resolution of Information Asymmetry in Management Accounting:A Game Theoretic Way,2014,Avik Sinha,10.21648/arthavij/2014/v56/i3/111189,1,FALSE,TRUE,confirmed,2,NA,FALSE,TRUE,accept
5498,soaresIntravenousImmunoglobulinSepsis2012,openalex,Intravenous Immunoglobulin for Sepsis (Severe Sepsis and Septic Shock),2012,"Soares, M. O. and Welton, N. J. and Harrison, D. A. and Peura, P. and Shankar-Hari, M. and Harvey, S. E. and Madan, J. J. and Ades, A. E. and Palmer, S. J. and Rowan, K. M.","Intravenous immunoglobulin for treating sepsis, severe sepsis and septic shock",2002,Marissa M. Alejandria; Mary Ann Lansang; Leonila F. Dans; Jacinto Blas Mantaring,10.1002/14651858.cd001090,0.9022154316271962,FALSE,FALSE,different,10,NA,FALSE,FALSE,reject_author_different
5511,stoufferGuideIndustrialControl2011,openalex,Guide to Industrial Control Systems (ICS) Security,2011,"Stouffer, Keith and Falco, Joe and Scarfone, Karen",Guide to Industrial Control Systems (ICS) Security,2015,Keith A. Stouffer; Victoria Yan Pillitteri; Suzanne Lightman; Marshall D. Abrams; Adam Hahn,10.6028/nist.sp.800-82r2,1,FALSE,TRUE,confirmed,4,NA,FALSE,FALSE,human_year_gap_edition
5554,vogelgesangHowYieldProcess2012,openalex,How Yield Process Misspecification Affects the Solution of Disassemble-to-Order Problems,2012,"Vogelgesang, Stephanie and Langella, Ian M. and Inderfurth, Karl",How yield process misspecification affects the solution of disassemble-to-order problems,2015,Karl Inderfurth; Stephanie Vogelgesang; Ian M. Langella,10.1016/j.ijpe.2015.07.016,1,FALSE,TRUE,confirmed,3,NA,FALSE,TRUE,accept
5665,clemenzOurKnowledgeMarkets2013,openalex,On Our Knowledge of Markets for Knowledge---a Survey,2013,"Clemenz, Gerhard",On our Knowledge of Markets for Knowledge―A Survey,2008,Gerhard Clemenz,10.1515/9783110328486.167,1,FALSE,TRUE,confirmed,5,NA,FALSE,FALSE,human_year_gap_edition
5672,constantinoExploringBullwhipEffect2013,openalex,Exploring the Bullwhip Effect and Inventory Stability in a Seasonal Supply Chain,2013,"Constantino, Francesco and Di Gravio, Giulio and Shaban, Ahmed and Tronci, Massimo",Exploring the Bullwhip Effect and Inventory Stability in a Seasonal Supply Chain,2013,Francesco Costantino; Giulio Di Gravio; Ahmed Shaban; Massimo Tronci,10.5772/56833,1,TRUE,FALSE,confirmed,0,NA,TRUE,TRUE,human_same_doi_for_two_records
5695,demirtasEvaluatingBestRenewable2013,openalex,Evaluating the Best Renewable Energy Technology for Sustainable Energy Planning,2013,"Demirtas, O.",Evaluating the Best Renewable Energy Technology For Sustainable Energy Planning,2013,Özgür Demirtaş,NA,1,TRUE,FALSE,confirmed,0,NA,TRUE,TRUE,reject_no_doi
5714,eggersQuestionsCompetence2013,openalex,Questions of Competence,2013,"Eggers, Sara",Questions of competence,1993,David Carr,10.1080/00071005.1993.9973965,1,FALSE,FALSE,different,20,NA,FALSE,FALSE,reject_author_different
5715,eierleRoleManagementUser2013,openalex,The Role of Management as a User of Accounting Information: Implications for Standard Setting,2013,"Eierle, Brigitte and Schultze, Wolfgang",The Role of Management as a User of Accounting Information: Implications for Standard Setting,2008,Brigitte Eierle; Wolfgang Schultze,10.2139/ssrn.1130162,1,FALSE,TRUE,confirmed,5,NA,FALSE,FALSE,human_year_gap_edition
5718,epsilonAbacusZdravstvuyte2013,openalex,From Abacus to Zdravstvuyte,2013,"Epsilon, Upsilon Pi",From abacus to zdravstvuyte,2013,Jeffrey L. Popyack,10.1145/2537753.2537765,1,TRUE,FALSE,different,0,NA,FALSE,TRUE,reject_author_different
5766,guttentagPatchingHoleJOBS2013,openalex,Patching a Hole in the JOBS Act: How and Why to Rewrite the Rules That Require Firms to Make Periodic Disclosures,2013,"Guttentag, Michael D.",Patching a Hole in the JOBS Act: How and Why to Rewrite the Rules that Require Firms to Make Periodic Disclosures,2000,Michael D. Guttentag,NA,1,FALSE,TRUE,confirmed,13,NA,TRUE,FALSE,reject_no_doi
5786,harrisChangingHealthcareEnvironment2013,openalex,The Changing Healthcare Environment,2013,"Harris, Ann and Wilkinson, David S.",The Changing Healthcare Environment,2024,Steven M. Armstrong; Sandra L. Lamm,10.1002/9781683673941.ch4,1,FALSE,FALSE,different,11,NA,FALSE,FALSE,reject_author_different
5817,jacobsStructuredDecisionApproach2013,openalex,"A Structured Decision Approach for Integrating and Analyzing Community Perspectives in Re-Use Planning of Vacant Properties in Cleveland, Ohio",2013,"Jacobs, Scott and Dyson, Brian and Shuster, William D. and Stockton, Tom","A structured decision approach for integrating and analyzing community perspectives in re-use planning of vacant properties in Cleveland, Ohio",2013,Scott J acobs; Brian Dyson,NA,1,TRUE,FALSE,different,0,NA,TRUE,TRUE,reject_no_doi
5888,liuTourismManagementPerspectives2013,openalex,Tourism Management Perspectives,2013,"Liu, Chunyu and Xiao, Wen and Li, Junsheng and Pechacek, Peter",Tourism management perspectives,2012,ScienceDirect,NA,1,TRUE,FALSE,different,1,NA,TRUE,TRUE,reject_no_doi
5907,mansellTechnologicalInnovationParadox2013,openalex,"Technological Innovation, Paradox and ICTs",2013,"Mansell, Robin","Technological Innovation, Paradox and Icts",2015,Robin Mansell,10.4324/9780203074572.ch27,1,FALSE,TRUE,confirmed,2,NA,FALSE,TRUE,accept
5966,oconnorCrosslistingBehavior2013,openalex,Cross-Listing Behavior,2013,"O'Connor, Thomas and Phylaktis, Kate",Cross Listing Behavior,2010,Thomas O’Connor; Kate Phylaktis,10.2139/ssrn.1709998,1,FALSE,TRUE,confirmed,3,NA,FALSE,TRUE,accept
6023,roeMethodologicalIssues2013,openalex,Methodological Issues,2013,"Roe, Robert A.",Methodological Issues and Considerations in Studying Family Businesses,1989,Wendy C. Handler,10.1111/j.1741-6248.1989.00257.x,1,FALSE,FALSE,different,24,NA,FALSE,FALSE,reject_author_different
6032,rungeStructuredDecisionMaking2013,openalex,Structured Decision Making,2013,"Runge, Michael C. and Grand, James B. and Mitchell, Michael S.",Structured Decision Making,2012,Robin Gregory; Lee Failing; M. Harstone; Graham Long; Tim L. McDaniels; D. Ohlson,10.1002/9781444398557,1,TRUE,FALSE,different,1,NA,FALSE,TRUE,reject_author_different
6097,tallWhatAreClimate2013,openalex,What Are Climate Services,2013,"Tall, Arame and Coulibaly, Jeanne Y. and Diop, Moustapha","What are climate services for? Social practices, adaptation, and the dynamics of demand",2026,Jesse Schrage; Mathias Venning,10.1016/j.cliser.2026.100640,1,FALSE,FALSE,different,13,NA,FALSE,FALSE,reject_author_different
6144,willcocksEvaluatingFeasibilityInformation2013,openalex,Evaluating the Feasibility of Information Systems,2013,"Willcocks, Leslie and Lester, Stephanie",Evaluating the feasibility of information systems investments: recent UK evidence and new approaches,1994,Leslie P. Willcocks; Stephanie Lester,10.1007/978-1-4899-3208-2_3,1,FALSE,TRUE,confirmed,19,NA,FALSE,FALSE,human_year_gap_edition
6168,zhangCybersecurityPolicyElectricity2013,openalex,Cybersecurity Policy for the Electricity Sector: The First Step to Protecting Our Critical Infrastructure from Cyber Threats,2013,"Zhang, Zhen",Cybersecurity Policy for the Electricity Sector: The First Step to Protecting Our Critical Infrastructure from Cyber Threats,2011,Zhen Zhang,NA,1,FALSE,TRUE,confirmed,2,NA,TRUE,TRUE,reject_no_doi
6214,bouePublicHealthRiskbenefit2015,openalex,Public Health Risk-Benefit Assessment Associated with Food Consumption-a Review,2015,"Bou\'e, G\'eraldine and Guillou, Sandrine and Antignac, Jean-Philippe and Le Bizec, Bruno and Membr\'e, Jeanne-Marie",Public Health Risk-benefit Assessment Associated with Food Consumption–A Review,2014,Géraldine Boué; Sandrine Guillou; Jean‐Philippe Antignac; Bruno Le Bizec; Jeanne‐Marie Membré,10.9734/ejnfs/2015/12285,1,TRUE,FALSE,confirmed,1,NA,FALSE,TRUE,accept
6232,casarinNonmarketStrategiesLegal2015,openalex,Non-Market Strategies in Legal Arenas,2015,"Casarin, Ariel A.",Non-market strategies in legal arenas,2015,Ariel A. Casarín,10.4324/9781315819389.ch9,1,TRUE,FALSE,confirmed,0,NA,FALSE,TRUE,accept
6288,donaldsonDownsidePrecisePublic2015,openalex,The Downside of Precise Public Information for Delegated Asset Management,2015,"Donaldson, Jason and Piacentino, Giorgia",The Downside of Precise Public Information for Delegated Asset Management,2013,Jason Roderick Donaldson; Giorgia Piacentino,10.2139/ssrn.2340240,1,FALSE,TRUE,confirmed,2,NA,FALSE,TRUE,accept
6318,golmanCuriosityInformationGaps2015,openalex,"Curiosity, Information Gaps, and the Utility of Knowledge",2015,"Golman, Russell and Loewenstein, George","Curiosity, Information Gaps, and the Utility of Knowledge",2012,Russell Golman; George F. Loewenstein,10.2139/ssrn.2149362,1,FALSE,TRUE,confirmed,3,NA,FALSE,TRUE,accept
6351,islamogluDeterminationFactorsAffecting2015,openalex,Determination of Factors Affecting Individual Investor Behaviours: A Study on Bankers,2015,"Islamo\u glu, Mehmet and Apan, Mehmet and Ayval\i, Adem",Determination of Factors Affecting Individual Investor Behaviours: A Study on Bankers,2015,Mehmet İSLAMOĞLU; Mehmet Apan; Adem Ayvalı,NA,1,TRUE,FALSE,confirmed,0,NA,TRUE,TRUE,reject_no_doi
6361,jordanEconomicEvaluation2015,openalex,Economic Evaluation,2015,"Jordan, Rachel E. and Majothi, Saimma and Heneghan, Nicola R. and Blissett, Deirdre B. and Riley, Richard D. and Sitch, Alice J. and Price, Malcolm J. and Bates, Elizabeth J. and Turner, Alice M. and Bayliss, Susan",Economic Evaluation in Clinical Trials,2014,Henry A. Glick; Jalpa A. Doshi; Seema S. Sonnad; Daniel E. Polsky,10.1093/med/9780199685028.001.0001,1,TRUE,FALSE,different,1,NA,TRUE,TRUE,human_same_doi_for_two_records
6440,mondialedelasanteImmunizationVaccineRelated2015,openalex,Immunization and Vaccine Related Implementation Research Advisory Committee (IVIR-AC): Summary of Conclusions and Recommendations 17-19 September 2014 Meeting,2015,"mondiale de la Sant\'e, Organisation and Organization, World Health",Immunization and Vaccine related Implementation Research Advisory Committee (IVIR-AC): summary of conclusions and recommendations 17–19 September 2014 meeting.,2015,NA,NA,1,TRUE,FALSE,candidate_missing,0,NA,TRUE,TRUE,reject_no_doi
6558,stiversEndSurveillance2015,openalex,The End of Surveillance,2015,"Stivers, Camilla",The End of Surveillance,2015,NA,10.2307/jj.30347121.11,1,TRUE,FALSE,candidate_missing,0,NA,FALSE,TRUE,accept_title_year_only
6579,trepelEconomicAnalysisHomeCare2015,openalex,An Economic Analysis of Home-Care Services for People with Dementia,2015,"Tr\'epel, Dominic and Crean, Margaret and Begley, Emer",An Economic Analysis of Home Care Services for People with Dementia,2015,Dominic Trépel,NA,1,TRUE,FALSE,confirmed,0,NA,TRUE,TRUE,reject_no_doi
6617,wongCollaborativeEnvironmentalManagement2015,openalex,Collaborative Environmental Management,2015,"Wong, Christina WY and Lai, Kee-hung and Lun, YH Venus and Cheng, TC Edwin and Wong, Christina WY and Lai, Kee-hung and Lun, YH Venus and Cheng, T. C. E.",Collaborative Environmental Management: What Roles for Government?,2005,Daniel J. Sherman,10.1007/s11077-005-2829-9,1,FALSE,FALSE,different,10,NA,FALSE,FALSE,reject_author_different
6749,dahabrehGuidanceConductReporting2016,openalex,Guidance for the Conduct and Reporting of Modeling and Simulation Studies in the Context of Health Technology Assessment,2016,"Dahabreh, Issa J. and Trikalinos, Thomas A. and Balk, Ethan M. and Wong, John B.",Guidance for the Conduct and Reporting of Modeling and Simulation Studies in the Context of Health Technology Assessment,2008,IJ Dahabreh; TA Trikalinos; EM Balk; JB Wong,NA,1,FALSE,TRUE,confirmed,8,NA,TRUE,FALSE,reject_no_doi
6850,kaliaReviewFactorsAffecting2016,openalex,A Review of Factors Affecting Online Buying Behavior,2016,"Kalia, Prateek and Kaur, Navdeep and Singh, Tejinderpal",A Review of Factors Affecting Online Buying Behavior,2018,Prateek Kalia; Navdeep Kaur; Tejinderpal Singh,10.29385/apeejay.11.2.2016.58-73,1,FALSE,TRUE,confirmed,2,NA,FALSE,TRUE,accept
6852,kapczynskiOrderIntellectualProperty2016,openalex,Order without Intellectual Property Law: Open Science in Influenza,2016,"Kapczynski, Amy",Order without Intellectual Property Law : Open Science in Influenza,2018,Amy Kapczynski,10.31228/osf.io/6ep4x,1,FALSE,TRUE,confirmed,2,NA,FALSE,TRUE,accept
6909,lopezCorporateInvestmentsEnvironmental2016,openalex,"Corporate Investments and Environmental Regulation: The Role of Regulatory Uncertainty, Regulation-Induced Uncertainty, and Investment History",2016,"Lopez, Juan Miguel Rodriguez and Sakhel, Alice and Busch, Timo","Corporate investments and environmental regulation: The role of regulatory uncertainty, regulation-induced uncertainty, and investment history",2016,Juan Miguel Rodríguez López; Alice Sakhel; Timo Busch,10.1016/j.emj.2016.06.004,1,TRUE,FALSE,confirmed,0,NA,FALSE,TRUE,accept
6913,lyndonSecrecyInnovationTort2016,openalex,Secrecy and Innovation in Tort Law and Regulation,2016,"Lyndon, Mary L.",Secrecy and Innovation in Tort Law and Regulation,1993,Mary L. Lyndon,NA,1,FALSE,TRUE,confirmed,23,NA,TRUE,FALSE,reject_no_doi
6959,ozdoganSurveyStrategicCommunication2016,openalex,A Survey of Strategic Communication and Persuasion,2016,"\Ozdo\u gan, Ay\c ca",A Survey of Strategic Communication and Persuasion,2016,Ayça Özdoğan,10.21773/boun.30.1.1,1,TRUE,FALSE,different,0,NA,FALSE,TRUE,reject_author_different
6960,ozturanReviewMethodsAssessment2016,openalex,A Review on Methods for the Assessment of Information System Projects,2016,"Ozturan, Meltem and Basarir-Ozel, Birgul and Akar, Ezgi",A Review on Methods for the Assessment of Information System Projects,2016,Meltem Özturan; Birgül Basarir-Ozel; Ezgi Akar,10.7251/jit1502117o,1,TRUE,FALSE,confirmed,0,NA,FALSE,TRUE,accept
6977,pineiro-sanchezITInvestmentsIntangibles2016,openalex,"IT Investments, Intangibles, and Financial Performance, Revisited: A RBV-based Empirical Analysis",2016,"Pi\~neiro-S\'anchez, Carlos and de Llano-Monelos, Pablo and Rodr\'iguez-L\'opez, Manuel","IT Investments, Intangibles, and Financial Performance, Revisited: A RBV-Based Empirical Analysis",2016,Carlos Piñeiro-Sánchez; Pablo de Llano Monelos; Manuel Rodríguez López,10.2139/ssrn.2765475,1,TRUE,FALSE,confirmed,0,NA,FALSE,TRUE,accept
7036,sophronidesEmpiricalApproachAssessment2016,openalex,An Empirical Approach to the Assessment of the Effectiveness of Network-Centric Support Tools for Flood-Emergency Response: Results of a Field Exercise,2016,"Sophronides, Panayiotis and Steenbruggen, John and Scholten, Henk J. and Giaoutzi, Maria and Lopez, Luis Bausa",An empirical approach to the assessment of the effectiveness of network-centric support tools for flood-emergency response: Results of a field exercise,2016,P. Sophronidis; John Steenbruggen; H.J. Scholten; Maria Giaoutzi; L. Bausa Lopez,NA,1,TRUE,FALSE,confirmed,0,NA,TRUE,TRUE,reject_no_doi
7062,urrehmanEvolvingRoleInformation2016,openalex,Evolving Role of the Information Center: Challenges and Directions,2016,"ur Rehman, Sajjad",Evolving Role of the Information Center: Challenges and Directions,2009,Sajjad ur Rehman,10.47657/200910801,1,FALSE,TRUE,confirmed,7,NA,FALSE,FALSE,human_year_gap_edition
7072,voldersNuclearTerrorism2016,openalex,Nuclear Terrorism,2016,"Volders, Brecht and Sauer, Tom",Nuclear Terrorism: The Ultimate Preventable Catastrophe,2004,Graham T. Allison,NA,1,FALSE,FALSE,different,12,NA,TRUE,FALSE,reject_no_doi
7078,wangResearchConstructionInformation2016,openalex,Research on the Construction of Information Control System of Crisis Decision,2016,"Wang, Xia",Research on the Construction of Information Control System of Crisis Decision,2016,Dave Sub,10.5013/ijssst.a.17.06.14,1,TRUE,FALSE,different,0,NA,FALSE,TRUE,reject_author_different
7112,alazaziRoleInformationSharing2017,openalex,Role of Information Sharing In Supply Chain Management to Enhance the Capabilities of a Defense Firm in the UAE: The Case of Tawazun Subsidiaries,2017,"Alazazi, Majida Abdou",Role of Information Sharing In Supply Chain Management to Enhance the Capabilities of a Defense Firm in the UAE: The Case of Tawazun Subsidiaries.,2026,Majida Abdou Saeed Ahmed Alazazi,10.83048/xt8m-e017,1,FALSE,TRUE,confirmed,9,NA,FALSE,FALSE,human_year_gap_edition
7234,g&194MarketingAuditIts2017,openalex,Marketing Audit and Its Importance in Achievement of Marketing Objectives of a Company,2017,"G\&\#194, Liana and D\u au",Marketing Audit and Its Importance in Achievement of Marketing Objectives of a Company,2017,Liana Gâdãu,10.14505//jarm.v8.1(15).04,1,TRUE,FALSE,different,0,NA,FALSE,TRUE,reject_author_different
7443,rodriguez-pallaresDecisionmakingTransparencyInformation2017,openalex,Decision-Making and Transparency of Information and Knowledge. The Case Study of Listed Media Companies in Spain,2017,"Rodr\'iguez-Pallares, Miriam and P\'erez-Serrano, Mar\'ia Jos\'e",Decision-making and transparency of information and knowledge. The case study of listed media companies in Spain,2017,M Rodríguez Pallares; María José Pérez Serrano,10.4185/rlcs-2017-1188en,1,TRUE,FALSE,confirmed,0,NA,FALSE,TRUE,accept
7770,akbariInformationSeekingBehavior2019,openalex,From Information Seeking Behavior to Knowledge Seeking Behavior: Analysis of Conceptual and Theoretical Evolution,2019,"Akbari, A. and Rigi, T. and Fattahi, R.",From Information Seeking Behavior to Knowledge Seeking Behavior: Analysis of Conceptual and Theoretical Evolution,2022,Ali Akbari; Tahereh Rigi; Rahmatollah Fattahi,10.35050/jipm010.2019.027,1,FALSE,TRUE,confirmed,3,NA,FALSE,TRUE,accept
7985,kaplowDesignLegalRules2019,openalex,On the Design of Legal Rules: Balancing versus Structured Decision Procedures,2019,"Kaplow, Louis",On the Design of Legal Rules: Balancing Versus Structured Decision Procedures,2017,Louis Kaplow,NA,1,FALSE,TRUE,confirmed,2,NA,TRUE,TRUE,reject_no_doi
8134,rizviPoliticoeconomicBarriersTechnical2019,openalex,Politico-Economic Barriers to Technical Efficiency in Restructured Electricity Distribution Utilities in Pakistan: A Discourse Analysis,2019,"Rizvi, Syed Badar-Ul-Husnain and Mirza, Faisal Mehmood",Politico-Economic Barriers to Technical Efficiency in Restructured Electricity Distribution Utilities in Pakistan: A Discourse Analysis,2021,Syed Badar-ul-Husnain Rizvi; Faisal Mehmood Mirza,NA,1,FALSE,TRUE,confirmed,2,NA,TRUE,TRUE,reject_no_doi
8617,pedraza-farinaNetworkTheoryPatentability2020,openalex,A Network Theory of Patentability,2020,"Pedraza-Farina, Laura G. and Whalen, Ryan",A Network Theory of Patentability,2019,Laura G. Pedraza-Fariña; Ryan Whalen,10.2139/ssrn.3347365,1,TRUE,FALSE,confirmed,1,NA,FALSE,TRUE,accept
8673,shelefHeisenbergEffectsExperiments2020,openalex,Heisenberg Effects In Experiments on Business Ideas,2020,"Shelef, Orie and Wuebker, Robert and Barney, Jay B.",Heisenberg Effects in Experiments on Business Ideas,2024,Orie Shelef; Robert Joseph Wuebker; Jay Bryan Barney,10.5465/amr.2022.0051,1,FALSE,TRUE,confirmed,4,NA,FALSE,FALSE,human_year_gap_edition
8710,vagleCybersecurityMoralHazard2020,openalex,Cybersecurity and Moral Hazard,2020,"Vagle, Jeffrey L.",Cybersecurity and Moral Hazard,2017,Jeffrey L. Vagle,10.2139/ssrn.3055231,1,FALSE,TRUE,confirmed,3,NA,FALSE,TRUE,accept
8834,atlamFuzzyLogicExpert2021,openalex,Fuzzy Logic with Expert Judgment to Implement an Adaptive Risk-Based Access Control Model for IoT,2021,"Atlam, Hany F. and Walters, Robert J. and Wills, Gary B. and Daniel, Joshua",Fuzzy Logic with Expert Judgment to Implement an Adaptive Risk-Based Access Control Model for IoT,2019,Hany F. Atlam; Robert John Walters; Gary Brian Wills; Joshua Daniel,10.1007/s11036-019-01214-w,1,FALSE,TRUE,confirmed,2,NA,FALSE,TRUE,accept
8913,dalaiFacilitatedHomebasedCardiac2021,openalex,A Facilitated Home-Based Cardiac Rehabilitation Intervention for People with Heart Failure and Their Caregivers: A Research Programme Including the REACH-HF RCT,2021,"Dalai, Hasnain M. and Taylor, Rod S. and Wingham, Jennifer and Greaves, Colin and Jolly, Kate and Lang, Chim and Davis, Russell C. and Smith, Karen M. and Doherty, Patrick Joseph and Miles, Jackie",A facilitated home-based cardiac rehabilitation intervention for people with heart failure and their caregivers: a research programme including the REACH-HF RCT,2021,Hasnain M. Dalal; Rod S Taylor; Jennifer Wingham; Colin James Greaves; Kate B Jolly; Chim Choy Lang; Russell Davis; Karen M. Smith; Patrick Doherty; Jackie Miles; Robin van Lingen; Fiona C Warren; Susannah Sadler; Charles Abraham; Nicky Britten; Julia Frost; Melvyn M. Hillsdon; Sally  J. Singh; Christopher J. Hayward; Victoria Eyre; Kevin Paúl,10.3310/pgfar09010,1,TRUE,FALSE,confirmed,0,NA,FALSE,TRUE,accept
8944,erdurmazliEffectsInformationTechnologies2021,openalex,Effects of Information Technologies on Organizational Culture: A Discussion Based on the Key Role of Organizational Structure,2021,"Erdurmazl\i, Eser",Effects of Information Technologies on Organizational Culture: A Discussion Based on the Key Role of Organizational Structure,2020,Eser Erdurmazlı,10.5772/intechopen.92986,1,TRUE,FALSE,confirmed,1,NA,FALSE,TRUE,accept
8973,gocerNovelIntervalValue2021,openalex,A Novel Interval Value Extension of Picture Fuzzy Sets into Group Decision Making: An Approach to Support Supply Chain Sustainability in Catastrophic Disruptions,2021,"G\o\c cer, Fethullah",A Novel Interval Value Extension of Picture Fuzzy Sets Into Group Decision Making: An Approach to Support Supply Chain Sustainability in Catastrophic Disruptions,2021,Fethullah Göçer,10.1109/access.2021.3105734,1,TRUE,FALSE,different,0,NA,FALSE,TRUE,reject_author_different
9126,mazzeiInternalCrisisCommunication2021,openalex,Internal Crisis Communication,2021,"Mazzei, Alessandra and Butera, Alfonsa",Internal crisis communication,2016,Julia Matilda Strandberg; Orla Vigsø,10.1108/ccij-11-2014-0083,1,FALSE,FALSE,different,5,NA,FALSE,FALSE,reject_author_different
9162,ozkulaUnmakingCollectiveAction2021,openalex,The Unmaking of Collective Action: Changing Organizing Logics in Civil Society Organizations through Social Media Activism Culture,2021,"\Ozkula, Suay Melisa",The Unmaking of Collective Action: Changing Organizing Logics in Civil Society Organizations Through Social Media Activism Culture,2021,Suay Melisa Özkula,NA,1,TRUE,FALSE,confirmed,0,NA,TRUE,TRUE,reject_no_doi
9174,peiInfluencingInfluencers2021,openalex,Influencing the Influencers,2021,"Pei, Amy and Mayzlin, Dina",Influencing the influencers: a theory of strategic diffusion,2009,Andrea Galeotti; Sanjeev Goyal,10.1111/j.1756-2171.2009.00075.x,1,FALSE,FALSE,different,12,NA,FALSE,FALSE,reject_author_different
9194,razzaqModifiedPictureFuzzy,openalex,Some Modified Picture Fuzzy Average Aggregation Operators with Priority Roles of Stakeholders in Implementation of Education 4.0,2021,"Razzaq, Ayesha and Riaz, Muhammad",Some modified picture fuzzy average aggregation operators with priority roles of stakeholders in implementation of education 4.0,2023,Ayesha Razzaq; Muhammad Riaz,10.3233/jifs-224600,1,FALSE,TRUE,confirmed,2,NA,FALSE,TRUE,accept
9244,soninPoliticalModelTrust2021,openalex,A Political Model of Trust,2021,"Sonin, Konstantin and Eilat, Ran and Agranov, Marina",A Political Model of Trust,2020,Marina Agranov; Ran Eilat; Константин Исаакович Сонин,NA,1,TRUE,FALSE,confirmed,1,NA,TRUE,TRUE,reject_no_doi
9286,vega-gonzalezImportanceInformationEffective2021,openalex,The Importance of Information for Effective University-Firm Technology Transfer: The Case of ICAT-UNAM,2021,"Vega-Gonz\'alez, Luis Roberto",The Importance of Information for Effective University–Firm Technology Transfer: The Case of ICAT–UNAM,2021,Luís Roberto Vega-González,10.33423/ajm.v21i5.4727,1,TRUE,FALSE,confirmed,0,NA,FALSE,TRUE,accept
9370,adDEVELOPINGFUZZYRISK2022,openalex,Developing a Fuzzy Risk Assessment Model for Erpsystems,2022,"Ad, Kozhukhivskyi",DEVELOPING A FUZZY RISK ASSESSMENT MODEL FOR ERPSYSTEMS,2022,A. D. Kozhukhivskyi; O. A. Kozhukhivska,10.15588/1607-3274-2022-1-12,1,TRUE,FALSE,different,0,NA,FALSE,TRUE,reject_author_different
9431,byngCosteffectivenessAnalysis70gene2022,openalex,Cost-Effectiveness Analysis of the 70-Gene Signature Compared with Clinical Assessment in Breast Cancer Based on a Randomised Controlled Trial,2022,"Byng, Danalyn and Ret\`el, Valesca P. and Linn, Sabine C. and J\'o\'zwiak, Katarzyna and Koffijberg, Hendrik and Rutgers, Emiel J. and Cardoso, Fatima and Piccart, Martine J. and Poncet, Coralie and van`t Veer, Laura J.",Cost-effectiveness analysis of the 70-gene signature compared with clinical assessment in breast cancer based on a randomised controlled trial,2020,Valesca P. Retèl; Danalyn Byng; Sabine C. Linn; Katarzyna Jóźwiak; Hendrik Koffijberg; Emiel J. Th. Rutgers; Fátima Cardoso; Martine J Piccart; Coralie Poncet; Laura J. van’t Veer; Wim H. van Harten,10.1016/j.ejca.2020.07.002,1,FALSE,TRUE,confirmed,2,NA,FALSE,TRUE,accept
9469,dariusantoniCriticalFactorsTransparency2022,openalex,Critical Factors of Transparency and Trust for Evaluating E-government Services for the Poor,2022,"Darius Antoni, Darius Antoni",Critical factors of transparency and trust for evaluating e-government services for the poor,2017,Darius Antoni; Apriliani Bidar; Muhammad Izman Herdiansyah; Muhamad Akbar,10.1109/iac.2017.8280612,1,FALSE,TRUE,confirmed,5,NA,FALSE,FALSE,human_year_gap_edition
9718,mikolajewskiEffectCOVID19Selected2022,openalex,Effect of COVID-19 on Selected Characteristics of Life Satisfaction Reflected in a Fuzzy Model,2022,"Miko\textbackslashlajewski, Dariusz and Prokopowicz, Piotr",Effect of COVID-19 on Selected Characteristics of Life Satisfaction Reflected in a Fuzzy Model,2022,Dariusz Mikołajewski; Piotr Prokopowicz,10.3390/app12157376,1,TRUE,FALSE,confirmed,0,NA,FALSE,TRUE,accept
9781,randma-liivAdoptionNotEnough2022,openalex,Adoption Is Not Enough: Institutionalization of e-Participation Initiatives,2022,"Randma-Liiv, Tiina",Adoption is not enough: Institutionalization of e-participation initiatives,2022,Тийна Рандма-Лийв,10.1177/09520767211069199,1,TRUE,FALSE,different,0,NA,FALSE,TRUE,reject_author_different
9787,rodriguezDatacentricEpidemicForecasting2022,openalex,Data-Centric Epidemic Forecasting: A Survey,2022,"Rodr\'iguez, Alexander and Kamarthi, Harshavardhan and Agarwal, Pulak and Ho, Javen and Patel, Mira and Sapre, Suchet and Prakash, B. Aditya",Data-Centric Epidemic Forecasting: A Survey,2022,"Alexander Rodríguez; Harshavardhan Kamarthi; Agarwal, Pulak; Javen Ho; Patel, Mira; Suchet Sapre; B. Aditya Prakash",10.48550/arxiv.2207.09370,1,TRUE,FALSE,confirmed,0,NA,FALSE,TRUE,accept
9812,shafiee-joodBehavioralSocialLearning2022,openalex,A Behavioral Social Learning Model for Studying the Dynamics of Forecast Adoption,2022,"Shafiee-Jood, Majid and Deryugina, Tatyana and Cai, Ximing",A Behavioral Social Learning Model for Studying the Dynamics of Forecast Adoption,2020,Majid Shafiee‐Jood; Tatyana Deryugina; Ximing Cai,10.1002/essoar.10502740.1,1,FALSE,TRUE,confirmed,2,NA,FALSE,TRUE,accept
9884,wengCriticalWriting2022,openalex,4--Critical Writing,2022,"Weng, Zhenjie and Burlile, Josh and Macbeth, Karen",4. Critical Writing in Early Schooling,2025,Tuva Bjørkvold; Kristin Torjesen Marti,10.18261/9788215069678-25-04,1,FALSE,FALSE,different,3,NA,FALSE,TRUE,reject_author_different
9903,yasliNovelRiskAnalysis2022,openalex,A Novel Risk Analysis Approach for Occupational Safety Using Bayesian Network and Interval Type-2 Fuzzy Sets: The Case of Underground Mining,2022,"Ya\c sl\i, Fatma and Bolat, Bersam",A novel risk analysis approach for occupational safety using Bayesian Network and interval type-2 fuzzy sets: the case of underground mining,2021,Fatma Yaşlı; Bersam Bolat,10.3233/jifs-219191,1,TRUE,FALSE,confirmed,1,NA,FALSE,TRUE,accept
9942,al-kanjInformationcollectingVehicleRouting2023,openalex,The Information-Collecting Vehicle Routing Problem: Stochastic Optimization for Emergency Storm Response,2023,"Al-Kanj, Lina and Powell, Warren B. and Bouzaiene-Ayari, Belgacem",The Information-Collecting Vehicle Routing Problem: Stochastic Optimization for Emergency Storm Response,2016,Lina Al‐Kanj; Warren B. Powell; Belgacem Bouzaïene-Ayari,10.48550/arxiv.1605.05711,1,FALSE,TRUE,confirmed,7,NA,FALSE,FALSE,human_year_gap_edition
9972,bawonoMediatingEffectOrganizational2023,openalex,Mediating Effect of Organizational Agility in the Relationship between Adaptive Management and Firm Performance in Indonesian Telecommunication Companies during Pandemic COVID-19,2023,"Bawono, Marindra and So, Idris Gautama and Bandur, Agustinus and Alamsjah, Firdaus",Mediating Effect of Organizational Agility in the Relationship between Adaptive Management and Firm Performance in Indonesian Telecommunication Companies during Pandemic COVID-19,2023,NA,10.47750/qas/24.193.31,1,TRUE,FALSE,candidate_missing,0,NA,FALSE,TRUE,accept_title_year_only
10025,chlevickaiteModelInsiderWitness2023,openalex,Towards a Model of (Insider) Witness Assessments in International Crime Cases: An Experimental Vignette Study,2023,"Chlevickait\.e, Gabriel\.e",Towards a Model of (Insider) Witness Assessments in International Crime Cases: An Experimental Vignette Study,2023,Gabrielė Chlevickaitė,10.1177/10575677221126903,1,TRUE,FALSE,confirmed,0,NA,FALSE,TRUE,accept
10088,garcesQuantizedInformationSpectral2023,openalex,Quantized Information in Spectral Cyberspace,2023,"Garc\'es, Milton A.",Quantized Information in Spectral Cyberspace,2023,Milton Garcés,10.3390/e25030419,1,TRUE,FALSE,confirmed,0,NA,FALSE,TRUE,accept
10169,kumarModellingRFIDenablesJewellery2023,openalex,Modelling of RFID-enables Jewellery Hallmark Transparency Attributes Inter-Relationship and Ranking Performance Criterion in Supply Chain Responsiveness: Using ISM-AHP Approach,2023,"Kumar, Mukesh",Modelling of RFID-enables jewellery hallmark transparency attributes inter-relationship and ranking performance criterion in supply chain responsiveness: using ISM-AHP approach,2025,Mukesh Kumar,10.1504/ijpmb.2025.143593,1,FALSE,TRUE,confirmed,2,NA,FALSE,TRUE,accept
10238,oetomoCuttingChaseWarmstart2023,openalex,Cutting to the Chase with Warm-Start Contextual Bandits,2023,"Oetomo, Bastian and Perera, R. Malinga and Borovica-Gajic, Renata and Rubinstein, Benjamin IP",Cutting to the Chase with Warm-Start Contextual Bandits,2021,Bastian Oetomo; R. Malinga Perera; Renata Borovica‐Gajic; Benjamin I. P. Rubinstein,10.1109/icdm51629.2021.00057,1,FALSE,TRUE,confirmed,2,NA,FALSE,TRUE,accept
10248,ozcanManagingDisruptionsStrategy2023,openalex,Managing Disruptions and Strategy Development during Covid-19 Pandemic: The Perspective of Third-Party Logistics Service Providers (3PLs),2023,"\Ozcan, Seda and Yumurtac\i H\useyino\u glu, I\c s\ik \Ozge",Managing disruptions and strategy development during Covid-19 pandemic: the perspective of third-party logistics service providers (3PLs),2023,Seda Özcan; Işık Özge Yumurtacı Hüseyinoğlu,10.1080/13675567.2023.2199194,1,TRUE,FALSE,confirmed,0,NA,FALSE,TRUE,accept
10249,ozdilekArtValueCreation2023,openalex,Art Value Creation and Destruction,2023,"\Ozdilek, \Unsal",Art Value Creation and Destruction,2023,Ünsal Özdilek,10.1007/s12124-022-09748-7,1,TRUE,FALSE,confirmed,0,NA,FALSE,TRUE,accept
10285,ruzo-sanmartinRoleSupplyChain2023,openalex,The Role of Supply Chain Integration between Integrated Information Technology and Financial Performance--a Disaggregated Framework and Findings,2023,"Ruzo-Sanmart\'in, Emilio and Abousamra, Alaa Abdelaziz and Otero-Neira, Carmen and Svensson, G\oran",The role of supply chain integration between integrated information technology and financial performance – a disaggregated framework and findings,2023,Emilio Ruzo Sanmartín; Alaa Abdelaziz Abousamra; María del Carmen Otero Neira; Göran Svensson,10.1108/ijlm-02-2022-0040,1,TRUE,FALSE,confirmed,0,NA,FALSE,TRUE,accept
10322,strakovaRiskinessValuecreatingCorporate2023,openalex,Riskiness of Value-Creating Corporate Activities and Their Influence on Strategic Management of Engineering Companies,2023,"Strakov\'a, Jarmila and Kollmann, Jaroslav and Kostiuk, Yaroslava and Palinchak, Mykola and \v Cern\'ak, Filip",Riskiness of value-creating corporate activities and their influence on strategic management of engineering companies,2023,Jarmila Straková; Jaroslav Kollmann; Yaroslava Kostiuk; Mykola Mykhailovych Palinchak; Filip Černák,10.9770/jesi.2023.10.3(25),1,TRUE,FALSE,confirmed,0,NA,FALSE,TRUE,accept
10323,straussIABSESurveyImplemented2023,openalex,IABSE Survey of Implemented Decision-Making Models Used by Public and Private Owners/Operators of Road-and Railway Infrastructures,2023,"Strauss, Alfred and Orcesi, Andr\'e and Lampropoulos, Andreas and Briseghella, Bruno and Frangopol, Dan M. and Sousa, H\'elder S. and Casas, Joan and Matos, Jos\'e C. and Schellenberg, Kristian and Valenzuela, Matias",IABSE Survey of Implemented Decision-making Models used by Public and Private Owners/Operators of Road- and Railway Infrastructures,2023,Alfred Strauß; André Orcesi; Andreas P. Lampropoulos; Bruno Briseghella; Dan M. Frangopol; Hélder Silva Sousa; Joan Ramon Casas; Jose Campos Matos; Kristian Schellenberg; Matías A. Valenzuela; Mitsuyoshi Akiyama; Poul Linneberg; Rade Hajdin; Thomas Moser,10.1080/10168664.2022.2154731,1,TRUE,FALSE,confirmed,0,NA,FALSE,TRUE,accept
10565,cardebatPriceDispersionWines2021,openalex,Price Dispersion in Wines,2021,"Cardebat, Jean-Marie and Gergaud, Olivier and Regibeau, Pierre and Rockett, Katharine",Price dispersion in wines,2025,Olivier Gergaud; Katharine Rockett; Pierre Marcel Regibeau; Jean‐Marie Cardebat,NA,1,FALSE,TRUE,confirmed,4,NA,TRUE,FALSE,reject_no_doi
10567,chanaRiskAppetiteAssessment2020,openalex,Risk Appetite Assessment Algorithm-a Starting Point for Small and Medium Size Organisation for Understanding Information Security Requirements,2020,"Chana, Ngekeh Prisca",Risk Appetite Assessment Algorithm : A Starting Point for Small And Medium Size Organisation for Understanding Information Security Requirements,2020,Prisca Ngekeh,NA,1,TRUE,FALSE,different,0,NA,TRUE,TRUE,reject_no_doi
10620,glyniaEssaysInformationEconomics2022,openalex,Essays on Information Economics,2022,"Glynia, Nektaria Spyridoula",Essays on Information Economics,2022,Xienan Cheng,10.7302/5997,1,TRUE,FALSE,different,0,NA,FALSE,TRUE,reject_author_different
10668,kennedyDefinitionCategorizationSystem2021,openalex,A Definition and Categorization System for Advanced Materials,2021,"Kennedy, Alan and Brame, Jonathon and Taylor Rycroft, Matthew and Wood, Valerie Zemba and Weiss Jr, Charles and Hull, Matthew and Hill, Cary and Geraci, Charles and Linkov, Igor",A Definition and Categorization System for Advanced Materials: The Foundation for Risk‐Informed Environmental Health and Safety Testing,2019,Alan R. Kennedy; Jonathon A. Brame; Taylor Rycroft; Matthew D. Wood; Valerie Zemba; Charles A. Weiss Jr.; Matthew S. Hull; Cary Hill; Charles L. Geraci; Igor Linkov,10.1111/risa.13304,1,FALSE,TRUE,confirmed,2,NA,FALSE,TRUE,accept
10693,loiselAmbiguityValueInformation2022,openalex,"Ambiguity, Value of Information and Forest Rotation Decision under Storm Risk",2022,"Loisel, Patrice and Brunette, Marielle and Couture, St\'ephane","Ambiguity, value of information and forest rotation decision under storm risk",2025,Patrice Loisel; Marielle Brunette; Stéphane Couture,10.1016/j.reseneeco.2025.101536,1,FALSE,TRUE,confirmed,3,NA,FALSE,TRUE,accept
10715,morningTechnicalProgram2020,openalex,Technical Program,2020,"Morning, Monday",Technical Program,1966,NA,10.1002/j.2637-496x.1966.tb05229.x,1,FALSE,FALSE,candidate_missing,54,NA,FALSE,FALSE,human_candidate_has_no_authors
10733,paapWP2FinalReport2023,openalex,WP2 Final Report,2023,"Paap, Bob and Candela, Thibault and Vandeweijer, Vincent and Mendrinos, Dimitris and Vladut, Gabriel and Thiem, Lukas and Landr\o, Martin and Mellors, Mellors and Mannseth, Trond and Bhakta, Tuhin",WP2 Final Report: Digital Tensile Software Evaluation,2005,Jerry D. Lord; Malcolm S. Loveday; M Rides; Ian McEnteggart,NA,1,FALSE,FALSE,different,18,NA,TRUE,FALSE,reject_no_doi
10789,sullivanUnitCostsHealth2020,openalex,Unit Costs of Health and Social Care 2020,2020,"Sullivan, J E",Unit Costs of Health and Social Care 2023,2024,"Karen, Jones; Helen, Weatherly; Sarah, Birch; Adriana, Castelli; Martin, Chalkley; Alan, Dargan; Julien, Forder; Minyue, Gao; Sebastian, Hinde; Sarah, Markham; Shainur, Premji; Douglas, Findlay; Hansel, Teo",NA,0.983739837398374,FALSE,FALSE,different,4,NA,TRUE,FALSE,reject_no_doi
10826,wizemannRoundtableTranslatingGenomicBased2011,openalex,Roundtable on Translating Genomic-Based Research for Health,2011,"Wizemann, Theresa and Berger, Adam C.",Roundtable on Translating Genomic-Based Research for Health,2013,"Board on Health Sciences Policy; National Academies of Sciences, Engineering, and Medicine",10.17226/26251,1,FALSE,FALSE,different,2,NA,FALSE,TRUE,reject_author_different
10829,wongServiceScience2013,openalex,Service Science,2013,"Wong, Christina WY and Wong, Chee Yew and Boon-itt, Sakun",Service Science,2008,Jim Spohrer; Laura Challman Anderson; Norman J. Pass; Tryg A. Ager; Daniel Gruhl,10.1007/s10723-007-9096-2,1,FALSE,FALSE,different,5,NA,FALSE,FALSE,reject_author_different
10840,yuanyuanInformationDispersionPosterior2012,openalex,Information and the Dispersion of Posterior Distributions,2012,"Yuanyuan, Li and Wigniolle, Bertrand",Information and the dispersion of posterior expectations,2014,Nikolai Malkolm Brandt; Burkhard Drees; Bernhard Eckwert; Felix Várdy,10.1016/j.jet.2014.10.004,0.9033500417710943,FALSE,FALSE,different,2,NA,FALSE,TRUE,reject_author_different
10904,dahlgrenDecisionSupportSystems1988,openalex,Decision Support Systems for Managing and Applying ITS Research,1988,"Dahlgren, Joy and AlKadri, Mohamed and Picado, Rosella",Decision Support Systems for Managing and Applying ITS Research,1998,Joy Dahlgren; Mohamed Y AlKadri; Rosella Picado,NA,1,FALSE,TRUE,confirmed,10,NA,TRUE,FALSE,reject_no_doi
11002,parkUseMultilevelModels1982,openalex,The Use of Multilevel Models in Information Evaluation,1982,"Park, Soonghyun",The Use of Multilevel Models in Information Evaluation,1982,박숭현; Richard J. Boland,NA,1,TRUE,FALSE,different,0,NA,TRUE,TRUE,reject_no_doi
11023,seipelInformationLawRevisited1986,openalex,Information Law Revisited,1986,"Seipel, Peter",Information Law Revisited / Informationsrecht – noch einmal,2017,Ahti Saarenpää,NA,1,FALSE,FALSE,different,31,NA,TRUE,FALSE,reject_no_doi
11062,abdullahaRoleStrategicManagement2020,openalex,"The Role of Strategic Management Accounting on Heterogeneity of Human Capital, Information Technology Capabilities and Value",2020,"Abdullaha, Nik Herda Nik and Harjitob, D. Agus and Saidc, Jamaliah","The roles of strategic management accounting on heterogeneity of human capital, information technology capabilities and value creation / Nik Herda Nik Abdullah",2019,Nik Herda Nik Abdullah; Nik Herda,NA,0.9227121117365018,TRUE,FALSE,different,1,NA,TRUE,TRUE,reject_no_doi
11064,abi-zeidMultipleCriteriaDecision2013,openalex,Multiple Criteria Decision Aiding,2013,"Abi-Zeid, Ir\`ene",Multiple Criteria Decision Aid,2018,Jason B. Papathanasiou; Νικόλαος Πλόσκας,10.1007/978-3-319-91648-4,1,FALSE,FALSE,different,5,NA,FALSE,FALSE,reject_author_different
11065,abramskyPrinciplesDataMining2007,openalex,Principles of Data Mining,2007,"Abramsky, Samson",Principles of Data Mining,2013,Max Bramer,10.1007/978-1-4471-4884-5,1,FALSE,FALSE,different,6,NA,FALSE,FALSE,reject_author_different
11069,adamsCharlesDiceCenter2009,openalex,Charles a. Dice Center for Research in Financial Economics,2009,"Adams, Ren\'ee and Hermalin, Benjamin E.",Charles A. Dice Center for Research in Financial Economics World Markets for Mergers and Acquisitions,2009,Isil Erel; Rose C. Liao; Michael S. Weisbach,NA,1,TRUE,FALSE,different,0,NA,TRUE,TRUE,reject_no_doi
11094,aliInteractiveEgovernment2008,openalex,Interactive E-Government,2008,"Ali, Muhammad Shahbaz and Vaquer, John C.",Interactive E-Government,2004,Stuart John Barnes; Richard T. Vidgen,10.4018/jeco.2004010104,1,FALSE,FALSE,different,4,NA,FALSE,FALSE,reject_author_different
11095,aljinovicbaracEffectsCompanyCharacteristics2021,openalex,The Effects of Company Characteristics on Financial Reporting Quality--the Application of the Machine Learning Technique,2021,"Aljinovi\'c Bara\'c, \v Zeljana and Bili\'c, Mario",The effects of company characteristics on financial reporting quality – the application of the machine learning technique,2021,Željana Aljinović Barač; Mario Bilić,10.51680/ev.34.1.5,1,TRUE,FALSE,confirmed,0,NA,FALSE,TRUE,accept
11104,alvarezberasteguiIntegrationMarineHabitat2016,openalex,Integration of Marine Habitat Information into the Study of Fish Ecology: New Approaches for Ecosystem Based Fisheries Management,2016,"\'Alvarez Berastegui, Diego",Integration of marine habitat information into the study of fish ecology: New approaches for ecosystem based fisheries management,2016,Diego Álvarez‐Berastegui,NA,1,TRUE,FALSE,confirmed,0,NA,TRUE,TRUE,reject_no_doi
11114,anenbergUsingAtmosphericModels2011,openalex,Using Atmospheric Models to Estimate Global Air Pollution Mortality,2011,"Anenberg, Susan C.",Using atmospheric models to estimate global air pollution mortality,2019,Susan Casper Anenberg,10.17615/vqcz-zn96,1,FALSE,TRUE,confirmed,8,NA,FALSE,FALSE,human_year_gap_edition
11121,anthologyClimateChangeEconomics2001,openalex,Climate Change Economics and Policy,2001,"Anthology, An RFF",Climate Change Economics and Policy,2010,NA,10.4324/9781936331437,1,FALSE,FALSE,candidate_missing,9,NA,FALSE,FALSE,human_candidate_has_no_authors
11123,antolinanderezThrownSpiritDesign2016,openalex,Thrown in a Spirit of Design: Internationalisation Influencing the Business Model,2016,"Antol\'in And\'erez, Patricia and Das, Senjuti",Thrown in a Spirit of Design: Internationalisation Influencing the Business Model,2016,Patricia Antolín Andérez; Senjuti Das,NA,1,TRUE,FALSE,confirmed,0,NA,TRUE,TRUE,reject_no_doi
11137,asideDepartmentHealthHuman2002,openalex,Department of Health \& Human Services,2002,"Aside, Set",DEPARTMENT OF HEALTH & HUMAN SERVICES,2015,Anne Schuchat,10.1016/s1042-0991(15)32122-8,1,FALSE,FALSE,different,13,NA,FALSE,FALSE,reject_author_different
11139,assessmentScienceDecisionsAdvancing2009,openalex,Science and Decisions: Advancing Risk Assessment,2009,"Assessment, Advancing Risk",Science and Decisions: Advancing Risk Assessment,2010,Eileen Abt; Joseph V. Rodricks; Jonathan I. Levy; Lauren A. Zeise; Thomas A. Burke,10.1111/j.1539-6924.2010.01426.x,1,TRUE,FALSE,different,1,NA,FALSE,TRUE,reject_author_different
11140,associationInformationOutlookJuly2009,openalex,"Information Outlook, July/August 2009",2009,"Association, Special Libraries","Information Outlook, July/August 2017",2017,Special Libraries Association,NA,0.9629629629629628,FALSE,TRUE,confirmed,8,NA,TRUE,FALSE,reject_no_doi
11141,astebroAllocationIPControl2016,openalex,Allocation of IP Control Rights and Effective Technology Commercialization at Universities,2016,"\AAstebro, Thomas",Allocation of IP Control Rights and Effective Technology Commercialization at Universities,2024,Thomas B. Åstebro,10.2139/ssrn.4692542,1,FALSE,FALSE,different,8,NA,FALSE,FALSE,reject_author_different
11150,baaModelingCulturalFactors2007,openalex,Modeling Cultural Factors in Collaboration and Negotiation,2007,"Baa, Proposal Onr",Modeling Cultural Factors in Collaboration and Negotiation,2014,Katia P. Sycara; Geoff Gordon; Scott Atran; Jeremy Ginges; Michael Lewis; Cathy Tinsley; David R. Traum,10.21236/ada611419,1,FALSE,FALSE,different,7,NA,FALSE,FALSE,reject_author_different
11174,bartkeEconomicRoleValuers2015,openalex,The Economic Role of Valuers in Real Property Markets,2015,"Bartke, Stephan and Schwarze, Reimund",The economic role of valuers in real property markets,2018,"Stephan Bartke; Schwarze, Reimund",10.4126/frl01-006408343,1,FALSE,TRUE,confirmed,3,NA,FALSE,TRUE,accept
11180,basaranEffectsEconomicConditions2016,openalex,The Effects of Economic Conditions and Financial Market Development on the Capital Structure of Firms,2016,"Ba\c saran, Emre",The effects of economic conditions and financial market development on the capital structure of firms,2016,Emre Başaran,NA,1,TRUE,FALSE,different,0,NA,TRUE,TRUE,reject_no_doi
11193,bennettProcessVectoringOffensive2001,openalex,A Process for Vectoring Offensive Information Warfare as a Primary Weapon Option within the United States Air Force,2001,"Bennett, Sheila G.",A Process for Vectoring Offensive Information Warfare as a Primary Weapon Option Within the United States Air Force,2012,Sheila G. Bennett,NA,1,FALSE,TRUE,confirmed,11,NA,TRUE,FALSE,reject_no_doi
11196,berbersSupportContextdrivenApplications2009,openalex,Support for Context-Driven Applications in Ambient Intelligence Environments,2009,"Berbers, Y. and Preuveneers, Davy",Support for Context-Driven Applications in Ambient Intelligence Environments / Support for Context-Driven Applications in Ambient Intelligence Environments (Ondersteuning voor contextgedreven applicaties in Ambient Intelligence omgevingen),2009,Davy; Preuveneers,NA,1,TRUE,FALSE,confirmed,0,NA,TRUE,TRUE,reject_no_doi
11212,bickelPresidentLetter,openalex,President's Letter,2016,"Bickel, J. Eric",President's Letter,2002,Paul Wright,NA,1,FALSE,FALSE,different,14,NA,TRUE,FALSE,reject_no_doi
11214,bikseyEcologicalHumanHealth2005,openalex,Ecological and Human Health Risk Assessment,2005,"Biksey, Thomas M. and Schultz, Amy Couch and Bernhardt, Aaron M.",Ecological and human health risk assessment,2020,B. S. Choudri; Noura Al Nasiri; Yassine Charabi; Talal Al‐Awadhi,10.1002/wer.1382,1,FALSE,FALSE,different,15,NA,FALSE,FALSE,reject_author_different
11228,boffBlendingDecisionDesign2009,openalex,Blending Decision and Design Science with Information Systems Design as a Means to Optimizing Business Decisions,2009,"Boff, Gina and Kovalchick, Lisa",BLENDING DECISION AND DESIGN SCIENCE WITH INFORMATION SYSTEMS DESIGN AS A MEANS TO OPTIMIZING BUSINESS DECISIONS,2009,NA,10.48009/2_iis_2009_505-512,1,TRUE,FALSE,candidate_missing,0,NA,FALSE,TRUE,accept_title_year_only
11229,bohringerTechnologicalChangeUncertainty2009,openalex,Technological Change and Uncertainty in Environmental Economics,2009,"B\ohringer, Christoph and Mennel, Tim P. and Rutherford, Tom F.",Technological change and uncertainty in environmental economics,2009,Christoph Böhringer; Tim Mennel; Tom F. Rutherford,10.1016/j.eneco.2009.05.006,1,TRUE,FALSE,confirmed,0,NA,FALSE,TRUE,accept
11245,brechignacEcosystemApproachEnvironment2012,openalex,Towards an Ecosystem Approach for Environment Protection with Emphasis on Radiological Hazards,2012,"Br\'echignac, Fran\c cois and Bradshaw, Clare and Carroll, Simon and Fuma, Soichi and H\aakanson, Lars and Jaworska, Alicja and Kawaguchi, Isao and Monte, Luigi and Sazykina, Tatiana and Strand, Per",Towards an Ecosystem Approach for Environment Protection with Emphasis on Radiological Hazards,2012,"François Bréchignac; Clare Bradshaw; Carroll, Simon; Shoichi Fuma; Lars Hakanson; Alicja Jaworska; Larry Kapustka; Isao Kawaguchi; Luigi Monte; Deborah Helen Oughton; Tatiana Sazykina; Per Strand; 府馬 正一; 川口 勇生",NA,1,TRUE,FALSE,confirmed,0,NA,TRUE,TRUE,reject_no_doi
11248,brennanExpectedValueSample2005,openalex,Expected Value of Sample Information in Survival Trials Using Bayesian Approximation with the Weibull Proportional.,2005,"Brennan, Alan and Kharroubi, Samer A.",Expected Value of Sample Information in Survival Trials Using Bayesian Approximation With the Weibull Proportional Hazards Model,2007,Alan Brennan; Samer A. Kharroubi,NA,1,FALSE,TRUE,confirmed,2,NA,TRUE,TRUE,reject_no_doi
11252,brileyClimateRiskManagement2015,openalex,Climate Risk Management,2015,"Briley, Laura and Brown, Daniel and Kalafatis, Scott E.",Climate Risk Management,2021,Klaus M. Keller; Casey Helgeson; Vivek Srikrishnan,10.1146/annurev-earth-080320-055847,1,FALSE,FALSE,different,6,NA,FALSE,FALSE,reject_author_different
11264,burkeComparativeAnalysisDepartment2015,openalex,A Comparative Analysis of the Department of Defense (DoD) Passive Radio Frequency Identification (RFID) Policy and Perspective in Terms of Site Implementations,2015,"Burke, Eric and Ewing, Danny",A comparative analysis of the Department of Defense (DoD) passive radio frequency identification (RFID) policy and perspective in terms of site implementations,2006,Jacqueline M Meyer; Sefa Demirel,NA,1,FALSE,FALSE,different,9,NA,TRUE,FALSE,reject_no_doi
11267,burns21stCenturyDefense2009,openalex,21st Century Defense,2009,"Burns, MAJ Phillip G. and Chandler, Susan and Loyless, Jerrod and Olmstead, Summer and Siraj, Ambareen and Scott, Anthony David and Malloy, Michael and Clay, Peter and Masone, Mark and O'Brien, Jim",21st Century Defense,2009,NA,NA,1,TRUE,FALSE,candidate_missing,0,NA,TRUE,TRUE,reject_no_doi
11287,carltonEconomicsInformation1988,openalex,The Economics of Information,1988,"Carlton, Dennis and Perlof, Jeffrey",The Economics of Information,1961,George J. Stigler,10.1086/258464,1,FALSE,FALSE,different,27,NA,FALSE,FALSE,reject_author_different
11290,carrasjrBDAEnhancementMethodology2006,openalex,BDA Enhancement Methodology Using Situational Parameter Adjustments,2006,"Carras Jr, Michael V.",BDA Enhancement Methodology Using Situational Parameter Adjustments,2012,Michael Carras,NA,1,FALSE,FALSE,confirmed,6,NA,TRUE,FALSE,reject_no_doi
11308,chakrabortyMediaBiasElectoral2010,openalex,Media Bias and Electoral Competition!,2010,"Chakraborty, Archishman and Ghosh, Parikshit",MEDIA BIAS AND ELECTORAL COMPETITION,2008,Ascensión Andina‐Díaz,NA,1,FALSE,FALSE,different,2,NA,TRUE,TRUE,reject_no_doi
11319,chickINSEADwhartonAllianceCenter2005,openalex,INSEAD-wharton Alliance Center for Global Research \& Development,2005,"Chick, Stephen and Gans, Noah",INSEAD-Wharton Alliance Center for Global Research & Development Business Model Design and the Performance of Entrepreneurial Firms,2003,Christoph Zott; R. K. Amit,NA,1,FALSE,FALSE,different,2,NA,TRUE,TRUE,reject_no_doi
11335,clarkSpatialStatistics2013,openalex,Spatial Statistics,2013,"Clark, Daniel E. and Houssineau, Jeremie",Spatial statistics,1981,Brian David Ripley,NA,1,FALSE,FALSE,different,32,NA,TRUE,FALSE,reject_no_doi
11345,collinsEarlyWarningPeoplecentred2009,openalex,Early Warning: A People-Centred Approach to Early Warning Systems and the'last Mile',2009,"Collins, Andrew E.",Early warning: a people-centred approach to early warning systems and the'last mile'.,2009,SH Fakhruddin,NA,1,TRUE,FALSE,different,0,NA,TRUE,TRUE,reject_no_doi
11349,computingOpportunitiesChallengesExascale2010,openalex,The Opportunities and Challenges of Exascale Computing,2010,"Computing, Exascale",The opportunities and challenges of exascale computing,2010,Margaret J. Wright,NA,1,TRUE,FALSE,different,0,NA,TRUE,TRUE,reject_no_doi
11355,cooperConsumerFederationAmerica2016,openalex,The Consumer Federation of America,2016,"Cooper, Mark",The Consumer Federation of America*,1969,Erma Angevine,10.1111/j.1745-6606.1969.tb00845.x,1,FALSE,FALSE,different,47,NA,FALSE,FALSE,reject_author_different
11365,coteScreeningSufficiencyMultiobjective2010,openalex,Screening and Sufficiency in Multiobjective Decision Problems with Large Alternative Sets,2010,"Cote, Michael D.",Screening and Sufficiency in Multiobjective Decision Problems with Large Alternative Sets,2012,Michael D. Cote,NA,1,FALSE,TRUE,confirmed,2,NA,TRUE,TRUE,reject_no_doi
11367,councilCommunicatingToxicogenomicsInformation2005,openalex,Communicating Toxicogenomics Information to Nonexperts: A Workshop Summary,2005,"Council, National Research",Communicating toxicogenomics information to nonexperts : a workshop summary,2005,Data on Environmental Contaminants,NA,1,TRUE,FALSE,different,0,NA,TRUE,TRUE,reject_no_doi
11369,councilExposureScience21st2012,openalex,Exposure Science in the 21st Century: A Vision and a Strategy,2012,"Council, National Research",Exposure science in the 21st century: a vision and a strategy,2012,Morton Lippmann,10.1038/jes.2012.109,1,TRUE,FALSE,different,0,NA,FALSE,TRUE,reject_author_different
11382,cummingsReportGCFIWorkshop2010,openalex,"Report of a GCFI Workshop, Best Practices and Trade-Offs between Fishery-Dependent and Fishery-Independent Sampling in Data-Limited Regions",2010,"Cummings, Nancie and Karnauskas, Mandy and Rios, Adyan B. and Harford, William J. and Trumble, Robert J. and Glazer, Robert and Acosta, Alejandro and Michaels, William L.","Report of a GCFI workshop, best practices and trade-offs between fishery-dependent and fishery-independent sampling in data-limited regions",2017,Nancie J. Cummings; Mandy Karnauskas; Adyan B. Rios; William J. Harford; Robert J. Trumble; Robert A. Glazer; Alejandro Acosta; William Michaels,10.7289/v5/tm-sefsc-711,1,FALSE,TRUE,confirmed,7,NA,FALSE,FALSE,human_year_gap_edition
11384,cuSocialRelationalModel2008,openalex,A Social Relational Model for Firm-Hosted Virtual Communities: The Role of Firm Support,2008,"Cu, Tung Duy",A Social Relational Model for Firm-Hosted Virtual Communities: The Role of Firm Support,2019,Tung Duy Cu,10.25777/jwgk-pb96,1,FALSE,TRUE,confirmed,11,NA,FALSE,FALSE,human_year_gap_edition
11391,dalyTaskLoadAutomation2002,openalex,Task Load and Automation Use in an Uncertain Environment,2002,"Daly, Mark A.",Task Load and Automation Use in an Uncertain Environment,2012,Mark Daly,NA,1,FALSE,TRUE,confirmed,10,NA,TRUE,FALSE,reject_no_doi
11406,dcNetcentricEnvironmentJoint2005,openalex,Net-Centric Environment Joint Functional Concept,2005,"Dc, Department Of Defense Washington",Net-Centric Environment Joint Functional Concept,2005,CENTER FOR NAVAL ANALYSES ALEXANDRIA VA,10.21236/ada488351,1,TRUE,FALSE,different,0,NA,FALSE,TRUE,reject_author_different
11409,deckerUnderstandingEconomicRationale2010,openalex,Understanding the Economic Rationale for Legal Services Regulation,2010,"Decker, Christopher and Yarrow, George",Understanding the Economic Rationale for Legal Services Regulation: The Importance of Interdisciplinary Dialogue,2011,Laurel S. Terry,NA,1,TRUE,FALSE,different,1,NA,TRUE,TRUE,reject_no_doi
11413,delacruzContractualArrangementsAgriculture2007,openalex,Contractual Arrangements in Agriculture (Northern and Central Luzon Component),2007,"De la Cruz, Alma M.",Contractual Arrangements in Agriculture (Northern and Central Luzon Component),2007,Dela Cruz; M Alma,NA,1,TRUE,FALSE,confirmed,0,NA,TRUE,TRUE,reject_no_doi
11417,dellisOverlobbyingParetoimprovingAgenda2017,openalex,Overlobbying and Pareto-Improving Agenda Constraint,2017,"Dellis, Arnaud and Oak, Mandar",Overlobbying and Pareto-improving Agenda Constraint,2016,Arnaud Déllis; Mandar P. Oak,NA,1,TRUE,FALSE,confirmed,1,NA,TRUE,TRUE,reject_no_doi
11419,demanProposalImprovementMidterm2011,openalex,A Proposal for Improvement of Mid-Term Capacity Planning for Gates and Remote Stand at Amsterdam Airport Schiphol (AAS),2011,"De Man, Stefanie",A proposal for improvement of mid-term capacity planning for gates and remote stand at Amsterdam Airport Schiphol (AAS),2011,Shan Man,NA,1,TRUE,FALSE,confirmed,0,NA,TRUE,TRUE,reject_no_doi
11424,deshmukhValuingFlexibility2010,openalex,Valuing Flexibility,2010,"Deshmukh, Abhi and Wortman, Marty and Collopy, Paul and Boehm, Barry and Lane, JoAnn and Brown, Winsor and Levine, Alan and Jacques, Dave and Colombi, John and Housel, Tom",Valuing Flexibility as a Complex Option,1990,Alexander J. Triantis; James Ernest Hodder,10.1111/j.1540-6261.1990.tb03702.x,1,FALSE,FALSE,different,20,NA,FALSE,FALSE,reject_author_different
11429,devriesTrustSystemsEffects2005,openalex,Trust in Systems: Effects of Direct and Indirect Information,2005,"de Vries, Pieter Walter",Trust in systems:effects of direct and indirect information,2005,de Pw Peter Vries,10.6100/ir583496,1,TRUE,FALSE,confirmed,0,NA,FALSE,TRUE,accept
11437,diffendorferPreliminaryMethodologyAssess2015,openalex,Preliminary Methodology to Assess the National and Regional Impact of US Wind Energy Development on Birds and Bats,2015,"Diffendorfer, James E. and Beston, Julie A. and Merrill, Matthew D. and Stanton, Jessica C. and Corum, M. D. and Loss, Scott R. and Thogmartin, Wayne E. and Johnson, Douglas H. and Erickson, Richard A. and Heist, Kevin W.",Preliminary methodology to assess the national and regional impact of U.S. wind energy development on birds and bats,2015,Jay E. Diffendorfer; Julie A. Beston; Matthew D. Merrill; Jessica C. Stanton; Margo D. Corum; Scott R. Loss; Wayne E. Thogmartin; Douglas H. Johnson; Richard A. Erickson; Kevin W. Heist,10.3133/sir20155066,0.9400839054157132,TRUE,TRUE,confirmed,0,NA,FALSE,TRUE,accept
11441,diPortfolioAnalysisClimate2018,openalex,A Portfolio Analysis of Climate Change Adaptation Measures in the Agriculture Sector in Rwanda,2018,"Di, Tesi di Dottorato and Fraschini, Dott Filippo",A PORTFOLIO ANALYSIS OF CLIMATE CHANGE ADAPTATION MEASURES IN THE AGRICULTURE SECTOR IN RWANDA,2020,Filippo Fraschini,10.83049/unicatt/publicatt/10280_78874,1,FALSE,FALSE,confirmed,2,NA,FALSE,TRUE,accept
11457,downeyNationalAcademiesPress2013,openalex,The National Academies Press,2013,"Downey, Autumn and Gee, Amanda Wagner and Claiborne, Anne B.",THE NATIONAL ACADEMIES PRESS,2020,Nedjeljko Frančula,10.1163/2210-7975_hrd-9978-20190011,1,FALSE,FALSE,different,7,NA,FALSE,FALSE,reject_author_different
11466,duciemWorkshopUnavoidableSurvey2023,openalex,Workshop on Unavoidable Survey Effort Reduction 2 (WKUSER2),2023,"Du Ciem, Scientifiques",Workshop on Unavoidable Survey Effort Reduction 2 (WKUSER2),2023,ICES,10.17895/ices.pub.22086845,1,TRUE,FALSE,different,0,NA,FALSE,TRUE,reject_author_different
11478,econDistributionBenefitsModel1976,openalex,A Distribution Benefits Model for Improved Information on Worldwide Crop Production Volume i Model Structure and Application to Wheat,1976,Econ,A distribution benefits model for improved information on worldwide crop production. Volume 1: Model structure and application to wheat,1976,J. Andrews,NA,0.9583713070555177,TRUE,FALSE,different,0,NA,TRUE,TRUE,reject_no_doi
11516,figlioPermutedTitleIndex2009,openalex,Permuted Title Index,2009,"Figlio, David N. and Guo, Hui and Orcffice, Sonia and Leahy, Dcrmol and Buchmucller, Thomas C. and Hughes, James W. and Anderson, Kym and Chari, Anusha and Kasznik, Ron and de Vrics, Casper G.",Permuted Title Index,1976,NA,10.1093/jnci/57.6.1401,1,FALSE,FALSE,candidate_missing,33,NA,FALSE,FALSE,human_candidate_has_no_authors
11521,fischerStrategicListening2016,openalex,Strategic Listening,2016,"Fischer, Paul E. and Heinle, Mirko S. and Smith, Kevin",Strategic Listening,2023,Mats Heide; Anette Svingstedt,10.4324/9781003413486,1,FALSE,FALSE,different,7,NA,FALSE,FALSE,reject_author_different
11523,fischhoffMentalModelsWarning2006,openalex,Mental Models of Warning Decisions: Identifying and Addressing Information Needs,2006,"Fischhoff, Baruch and Eggers, Sara",MENTAL MODELS OF WARNING DECISIONS: IDENTIFYING AND ADDRESSING INFORMATION NEEDS,2006,NA,10.1201/9781482289688-36,1,TRUE,FALSE,candidate_missing,0,NA,FALSE,TRUE,accept_title_year_only
11526,florezChangeabilityAssessmentIts2019,openalex,"Changeability Assessment, Its Triggers and Linear Programming Approaches for Changeable Design Selection",2019,"Fl\'orez, Villarraga and Francisco, Daniel","Changeability assessment, its triggers and linear programming approaches for changeable design selection",2025,"Villarraga Flórez, Daniel Francisco",10.71590/1992/35052,1,FALSE,FALSE,confirmed,6,NA,FALSE,FALSE,human_year_gap_edition
11531,forbesChallengesOldNew2007,openalex,Challenges Old and New,2007,"Forbes, Andrew",Challenges Old and New,2000,Marie Hoepfl,NA,1,FALSE,FALSE,different,7,NA,TRUE,FALSE,reject_no_doi
11547,frieseImplementationRelationshipMarketing2001,openalex,The Implementation of Relationship Marketing,2001,"Friese, A. and Funck, D.",The implementation of relationship marketing in commercial banking,1993,Jean Perrien; Pierre Filiatrault; Line Ricard,10.1016/0019-8501(93)90040-e,1,FALSE,FALSE,different,8,NA,FALSE,FALSE,reject_author_different
11548,fujikiInstituteMonetaryEconomic2005,openalex,Institute for Monetary and Economic Studies Bank of Japan,2005,"Fujiki, Hiroshi","Institute for Monetary and Economic Studies, Bank of Japan(ed.), Japan's Financial System, Revised Edition",1998,Kazuhito Ikeō,NA,1,FALSE,FALSE,different,7,NA,TRUE,FALSE,reject_no_doi
11556,garciagonzalezEssaysEconomicTheory2012,openalex,Essays on the Economic Theory of Organizations,2012,"Garc\'ia Gonz\'alez, Daniel",Essays on the economic theory of organizations,2012,Daniel García González,NA,1,TRUE,FALSE,confirmed,0,NA,TRUE,TRUE,reject_no_doi
11575,gibsonOpenSourceIntelligence2007,openalex,Open Source Intelligence (OSINT): A Contemporary Intelligence Lifeline,2007,"Gibson, Stevyn D.",Open source intelligence (OSINT): a contemporary intelligence lifeline,2011,Stevyn D. Gibson,NA,1,FALSE,TRUE,confirmed,4,NA,TRUE,FALSE,reject_no_doi
11591,goldbergAgriculturalInformationWorldwide2010,openalex,"Agricultural Information Worldwide, Vol. 3, No. 2, 2010",2010,"Goldberg, Elizabeth and Coudel, Emilie and Tonneau, Jean-Philippe and Tour\'e, Khady Kane and Clavel, Dani\`ele and Khadar, Ibrahim and Salisbury, Lutishoor and Asaba, Jane Francis and Richards, Gareth Ronald and Romney, Dannie","Agricultural Information Worldwide, vol. 7, 2015",2015,Toni Greider; Valrie Ila Minson; Melody Royster; Megan Kocher; Julia Kelly; Joel Sam; Lucy Payne Dzandu,NA,0.9385185185185184,FALSE,FALSE,different,5,NA,TRUE,FALSE,reject_no_doi
11597,gonzalezImpactClimatePolicy2005,openalex,Impact of Climate Policy on the Basque Economy,2005,"Gonz\'alez, Mikel and Dellink, Rob B.",Impact of climate policy on the Basque economy,2011,Mikel González; Rob Dellink,10.7201/earn.2006.12.09,1,FALSE,FALSE,confirmed,6,NA,FALSE,FALSE,human_year_gap_edition
11598,gonzalezNumericalAnalysisRelevant2009,openalex,Numerical Analysis for Relevant Features in Intrusion Detection (NARFid),2009,"Gonzalez, Jose A.",Numerical Analysis for Relevant Features in Intrusion Detection (NARFid),2009,José A. González,NA,1,TRUE,FALSE,confirmed,0,NA,TRUE,TRUE,reject_no_doi
11651,hassallLearningNonstationaryEnvironments2013,openalex,Learning in Non-Stationary Environments,2013,"Hassall, Cameron Dale",Learning in Non-Stationary Environments,2012,Christoph Raab,10.1007/978-1-4419-8020-5,1,TRUE,FALSE,different,1,NA,FALSE,TRUE,reject_author_different
11660,heikelaAchievingCompetitiveEcommerce2015,openalex,Achieving Competitive E-Commerce in Finnish B2C Retail Business,2015,"Heikel\a, Joonas",Achieving competitive e-commerce in Finnish B2C retail business,2015,Joonas Heikelä,NA,1,TRUE,FALSE,confirmed,0,NA,TRUE,TRUE,reject_no_doi
11661,heikkilaInformationSecurityRisk2017,openalex,Information Security Risk Analysis and Mitigation Methods for Industrial Internet in Industrial Vendor Segment,2017,"Heikkil\a, Juha Markus",Information security risk analysis and mitigation methods for industrial internet in industrial vendor segment,2017,Juha Markus Heikkilä,NA,1,TRUE,FALSE,confirmed,0,NA,TRUE,TRUE,reject_no_doi
11665,helfandDraftMethodologyReport2012a,openalex,Draft Methodology Report,2012,"Helfand, Mark and Berg, Alfred and Flum, David and Gabriel, Sherine and Normand, Sharon-Lise",Draft methodology report (road emissions scenarios),2006,Jens Borken; Heike Steller,NA,1,FALSE,FALSE,different,6,NA,TRUE,FALSE,reject_no_doi
11678,hickamPCORIMethodologyReport2013,openalex,The PCORI Methodology Report,2013,"Hickam, David and Totten, Annette and Berg, Alfred and Rader, Katherine and Goodman, Steven and Newhouse, Robin",The PCORI Methodology Report,2017,Robin Purdy Newhouse,10.25302/67.2017,1,FALSE,FALSE,different,4,NA,FALSE,FALSE,reject_author_different
11679,hickfordGreenLogistics2007,crossref,Green Logistics,2007,"Hickford, A. J. and Cherrett, T. J.",Green Logistics,2014,Wittenbrink,10.1007/978-3-8349-3825-1_9,1,FALSE,FALSE,different,7,NA,FALSE,FALSE,reject_author_different
11685,hillMilitaryOperationsResearch2008,openalex,Military Operations Research,2008,"Hill, Dr Raymond R.",Military Operations Research,1997,N. K. Jaiswal,10.1007/978-1-4615-6275-7,1,FALSE,FALSE,different,11,NA,FALSE,FALSE,reject_author_different
11699,hookForestInventoryInformation2015,openalex,Forest Inventory Information Needs in Northwest Russia,2015,"H\o\ok, Veronika",Forest inventory information needs in Northwest Russia,2015,Veronika Höök,NA,1,TRUE,FALSE,confirmed,0,NA,TRUE,TRUE,reject_no_doi
11702,hornyakKnowledgeWorkerBehavioral2012,openalex,Knowledge Worker Behavioral Responses and Job Outcomes in Mandatory Enterprise System Use Contexts,2012,"Hornyak, Robert",Knowledge Worker Behavioral Responses and Job Outcomes in Mandatory Enterprise System Use Contexts,2022,Robert Hornyak,10.57709/2801418,1,FALSE,TRUE,confirmed,10,NA,FALSE,FALSE,human_year_gap_edition
11707,hosseinmomeniFactorsInfluencingAdoption2015,openalex,Factors Influencing the Adoption of Internet Apparel Shopping,2015,"Hossein Momeni, Mohammad and Pahlavanyali, Nariman",Factors Influencing the Adoption of Internet Apparel Shopping,2015,Mohammad Hosein Momeni; Nariman Pahlavanyali,NA,1,TRUE,FALSE,confirmed,0,NA,TRUE,TRUE,reject_no_doi
11717,hubbardModelingResilienceApplied2014,openalex,Modeling Resilience with Applied Information Economics (AIE),2014,"Hubbard, D. and Millar, M.",Modeling resilience with applied information economics (AIE),2017,Douglas Hubbarda,NA,1,FALSE,TRUE,different,3,NA,TRUE,TRUE,reject_no_doi
11745,itworkNationalInstituteHealth2008,openalex,National Institute for Health and Clinical Excellence (Nice),2008,"it Work, How Does",National Institute for Health and Clinical Excellence (NICE),2010,Diana Gosálvez Prados,NA,1,FALSE,FALSE,different,2,NA,TRUE,TRUE,reject_no_doi
11747,izzoITInvestmentsFirm2008,openalex,IT Investments and Firm Performance: An Analytic and Empirical Investigation,2008,"Izzo, Maria Federica",IT Investments and Firm Performance: An Analytic and Empirical Investigation,2010,Maria Federica Izzo,NA,1,FALSE,TRUE,confirmed,2,NA,TRUE,TRUE,reject_no_doi
11752,jaegerNOFOMA2015Post2015,openalex,"NOFOMA 2015: Post Conference Proceedings, Molde, 3-5 June 2015, Nordic Logistics Research Network",2015,"J\aeger, Bj\orn","NOFOMA 2015 : Post Conference Proceedings, Molde, 3-5 June 2015, Nordic Logistics Research Network",2015,Bjørn Jæger,NA,1,TRUE,FALSE,confirmed,0,NA,TRUE,TRUE,reject_no_doi
11756,jamarSocialJusticePerspective2015,openalex,"A Social Justice Perspective on Intellectual Property, Innovation, and Entrepreneurship",2015,"Jamar, Steven D. and Mtima, Lateef","A Social Justice Perspective on Intellectual Property, Innovation, and Entrepreneurship",2012,Steven D. Jamar; Lateef Mtima,10.4337/9780857934703.00012,1,FALSE,TRUE,confirmed,3,NA,FALSE,TRUE,accept
11760,jamshidyDualFactorDecision2011,openalex,A Dual Factor Decision Making Model in Green Manufacturing,2011,"Jamshidy, Bahador",A dual factor decision making model in green manufacturing,2021,Bahador Jamshidy,10.32920/ryerson.14662221.v1,1,FALSE,TRUE,confirmed,10,NA,FALSE,FALSE,human_year_gap_edition
11776,jimenezmartinezAnticipatingFutureExpected2012,openalex,Anticipating Future Expected Utility and Coordination Motives for Information Decisions in Networks,2012,"Jim\'enez Mart\'inez, Antonio",Anticipating future expected utility and coordination motives for information decisions in networks,2012,Jiménez Martínez,NA,1,TRUE,FALSE,confirmed,0,NA,TRUE,TRUE,reject_no_doi
11785,jordanInterimProgressReport2001,openalex,Interim Progress Report,2001,"Jordan, Michael and Hero, Alfred O.",Interim progress report :,1982,TL Anderson; H I McHenry,10.6028/nbs.ir.83-1680,1,FALSE,FALSE,different,19,NA,FALSE,FALSE,reject_author_different
11827,kiarieAssessmentEffectRisk2017,openalex,An Assessment of Effect of Risk Identification Management Strategy on Supply Chain Performance In Manufacturing Companies In Kenya,2017,"Kiarie, David Mburu",An Assessment Of Effect Of Risk Identification Management Strategy On Supply Chain Performance In Manufacturing Companies In Kenya,2015,David Kiarie Mburu,NA,1,FALSE,TRUE,confirmed,2,NA,TRUE,TRUE,reject_no_doi
11831,kikuchiBayesianCostbenefitApproach2011,openalex,A Bayesian Cost-Benefit Approach to Sample Size Determination and Evaluation in Clinical Trials,2011,"Kikuchi, Takashi",A Bayesian cost-benefit approach to sample size determination and evaluation in clinical trials,2011,John C. Gittins,NA,1,TRUE,FALSE,different,0,NA,TRUE,TRUE,reject_no_doi
11840,kleenMaliciousHackersFramework2001,openalex,Malicious Hackers: A Framework for Analysis and Case Study,2001,"Kleen, Laura J.",Malicious Hackers: A Framework for Analysis and Case Study,2012,Laura J. Kleen,NA,1,FALSE,TRUE,confirmed,11,NA,TRUE,FALSE,reject_no_doi
11841,knodlerPotentialDataDrivenEngineering2023,openalex,The Potential of Data-Driven Engineering Models: An Analysis across Domains in the Automotive Development Process,2023,"Kn\odler, Julian and K\onen, Christian and Muhl, Philip and Rudolf, Thomas and Sax, Eric and Reuss, Hans-Christian and Eckstein, Lutz and Hohmann, S\oren",The Potential of Data-Driven Engineering Models: An Analysis Across Domains in the Automotive Development Process,2023,Julian Knödler; Christian Könen; Philip Muhl; Thomas Rudolf; Eric Sax; Hans-Christian Reuss; Lutz Eckstein; Sören Hohmann,10.4271/2023-01-0087,1,TRUE,FALSE,confirmed,0,NA,FALSE,TRUE,accept
11843,koActiveLearning2016,openalex,Active Learning,2016,"Ko, Seyoon",Active Learning,2012,Burr Settles,NA,1,FALSE,FALSE,different,4,NA,TRUE,FALSE,reject_no_doi
11845,kobayashiLawInformationRevolution2011,openalex,Law's Information Revolution,2011,"Kobayashi, Bruce H. and Ribstein, Larry E.",Law's Information Revolution as Procedural Reform: Predictive Search as a Solution to the 'In Terrorem' Effect of Externalized Discovery Costs,2013,Bruce H. Kobayashi,10.2139/ssrn.2340068,1,FALSE,TRUE,confirmed,2,NA,FALSE,TRUE,accept
11852,kopoboruaguadoInterlocksLargeSpanish2016,openalex,Interlocks in Large Spanish Firms: A Descriptive Analysis,2016,"Kopoboru Aguado, Santiago",Interlocks in large Spanish firms: a descriptive analysis,2016,Santiago Kopoboru,NA,1,TRUE,FALSE,different,0,NA,TRUE,TRUE,reject_no_doi
11855,koundouriEcosystemServicesWater2022,openalex,Ecosystem Services into Water Resource Planning and Management,2022,"Koundouri, Phoebe and Alamanos, Angelos and Dellis, Kostas and Stratopoulou, Artemis",Ecosystem Services into Water Resource Planning and Management,2024,Phoebe Koundouri; Angelos Alamanos; Kostas Dellis; Conrad Landis; Artemis Stratopoulou,10.1093/acrefore/9780199389414.013.801,1,FALSE,TRUE,confirmed,2,NA,FALSE,TRUE,accept
11862,kramerExpertSystemsTechniques1988,openalex,"Expert Systems: Techniques, Tools, and Applications",1988,"Kramer, Bryan M","Expert systems techniques, tools and applications",1986,Philip Klahr; DONALD A. WATERMAN,NA,1,FALSE,FALSE,different,2,NA,TRUE,TRUE,reject_no_doi
11867,kropsu-vehkaperaEnhancingUnderstandingCompanywide2012,openalex,Enhancing Understanding of Company-Wide Product Data Management in ICT Companies,2012,"Kropsu-Vehkaper\a, Hanna",Enhancing understanding of company-wide product data management in ICT companies,2012,Hanna Kropsu-Vehkaperä,NA,1,TRUE,FALSE,confirmed,0,NA,TRUE,TRUE,reject_no_doi
11870,kuanNonpriceDeterminantIntention2015,openalex,"Non-Price Determinant on Intention to Purchase of Organic Foods in State of Kedah, Malaysia",2015,"Kuan, Tan Yew","Non-price determinants on intention to purchase oforganic foods in State of Kedah, Malaysia",2015,Yew Kuan Tan,NA,0.927049521431544,TRUE,TRUE,confirmed,0,NA,TRUE,TRUE,reject_no_doi
11874,kuzhdaLecturesDisciplineEconomic2016,openalex,Lectures on Discipline ``Economic Forecasting'' for the Students of the Speciality 073 ``Management''(Full-Time Study Bachelors),2016,"Kuzhda, Tetiana",Lectures on discipline “Economic forecasting” for the students of the speciality 073 “Management” (full-time study bachelors),2016,Тетяна Кужда,NA,1,TRUE,FALSE,different,0,NA,TRUE,TRUE,reject_no_doi
11909,leonguerraProbabilisticGraphicalModel2011,openalex,A Probabilistic Graphical Model for Total Knee Arthroplasty,2011,"Le\'on Guerra, Diego",A Probabilistic Graphical Model for Total Knee Arthroplasty,2011,Diego León Guerra,NA,1,TRUE,FALSE,confirmed,0,NA,TRUE,TRUE,reject_no_doi
11919,lindheIntegratedProbabilisticRisk2008,openalex,Integrated and Probabilistic Risk Analysis of Drinking Water Systems,2008,"Lindhe, Andreas",Integrated and Probabilistic Risk Analysis of Drinking Water Systems,2008,Andreas Lindhé,NA,1,TRUE,FALSE,confirmed,0,NA,TRUE,TRUE,reject_no_doi
11936,lopez-moctezumaSequentialDeliberationCollective2016,openalex,Sequential Deliberation in Collective Decision-Making: The Case of the FOMC,2016,"L\'opez-Moctezuma, Gabriel",Sequential Deliberation in Collective Decision-Making: The Case of the FOMC,2016,Gabriel López‐Moctezuma,NA,1,TRUE,FALSE,confirmed,0,NA,TRUE,TRUE,reject_no_doi
11950,lunnMetadataElementsPreferred2008,openalex,Metadata Elements Preferred in Searching and Assessing Relevance of Archived Television Broadcast by Scholars and Students in Media Studies: Towards the Design of Surrogate Records,2008,"Lunn, Brian Kirkegaard",Metadata elements preferred in searching and assessing relevance of archived television broadcast by scholars and students in media studies: Towards the design of surrogate records,2008,Brian Kirkegaard,NA,1,TRUE,FALSE,different,0,NA,TRUE,TRUE,reject_no_doi
11959,madaraszBargainingIllusionTransparency2015,openalex,Bargaining under the Illusion of Transparency,2015,"Madar\'asz, Krist\'of",Bargaining under the Illusion of Transparency,2021,Kristóf Madarász,10.1257/aer.20150004,1,FALSE,FALSE,confirmed,6,NA,FALSE,FALSE,human_year_gap_edition
11971,makingEdrsPriceDescriptors1991,openalex,Edrs Price Descriptors,1991,"Making, \relax Dpcision",EDRS PRICE DESCRIPTORS,2007,Kristen Jack; Edrs Price Mp O; Jack K. Williams,NA,1,FALSE,FALSE,different,16,NA,TRUE,FALSE,reject_no_doi
11987,martinezcarrascoEssaysOrganizationalEconomics2015,openalex,Essays in Organizational Economics,2015,"Mart\'inez Carrasco, Miguel \'Angel",Essays in organizational economics,2001,Eric W. Zitzewitz,NA,1,FALSE,FALSE,different,14,NA,TRUE,FALSE,reject_no_doi
11989,martinovicInformationNeedsBehaviour2016,openalex,Information Needs and Behaviour of Parents of Children with Autism Spectrum Disorders: Parents' Reports on Their Experiences and Perceptions,2016,"Martinovi\'c, Ivana and Stri\v cevi\'c, Ivanka",Information Needs and Behaviour of Parents of Children with Autism Spectrum Disorders: Parents’ Reports on their Experiences and Perceptions,2016,Ivana Martinović; Ivanka Stričević,NA,1,TRUE,FALSE,confirmed,0,NA,TRUE,TRUE,reject_no_doi
11992,massahikhaleghiHardwareintheloopDynamicData2015,openalex,A Hardware-in-the-Loop Dynamic Data Driven Adaptive Multi-Scale Simulation (DDDAMS) System for Crowd Surveillance via Unmanned Vehicles,2015,"Massahi Khaleghi, Amirreza",A Hardware-in-the-Loop Dynamic Data Driven Adaptive Multi-Scale Simulation (DDDAMS) System for Crowd Surveillance via Unmanned Vehicles,2015,Amirreza M. Khaleghi,NA,1,TRUE,FALSE,confirmed,0,NA,TRUE,TRUE,reject_no_doi
12005,mccallumIdentifyingQuantifyingBenefits2012,openalex,Identifying and Quantifying the Benefits of GEOSS,2012,"McCallum, I. and Fritz, S. and Khabarov, N. and Fuss, S. and Szolgayova, J. and Rydzak, F. and Havlik, P. and Kraxner, F. and Obersteiner, M. and Aoki, K.",Identifying And Quantifying The Benefits Of GEOSS,2010,Ian McCallum; Steffen Fritz; Nikolay Khabarov; S. Fuss; Jana Szolgayová; Felicjan Rydzak; Peter Havlík; Florian Kraxner; Michael H. Obersteiner; Kentaro Aoki; Christian Schill; M. Quinten; Christine Heumesser; J. Bouma; Belinda Reyers; Uwe Andreas Schneider; F. Pignatelli; L. Pavanello; Maria Teresa Borzacchiello; Massimo Craglia; Franziska Albrecht,NA,1,FALSE,TRUE,confirmed,2,NA,TRUE,TRUE,reject_no_doi
12012,mcmahonDevelopmentSetPrinciples2009,openalex,The Development of a Set of Principles for Through-Life Management of Engineering Information,2009,"McMahon, C. A. and Caldwell, Nicholas HM and Darlington, M. J. and Culley, S. J. and Giess, M. D. and Clarkson, P. J.",The development of a set of principles for the through-life management of engineering information,2009,CA McMahon; Nicholas H. M. Caldwell; MJ Darlington; SJ Culley; Giess; P. John Clarkson,NA,0.9091933636330044,TRUE,TRUE,confirmed,0,NA,TRUE,TRUE,reject_no_doi
12017,meckelGulfCoastCarbon2015,openalex,Gulf Coast Carbon Center 2011-2014 Retrospective,2015,"Meckel, T. A. and Trevi\~no, R. H. and Carr, D. L. and Hosseini, S. A. and Lu, J. and N\'u\~nez-L\'opez, V. and Hovorka, S. D. and Sun, A. and Yang, C. and Anderson, J.",Gulf Coast Carbon Center 2011-2014 Retrospective,2018,"Olson, H. C.",10.15781/t2p55f09m,1,FALSE,FALSE,different,3,NA,FALSE,TRUE,reject_author_different
12026,mercerDoubleedgedSwordExamining2001,openalex,The Double-Edged Sword: Examining Perceptions of Technology as a Process of Enablement and Constraint within an Academic Organization,2001,"Mercer, Vikki Nicole",The double-edged sword: examining perceptions of technology as a process of enablement and constraint within an academic organization,2019,Vikki Nicole Mercer,10.17615/59ye-7b68,1,FALSE,TRUE,confirmed,18,NA,FALSE,FALSE,human_year_gap_edition
12031,microbiologicalriskasRiskCharacterizationMicrobiological2009,openalex,Risk Characterization of Microbiological Hazards in Food,2009,"Microbiologicalriskas, Sessmentseries",Risk characterization of microbiological hazards in food,2009,T Ross,NA,1,TRUE,FALSE,different,0,NA,TRUE,TRUE,reject_no_doi
12043,mishraAustralasianMarketingJournal2013,openalex,Australasian Marketing Journal,2013,"Mishra, Debi P.",Australasian Marketing Journal,1998,Frank H. Alpert; Lester W. Johnson,NA,1,FALSE,FALSE,different,15,NA,TRUE,FALSE,reject_no_doi
12048,mittalSocioeconomicImpactMobile2010,openalex,Socio-Economic Impact of Mobile Phones on Indian Agriculture,2010,"Mittal, Surabhi and Gandhi, Sanjay and Tripathi, Gaurav",Socio-economic impact of mobile phones on Indian agriculture,2012,Gaurav Tripathi; Sanjay Gandhi; Surabhi Mittal,NA,1,FALSE,TRUE,confirmed,2,NA,TRUE,TRUE,reject_no_doi
12051,mohantyManagementPractices2015,openalex,Management Practices,2015,"Mohanty, Ruchika",Management Practices Across Firms and Countries,2012,Nicholas Bloom; Christos Genakos; Raffaella Sadun; John Michael Van Reenen,10.3386/w17850,1,FALSE,FALSE,different,3,NA,FALSE,TRUE,reject_author_different
12060,moraliRiskbasedConfidentialityRequirements2010,openalex,Risk-Based Confidentiality Requirements Specification for Outsourced It Systems (Extended Version),2010,"Morali, A. and Wieringa, Roelf J.",Risk-Based Confidentiality Requirements Specification for Outsourced IT Systems (Extended Version),2010,Ayşe Moralı; Roelf J. Wieringa,NA,1,TRUE,FALSE,confirmed,0,NA,TRUE,TRUE,reject_no_doi
12065,moseleyCasebasedExplorationTask2008,openalex,A Case-Based Exploration of Task/Technology Fit in a Knowledge Management Context,2008,"Moseley, Michael W.",A Case-Based Exploration of Task/Technology Fit in a Knowledge Management Context,2012,Michael W. Moseley,NA,1,FALSE,TRUE,confirmed,4,NA,TRUE,FALSE,reject_no_doi
12081,mykkanenDecisionMakingDecision2010,openalex,Decision Making and Decision Communication in an Engineer Based Organization,2010,"Mykk\anen, Markus",Decision making and decision communication in an engineer based organization,2010,Markus Mykkänen,NA,1,TRUE,FALSE,confirmed,0,NA,TRUE,TRUE,reject_no_doi
12088,nassDevelopingBiomarkerbasedTools2006,openalex,"Developing Biomarker-Based Tools for Cancer Screening, Diagnosis, and Treatment: The State of the Science, Evaluation, Implementation, and Economics: Workshop Summary",2006,"Nass, Sharyl and Patlak, Margie","Developing Biomarker-Based Tools for Cancer Screening, Diagnosis, and Treatment",2006,National Cancer Policy Forum,10.17226/11768,1,TRUE,FALSE,different,0,NA,FALSE,TRUE,reject_author_different
12091,nationalacademiesofsciencesGainofFunctionResearchSummary2016,openalex,"Gain-of-Function Research: Summary of the Second Symposium, March 10-11, 2016",2016,National Academies of Sciences and Medicine,"Gain-of-Function Research: Summary of the Second Symposium, March 10-11, 2016",2016,Division on Earth; Law,NA,1,TRUE,FALSE,different,0,NA,TRUE,TRUE,reject_no_doi
12092,nationalresearchcouncilImprovingHealthUnited2011,openalex,Improving Health in the United States: The Role of Health Impact Assessment,2011,"Council, National Research",Improving health in the United States: the role of health impact assessment,2012,NA,10.5860/choice.50-0308,1,TRUE,FALSE,candidate_missing,1,NA,FALSE,TRUE,accept_title_year_only
12108,nordasLogisticsTimeTrade2006,openalex,Logistics and Time as a Trade Barrier,2006,"Nord\aas, Hildegunn Kyvik and Pinali, Enrico and Grosso, Massimo Geloso",Logistics and Time as a Trade Barrier,2006,Hildegunn Kyvik Nordås; Enrico Pinali; Massimo Geloso Grosso,10.1787/664220308873,1,TRUE,FALSE,confirmed,0,NA,FALSE,TRUE,accept
12115,nyamoitaEffectProcessInnovation2015,openalex,The Effect of Process Innovation on Financial Performance in Utility Companies in Kenya: A Case Study of the Kenya Power and Lighting Company,2015,"Nyamoita, Omesa Angela",The effect of process innovation on financial performance in utility companies in Kenya: a case study of the Kenya power and lighting company,2015,Angela N Omesa,NA,1,TRUE,FALSE,different,0,NA,TRUE,TRUE,reject_no_doi
12117,oandoSustainabilityReport20162016,openalex,Sustainability Report 2016,2016,"Oando, P. L. C.",Sustainability Report 2016,2017,学校法人東京薬科大学 環境経営委員会,NA,1,TRUE,FALSE,different,1,NA,TRUE,TRUE,reject_no_doi
12125,ohno-machadoFACTSFindAppropriate2002,openalex,FACTS (Find the Appropriate Clinical Trials) for You: A Computer-Based Decision Support System for Breast Cancer Patients,2002,"Ohno-Machado, Lucila and Brigham and Ma, Women'S Hospital Boston",FACTS (Find the Appropriate Clinical Trials) for You: A Computer-Based Decision Support System for Breast Cancer Patients,2000,Lucila Ohno‐Machado,10.21236/ada391925,1,FALSE,TRUE,confirmed,2,NA,FALSE,TRUE,accept
12131,olssonLiteratureSurveyNetwork2006,openalex,Literature Survey on Network Concepts and Measures to Support Research in Network-Centric Operations,2006,"Olsson, Eric J.",Literature survey on network concepts and measures to support research in network-centric operations,2003,Eric J. Olsson,NA,1,FALSE,TRUE,confirmed,3,NA,TRUE,TRUE,reject_no_doi
12163,pateVALUESRISKSResearch1979,openalex,VALUES AND RISKS a Research Proposal for IIASA,1979,Pate,Values and Risks - A Research Proposal for IIASA,1979,Marie-Elisabeth Paté,NA,1,TRUE,FALSE,confirmed,0,NA,TRUE,TRUE,reject_no_doi
12171,paulsonGenerationalDifferencesKnowledge2010,openalex,Generational Differences in Knowledge Markets,2010,"Paulson, Anthony B.",Generational Differences in Knowledge Markets,2012,Anthony B Paulson,NA,1,FALSE,TRUE,confirmed,2,NA,TRUE,TRUE,reject_no_doi
12175,pecarinaCreatingAgentBased2008,openalex,Creating an Agent Based Framework to Maximize Information Utility,2008,"Pecarina, John M.",Creating an Agent Based Framework to Maximize Information Utility,2012,John M. Pecarina,NA,1,FALSE,TRUE,confirmed,4,NA,TRUE,FALSE,reject_no_doi
12184,perceptionLowDoseRisk2002,openalex,"Low Dose, Risk, Decisions, \& Risk Communication",2002,"Perception, Low Dose Risk","LOW DOSE RISK, DECISIONS, & RISK COMMUNICATION",2002,James Flynn; USDOE Office of Environmental Management (EM) (US),10.2172/833469,1,TRUE,FALSE,different,0,NA,FALSE,TRUE,reject_author_different
12188,perezInteractionManagementSkills2017,openalex,Interaction Management Skills in Telephone Interpreting,2017,"P\'erez, Fern\'andez and Magdalena, Mar\'ia",Interaction Management Skills in Telephone Interpreting,2017,Fernández Pérez; María Luz Magdalena,NA,1,TRUE,FALSE,confirmed,0,NA,TRUE,TRUE,reject_no_doi
12200,photovoltaicsIEEEGuideSmart2011,openalex,"IEEE Guide for Smart Grid Interoperability of Energy Technology and Information Technology Operation with the Electric Power System (EPS), End-Use Applications, and Loads",2011,"Photovoltaics, Dispersed Generation and Storage, Energy","IEEE Guide for Smart Grid Interoperability of Energy Technology and Information Technology Operation with the Electric Power System (EPS), End-Use Applications, and Loads",2011,NA,10.1109/ieeestd.2011.6018239,1,TRUE,FALSE,candidate_missing,0,NA,FALSE,TRUE,accept_title_year_only
12220,psychogiopoulouCaseStudyReport2011,openalex,Case Study Report,2011,"Psychogiopoulou, Evangelia and Dia Anagnostou, Anna",Case Study Report,2008,Patricia A. Seeley; Richard William Marklin; Debra Usher; Janice W. Yager,10.1080/15459620802208784,1,FALSE,FALSE,different,3,NA,FALSE,TRUE,reject_author_different
12222,rachuriSustainableManufacturingMetrics2010,openalex,"Sustainable Manufacturing: Metrics, Standards, and Infrastructure---NIST Workshop Report",2010,"Rachuri, Sudarsan and Sriram, R. and Narayanan, Anantha and Sarkar, Prabir and Lee, J. and Lyons, K. and Kemmerer, 2010","Sustainable Manufacturing: Metrics, Standards, and Infrastructure - Workshop summary",2010,Sudarsan Rachuri; Ram Duvvuru Sriram; Anantha Narayanan; Prabir Sarkar; Jae Hyun Lee; Kevin W. Lyons; Sharon J Kemmerer,10.1109/coase.2010.5584472,0.9202358527507224,TRUE,TRUE,confirmed,0,NA,FALSE,TRUE,accept
12223,raghavawasthiArtificialIntelligenceHealthcare,openalex,Artificial Intelligence in Healthcare: 2022 Year in Review,2022,"Raghav Awasthi, M. S. C. and Cywinski, Jacek B. and Khanna, Ashish K. and Tandon, M. D. and Pozdeyev, Nikita and Thomas, Johnson and Habboub, Ghaith and John Lee, M. D. and Nathan Farrokhian, B. S. and Andr\'es, M.",Artificial Intelligence in Healthcare: 2023 Year in Review,2024,Raghav Awasthi; Shreya V. Mishra; Rachel H. Grasfield; Julia Maslinski; Dwarikanath Mahapatra; Jacek B. Cywiński; Ashish Kumar Khanna; Kamal Maheshwari; Chintan Dave; Avneesh Khare; Francis Papay; Piyush Mathur,10.1101/2024.02.28.24303482,0.9883040935672514,FALSE,TRUE,confirmed,2,NA,FALSE,TRUE,accept
12225,rahimanBayesianNetworks2011,openalex,Bayesian Networks,2011,"Rahiman, Nashad Abdul",Bayesian networks,2009,Finn Verner Jensen,10.1002/wics.48,1,FALSE,FALSE,different,2,NA,FALSE,TRUE,reject_author_different
12226,ramananControlTechniquesComplex2009,openalex,Control Techniques for Complex Networks,2009,"Ramanan, Kavita",Control Techniques for Complex Networks,2007,Sean Meyn,10.1017/cbo9780511804410,1,FALSE,FALSE,different,2,NA,FALSE,TRUE,reject_author_different
12247,reyniersManagerialEconomics2006,openalex,Managerial Economics,2006,"Reyniers, D. J.",Managerial Economics and Organizational Architecture,1996,James A. Brickley; Clifford W. Smith; Jerold L. Zimmerman,NA,1,FALSE,FALSE,different,10,NA,TRUE,FALSE,reject_no_doi
12251,richmondExploratoryEvaluationThree2009,openalex,An Exploratory Evaluation of Three Is Project Performance Measurement Methods,2009,"Richmond, Virginia",An exploratory evaluation of three IS project performance measurement methods,2009,Khoubeib Djemai; Marc Favier,NA,1,TRUE,FALSE,different,0,NA,TRUE,TRUE,reject_no_doi
12256,rikowskiInformationSocialChange2002,openalex,Information for Social Change,2002,"Rikowski, Ruth and Rikowski, Ruth",Information for Social Change Issue 1 Editorial,1994,Chris Atton,10.5281/zenodo.4603794,1,FALSE,FALSE,different,8,NA,FALSE,FALSE,reject_author_different
12262,robinsonMilestoneReport2001,openalex,Milestone Report,2001,"Robinson, Jackie",Milestone Reports,2020,Rebecca Neusteter; Jill Etienne; Virginia Bersch; Jill Messing; Stuart Buck; Kristin Bechtel,NA,1,FALSE,FALSE,different,19,NA,TRUE,FALSE,reject_no_doi
12278,rubbelkeImpurePublicGoods2005,openalex,Impure Public Goods and Technological Interdependencies,2005,"R\ubbelke, Dirk TG and L\oschel, Andreas",Impure Public Goods and Technological Interdependencies,2005,Andreas Löschel; Dirk Rübbelke,10.2139/ssrn.706983,1,TRUE,FALSE,confirmed,0,NA,FALSE,TRUE,accept
12291,ryynanenConstructingPhysiciansProfessional2001,openalex,Constructing Physician's Professional Identity: Explorations of Students' Critical Experiences in Medical Education,2001,"Ryyn\anen, Katja",Constructing physician's professional identity - explorations of students' critical experiences in medical education,2001,Katja Ryynänen,NA,1,TRUE,FALSE,confirmed,0,NA,TRUE,TRUE,reject_no_doi
12292,saadalarifiAssessingMitigatingInformation2013,openalex,Assessing and Mitigating Information Security Risk in Saudi Arabia,2013,"Saad Alarifi, Abdulaziz",Assessing and mitigating information security risk in Saudi Arabia,2013,Abdulaziz Alarifi,NA,1,TRUE,FALSE,confirmed,0,NA,TRUE,TRUE,reject_no_doi
12297,sackettPrinciplesValidationUse2005,openalex,Principles for the Validation and Use of Personnel Selection Procedures,2005,"Sackett, Paul R.",Principles for the Validation and Use of Personnel Selection Procedures,2018,NA,10.1017/iop.2018.195,1,FALSE,FALSE,candidate_missing,13,NA,FALSE,FALSE,human_candidate_has_no_authors
12299,saeboGlobalScalingHealth2013,openalex,Global Scaling of Health Information Infrastructures: Circulating Translations,2013,"S\aeb\o, Johan Ivar",Global Scaling of Health Information Infrastructures: Circulating Translations,2013,Johan Ivar Sæbø,NA,1,TRUE,FALSE,confirmed,0,NA,TRUE,TRUE,reject_no_doi
12302,salganoChoosingHaveLess2006,openalex,Choosing to Have Less Choice,2006,"Salgano, Maria",Choosing to Have Less Choice,2006,"Maria Salgado; Salgado, Maria",10.22004/ag.econ.12188,1,TRUE,FALSE,different,0,NA,FALSE,TRUE,reject_author_different
12303,samarasanNegotiatingUSUSSRJoint1988,openalex,Negotiating U.S.-U.S.S.R. Joint Ventures : Enlisting Computer Models as Aids in the Process,1988,"Samarasan, Dhanesh K",Negotiating U.S.-U.S.S.R. Joint Ventures: Enlisting Computer Models as AIDS in the Process,2011,Dhanesh K. Samarasan; Angelo John Messina,NA,1,FALSE,TRUE,confirmed,23,NA,TRUE,FALSE,reject_no_doi
12309,sanmartinRiskBudgetsValue2017,openalex,Risk Budgets and the Value of an Expert Second Opinion in Financial Firms,2017,"San Mart\'in, Diego Vega",Risk Budgets and the Value of an Expert Second Opinion In Financial Firms,2017,Diego Vega San Martin,10.2139/ssrn.3031344,1,TRUE,FALSE,confirmed,0,NA,FALSE,TRUE,accept
12310,sanmartinRiskLimitsValue2017,openalex,Risk Limits and the Value of an Expert Second Opinion in Financial Firms,2017,"San Mart\'in, Diego Vega",Risk Limits and the Value of an Expert Second Opinion in Financial Firms,2017,Diego Vega San Martin,10.2139/ssrn.3070654,1,TRUE,FALSE,confirmed,0,NA,FALSE,TRUE,accept
12315,sarwarDiscoverSustainability2021,openalex,Discover Sustainability,2021,"Sarwar, Adnan and Zafar, Aqsa and Qadir, Alia",Discover Sustainability: a new Journal for the Rapid Dissemination of Sustainability Research,2020,Walter Leal Filho,10.1007/s43621-020-00001-y,1,TRUE,FALSE,different,1,NA,FALSE,TRUE,reject_author_different
12326,schneiderjrDefenseScienceBoard2007,openalex,Defense Science Board 2006 Summer Study on Information Management for Net-Centric Operations. Volume 1: Main Report,2007,"Schneider Jr, William",Defense Science Board 2006 Summer Study on Information Management for Net-Centric Operations. Volume 1: Main Report,2007,Jr Schneider; William William,10.21236/ada467538,1,TRUE,FALSE,confirmed,0,NA,FALSE,TRUE,accept
12334,schunemannMovingEvidenceDeveloping2012,openalex,Moving from Evidence to Developing Recommendations in Guidelines: Article 11 in Integrating and Coordinating Efforts in COPD Guideline Development. An Official ATS/ERS Workshop Report,2012,"Sch\unemann, Holger J. and Oxman, Andy D. and Akl, Elie A. and Brozek, Jan L. and Montori, Victor M. and Heffner, John and Hill, Suzanne and Woodhead, Mark and Campos-Outcalt, Doug and Alderson, Phil",Moving from Evidence to Developing Recommendations in Guidelines: Article 11 in Integrating and Coordinating Efforts in COPD Guideline Development. An Official ATS/ERS Workshop Report,2012,Holger Jens Schünemann; Andy Oxman; Elie A. Akl; Jan Brożek; Víctor M. Montori; John E. Heffner; Suzanne Rose Hill; Mark A Woodhead; Doug E Campos-Outcalt; Phil Alderson; Thomas Woitalla; Milo Alan Puhan; Yngve T Falck-Ytter; Jean Bousquet; Gordon Henry Guyatt,10.1513/pats.201208-064st,1,TRUE,FALSE,confirmed,0,NA,FALSE,TRUE,accept
12335,schuurmanPostprojectEvaluationIT2009,openalex,Post-Project Evaluation of IT Business Cases: The Case of an Energy Supply Company,2009,"Schuurman, Peter M. and Berghout, Egon W.",Post-project evaluation of IT business cases: The case of an energy supply company,2006,Peter Schuurman; Egon W. Berghout,NA,1,FALSE,TRUE,confirmed,3,NA,TRUE,TRUE,reject_no_doi
12345,sectorFosteringInnovationCommunity2015,openalex,Fostering Innovation in Community and Institutional Corrections,2015,"Sector, US Corrections",Fostering Innovation in Community and Institutional Corrections,2015,Brian A. Jackson; Joe Russo; John S. Hollywood; Dulani Woods; Richard Silberglitt; George Drake; John S. Shaffer; Mikhail Zaydman; Brian G. Chow,NA,1,TRUE,FALSE,different,0,NA,TRUE,TRUE,reject_no_doi
12346,seguraOptimisationMonitoringNetworks2012,openalex,Optimisation of Monitoring Networks for Water Systems,2012,"Segura, Jos\'e Leonardo Alfonso",Optimisation of Monitoring Networks for Water Systems,2026,José Leonardo Alfonso Segura,10.1201/9781003759942,1,FALSE,TRUE,confirmed,14,NA,FALSE,FALSE,human_year_gap_edition
12351,seppanenCommunicationMonthlyFigures2011,openalex,Communication around the Monthly Figures: A Case Study on Management Reporting Practices,2011,"Sepp\anen, Anni-Maria",Communication around the monthly figures: A case study on management reporting practices,2011,Anni-Maria Seppänen,NA,1,TRUE,FALSE,confirmed,0,NA,TRUE,TRUE,reject_no_doi
12357,sgroTourismJobsCapital2005,openalex,"Tourism, Jobs, Capital Accumulation and the Economy: A Dynamic Analysis",2005,"Sgro, Pasquale M. and Chao, Chi-Chur and Hazari, Bharat R. and Laffargue, Jean-Pierre and Yu, Eden SH","Tourism, Jobs, Capital Accumulation and the Economy: A Dynamic Analysis",2005,Chi‐Chur Chao; Bharat R. Hazari; Jean‐Pierre Laffargue; Pasquale M. Sgrò; Eden S. H. Yu,10.2139/ssrn.855904,1,TRUE,FALSE,confirmed,0,NA,FALSE,TRUE,accept
12368,shihVolumeContents20022002,openalex,Volume Contents for 2002,2002,"Shih, Tk and Reisslein, M. and Hartanto, F. and Ross, Kw and Li, St and Simon, R. and Nolan, J. and Sood, A. and Scarlatos, Ll and CHIA-IChang, F.",Volume Contents 2002,2002,NA,10.1016/s0968-0896(02)00521-7,0.9444444444444444,TRUE,FALSE,candidate_missing,0,NA,FALSE,TRUE,human_candidate_has_no_authors
12370,shittuInvestmentsEnergyTechnological2009,openalex,Investments in Energy Technological Change under Uncertainty,2009,"Shittu, Ekundayo",Investments In Energy Technological Change Under Uncertainty,2021,Ekundayo Shittu,10.7275/5648917,1,FALSE,TRUE,confirmed,12,NA,FALSE,FALSE,human_year_gap_edition
12379,sillanpaaSupplyChainPerformance2011,openalex,Supply Chain Performance Measurement in the Manufacturing Industry : A Single Case Study Research to Develop a Supply Chain Performance Measurement Framework,2011,"Sillanp\a\a, Ilkka",Supply chain performance measurement in the manufacturing industry : a single case study research to develop a supply chain performance measurement framework,2010,Ilkka Sillanpää,NA,1,TRUE,FALSE,confirmed,1,NA,TRUE,TRUE,reject_no_doi
12386,sjarbainiKnowledgeDynamicsOrganizational2009,openalex,The Knowledge Dynamics of Organizational Innovation,2009,"Sjarbaini, Vivyane Larissa Ratna Nirma",The knowledge dynamics of organizational innovation,2002,R.J.J.M. Jorna; Vivyane Larissa Ratna Nirma Sjarbaini,NA,1,FALSE,TRUE,confirmed,7,NA,TRUE,FALSE,reject_no_doi
12387,sjoblomValueCreationOnline2013,openalex,Value Creation through Online Travel Reviews on TripAdvisor: Case of Hotels in Helsinki,2013,"Sj\oblom, Sini",Value creation through online travel reviews on TripAdvisor : case of hotels in Helsinki,2013,Sini Sjöblom,NA,1,TRUE,FALSE,confirmed,0,NA,TRUE,TRUE,reject_no_doi
12388,skardaOperationalizingOffensiveSocial2008,openalex,Operationalizing Offensive Social Engineering for the Air Force,2008,"Skarda, Bryan E.",Operationalizing Offensive Social Engineering for the Air Force,2012,Bryan E. Skarda,NA,1,FALSE,TRUE,confirmed,4,NA,TRUE,FALSE,reject_no_doi
12393,smarosInformationSharingCollaborative2005,openalex,Information Sharing and Collaborative Forecasting in Retail Supply Chains,2005,"Sm\aaros, Johanna",INFORMATION SHARING AND COLLABORATIVE FORECASTING IN RETAIL SUPPLY CHAINS,2005,Johanna Småros,NA,1,TRUE,FALSE,different,0,NA,TRUE,TRUE,reject_no_doi
12400,sorigueramartiHighwayTravelTime2010,openalex,Highway Travel Time Estimation with Data Fusion,2010,"Soriguera Mart\'i, Francesc",Highway travel time estimation with data fusion,2010,Francesc Soriguera,10.5821/dissertation-2117-94764,1,TRUE,FALSE,different,0,NA,FALSE,TRUE,reject_author_different
12401,sorvigEssaysAquacultureEconomics2015,openalex,Essays in Aquaculture: Economics and Marketing,2015,"S\orvig, Arne",Essays in Aquaculture: Economics and Marketing,2015,Arne Sørvig,NA,1,TRUE,FALSE,confirmed,0,NA,TRUE,TRUE,reject_no_doi
12417,steebAdaptiveEstimationInformation1977,crossref,Adaptive Estimation of Information Values in Continuous Decision Making and Control of Remotely Piloted Vehicles,1977,"Steeb, Randall and Chen, Ken",Adaptive Estimation of Information Values in Continuous Decision Making and Control of Advanced Aircraft.,1979,Steeb; Chu; Clark; Alperovitch; Freedy,10.21236/ada077917,0.9065235203393098,FALSE,TRUE,confirmed,2,NA,FALSE,TRUE,human_other
12484,toCLIMATECHANGEADAPTATION2011,openalex,Climate Change Adaptation and Water Governance,2011,"To, Adaptation and Team, Climate Change",Climate Change Adaptation and Water Governance: Background Report,2011,Bob Sandford,NA,1,TRUE,FALSE,different,0,NA,TRUE,TRUE,reject_no_doi
12485,tolCheckingPriceTag2011,openalex,Checking the Price Tag on Catastrophe: The Social Cost of Carbon under Non-Linear Climate Response,2011,"Tol, Richard Sj",CHECKING THE PRICE TAG ON CATASTROPHE: THE SOCIAL COST OF CARBON UNDER NON-LINEAR CLIMATE RESPONSE,2005,Megan Ceronsky; David Anthoff; Cameron J. Hepburn; Richard S.J. Tol,NA,1,FALSE,TRUE,confirmed,6,NA,TRUE,FALSE,reject_no_doi
12488,toRegistriesEvaluatingPatient2010,openalex,Registries for Evaluating Patient Outcomes: A User's Guide Second Edition,2010,"To, Contract No HHSA29020050035I",Registries for Evaluating Patient Outcomes: A User’s Guide,2020,NA,10.23970/ahrqepcregistries4,1,FALSE,FALSE,candidate_missing,10,NA,FALSE,FALSE,human_candidate_has_no_authors
12521,vaneerenEvaluatingEffectivenessCosteffectiveness2017,openalex,Evaluating the Effectiveness and Cost-Effectiveness of Youth Care Using Routinely Collected Clinical Practice Data,2017,"van Eeren, Hester",Evaluating the Effectiveness and Cost-Effectiveness of Youth Care using Routinely Collected Clinical Practice Data,2017,H. vanEeren,NA,1,TRUE,FALSE,different,0,NA,TRUE,TRUE,reject_no_doi
12532,vehvilainenProcurementProjectImplementation2006,openalex,Procurement in Project Implementation,2006,"Vehvil\ainen, Juha",Procurement in project implementation,2006,Juha Vehviläinen,NA,1,TRUE,FALSE,confirmed,0,NA,TRUE,TRUE,reject_no_doi
12541,veryForgottenEconomicActors2012,openalex,"Forgotten Economic Actors How Pirates, Mafias and Other Illegitimate Firms Shape Economic Systems and Competition",2012,"Very, Philippe and Wilson, David","Forgotten economic actors How pirates, mafias and other illegitimate firms shape economic systems and competition",2012,Philippe Véry; DAVID J. WILSON∗,10.3917/mana.153.0246,1,TRUE,FALSE,confirmed,0,NA,FALSE,TRUE,accept
12620,luedelingDecisionSupportQuantitativeSupport2022,openalex,decisionSupport: Quantitative Support of Decision Making under Uncertainty,2022,"Luedeling, Eike and Goehring, Lutz and Schiffers, Katja and Whitney, Cory and Fernandes, Eduarda",decisionSupport: Quantitative Support of Decision Making under Uncertainty,2015,Eike Luedeling; Lutz Goehring; Katja H. Schiffers; Cory Whitney; Eduardo Fernandez,10.32614/cran.package.decisionsupport,1,FALSE,TRUE,confirmed,7,NA,FALSE,FALSE,human_year_gap_edition
